asset_id,timestamp,component_id,component_type,temperature,vibration,oil_pressure,fuel_pressure,rpm,hydraulic_pressure,battery_voltage,coolant_temperature,operating_hours,load_percentage,ambient_temperature,sensor_status,anomaly_label,failure_within_50_hours
A001,2025-01-01 03:00:00,A001-BAT,Battery,71.032,2.821,74.406,55.442,1810.502,150.837,24.296,75.522,277,62.228,30.338,Normal,0,0
A001,2025-01-01 04:00:00,A001-BAT,Battery,73.191,2.47,74.453,54.42,1934.545,146.487,24.327,71.734,369,54.18,30.814,Normal,0,0
A001,2025-01-01 19:00:00,A001-BAT,Battery,73.519,2.81,80.072,52.884,1777.925,152.872,24.095,74.723,161,56.726,23.126,Normal,0,1
A001,2025-01-02 03:00:00,A001-BAT,Battery,77.351,2.802,76.176,55.338,1722.299,149.072,23.866,76.442,436,66.295,24.707,Normal,0,0
A001,2025-01-03 02:00:00,A001-BAT,Battery,71.14,2.801,72.874,53.94,1792.657,142.552,23.285,77.214,287,55.553,17.176,Normal,0,0
A001,2025-01-03 10:00:00,A001-BAT,Battery,75.819,2.642,71.771,57.929,1955.61,154.712,23.915,79.151,169,60.331,31.014,Normal,0,0
A001,2025-01-03 13:00:00,A001-BAT,Battery,78.45,2.802,71.8,53.904,1819.551,148.429,23.615,77.031,432,56.39,26.86,Normal,0,0
A001,2025-01-03 16:00:00,A001-BAT,Battery,76.117,2.987,82.797,56.223,1736.346,153.076,23.681,75.62,451,67.878,30.155,Normal,0,0
A001,2025-01-03 17:00:00,A001-BAT,Battery,76.882,2.185,76.497,52.548,1670.193,148.954,23.834,75.238,217,67.32,23.289,Normal,0,0
A001,2025-01-03 23:00:00,A001-BAT,Battery,77.474,2.483,74.491,56.348,1877.937,149.959,24.097,77.757,552,70.649,31.447,Normal,0,0
A001,2025-01-04 05:00:00,A001-BAT,Battery,72.042,2.542,72.038,54.527,1775.353,147.69,23.986,77.605,256,63.95,32.049,Normal,0,0
A001,2025-01-04 20:00:00,A001-BAT,Battery,76.165,2.714,67.661,51.554,1637.044,139.851,23.306,79.95,436,62.004,36.453,Normal,0,0
A001,2025-01-04 22:00:00,A001-BAT,Battery,80.899,2.786,76.862,54.431,1762.907,141.594,23.658,74.231,540,70.223,37.584,Normal,0,0
A001,2025-01-05 09:00:00,A001-BAT,Battery,77.255,3.45,71.314,54.885,1717.576,146.0,24.202,76.54,359,66.87,20.644,Normal,0,0
A001,2025-01-05 10:00:00,A001-BAT,Battery,78.489,2.523,76.967,53.557,1781.634,146.708,23.479,79.039,293,65.282,33.259,Normal,0,0
A001,2025-01-05 11:00:00,A001-BAT,Battery,82.654,2.472,77.143,56.933,1723.306,157.58,24.027,79.617,287,63.521,28.914,Normal,0,0
A001,2025-01-05 15:00:00,A001-BAT,Battery,78.349,3.381,74.011,51.595,1677.577,142.904,23.048,77.994,595,72.547,29.933,Normal,0,0
A001,2025-01-05 17:00:00,A001-BAT,Battery,77.707,2.827,73.814,52.907,1703.547,147.173,23.275,78.471,404,54.471,33.56,Normal,0,0
A001,2025-01-05 19:00:00,A001-BAT,Battery,77.846,2.8,77.11,53.507,1625.892,143.49,22.693,77.407,362,62.29,27.878,Normal,0,0
A001,2025-01-05 20:00:00,A001-BAT,Battery,89.961,6.952,61.3,54.749,1888.333,134.175,24.355,75.981,248,69.853,21.563,Warning,1,1
A001,2025-01-05 23:00:00,A001-BAT,Battery,76.89,3.185,73.718,51.2,1686.385,148.63,24.003,73.547,392,66.813,35.948,Normal,0,0
A001,2025-01-06 03:00:00,A001-BAT,Battery,80.499,3.148,76.5,49.389,1943.141,149.963,24.008,75.635,478,57.651,30.73,Normal,0,1
A001,2025-01-06 07:00:00,A001-BAT,Battery,73.642,3.441,74.502,52.595,1774.746,142.41,23.26,77.099,347,74.374,26.802,Normal,0,0
A001,2025-01-06 08:00:00,A001-BAT,Battery,87.664,4.973,57.648,50.895,1675.625,130.622,23.179,79.02,574,60.883,41.873,Warning,1,0
A001,2025-01-06 12:00:00,A001-BAT,Battery,79.508,2.843,72.048,54.638,1755.743,151.921,23.333,77.062,568,59.608,27.172,Normal,0,0
A001,2025-01-06 17:00:00,A001-BAT,Battery,77.962,3.192,72.235,55.301,1883.937,150.223,23.498,74.21,326,71.326,36.109,Normal,0,0
A001,2025-01-07 06:00:00,A001-BAT,Battery,79.347,3.373,73.709,55.805,1807.908,149.693,23.656,78.567,418,61.738,41.071,Normal,0,1
A001,2025-01-07 12:00:00,A001-BAT,Battery,78.469,3.39,72.52,53.146,1673.378,140.139,23.44,79.013,327,56.07,29.828,Normal,0,0
A001,2025-01-07 13:00:00,A001-BAT,Battery,79.598,3.343,70.106,54.139,1892.017,151.146,23.496,77.989,392,61.387,32.339,Normal,0,0
A001,2025-01-07 17:00:00,A001-BAT,Battery,77.755,3.336,70.913,53.089,1822.404,151.373,23.629,81.543,363,65.912,28.339,Normal,0,1
A001,2025-01-08 00:00:00,A001-BAT,Battery,76.925,2.864,73.356,54.042,1852.135,156.643,23.593,80.17,512,58.489,23.565,Normal,0,0
A001,2025-01-08 03:00:00,A001-BAT,Battery,80.521,3.185,68.094,52.807,1837.473,143.501,23.708,81.092,411,68.312,14.681,Normal,0,1
A001,2025-01-08 07:00:00,A001-BAT,Battery,84.706,3.181,73.679,56.203,1902.623,147.859,22.641,80.408,380,49.791,37.35,Normal,0,1
A001,2025-01-08 09:00:00,A001-BAT,Battery,97.267,5.062,61.591,52.289,1935.183,141.324,23.697,80.668,420,67.374,30.988,Warning,1,1
A001,2025-01-08 11:00:00,A001-BAT,Battery,78.353,2.437,73.811,52.259,1803.837,147.416,23.367,81.056,585,55.534,27.415,Normal,0,0
A001,2025-01-08 13:00:00,A001-BAT,Battery,78.185,3.641,73.213,52.247,1722.065,141.148,23.559,78.816,514,48.944,27.321,Normal,0,1
A001,2025-01-08 15:00:00,A001-BAT,Battery,84.627,3.104,72.428,57.272,1663.002,151.823,23.095,79.78,340,66.106,25.21,Normal,0,1
A001,2025-01-08 16:00:00,A001-BAT,Battery,80.081,3.658,72.126,53.76,1851.406,143.814,23.707,81.239,527,88.938,28.119,Warning,1,0
A001,2025-01-08 17:00:00,A001-BAT,Battery,78.082,3.172,73.783,51.957,1763.052,148.046,23.794,78.416,665,53.433,20.417,Normal,0,1
A001,2025-01-08 19:00:00,A001-BAT,Battery,74.401,3.395,74.296,53.037,1963.487,144.138,23.515,79.603,618,67.494,29.428,Normal,0,0
A001,2025-01-08 21:00:00,A001-BAT,Battery,82.061,3.497,75.395,55.421,1936.953,149.073,23.75,79.111,299,63.61,38.534,Normal,0,0
A001,2025-01-09 03:00:00,A001-BAT,Battery,80.87,3.698,72.437,56.358,1827.847,150.059,23.123,84.192,598,72.555,33.565,Warning,1,0
A001,2025-01-10 00:00:00,A001-BAT,Battery,78.125,2.915,73.392,51.813,2075.358,142.956,22.912,81.42,380,82.344,30.323,Normal,0,0
A001,2025-01-10 01:00:00,A001-BAT,Battery,77.696,2.77,72.083,48.887,1681.002,145.139,23.058,81.218,505,72.616,34.469,Normal,0,0
A001,2025-01-10 07:00:00,A001-BAT,Battery,77.636,3.72,70.934,48.295,1608.465,143.14,23.517,80.803,606,72.022,39.755,Warning,1,0
A001,2025-01-10 10:00:00,A001-BAT,Battery,84.109,3.691,75.679,53.187,2015.12,145.233,23.054,78.23,412,89.383,34.097,Warning,1,1
A001,2025-01-10 12:00:00,A001-BAT,Battery,79.293,3.253,74.213,54.047,1615.974,142.248,23.841,81.504,632,64.762,29.148,Normal,0,1
A001,2025-01-11 07:00:00,A001-BAT,Battery,80.337,2.875,68.36,55.07,1610.104,143.847,23.119,84.662,656,78.196,27.214,Warning,1,1
A001,2025-01-11 10:00:00,A001-BAT,Battery,80.934,3.605,73.849,54.851,1785.445,144.195,23.647,82.798,727,59.384,28.434,Normal,0,0
A001,2025-01-11 11:00:00,A001-BAT,Battery,82.11,3.765,71.271,51.77,1776.486,146.938,23.235,77.504,378,69.117,30.281,Warning,1,0
A001,2025-01-11 20:00:00,A001-BAT,Battery,81.83,3.463,73.695,52.392,1762.08,150.664,23.032,81.424,403,60.209,33.521,Warning,1,0
A001,2025-01-12 04:00:00,A001-BAT,Battery,85.923,3.991,68.868,54.127,1733.159,141.911,23.558,78.292,625,80.774,28.736,Warning,1,1
A001,2025-01-12 06:00:00,A001-BAT,Battery,82.878,3.606,69.209,49.179,1830.568,147.369,23.385,79.075,497,78.644,40.273,Warning,1,1
A001,2025-01-12 07:00:00,A001-BAT,Battery,87.081,3.277,71.218,51.368,1750.77,146.414,23.659,85.377,522,77.132,28.117,Warning,1,0
A001,2025-01-12 10:00:00,A001-BAT,Battery,81.93,4.354,70.766,51.093,1910.425,149.098,23.432,84.231,667,68.512,29.364,Warning,1,1
A001,2025-01-12 13:00:00,A001-BAT,Battery,82.967,3.599,66.635,52.942,1700.949,139.6,23.217,82.901,500,78.135,32.836,Warning,1,0
A001,2025-01-13 00:00:00,A001-BAT,Battery,80.43,3.755,70.123,53.647,1824.079,145.181,22.952,81.709,757,83.799,26.34,Warning,1,0
A001,2025-01-13 02:00:00,A001-BAT,Battery,82.125,3.435,73.908,53.389,1852.034,145.823,23.018,81.911,736,63.672,29.56,Warning,1,1
A001,2025-01-13 11:00:00,A001-BAT,Battery,82.74,3.486,76.11,52.625,1763.304,146.366,22.402,80.955,575,83.163,26.855,Warning,1,1
A001,2025-01-13 16:00:00,A001-BAT,Battery,83.417,3.72,73.822,54.655,1771.112,146.221,23.156,83.324,688,64.757,22.288,Warning,1,1
A001,2025-01-14 03:00:00,A001-BAT,Battery,84.579,4.172,71.348,52.785,1732.842,141.779,22.876,83.695,689,78.99,19.5,Warning,1,1
A001,2025-01-14 17:00:00,A001-BAT,Battery,82.249,3.088,71.972,53.429,1783.875,145.339,23.271,80.116,489,72.453,24.318,Warning,1,1
A001,2025-01-14 19:00:00,A001-BAT,Battery,87.792,3.924,72.713,50.367,1716.915,141.215,23.095,83.407,771,73.582,24.93,Warning,1,1
A001,2025-01-14 21:00:00,A001-BAT,Battery,81.693,4.301,70.249,53.237,1922.237,150.463,23.269,80.482,552,71.856,24.981,Warning,1,1
A001,2025-01-15 06:00:00,A001-BAT,Battery,84.11,4.03,67.004,53.036,1700.408,148.487,23.344,84.095,530,63.162,25.166,Warning,1,0
A001,2025-01-15 10:00:00,A001-BAT,Battery,88.004,3.319,68.064,54.102,1939.131,146.635,22.86,85.164,756,85.184,28.202,Warning,1,1
A001,2025-01-15 14:00:00,A001-BAT,Battery,82.856,4.463,67.596,54.137,1798.292,145.456,22.658,83.632,819,72.364,30.85,Warning,1,1
A001,2025-01-16 09:00:00,A001-BAT,Battery,82.803,3.971,70.287,54.743,1827.736,143.605,22.164,84.366,759,79.878,30.915,Warning,1,1
A001,2025-01-16 10:00:00,A001-BAT,Battery,82.565,3.827,68.493,50.674,1845.042,146.803,22.509,86.644,643,80.553,21.355,Warning,1,0
A001,2025-01-16 11:00:00,A001-BAT,Battery,84.156,4.3,69.178,49.587,1672.635,149.853,23.306,84.921,776,91.762,35.283,Warning,1,1
A001,2025-01-16 17:00:00,A001-BAT,Battery,103.07,5.97,61.193,51.574,1737.301,138.709,22.951,81.244,783,66.96,32.123,Warning,1,1
A001,2025-01-16 19:00:00,A001-BAT,Battery,84.814,4.329,63.834,54.481,1873.854,150.271,22.845,86.503,672,68.527,33.565,Warning,1,1
A001,2025-01-16 20:00:00,A001-BAT,Battery,85.284,3.756,69.47,48.534,1608.561,150.74,23.176,82.401,876,80.335,35.098,Warning,1,1
A001,2025-01-17 01:00:00,A001-BAT,Battery,87.408,4.639,69.894,53.719,1782.013,142.356,23.074,84.967,769,69.291,28.36,Warning,1,1
A001,2025-01-17 03:00:00,A001-BAT,Battery,86.652,4.007,61.216,51.128,1897.109,138.435,22.878,87.846,747,74.712,30.011,Warning,1,0
A001,2025-01-17 04:00:00,A001-BAT,Battery,85.626,4.548,70.024,50.339,1741.745,147.13,22.618,80.466,831,80.433,22.599,Warning,1,1
A001,2025-01-17 06:00:00,A001-BAT,Battery,81.218,3.849,66.658,51.915,1794.572,157.11,22.453,85.208,527,85.916,29.992,Warning,1,1
A001,2025-01-17 09:00:00,A001-BAT,Battery,103.229,7.53,55.731,53.904,1622.045,131.578,22.958,86.847,628,84.269,30.245,Warning,1,1
A001,2025-01-17 12:00:00,A001-BAT,Battery,86.348,4.287,70.469,53.024,1847.843,141.111,22.775,81.886,571,65.332,33.703,Warning,1,1
A001,2025-01-17 15:00:00,A001-BAT,Battery,102.705,5.984,52.934,50.388,1888.946,141.716,23.332,88.583,813,82.624,28.444,Warning,1,0
A002,2025-01-01 01:00:00,A002-BAT,Battery,72.205,2.264,80.2,55.6,1951.881,154.397,23.626,76.616,170,54.535,31.575,Normal,0,0
A002,2025-01-01 04:00:00,A002-BAT,Battery,75.434,2.141,83.597,56.47,1827.64,149.687,23.77,75.252,198,54.762,29.934,Normal,0,0
A002,2025-01-01 13:00:00,A002-BAT,Battery,71.209,2.669,80.981,56.494,1971.791,147.022,23.616,73.881,227,46.11,18.227,Normal,0,1
A002,2025-01-01 14:00:00,A002-BAT,Battery,72.079,1.967,80.417,56.342,1730.831,147.853,23.179,73.169,357,42.268,30.371,Normal,0,0
A002,2025-01-01 17:00:00,A002-BAT,Battery,72.181,1.784,76.647,50.453,1850.827,144.939,23.995,76.167,219,53.215,23.98,Normal,0,0
A002,2025-01-01 20:00:00,A002-BAT,Battery,72.931,2.593,78.616,55.66,1757.296,146.367,24.299,76.275,481,52.506,37.511,Normal,0,0
A002,2025-01-01 21:00:00,A002-BAT,Battery,69.997,2.477,78.334,52.857,1805.919,150.419,24.264,76.311,161,52.335,31.601,Normal,0,0
A002,2025-01-02 01:00:00,A002-BAT,Battery,72.437,2.423,77.693,51.09,1862.268,156.687,24.32,71.649,335,36.777,25.77,Normal,0,0
A002,2025-01-02 02:00:00,A002-BAT,Battery,67.982,2.494,80.205,53.709,1784.473,141.876,23.806,75.665,477,50.308,31.894,Normal,0,0
A002,2025-01-02 06:00:00,A002-BAT,Battery,71.728,1.889,79.189,56.801,1838.765,150.292,23.631,77.484,319,24.153,31.914,Normal,0,0
A002,2025-01-02 07:00:00,A002-BAT,Battery,71.688,2.079,81.193,55.712,1813.707,152.802,23.913,82.135,476,50.481,30.976,Normal,0,0
A002,2025-01-02 08:00:00,A002-BAT,Battery,68.399,1.489,78.663,57.501,1803.814,148.256,23.254,76.705,401,54.623,21.091,Normal,0,0
A002,2025-01-02 11:00:00,A002-BAT,Battery,71.565,2.308,81.532,55.908,1795.109,154.004,24.783,76.51,454,50.455,30.853,Normal,0,0
A002,2025-01-02 15:00:00,A002-BAT,Battery,70.991,1.805,78.808,54.299,1629.866,151.543,24.221,81.032,357,46.641,27.306,Normal,0,0
A002,2025-01-02 23:00:00,A002-BAT,Battery,69.039,1.966,78.024,56.439,1853.213,150.101,24.044,74.791,495,48.318,29.9,Normal,0,0
A002,2025-01-03 00:00:00,A002-BAT,Battery,74.128,2.39,79.79,50.961,1666.479,152.053,22.883,78.649,175,35.747,34.217,Normal,0,0
A002,2025-01-03 02:00:00,A002-BAT,Battery,72.109,2.98,81.276,53.029,1792.351,149.859,24.384,77.125,536,51.869,29.001,Normal,0,0
A002,2025-01-03 05:00:00,A002-BAT,Battery,69.859,1.826,77.691,55.424,1652.334,152.156,24.108,76.419,446,43.705,25.103,Normal,0,0
A002,2025-01-03 06:00:00,A002-BAT,Battery,71.985,2.293,73.872,54.302,1855.223,143.979,24.013,76.528,290,45.558,34.273,Normal,0,0
A002,2025-01-03 08:00:00,A002-BAT,Battery,72.308,2.641,76.768,56.241,1785.753,146.37,23.692,74.006,400,66.748,29.518,Normal,0,0
A002,2025-01-03 13:00:00,A002-BAT,Battery,75.87,2.101,77.318,54.114,1813.128,146.433,23.971,79.429,421,40.637,24.359,Normal,0,1
A002,2025-01-03 20:00:00,A002-BAT,Battery,70.353,2.117,78.204,57.471,1725.177,149.731,23.728,76.574,277,38.538,37.054,Normal,0,0
A002,2025-01-04 04:00:00,A002-BAT,Battery,71.264,2.326,75.003,56.412,1988.776,142.003,23.651,79.43,265,40.508,32.833,Normal,0,0
A002,2025-01-04 11:00:00,A002-BAT,Battery,69.769,2.571,77.537,58.206,1777.209,153.635,23.308,75.019,246,58.294,35.419,Normal,0,0
A002,2025-01-04 12:00:00,A002-BAT,Battery,72.845,2.732,76.455,53.872,1698.318,146.357,24.363,77.246,384,44.565,28.426,Normal,0,0
A002,2025-01-04 13:00:00,A002-BAT,Battery,72.972,3.105,77.284,54.291,1857.68,138.247,23.817,77.027,425,64.534,34.823,Normal,0,0
A002,2025-01-04 14:00:00,A002-BAT,Battery,76.463,2.355,75.241,54.749,1781.751,155.079,23.861,77.561,585,59.913,35.464,Normal,0,0
A002,2025-01-04 19:00:00,A002-BAT,Battery,75.678,2.624,82.977,56.82,1930.404,160.063,23.992,77.601,530,60.811,27.204,Normal,0,0
A002,2025-01-05 08:00:00,A002-BAT,Battery,72.852,2.799,76.861,52.398,1784.503,150.759,23.274,74.308,593,69.775,26.788,Normal,0,1
A002,2025-01-05 13:00:00,A002-BAT,Battery,76.343,2.498,76.215,51.443,1853.617,151.342,24.298,79.741,449,49.395,24.981,Normal,0,0
A002,2025-01-05 16:00:00,A002-BAT,Battery,70.642,2.726,82.16,54.22,1776.24,143.929,24.043,76.26,320,53.575,23.827,Normal,0,0
A002,2025-01-05 18:00:00,A002-BAT,Battery,72.944,3.224,76.071,54.914,1659.103,154.655,23.491,79.951,439,53.473,33.058,Normal,0,0
A002,2025-01-05 19:00:00,A002-BAT,Battery,72.33,2.828,75.947,54.837,1758.421,148.762,23.279,78.37,529,54.874,27.299,Normal,0,0
A002,2025-01-06 00:00:00,A002-BAT,Battery,72.188,2.404,76.825,54.342,1646.451,147.577,23.918,77.243,611,53.035,30.812,Normal,0,0
A002,2025-01-06 04:00:00,A002-BAT,Battery,72.605,2.661,73.239,55.696,1810.399,149.209,24.132,77.224,248,49.277,27.261,Normal,0,0
A002,2025-01-06 12:00:00,A002-BAT,Battery,76.129,2.332,79.328,51.424,1811.452,152.951,22.851,82.337,495,52.181,30.705,Normal,0,0
A002,2025-01-06 19:00:00,A002-BAT,Battery,75.318,2.579,75.384,53.255,2025.695,145.18,23.388,85.063,553,59.389,23.1,Normal,0,0
A002,2025-01-07 00:00:00,A002-BAT,Battery,73.671,2.599,73.812,55.586,1876.206,151.156,23.756,78.747,458,52.138,25.925,Normal,0,0
A002,2025-01-07 11:00:00,A002-BAT,Battery,87.877,5.017,64.652,52.868,1707.032,137.46,23.768,78.482,400,57.44,32.781,Warning,1,1
A002,2025-01-07 14:00:00,A002-BAT,Battery,83.996,4.11,70.119,53.492,1862.67,139.96,23.035,78.769,611,47.323,29.459,Warning,1,0
A002,2025-01-07 16:00:00,A002-BAT,Battery,73.299,2.56,78.331,50.3,1681.059,147.088,23.257,78.412,615,47.223,31.072,Normal,0,1
A002,2025-01-07 20:00:00,A002-BAT,Battery,74.697,3.033,76.315,55.348,1817.469,149.456,23.287,77.838,352,67.378,33.178,Normal,0,0
A002,2025-01-08 00:00:00,A002-BAT,Battery,75.387,2.906,72.105,48.463,1833.979,149.625,23.662,78.15,524,69.751,27.701,Normal,0,1
A002,2025-01-08 07:00:00,A002-BAT,Battery,80.647,2.775,75.519,52.877,1906.197,145.713,22.934,78.018,528,68.885,34.161,Normal,0,0
A002,2025-01-09 05:00:00,A002-BAT,Battery,80.814,2.606,71.977,55.115,1780.582,155.693,23.225,81.617,672,68.303,27.393,Normal,0,0
A002,2025-01-09 07:00:00,A002-BAT,Battery,76.698,3.261,73.167,50.158,1768.293,141.122,23.408,78.414,677,44.137,38.68,Normal,0,0
A002,2025-01-09 11:00:00,A002-BAT,Battery,76.199,3.116,79.109,53.215,1955.674,145.016,23.658,81.053,455,51.472,31.069,Normal,0,0
A002,2025-01-09 13:00:00,A002-BAT,Battery,77.993,2.98,75.956,55.935,1909.425,145.634,23.453,76.397,645,60.938,26.03,Normal,0,0
A002,2025-01-09 14:00:00,A002-BAT,Battery,72.716,2.949,72.036,51.756,1903.926,149.777,23.784,83.269,454,54.025,37.495,Normal,0,0
A002,2025-01-09 19:00:00,A002-BAT,Battery,82.457,2.612,74.854,56.245,1855.542,157.283,23.11,78.295,506,70.314,24.021,Normal,0,0
A002,2025-01-09 21:00:00,A002-BAT,Battery,80.286,2.868,71.942,56.077,1795.585,140.431,23.61,82.376,313,41.238,25.877,Normal,0,0
A002,2025-01-10 11:00:00,A002-BAT,Battery,75.072,3.243,73.055,54.235,1782.723,153.426,23.173,81.032,352,66.373,25.63,Normal,0,1
A002,2025-01-10 12:00:00,A002-BAT,Battery,76.518,3.369,73.166,54.423,1828.314,141.562,23.498,77.873,335,66.608,27.464,Normal,0,0
A002,2025-01-10 16:00:00,A002-BAT,Battery,71.769,2.23,79.078,57.427,1808.345,143.805,23.2,82.547,626,57.718,31.188,Normal,0,0
A002,2025-01-10 19:00:00,A002-BAT,Battery,79.037,2.871,72.843,54.235,1697.066,150.145,23.128,83.193,594,58.879,33.16,Normal,0,1
A002,2025-01-11 08:00:00,A002-BAT,Battery,78.749,2.631,72.024,53.388,1802.827,143.032,23.005,79.07,741,66.474,20.162,Normal,0,1
A002,2025-01-11 11:00:00,A002-BAT,Battery,76.918,3.045,77.107,50.912,1962.423,141.506,23.126,79.375,360,80.524,27.483,Normal,0,0
A002,2025-01-11 15:00:00,A002-BAT,Battery,75.438,3.129,71.299,49.963,1857.198,149.55,23.106,81.962,456,64.776,33.012,Normal,0,0
A002,2025-01-11 19:00:00,A002-BAT,Battery,77.354,2.909,70.679,51.914,1905.972,147.126,22.964,83.947,464,58.839,37.1,Normal,0,0
A002,2025-01-11 20:00:00,A002-BAT,Battery,84.301,3.235,73.213,54.962,1863.207,151.994,22.988,82.137,511,54.096,33.332,Normal,0,1
A002,2025-01-12 00:00:00,A002-BAT,Battery,78.19,2.591,69.744,49.567,1855.617,142.094,23.313,81.873,576,63.316,32.192,Normal,0,1
A002,2025-01-12 01:00:00,A002-BAT,Battery,79.79,3.692,78.138,50.286,1768.525,140.423,23.737,83.651,511,66.7,30.83,Normal,0,0
A002,2025-01-12 02:00:00,A002-BAT,Battery,79.899,3.0,75.82,54.637,1782.843,145.27,23.599,84.978,413,57.963,28.683,Normal,0,0
A002,2025-01-12 03:00:00,A002-BAT,Battery,83.497,3.273,75.211,56.515,1759.584,146.309,22.76,81.33,693,52.109,33.739,Normal,0,0
A002,2025-01-12 08:00:00,A002-BAT,Battery,79.592,2.672,72.616,51.363,1755.019,146.314,22.829,84.946,381,68.279,38.973,Normal,0,0
A002,2025-01-12 12:00:00,A002-BAT,Battery,78.321,2.918,75.924,50.094,1710.586,145.235,23.737,84.009,626,51.456,36.757,Normal,0,1
A002,2025-01-12 14:00:00,A002-BAT,Battery,80.39,2.582,68.495,54.991,1783.791,141.384,23.093,82.678,609,64.045,22.24,Normal,0,0
A002,2025-01-12 19:00:00,A002-BAT,Battery,80.365,3.589,70.884,53.928,1734.932,148.044,23.392,82.175,746,84.279,37.14,Warning,1,0
A002,2025-01-12 20:00:00,A002-BAT,Battery,75.705,3.669,71.064,51.741,1850.525,151.383,22.744,81.075,529,65.863,29.068,Normal,0,0
A002,2025-01-13 04:00:00,A002-BAT,Battery,82.246,3.428,72.341,50.923,1807.288,147.341,23.158,81.94,785,56.922,32.113,Normal,0,0
A002,2025-01-13 06:00:00,A002-BAT,Battery,76.953,3.178,73.851,51.78,2012.202,147.26,23.096,84.732,590,62.786,35.037,Normal,0,0
A002,2025-01-13 10:00:00,A002-BAT,Battery,80.239,2.92,72.677,51.224,1690.646,143.006,22.704,81.61,509,69.418,30.604,Normal,0,1
A002,2025-01-14 12:00:00,A002-BAT,Battery,73.944,3.383,72.286,55.112,1800.494,140.931,22.938,78.918,630,57.896,33.178,Normal,0,1
A002,2025-01-14 18:00:00,A002-BAT,Battery,90.152,4.97,62.42,54.086,1698.254,130.536,23.344,80.5,599,72.338,38.085,Warning,1,1
A002,2025-01-15 00:00:00,A002-BAT,Battery,78.803,2.667,74.528,51.406,1641.731,145.166,23.423,80.873,437,87.021,25.811,Warning,1,1
A002,2025-01-15 06:00:00,A002-BAT,Battery,83.275,3.487,68.268,51.09,1664.876,138.946,23.015,84.671,690,72.233,33.013,Warning,1,1
A002,2025-01-15 11:00:00,A002-BAT,Battery,82.887,3.255,74.346,48.812,1706.179,137.405,22.645,86.691,769,85.483,31.173,Warning,1,1
A002,2025-01-15 14:00:00,A002-BAT,Battery,79.533,3.524,73.331,53.241,1712.087,139.041,23.042,82.738,505,83.915,39.423,Warning,1,1
A002,2025-01-15 17:00:00,A002-BAT,Battery,88.959,7.616,68.16,54.396,1550.47,137.285,23.164,88.748,538,63.137,21.183,Warning,1,1
A002,2025-01-15 19:00:00,A002-BAT,Battery,78.226,3.884,69.698,52.338,1885.906,149.22,23.213,84.481,456,75.313,36.865,Warning,1,0
A002,2025-01-15 21:00:00,A002-BAT,Battery,102.258,5.201,55.941,53.862,1877.923,135.166,23.069,85.415,576,63.135,26.466,Warning,1,0
A002,2025-01-16 03:00:00,A002-BAT,Battery,81.493,2.871,69.652,49.722,1788.143,146.292,22.735,85.629,695,70.651,35.312,Warning,1,0
A002,2025-01-16 09:00:00,A002-BAT,Battery,79.44,3.343,71.309,52.311,1769.071,145.118,22.872,83.331,702,64.21,35.407,Warning,1,1
A002,2025-01-16 10:00:00,A002-BAT,Battery,82.925,3.003,70.573,52.02,1896.307,146.704,22.476,83.275,477,77.547,23.996,Warning,1,1
A002,2025-01-16 11:00:00,A002-BAT,Battery,88.647,3.371,72.927,50.685,1847.497,148.846,22.681,84.166,721,63.358,24.278,Warning,1,0
A002,2025-01-16 13:00:00,A002-BAT,Battery,77.375,3.684,72.166,56.15,1800.673,141.567,22.863,83.669,631,74.123,30.134,Warning,1,1
A002,2025-01-16 15:00:00,A002-BAT,Battery,81.899,3.939,65.854,52.249,1792.845,139.826,23.11,82.926,579,67.914,39.244,Warning,1,1
A002,2025-01-16 23:00:00,A002-BAT,Battery,96.654,7.867,59.005,50.544,1635.423,126.849,22.663,83.308,712,69.478,18.639,Warning,1,1
A002,2025-01-17 02:00:00,A002-BAT,Battery,82.763,3.848,73.779,51.71,1850.043,142.372,23.03,83.636,881,75.134,31.893,Warning,1,0
A002,2025-01-17 06:00:00,A002-BAT,Battery,84.028,4.187,67.109,49.5,1728.77,148.188,22.758,83.302,769,77.442,34.782,Warning,1,0
A002,2025-01-17 14:00:00,A002-BAT,Battery,82.18,3.267,73.838,53.476,1706.293,139.849,22.473,86.041,707,74.413,33.95,Warning,1,1
A003,2025-01-01 00:00:00,A003-BAT,Battery,72.983,2.635,75.568,52.037,1759.041,155.104,24.183,74.686,141,60.263,32.905,Normal,0,0
A003,2025-01-01 07:00:00,A003-BAT,Battery,77.386,1.936,73.608,54.993,1728.921,148.105,24.623,77.383,479,54.31,27.652,Normal,0,0
A003,2025-01-01 09:00:00,A003-BAT,Battery,72.036,2.588,78.16,53.708,1864.643,155.957,23.963,77.213,298,64.17,30.582,Normal,0,0
A003,2025-01-01 10:00:00,A003-BAT,Battery,72.688,2.447,77.5,57.184,1751.667,141.331,23.734,76.346,498,59.45,30.902,Normal,0,0
A003,2025-01-01 11:00:00,A003-BAT,Battery,76.582,2.863,76.305,55.835,1716.473,151.355,24.244,77.585,352,63.375,25.174,Normal,0,0
A003,2025-01-01 12:00:00,A003-BAT,Battery,74.841,2.418,72.149,50.713,1519.247,149.323,24.776,78.894,220,52.283,30.75,Normal,0,0
A003,2025-01-01 14:00:00,A003-BAT,Battery,72.084,3.399,73.487,56.258,1898.007,146.005,23.985,76.457,249,61.158,31.806,Normal,0,0
A003,2025-01-01 22:00:00,A003-BAT,Battery,77.074,2.45,75.653,55.245,1812.513,146.992,24.35,79.651,292,51.851,33.602,Normal,0,0
A003,2025-01-02 00:00:00,A003-BAT,Battery,73.211,2.762,74.146,53.744,1646.081,146.99,24.414,74.838,254,60.033,30.703,Normal,0,0
A003,2025-01-02 02:00:00,A003-BAT,Battery,70.546,2.733,75.623,58.296,1851.11,154.18,23.499,75.396,129,70.75,25.561,Normal,0,0
A003,2025-01-02 03:00:00,A003-BAT,Battery,74.775,2.522,79.112,56.061,1830.655,148.011,23.932,76.004,366,64.245,33.672,Normal,0,0
A003,2025-01-02 06:00:00,A003-BAT,Battery,75.223,2.401,78.68,57.947,1876.674,148.671,23.557,74.435,437,76.775,26.539,Normal,0,0
A003,2025-01-02 08:00:00,A003-BAT,Battery,75.74,2.984,72.122,56.045,1958.368,143.483,24.066,76.878,226,65.58,38.214,Normal,0,0
A003,2025-01-02 11:00:00,A003-BAT,Battery,79.396,2.71,78.04,57.694,1717.067,151.89,24.169,81.105,248,55.608,37.163,Normal,0,0
A003,2025-01-02 12:00:00,A003-BAT,Battery,75.872,2.53,75.274,56.646,1821.438,147.383,23.84,75.891,429,63.347,35.549,Normal,0,0
A003,2025-01-02 20:00:00,A003-BAT,Battery,80.346,2.745,72.44,51.912,1809.279,143.827,23.706,74.283,210,70.702,27.458,Normal,0,0
A003,2025-01-03 05:00:00,A003-BAT,Battery,76.941,3.37,73.819,56.258,1646.562,142.881,23.042,77.897,183,68.061,34.484,Normal,0,0
A003,2025-01-03 07:00:00,A003-BAT,Battery,80.01,2.402,78.868,51.443,1692.152,146.829,24.293,76.826,436,60.846,26.037,Normal,0,0
A003,2025-01-03 10:00:00,A003-BAT,Battery,75.25,3.012,72.408,56.014,1655.436,152.835,23.84,76.021,426,49.84,25.101,Normal,0,1
A003,2025-01-03 18:00:00,A003-BAT,Battery,72.167,3.131,72.863,56.804,1796.042,154.172,23.98,76.395,378,69.785,33.97,Normal,0,0
A003,2025-01-03 21:00:00,A003-BAT,Battery,76.437,3.203,73.24,55.283,1825.255,149.628,24.761,78.547,566,55.018,31.851,Normal,0,0
A003,2025-01-03 22:00:00,A003-BAT,Battery,74.117,3.149,76.308,55.48,1876.871,150.62,23.85,75.743,438,70.238,35.124,Normal,0,0
A003,2025-01-04 08:00:00,A003-BAT,Battery,78.253,3.103,76.346,54.991,1761.183,149.267,23.788,76.817,571,53.806,36.215,Normal,0,0
A003,2025-01-04 16:00:00,A003-BAT,Battery,72.634,3.193,70.425,53.53,1742.571,144.956,23.748,72.064,349,62.335,29.549,Normal,0,0
A003,2025-01-04 18:00:00,A003-BAT,Battery,72.933,3.206,69.554,51.074,1817.359,144.419,23.728,77.527,198,66.448,25.479,Normal,0,0
A003,2025-01-04 22:00:00,A003-BAT,Battery,80.798,3.109,72.57,55.165,1798.232,144.496,23.49,76.757,591,67.219,30.047,Normal,0,1
A003,2025-01-05 00:00:00,A003-BAT,Battery,74.106,3.596,72.599,51.85,1912.742,146.783,23.829,79.083,365,69.151,19.017,Normal,0,1
A003,2025-01-05 01:00:00,A003-BAT,Battery,77.424,2.566,73.754,51.544,1774.274,149.413,24.085,75.786,449,77.034,34.734,Normal,0,0
A003,2025-01-05 02:00:00,A003-BAT,Battery,78.406,2.875,76.252,52.906,1718.94,149.71,23.466,77.467,231,73.372,30.586,Normal,0,0
A003,2025-01-05 05:00:00,A003-BAT,Battery,75.709,3.17,78.458,53.539,1759.054,153.167,24.108,75.829,598,63.58,27.49,Normal,0,0
A003,2025-01-05 13:00:00,A003-BAT,Battery,75.241,3.451,71.99,53.339,1825.439,148.122,23.966,75.858,320,54.992,28.451,Normal,0,0
A003,2025-01-05 17:00:00,A003-BAT,Battery,78.969,3.318,70.306,54.039,1783.785,150.569,24.007,78.126,285,56.212,30.538,Normal,0,0
A003,2025-01-05 23:00:00,A003-BAT,Battery,80.163,3.313,73.841,54.54,1836.407,150.631,23.547,78.141,509,80.742,30.71,Normal,0,1
A003,2025-01-06 00:00:00,A003-BAT,Battery,77.298,3.289,71.549,53.809,1728.854,148.932,23.844,77.576,475,50.792,32.952,Normal,0,0
A003,2025-01-06 03:00:00,A003-BAT,Battery,78.249,3.538,68.597,54.065,1714.429,144.252,23.722,76.984,383,57.312,36.621,Normal,0,1
A003,2025-01-06 05:00:00,A003-BAT,Battery,77.992,3.427,71.634,54.233,1664.349,148.435,23.64,81.723,549,52.811,28.596,Normal,0,0
A003,2025-01-06 10:00:00,A003-BAT,Battery,81.222,3.288,72.043,56.705,1634.753,153.466,23.302,78.673,262,62.779,25.385,Normal,0,0
A003,2025-01-06 11:00:00,A003-BAT,Battery,79.555,3.277,76.92,49.791,1833.941,145.454,22.782,77.554,416,82.331,26.72,Normal,0,1
A003,2025-01-06 13:00:00,A003-BAT,Battery,79.238,3.127,72.902,56.447,1834.093,153.219,23.366,76.679,531,67.8,29.807,Normal,0,0
A003,2025-01-06 15:00:00,A003-BAT,Battery,80.205,3.539,69.133,54.482,1783.433,146.746,24.049,76.909,546,56.638,33.979,Normal,0,0
A003,2025-01-07 13:00:00,A003-BAT,Battery,77.542,4.029,67.847,57.253,1808.099,150.247,23.996,80.64,479,63.331,33.0,Normal,0,0
A003,2025-01-07 23:00:00,A003-BAT,Battery,77.469,3.179,75.396,51.468,1864.874,148.101,23.585,77.71,427,66.982,29.971,Normal,0,0
A003,2025-01-08 00:00:00,A003-BAT,Battery,85.258,3.493,67.073,56.066,1781.652,155.948,24.011,78.189,326,75.634,27.03,Warning,1,0
A003,2025-01-08 03:00:00,A003-BAT,Battery,78.444,3.871,73.896,51.777,1771.667,150.859,23.287,79.434,437,73.261,31.955,Warning,1,1
A003,2025-01-08 04:00:00,A003-BAT,Battery,77.112,2.864,71.487,55.343,1675.775,148.942,23.759,75.627,644,67.944,38.231,Normal,0,0
A003,2025-01-08 11:00:00,A003-BAT,Battery,77.576,3.351,73.382,52.49,1854.714,138.291,23.328,81.809,653,69.179,25.854,Normal,0,1
A003,2025-01-08 13:00:00,A003-BAT,Battery,81.648,3.652,73.782,50.535,1805.211,146.664,23.426,79.101,677,65.388,14.911,Normal,0,0
A003,2025-01-08 18:00:00,A003-BAT,Battery,80.679,3.77,70.085,55.376,1891.423,150.385,23.489,81.077,515,63.832,30.992,Warning,1,0
A003,2025-01-08 20:00:00,A003-BAT,Battery,77.498,3.126,74.323,52.772,1677.261,151.065,23.291,81.007,333,78.593,31.372,Normal,0,0
A003,2025-01-08 21:00:00,A003-BAT,Battery,79.816,4.266,75.929,56.16,1728.529,144.927,23.143,78.158,578,83.113,28.781,Warning,1,1
A003,2025-01-09 00:00:00,A003-BAT,Battery,79.814,3.976,71.794,58.103,1775.777,148.628,24.091,76.772,490,58.257,26.022,Normal,0,1
A003,2025-01-09 02:00:00,A003-BAT,Battery,80.678,3.685,75.401,53.916,1718.139,140.303,23.658,78.112,391,78.419,36.987,Warning,1,0
A003,2025-01-09 03:00:00,A003-BAT,Battery,83.184,2.763,69.18,50.977,1847.113,149.216,22.471,79.273,469,77.952,30.74,Warning,1,0
A003,2025-01-09 09:00:00,A003-BAT,Battery,80.696,3.277,68.124,50.159,1731.35,149.838,23.061,76.928,448,64.649,28.076,Warning,1,1
A003,2025-01-09 10:00:00,A003-BAT,Battery,83.969,4.225,67.111,51.773,1862.864,145.659,23.695,80.464,406,84.618,35.214,Warning,1,0
A003,2025-01-09 12:00:00,A003-BAT,Battery,83.027,3.734,72.508,51.888,1826.482,141.428,23.935,77.295,365,69.337,23.406,Warning,1,0
A003,2025-01-09 14:00:00,A003-BAT,Battery,84.226,3.724,68.264,52.397,1750.819,148.065,23.311,77.859,470,61.08,32.745,Warning,1,0
A003,2025-01-09 16:00:00,A003-BAT,Battery,81.95,3.836,65.829,50.971,1767.208,151.718,24.034,79.872,466,67.466,20.225,Warning,1,0
A003,2025-01-09 17:00:00,A003-BAT,Battery,79.208,4.286,72.905,51.376,1820.893,150.473,23.294,81.901,623,78.949,32.982,Warning,1,0
A003,2025-01-09 23:00:00,A003-BAT,Battery,84.992,3.901,68.844,53.083,1846.523,145.855,23.238,80.448,692,64.27,18.836,Warning,1,0
A003,2025-01-10 03:00:00,A003-BAT,Battery,82.795,4.111,71.868,53.403,1903.317,156.233,23.663,80.887,428,76.507,31.28,Warning,1,0
A003,2025-01-10 04:00:00,A003-BAT,Battery,84.274,3.547,67.113,52.973,1750.79,149.56,23.372,78.456,467,84.877,35.451,Warning,1,1
A003,2025-01-10 07:00:00,A003-BAT,Battery,81.412,3.793,71.222,52.653,1617.676,149.321,23.2,82.131,529,77.15,28.262,Warning,1,1
A003,2025-01-10 09:00:00,A003-BAT,Battery,76.252,3.909,74.61,52.984,1916.954,147.09,23.885,79.713,564,54.502,29.6,Normal,0,0
A003,2025-01-10 11:00:00,A003-BAT,Battery,83.236,3.718,70.514,54.019,1763.17,144.795,23.234,79.747,691,90.991,34.559,Warning,1,1
A003,2025-01-10 14:00:00,A003-BAT,Battery,78.918,3.714,65.851,50.326,1747.011,151.665,23.037,79.118,512,74.023,30.185,Warning,1,1
A003,2025-01-10 17:00:00,A003-BAT,Battery,82.907,3.708,72.812,54.953,1796.99,140.302,23.22,80.785,511,76.209,26.312,Warning,1,1
A003,2025-01-10 19:00:00,A003-BAT,Battery,84.619,3.117,71.38,55.998,1783.513,144.947,23.618,78.907,662,73.865,24.801,Warning,1,0
A003,2025-01-10 20:00:00,A003-BAT,Battery,78.708,3.647,73.281,56.939,1808.418,151.127,23.432,80.134,671,58.711,38.132,Normal,0,0
A003,2025-01-10 21:00:00,A003-BAT,Battery,79.456,3.764,75.806,56.294,1753.856,144.19,23.324,80.594,621,83.769,33.698,Warning,1,0
A003,2025-01-11 08:00:00,A003-BAT,Battery,81.729,4.087,67.955,50.867,1827.417,148.517,22.953,83.887,607,90.258,26.861,Warning,1,1
A003,2025-01-11 10:00:00,A003-BAT,Battery,81.57,3.516,74.058,53.495,1612.073,141.634,22.896,83.118,440,81.424,28.498,Warning,1,1
A003,2025-01-11 14:00:00,A003-BAT,Battery,84.581,4.044,69.381,55.072,1856.517,144.083,23.683,78.815,663,74.776,29.215,Warning,1,1
A003,2025-01-11 16:00:00,A003-BAT,Battery,80.115,3.514,67.737,56.205,1872.188,144.623,22.93,84.17,356,78.252,37.052,Warning,1,0
A003,2025-01-12 06:00:00,A003-BAT,Battery,83.49,3.436,65.453,55.824,1835.837,145.29,23.008,84.68,687,80.966,35.734,Warning,1,0
A003,2025-01-12 09:00:00,A003-BAT,Battery,76.718,3.734,70.067,52.273,1814.433,139.349,22.19,79.874,410,78.679,13.875,Warning,1,0
A003,2025-01-12 16:00:00,A003-BAT,Battery,85.155,3.668,67.566,53.975,1719.254,145.184,23.197,80.715,690,72.927,37.675,Warning,1,0
A003,2025-01-12 18:00:00,A003-BAT,Battery,87.301,3.535,69.293,55.419,1770.908,147.563,23.536,80.938,473,66.89,22.706,Warning,1,1
A003,2025-01-12 20:00:00,A003-BAT,Battery,82.017,3.72,74.657,52.493,1692.94,146.216,23.241,79.539,719,80.326,36.045,Warning,1,1
A003,2025-01-13 00:00:00,A003-BAT,Battery,84.146,4.236,69.953,55.756,1878.115,144.447,23.087,83.017,478,73.77,37.656,Warning,1,1
A003,2025-01-13 04:00:00,A003-BAT,Battery,80.071,3.812,68.528,51.62,1693.049,148.427,23.332,80.169,531,70.191,30.682,Warning,1,1
A003,2025-01-13 06:00:00,A003-BAT,Battery,84.759,3.516,72.152,53.084,1748.055,145.352,22.78,84.465,715,83.198,30.908,Warning,1,1
A003,2025-01-13 09:00:00,A003-BAT,Battery,90.457,6.811,64.999,52.581,1705.678,122.185,23.153,80.903,627,79.894,21.902,Warning,1,1
A003,2025-01-13 11:00:00,A003-BAT,Battery,95.472,7.537,55.057,54.393,1849.112,134.939,23.65,79.55,609,91.323,31.594,Warning,1,1
A003,2025-01-13 15:00:00,A003-BAT,Battery,82.689,3.564,70.549,51.365,1846.129,145.354,23.259,79.754,569,84.642,31.03,Warning,1,0
A003,2025-01-13 17:00:00,A003-BAT,Battery,83.761,4.323,70.687,53.88,1719.611,149.727,23.572,83.414,594,81.802,23.677,Warning,1,0
A003,2025-01-13 23:00:00,A003-BAT,Battery,81.047,4.552,66.448,53.343,1776.894,144.39,23.335,83.264,452,82.902,25.922,Warning,1,0
A003,2025-01-14 00:00:00,A003-BAT,Battery,83.849,4.581,68.325,48.409,1925.558,147.897,23.018,81.926,586,71.284,39.69,Warning,1,1
A003,2025-01-14 02:00:00,A003-BAT,Battery,86.923,4.03,70.13,53.135,1829.492,144.201,22.986,85.18,577,90.301,23.89,Warning,1,1
A003,2025-01-14 04:00:00,A003-BAT,Battery,84.788,3.628,68.079,52.939,1749.723,146.061,22.44,85.599,747,79.236,24.503,Warning,1,1
A003,2025-01-14 07:00:00,A003-BAT,Battery,90.056,3.604,72.707,49.002,1818.727,143.486,22.886,81.942,514,71.979,23.702,Warning,1,1
A003,2025-01-14 11:00:00,A003-BAT,Battery,78.576,4.002,66.979,50.427,1837.997,140.157,23.313,84.042,522,76.345,29.683,Warning,1,0
A003,2025-01-14 12:00:00,A003-BAT,Battery,85.161,4.156,67.128,49.532,1886.159,148.705,22.841,83.918,446,89.673,35.694,Warning,1,1
A003,2025-01-14 13:00:00,A003-BAT,Battery,83.757,4.496,66.893,51.37,1744.478,143.811,23.021,80.565,752,88.346,29.276,Warning,1,1
A003,2025-01-14 16:00:00,A003-BAT,Battery,84.157,3.958,68.73,52.427,1749.704,148.96,23.306,86.768,480,75.03,33.332,Warning,1,1
A003,2025-01-14 17:00:00,A003-BAT,Battery,82.195,4.116,67.08,51.016,1756.367,148.806,22.686,83.117,749,76.892,34.099,Warning,1,1
A003,2025-01-15 02:00:00,A003-BAT,Battery,87.539,4.006,69.94,54.026,1749.393,147.452,22.984,81.016,705,72.567,26.738,Warning,1,0
A003,2025-01-15 06:00:00,A003-BAT,Battery,81.113,4.058,69.37,54.624,1748.811,146.499,23.03,83.287,613,80.154,25.726,Warning,1,1
A003,2025-01-15 12:00:00,A003-BAT,Battery,84.869,3.505,69.876,55.186,1688.269,142.964,22.647,82.792,717,84.408,27.785,Warning,1,1
A003,2025-01-15 16:00:00,A003-BAT,Battery,87.225,4.07,70.26,52.157,1747.744,144.697,22.11,81.513,751,88.945,35.959,Warning,1,1
A003,2025-01-16 01:00:00,A003-BAT,Battery,84.646,4.081,68.517,51.244,1845.534,141.638,22.811,79.596,594,91.299,29.12,Warning,1,1
A003,2025-01-16 08:00:00,A003-BAT,Battery,106.732,7.539,60.233,54.989,1800.765,142.869,23.248,86.238,584,89.687,33.156,Warning,1,1
A003,2025-01-16 13:00:00,A003-BAT,Battery,85.88,4.616,69.949,53.053,1747.589,147.161,22.405,83.078,766,94.123,36.51,Warning,1,1
A003,2025-01-16 16:00:00,A003-BAT,Battery,86.867,3.787,66.982,53.231,1819.671,146.823,22.759,85.787,862,91.31,34.982,Warning,1,0
A003,2025-01-16 23:00:00,A003-BAT,Battery,102.31,5.65,59.047,50.234,1899.901,126.494,22.841,81.687,577,83.543,24.22,Warning,1,1
A003,2025-01-17 01:00:00,A003-BAT,Battery,84.591,4.058,72.799,50.749,1787.042,141.547,22.604,87.301,621,87.218,35.144,Warning,1,1
A003,2025-01-17 05:00:00,A003-BAT,Battery,91.202,4.355,69.184,52.01,1730.305,140.305,23.276,82.708,873,89.638,32.08,Warning,1,1
A003,2025-01-17 07:00:00,A003-BAT,Battery,86.74,4.294,68.491,52.065,1676.055,143.751,23.039,83.435,705,89.179,30.159,Warning,1,1
A003,2025-01-17 09:00:00,A003-BAT,Battery,85.753,4.057,64.381,48.749,1761.874,144.032,22.858,85.936,808,85.426,28.715,Warning,1,1
A003,2025-01-17 10:00:00,A003-BAT,Battery,85.522,4.178,65.502,50.984,1749.379,143.926,23.048,85.664,811,96.358,36.059,Warning,1,1
A004,2025-01-01 01:00:00,A004-BAT,Battery,71.876,2.779,79.638,54.526,1690.222,155.742,24.267,78.622,275,67.233,23.565,Normal,0,0
A004,2025-01-01 03:00:00,A004-BAT,Battery,74.766,2.432,79.03,58.295,1653.002,154.927,23.824,77.265,383,50.987,23.785,Normal,0,1
A004,2025-01-01 05:00:00,A004-BAT,Battery,74.723,1.733,79.391,54.221,1713.536,157.825,23.651,72.865,479,48.653,26.157,Normal,0,0
A004,2025-01-01 11:00:00,A004-BAT,Battery,69.289,2.415,75.441,53.802,1824.914,149.017,23.965,75.94,480,46.574,34.421,Normal,0,0
A004,2025-01-01 12:00:00,A004-BAT,Battery,72.54,2.528,78.94,55.848,1770.716,145.575,23.464,71.959,468,64.688,18.936,Normal,0,0
A004,2025-01-01 15:00:00,A004-BAT,Battery,72.791,2.119,74.365,57.097,1733.034,150.101,24.778,76.978,380,63.663,27.309,Normal,0,0
A004,2025-01-01 19:00:00,A004-BAT,Battery,75.262,2.794,78.722,54.921,1759.609,142.533,23.472,75.139,423,50.157,37.061,Normal,0,0
A004,2025-01-01 21:00:00,A004-BAT,Battery,71.175,2.586,78.054,56.968,1817.235,146.01,23.957,78.727,139,55.13,29.418,Normal,0,0
A004,2025-01-02 00:00:00,A004-BAT,Battery,74.943,2.528,79.784,54.287,1854.27,149.107,23.773,79.394,353,32.692,20.633,Normal,0,0
A004,2025-01-02 04:00:00,A004-BAT,Battery,78.641,2.13,78.011,55.043,1656.947,147.546,24.058,75.871,140,33.183,27.165,Normal,0,0
A004,2025-01-02 09:00:00,A004-BAT,Battery,75.103,3.158,81.53,54.275,1847.589,152.1,23.894,73.633,250,45.508,35.741,Normal,0,0
A004,2025-01-02 13:00:00,A004-BAT,Battery,70.108,2.845,78.672,56.752,1761.359,145.459,23.521,76.456,285,66.63,32.062,Normal,0,0
A004,2025-01-02 14:00:00,A004-BAT,Battery,77.819,2.832,78.278,54.934,1826.942,151.502,23.741,74.262,248,60.469,30.11,Normal,0,0
A004,2025-01-02 15:00:00,A004-BAT,Battery,73.678,3.524,78.126,52.526,1774.69,155.719,23.43,74.47,180,61.125,28.642,Normal,0,0
A004,2025-01-02 20:00:00,A004-BAT,Battery,75.663,2.669,80.429,53.22,1872.345,143.439,23.564,76.352,372,57.892,38.395,Normal,0,0
A004,2025-01-02 22:00:00,A004-BAT,Battery,73.114,2.143,78.183,55.224,1783.868,146.115,23.899,75.14,420,53.084,35.491,Normal,0,0
A004,2025-01-03 00:00:00,A004-BAT,Battery,74.203,2.67,79.421,54.637,1834.521,148.726,23.246,75.768,212,49.834,24.805,Normal,0,0
A004,2025-01-03 05:00:00,A004-BAT,Battery,79.836,6.288,69.981,52.631,1914.007,147.914,24.521,77.625,208,51.024,29.648,Warning,1,0
A004,2025-01-03 13:00:00,A004-BAT,Battery,69.825,2.472,74.543,53.884,1823.454,141.303,23.375,75.511,385,53.228,27.531,Normal,0,0
A004,2025-01-03 16:00:00,A004-BAT,Battery,92.016,6.107,69.026,52.546,1834.848,132.179,23.682,75.314,263,27.777,28.266,Warning,1,1
A004,2025-01-03 17:00:00,A004-BAT,Battery,75.742,2.661,77.792,55.935,1581.603,157.544,24.361,77.059,371,42.595,36.052,Normal,0,0
A004,2025-01-03 19:00:00,A004-BAT,Battery,74.543,2.762,77.715,55.82,1719.192,150.718,24.362,73.315,280,57.936,33.384,Normal,0,0
A004,2025-01-03 20:00:00,A004-BAT,Battery,74.727,2.256,76.058,51.819,1933.833,150.951,23.475,77.243,449,63.361,34.964,Normal,0,0
A004,2025-01-03 21:00:00,A004-BAT,Battery,74.671,2.206,78.564,56.383,1900.227,156.116,24.226,80.224,518,65.181,37.331,Normal,0,0
A004,2025-01-04 03:00:00,A004-BAT,Battery,76.445,2.474,71.005,54.24,1842.336,152.023,23.467,76.335,484,62.339,29.7,Normal,0,0
A004,2025-01-04 07:00:00,A004-BAT,Battery,72.135,2.344,80.073,50.362,1839.95,151.971,23.473,78.923,439,54.563,27.271,Normal,0,0
A004,2025-01-04 08:00:00,A004-BAT,Battery,69.056,2.658,76.898,53.321,1835.066,148.682,24.129,78.12,404,58.458,31.459,Normal,0,1
A004,2025-01-04 10:00:00,A004-BAT,Battery,73.373,2.838,79.579,54.249,1986.529,148.186,23.266,73.607,545,41.459,27.931,Normal,0,0
A004,2025-01-04 12:00:00,A004-BAT,Battery,74.138,3.262,77.389,54.414,1786.921,151.207,23.542,77.391,243,55.151,31.626,Normal,0,0
A004,2025-01-04 15:00:00,A004-BAT,Battery,72.614,2.323,75.93,54.997,1673.057,151.118,23.246,79.762,547,59.384,39.566,Normal,0,0
A004,2025-01-04 16:00:00,A004-BAT,Battery,74.849,2.577,79.593,52.483,1981.881,153.999,23.665,80.796,199,49.071,31.028,Normal,0,0
A004,2025-01-05 00:00:00,A004-BAT,Battery,70.898,3.002,78.73,54.554,1766.651,142.944,24.016,79.772,378,50.403,26.187,Normal,0,0
A004,2025-01-05 03:00:00,A004-BAT,Battery,72.821,2.424,74.311,54.752,1785.997,148.955,24.527,77.164,320,60.863,33.594,Normal,0,0
A004,2025-01-05 05:00:00,A004-BAT,Battery,93.791,4.326,67.123,55.496,1836.388,137.392,23.464,72.353,540,64.744,27.556,Warning,1,1
A004,2025-01-05 12:00:00,A004-BAT,Battery,76.222,2.296,75.834,54.487,1876.014,147.605,23.548,77.142,491,47.947,33.162,Normal,0,0
A004,2025-01-05 15:00:00,A004-BAT,Battery,74.486,2.808,77.184,54.441,1683.317,138.685,23.371,81.407,355,71.617,28.691,Normal,0,1
A004,2025-01-05 21:00:00,A004-BAT,Battery,76.665,2.797,77.419,50.031,1721.992,150.815,23.203,78.671,233,46.023,30.082,Normal,0,0
A004,2025-01-06 07:00:00,A004-BAT,Battery,74.553,2.853,75.393,55.047,1795.568,147.954,24.464,77.125,424,70.893,37.234,Normal,0,0
A004,2025-01-06 10:00:00,A004-BAT,Battery,77.783,3.161,79.319,51.395,1695.33,147.216,23.638,77.773,598,53.54,28.478,Normal,0,0
A004,2025-01-06 13:00:00,A004-BAT,Battery,73.62,2.613,75.129,54.714,1782.589,143.07,24.008,77.516,259,74.308,31.52,Normal,0,0
A004,2025-01-06 15:00:00,A004-BAT,Battery,77.964,2.828,75.209,55.799,1861.293,149.995,23.951,78.781,272,45.116,28.109,Normal,0,1
A004,2025-01-06 17:00:00,A004-BAT,Battery,78.499,2.915,71.684,54.182,1627.8,151.504,23.346,75.979,607,64.942,32.797,Normal,0,0
A004,2025-01-07 03:00:00,A004-BAT,Battery,78.481,3.036,74.496,54.963,1785.789,143.758,23.177,79.986,582,63.852,31.21,Normal,0,1
A004,2025-01-07 05:00:00,A004-BAT,Battery,75.79,2.534,74.275,51.206,1837.457,155.185,23.646,74.406,269,61.433,29.027,Normal,0,0
A004,2025-01-07 06:00:00,A004-BAT,Battery,74.441,2.245,70.359,52.544,1786.005,146.061,23.311,79.886,261,62.914,30.998,Normal,0,0
A004,2025-01-07 09:00:00,A004-BAT,Battery,72.3,2.548,72.693,53.925,1754.249,154.499,22.991,76.502,323,61.356,32.607,Normal,0,0
A004,2025-01-07 15:00:00,A004-BAT,Battery,80.746,2.452,77.039,52.524,1778.397,147.834,24.098,80.144,305,62.854,36.483,Normal,0,0
A004,2025-01-07 21:00:00,A004-BAT,Battery,78.901,3.231,72.463,55.269,1858.568,143.219,23.476,79.807,305,61.455,21.447,Normal,0,0
A004,2025-01-07 22:00:00,A004-BAT,Battery,74.92,2.69,74.546,54.337,1808.732,150.342,23.108,79.944,638,54.273,29.283,Normal,0,1
A004,2025-01-08 05:00:00,A004-BAT,Battery,78.386,3.159,76.495,55.499,1870.798,143.74,23.772,83.042,323,60.436,37.497,Normal,0,0
A004,2025-01-08 17:00:00,A004-BAT,Battery,80.32,2.753,73.164,55.688,1814.959,146.7,24.091,80.78,663,59.874,26.57,Normal,0,0
A004,2025-01-08 21:00:00,A004-BAT,Battery,79.448,3.055,74.338,50.453,1770.484,148.225,23.086,81.035,328,68.729,27.357,Normal,0,1
A004,2025-01-09 01:00:00,A004-BAT,Battery,89.641,6.184,66.517,53.3,1838.639,137.507,23.541,78.203,618,44.449,26.155,Warning,1,0
A004,2025-01-09 08:00:00,A004-BAT,Battery,74.55,2.718,76.801,53.165,1780.136,151.741,23.08,75.53,640,55.513,31.21,Normal,0,1
A004,2025-01-09 13:00:00,A004-BAT,Battery,75.309,2.895,78.399,49.6,1759.324,143.152,23.317,79.256,516,67.466,31.278,Normal,0,0
A004,2025-01-09 20:00:00,A004-BAT,Battery,76.218,2.493,74.505,53.329,1868.577,152.393,23.828,83.137,509,57.029,22.84,Normal,0,0
A004,2025-01-10 01:00:00,A004-BAT,Battery,79.455,3.122,72.575,55.039,1803.489,150.644,23.008,82.424,596,67.407,35.988,Normal,0,0
A004,2025-01-10 11:00:00,A004-BAT,Battery,80.563,2.988,72.416,56.924,1802.644,144.46,22.797,84.406,336,59.608,40.309,Normal,0,0
A004,2025-01-10 17:00:00,A004-BAT,Battery,81.055,3.553,77.776,49.9,1692.09,158.799,23.654,81.274,646,64.655,29.716,Normal,0,0
A004,2025-01-11 05:00:00,A004-BAT,Battery,79.296,3.31,72.389,55.003,1722.437,149.444,23.34,82.326,440,74.605,27.723,Normal,0,1
A004,2025-01-11 07:00:00,A004-BAT,Battery,81.976,2.927,74.599,53.135,1709.259,145.724,22.817,83.501,360,77.693,27.947,Normal,0,0
A004,2025-01-11 10:00:00,A004-BAT,Battery,78.044,3.443,72.502,52.404,1663.255,147.24,22.861,83.087,466,59.588,28.521,Normal,0,0
A004,2025-01-11 11:00:00,A004-BAT,Battery,80.606,2.574,76.495,55.105,1847.201,133.354,23.156,78.729,471,74.516,35.263,Normal,0,1
A004,2025-01-11 17:00:00,A004-BAT,Battery,78.442,3.671,76.268,54.966,1824.231,149.171,23.264,79.215,444,58.655,26.964,Normal,0,1
A004,2025-01-12 01:00:00,A004-BAT,Battery,82.973,3.36,74.073,55.027,1934.93,147.492,23.421,82.367,470,63.656,22.083,Normal,0,1
A004,2025-01-12 08:00:00,A004-BAT,Battery,79.54,3.19,70.846,52.339,1830.351,152.275,23.516,79.362,752,74.744,32.377,Normal,0,1
A004,2025-01-12 15:00:00,A004-BAT,Battery,80.19,3.076,74.859,50.818,1737.915,149.635,23.488,80.384,714,69.13,26.106,Normal,0,0
A004,2025-01-12 17:00:00,A004-BAT,Battery,80.596,2.673,71.781,49.396,1983.738,147.337,23.201,82.489,719,72.235,34.891,Normal,0,0
A004,2025-01-12 20:00:00,A004-BAT,Battery,83.642,3.297,69.403,51.284,1953.952,152.58,23.357,78.975,527,70.041,31.918,Warning,1,0
A004,2025-01-12 22:00:00,A004-BAT,Battery,81.823,3.04,73.803,54.53,1611.375,142.735,23.269,78.301,394,53.582,28.648,Normal,0,1
A004,2025-01-13 01:00:00,A004-BAT,Battery,76.366,2.909,73.183,54.644,1800.841,157.447,22.811,83.115,393,78.228,35.328,Normal,0,0
A004,2025-01-13 17:00:00,A004-BAT,Battery,77.12,3.627,73.337,54.399,1775.33,139.45,23.272,82.607,768,80.032,30.144,Warning,1,0
A004,2025-01-13 18:00:00,A004-BAT,Battery,79.179,3.371,69.967,52.247,1974.561,150.346,23.19,85.753,467,62.362,42.452,Normal,0,1
A004,2025-01-13 20:00:00,A004-BAT,Battery,77.336,3.119,71.152,54.264,1836.522,148.291,23.066,81.124,482,80.991,26.511,Warning,1,1
A004,2025-01-14 07:00:00,A004-BAT,Battery,90.073,3.289,72.981,51.019,1901.887,148.175,22.742,82.54,668,81.548,36.759,Warning,1,1
A004,2025-01-14 08:00:00,A004-BAT,Battery,81.044,3.557,74.805,50.136,1724.427,145.105,23.497,85.24,736,76.394,29.804,Warning,1,0
A004,2025-01-14 09:00:00,A004-BAT,Battery,92.737,6.879,61.953,52.067,1925.557,138.439,22.882,81.015,627,80.451,22.291,Warning,1,1
A004,2025-01-14 12:00:00,A004-BAT,Battery,78.578,3.728,69.831,53.951,2067.216,143.67,24.051,84.081,487,64.089,26.023,Warning,1,0
A004,2025-01-14 17:00:00,A004-BAT,Battery,80.638,3.838,76.337,53.874,1739.357,140.75,23.274,86.515,633,74.766,36.167,Warning,1,0
A004,2025-01-14 18:00:00,A004-BAT,Battery,81.64,3.975,71.166,55.536,1793.976,147.212,22.887,83.569,815,72.161,21.957,Warning,1,1
A004,2025-01-14 19:00:00,A004-BAT,Battery,81.149,3.357,69.78,54.541,1892.106,148.104,22.563,83.079,667,59.746,29.264,Normal,0,1
A004,2025-01-15 05:00:00,A004-BAT,Battery,80.955,3.077,69.813,54.482,1796.98,146.239,22.196,85.421,803,65.664,35.62,Warning,1,1
A004,2025-01-15 06:00:00,A004-BAT,Battery,87.309,3.822,73.706,56.073,1820.168,151.135,22.806,85.025,755,66.17,27.481,Warning,1,0
A004,2025-01-15 17:00:00,A004-BAT,Battery,83.709,3.109,76.544,54.55,1834.213,148.174,22.525,80.216,603,71.565,36.894,Warning,1,0
A004,2025-01-16 00:00:00,A004-BAT,Battery,91.001,7.2,61.489,52.206,1673.492,127.666,22.675,81.831,750,74.49,21.006,Warning,1,1
A004,2025-01-16 04:00:00,A004-BAT,Battery,82.595,3.579,69.496,51.454,1742.295,148.511,22.644,79.608,840,73.053,28.603,Warning,1,1
A004,2025-01-16 19:00:00,A004-BAT,Battery,83.798,3.374,69.155,53.399,1864.807,145.826,22.908,84.575,791,75.676,33.58,Warning,1,0
A004,2025-01-17 03:00:00,A004-BAT,Battery,79.483,4.081,66.877,48.538,1701.235,138.209,22.934,82.506,521,60.501,29.791,Warning,1,1
A004,2025-01-17 08:00:00,A004-BAT,Battery,83.87,3.644,71.524,50.779,1784.007,139.2,22.214,89.465,626,74.841,31.018,Warning,1,0
A004,2025-01-17 09:00:00,A004-BAT,Battery,83.63,3.663,68.647,53.011,1816.953,146.659,23.068,84.484,877,73.048,37.412,Warning,1,1
A004,2025-01-17 10:00:00,A004-BAT,Battery,81.859,3.358,72.721,51.755,1686.279,152.815,22.254,84.677,888,59.347,31.353,Warning,1,1
A004,2025-01-17 13:00:00,A004-BAT,Battery,81.842,3.189,70.097,51.571,1931.347,140.517,22.781,85.735,630,75.449,29.142,Warning,1,1
A004,2025-01-17 15:00:00,A004-BAT,Battery,82.794,3.969,69.983,49.569,1879.709,147.072,22.716,86.398,714,75.534,36.657,Warning,1,1
A005,2025-01-01 14:00:00,A005-BAT,Battery,73.453,2.581,76.408,53.885,1619.543,148.879,23.585,76.343,449,65.309,19.126,Normal,0,0
A005,2025-01-01 16:00:00,A005-BAT,Battery,75.566,2.785,77.922,57.011,1752.958,146.108,23.077,74.708,138,50.242,32.096,Normal,0,0
A005,2025-01-01 17:00:00,A005-BAT,Battery,75.833,2.716,79.547,56.349,1762.573,148.302,24.225,75.831,176,50.082,34.474,Normal,0,0
A005,2025-01-01 19:00:00,A005-BAT,Battery,75.979,3.155,79.572,54.102,1816.538,150.623,24.17,76.55,408,70.576,18.344,Normal,0,0
A005,2025-01-02 03:00:00,A005-BAT,Battery,70.108,2.893,69.637,53.7,1898.429,161.702,23.835,73.181,345,55.568,30.33,Normal,0,0
A005,2025-01-02 05:00:00,A005-BAT,Battery,74.286,2.524,76.783,54.039,1793.45,148.881,23.395,78.536,288,65.1,26.263,Normal,0,1
A005,2025-01-02 07:00:00,A005-BAT,Battery,75.084,2.578,72.438,54.485,1935.71,152.354,23.971,78.952,507,71.092,31.671,Normal,0,0
A005,2025-01-02 08:00:00,A005-BAT,Battery,74.307,3.129,74.41,55.683,2015.112,153.407,24.071,74.251,142,61.494,24.96,Normal,0,0
A005,2025-01-02 12:00:00,A005-BAT,Battery,72.412,2.546,73.141,57.376,1712.954,145.798,23.5,81.406,411,59.101,32.649,Normal,0,0
A005,2025-01-02 13:00:00,A005-BAT,Battery,72.992,2.575,75.478,53.136,1937.16,151.55,23.648,77.92,269,57.155,27.048,Normal,0,0
A005,2025-01-02 18:00:00,A005-BAT,Battery,72.209,3.032,78.582,54.635,1662.535,157.814,24.045,76.392,478,51.27,30.081,Normal,0,0
A005,2025-01-02 23:00:00,A005-BAT,Battery,72.933,2.645,76.193,54.92,1750.522,146.275,24.075,75.732,458,66.948,34.397,Normal,0,1
A005,2025-01-03 02:00:00,A005-BAT,Battery,76.468,3.069,79.566,54.459,1677.795,148.887,23.751,75.268,495,63.864,23.928,Normal,0,0
A005,2025-01-03 04:00:00,A005-BAT,Battery,76.182,3.268,76.941,54.633,1898.315,150.717,24.145,74.243,514,75.147,31.101,Normal,0,0
A005,2025-01-03 05:00:00,A005-BAT,Battery,74.931,2.679,75.709,52.826,1748.078,147.126,23.739,75.295,483,68.124,31.355,Normal,0,0
A005,2025-01-03 13:00:00,A005-BAT,Battery,76.325,2.984,71.85,54.756,1642.028,151.54,23.431,78.88,414,42.239,38.372,Normal,0,0
A005,2025-01-03 18:00:00,A005-BAT,Battery,78.728,2.817,75.461,54.164,1856.244,145.139,23.853,79.754,219,60.317,39.215,Normal,0,0
A005,2025-01-03 23:00:00,A005-BAT,Battery,75.389,2.835,73.442,53.846,1598.326,149.503,23.602,73.041,177,59.626,28.095,Normal,0,0
A005,2025-01-04 00:00:00,A005-BAT,Battery,79.947,2.743,74.112,57.917,1820.608,150.595,23.641,78.174,285,62.171,20.839,Normal,0,0
A005,2025-01-04 05:00:00,A005-BAT,Battery,77.263,3.411,76.269,56.389,1782.084,155.463,24.065,77.008,350,64.907,29.316,Normal,0,0
A005,2025-01-04 06:00:00,A005-BAT,Battery,81.019,2.563,76.966,53.679,1914.27,147.691,23.91,76.632,179,49.019,38.695,Normal,0,0
A005,2025-01-04 17:00:00,A005-BAT,Battery,88.153,6.69,66.194,58.621,1825.133,135.554,23.529,77.348,290,47.22,27.625,Warning,1,0
A005,2025-01-04 19:00:00,A005-BAT,Battery,80.966,2.454,70.858,54.024,1766.631,146.194,23.774,76.218,331,60.804,31.392,Normal,0,0
A005,2025-01-04 22:00:00,A005-BAT,Battery,75.777,2.921,69.785,51.248,1855.899,143.244,23.342,77.147,492,60.566,34.428,Normal,0,0
A005,2025-01-05 06:00:00,A005-BAT,Battery,81.119,3.111,70.063,52.338,1652.932,150.257,23.23,78.554,529,61.925,27.623,Normal,0,0
A005,2025-01-05 16:00:00,A005-BAT,Battery,76.877,3.572,73.15,53.233,1759.826,147.236,23.286,76.856,241,65.93,32.022,Normal,0,0
A005,2025-01-05 21:00:00,A005-BAT,Battery,79.09,3.632,73.818,55.805,1813.038,146.513,23.599,77.358,380,69.846,30.533,Normal,0,1
A005,2025-01-06 00:00:00,A005-BAT,Battery,80.01,2.779,75.545,55.308,1609.235,142.882,23.765,77.733,412,61.357,35.395,Normal,0,0
A005,2025-01-06 03:00:00,A005-BAT,Battery,78.758,3.04,76.282,54.668,1806.809,149.503,23.888,78.557,603,51.2,35.448,Normal,0,0
A005,2025-01-06 04:00:00,A005-BAT,Battery,73.483,2.36,70.83,55.105,1916.81,149.658,23.26,76.532,592,76.625,23.446,Normal,0,0
A005,2025-01-06 09:00:00,A005-BAT,Battery,76.147,3.44,70.636,49.732,1732.674,151.726,23.609,77.155,275,66.495,30.112,Normal,0,1
A005,2025-01-06 11:00:00,A005-BAT,Battery,77.982,3.368,76.014,52.507,1884.987,143.346,23.652,77.79,561,66.546,25.055,Normal,0,1
A005,2025-01-06 12:00:00,A005-BAT,Battery,78.764,3.487,72.289,56.731,1761.328,147.885,23.256,78.553,327,66.263,33.18,Normal,0,0
A005,2025-01-06 16:00:00,A005-BAT,Battery,91.499,7.133,64.221,56.659,1786.734,152.621,23.719,75.942,590,64.911,36.681,Warning,1,1
A005,2025-01-06 17:00:00,A005-BAT,Battery,75.383,3.266,74.13,53.945,1687.152,144.292,23.772,76.865,323,49.975,31.935,Normal,0,1
A005,2025-01-06 19:00:00,A005-BAT,Battery,79.935,4.055,75.767,50.685,1767.579,147.196,23.784,76.608,382,62.426,23.778,Normal,0,0
A005,2025-01-06 22:00:00,A005-BAT,Battery,79.852,2.572,76.164,50.8,1786.253,150.699,23.7,75.994,424,58.077,31.435,Normal,0,0
A005,2025-01-06 23:00:00,A005-BAT,Battery,74.831,3.448,70.601,54.089,1792.134,152.855,23.656,77.377,370,69.803,40.712,Normal,0,0
A005,2025-01-07 09:00:00,A005-BAT,Battery,76.151,3.822,73.85,54.125,1807.654,149.53,23.811,80.616,320,80.437,31.213,Normal,0,0
A005,2025-01-07 10:00:00,A005-BAT,Battery,86.871,5.984,65.637,52.294,1807.422,129.105,23.868,78.074,639,60.658,32.85,Warning,1,0
A005,2025-01-07 12:00:00,A005-BAT,Battery,80.163,3.056,75.758,55.314,1802.415,147.964,23.663,78.276,525,54.689,33.751,Normal,0,0
A005,2025-01-07 13:00:00,A005-BAT,Battery,83.431,2.887,72.347,53.459,1949.437,152.521,23.222,79.609,492,86.222,26.876,Warning,1,1
A005,2025-01-07 16:00:00,A005-BAT,Battery,76.547,3.133,74.133,55.275,1826.611,146.817,23.347,77.166,365,63.533,23.524,Normal,0,0
A005,2025-01-07 18:00:00,A005-BAT,Battery,78.018,3.085,71.6,54.307,1835.661,150.534,23.778,78.707,527,84.983,36.935,Normal,0,0
A005,2025-01-07 20:00:00,A005-BAT,Battery,95.311,5.254,65.565,52.343,1769.028,140.913,23.618,79.462,546,61.359,29.543,Warning,1,1
A005,2025-01-08 01:00:00,A005-BAT,Battery,80.684,3.007,72.075,54.475,1919.973,155.257,23.171,76.593,269,71.157,31.212,Normal,0,0
A005,2025-01-08 08:00:00,A005-BAT,Battery,77.994,3.651,75.608,56.112,1816.236,152.804,23.289,84.372,285,70.915,35.734,Normal,0,0
A005,2025-01-08 09:00:00,A005-BAT,Battery,77.317,3.021,71.619,55.883,1635.172,146.336,23.927,76.961,401,79.082,24.361,Normal,0,0
A005,2025-01-08 14:00:00,A005-BAT,Battery,79.414,2.909,78.175,54.422,1871.895,154.451,23.669,81.5,659,69.798,33.669,Normal,0,0
A005,2025-01-08 21:00:00,A005-BAT,Battery,81.925,3.385,69.449,52.596,1908.434,150.366,23.368,83.258,603,68.543,34.938,Warning,1,1
A005,2025-01-09 01:00:00,A005-BAT,Battery,80.924,3.498,71.72,54.372,1983.144,146.617,23.293,78.943,581,73.166,19.391,Warning,1,0
A005,2025-01-09 02:00:00,A005-BAT,Battery,80.616,4.158,72.619,49.067,1673.11,146.571,23.137,80.057,687,67.757,35.83,Warning,1,1
A005,2025-01-09 08:00:00,A005-BAT,Battery,77.077,3.347,70.799,57.341,2003.283,149.198,23.714,81.74,313,60.246,33.493,Normal,0,1
A005,2025-01-09 12:00:00,A005-BAT,Battery,80.678,3.307,70.078,54.412,1742.535,143.072,23.377,80.02,703,67.402,25.544,Normal,0,1
A005,2025-01-09 13:00:00,A005-BAT,Battery,81.171,4.241,74.9,57.346,1748.908,154.136,23.465,82.098,430,74.463,28.284,Warning,1,1
A005,2025-01-09 17:00:00,A005-BAT,Battery,80.977,3.683,70.38,51.154,1881.616,153.407,22.991,80.584,359,67.46,34.417,Warning,1,1
A005,2025-01-09 22:00:00,A005-BAT,Battery,80.202,3.696,67.721,52.974,1860.992,150.049,23.158,78.307,680,73.073,23.438,Warning,1,0
A005,2025-01-10 00:00:00,A005-BAT,Battery,82.527,3.296,75.41,52.923,1727.834,145.005,23.902,78.178,613,65.48,44.493,Normal,0,1
A005,2025-01-10 01:00:00,A005-BAT,Battery,76.658,3.54,73.151,56.41,1629.541,141.986,23.307,86.0,562,78.638,31.864,Warning,1,0
A005,2025-01-10 06:00:00,A005-BAT,Battery,79.945,3.227,71.098,52.543,1711.025,140.669,22.645,82.028,653,68.484,34.848,Normal,0,0
A005,2025-01-10 09:00:00,A005-BAT,Battery,84.563,3.421,72.421,49.75,1716.662,139.565,23.682,80.305,589,76.621,30.317,Warning,1,1
A005,2025-01-10 15:00:00,A005-BAT,Battery,80.192,3.292,70.126,51.238,1976.576,145.188,23.713,82.829,434,75.329,29.322,Warning,1,0
A005,2025-01-10 19:00:00,A005-BAT,Battery,79.361,3.568,72.313,54.626,1685.47,143.594,23.509,80.14,411,61.497,29.645,Normal,0,0
A005,2025-01-11 04:00:00,A005-BAT,Battery,79.883,3.42,70.026,51.536,1904.346,135.871,23.092,83.396,652,70.74,35.364,Warning,1,0
A005,2025-01-11 10:00:00,A005-BAT,Battery,87.544,3.568,71.045,56.211,1815.834,151.63,22.566,80.365,586,76.787,35.407,Warning,1,0
A005,2025-01-11 14:00:00,A005-BAT,Battery,86.971,3.609,70.571,51.754,1709.696,146.32,23.248,81.176,512,87.105,29.368,Warning,1,0
A005,2025-01-11 17:00:00,A005-BAT,Battery,82.027,3.45,75.587,50.804,1828.225,144.046,23.488,82.012,428,84.087,33.591,Warning,1,0
A005,2025-01-11 19:00:00,A005-BAT,Battery,81.29,3.596,65.024,56.118,1905.971,140.056,23.534,81.46,359,72.584,32.464,Warning,1,0
A005,2025-01-11 20:00:00,A005-BAT,Battery,97.56,6.013,62.528,55.17,1836.66,137.916,24.161,79.651,560,80.426,31.216,Warning,1,0
A005,2025-01-11 21:00:00,A005-BAT,Battery,84.553,3.753,69.934,55.787,1621.581,141.554,22.343,83.942,429,73.527,34.831,Warning,1,1
A005,2025-01-12 00:00:00,A005-BAT,Battery,82.953,4.144,70.82,50.4,1769.953,148.927,23.836,77.687,534,77.378,25.339,Warning,1,1
A005,2025-01-12 03:00:00,A005-BAT,Battery,78.209,3.923,69.584,53.432,1631.693,141.692,23.062,84.426,475,78.894,30.649,Warning,1,0
A005,2025-01-12 05:00:00,A005-BAT,Battery,103.585,5.712,65.971,49.435,1853.742,143.374,22.729,79.796,578,79.633,28.486,Warning,1,1
A005,2025-01-12 09:00:00,A005-BAT,Battery,82.191,3.022,66.628,51.708,1692.367,150.837,23.183,82.979,588,78.791,28.966,Warning,1,0
A005,2025-01-12 12:00:00,A005-BAT,Battery,81.791,4.337,68.708,53.791,1896.391,149.666,23.528,84.736,707,77.704,27.715,Warning,1,1
A005,2025-01-12 18:00:00,A005-BAT,Battery,84.766,4.157,72.057,51.244,1868.978,146.846,22.906,82.409,635,75.163,37.08,Warning,1,0
A005,2025-01-12 19:00:00,A005-BAT,Battery,87.562,3.529,73.253,50.815,1845.596,147.513,23.583,84.252,394,76.331,27.315,Warning,1,1
A005,2025-01-13 05:00:00,A005-BAT,Battery,82.315,3.669,69.44,57.596,1681.462,150.669,23.32,85.405,438,81.334,30.017,Warning,1,0
A005,2025-01-13 08:00:00,A005-BAT,Battery,82.923,4.283,73.979,50.544,1804.06,149.492,23.317,81.584,449,78.527,22.083,Warning,1,1
A005,2025-01-13 11:00:00,A005-BAT,Battery,82.439,3.494,72.07,50.51,1727.81,141.743,23.317,82.688,749,83.744,26.074,Warning,1,0
A005,2025-01-13 23:00:00,A005-BAT,Battery,80.939,4.255,70.963,53.636,1816.364,143.344,22.979,82.617,687,84.196,32.129,Warning,1,0
A005,2025-01-14 05:00:00,A005-BAT,Battery,79.791,3.904,71.998,54.037,1934.279,143.339,23.347,80.72,627,83.475,38.221,Warning,1,0
A005,2025-01-14 12:00:00,A005-BAT,Battery,83.916,3.609,67.811,53.513,1843.736,146.776,22.731,85.317,688,93.734,30.146,Warning,1,1
A005,2025-01-14 17:00:00,A005-BAT,Battery,100.516,6.279,54.059,53.49,1757.092,121.409,22.672,83.153,635,79.363,33.7,Warning,1,1
A005,2025-01-14 19:00:00,A005-BAT,Battery,83.595,3.996,62.438,51.843,1913.719,148.641,23.317,83.382,461,92.086,31.442,Warning,1,1
A005,2025-01-14 20:00:00,A005-BAT,Battery,85.863,3.797,69.734,55.297,1842.979,139.939,22.784,81.949,561,72.704,19.444,Warning,1,1
A005,2025-01-15 05:00:00,A005-BAT,Battery,81.089,4.141,69.091,51.015,1761.764,144.136,22.891,87.043,504,96.023,16.37,Warning,1,1
A005,2025-01-15 19:00:00,A005-BAT,Battery,85.37,4.005,69.203,50.914,1857.8,140.849,22.781,86.133,822,71.126,35.251,Warning,1,0
A005,2025-01-15 20:00:00,A005-BAT,Battery,85.302,4.283,71.782,54.756,1877.643,142.223,22.638,85.476,600,91.609,24.844,Warning,1,1
A005,2025-01-15 22:00:00,A005-BAT,Battery,88.331,3.819,68.585,50.103,1788.384,151.702,23.303,84.22,711,58.818,26.721,Warning,1,0
A005,2025-01-16 00:00:00,A005-BAT,Battery,85.009,4.393,67.936,50.989,1823.132,143.97,22.245,82.797,584,100.0,20.893,Warning,1,1
A005,2025-01-16 01:00:00,A005-BAT,Battery,82.382,4.082,70.166,51.934,1730.92,145.399,22.809,83.4,567,87.997,32.015,Warning,1,1
A005,2025-01-16 05:00:00,A005-BAT,Battery,78.671,4.009,74.399,53.96,1747.427,145.235,23.143,80.612,814,73.953,31.992,Warning,1,0
A005,2025-01-16 10:00:00,A005-BAT,Battery,89.811,4.397,66.912,49.84,1867.896,150.813,22.18,86.423,721,79.075,20.955,Warning,1,1
A005,2025-01-16 13:00:00,A005-BAT,Battery,85.22,3.949,65.372,53.928,1846.463,152.844,23.01,83.491,681,76.29,30.237,Warning,1,1
A005,2025-01-16 15:00:00,A005-BAT,Battery,85.112,3.331,68.443,53.383,1941.387,138.167,22.494,84.663,774,68.479,30.861,Warning,1,1
A005,2025-01-16 17:00:00,A005-BAT,Battery,84.697,4.081,67.279,52.652,1734.318,149.521,23.254,82.458,819,86.891,28.218,Warning,1,0
A005,2025-01-17 00:00:00,A005-BAT,Battery,92.061,4.287,65.386,50.753,1799.935,147.37,22.946,82.743,754,84.526,26.944,Warning,1,1
A005,2025-01-17 06:00:00,A005-BAT,Battery,82.887,4.29,64.883,52.687,1888.391,145.255,23.171,83.903,581,65.965,33.134,Warning,1,1
A005,2025-01-17 09:00:00,A005-BAT,Battery,88.165,4.142,69.196,53.799,1993.77,140.465,22.587,83.812,836,89.171,28.74,Warning,1,1
A005,2025-01-17 12:00:00,A005-BAT,Battery,89.184,5.0,66.68,50.3,1847.006,152.53,23.348,82.83,516,81.614,34.252,Warning,1,0
A005,2025-01-17 15:00:00,A005-BAT,Battery,87.216,4.166,71.2,52.371,1870.067,147.048,23.16,83.202,585,84.514,29.296,Warning,1,1
A006,2025-01-01 01:00:00,A006-BAT,Battery,68.746,2.345,74.553,54.049,1581.143,153.32,24.401,75.183,101,64.893,36.737,Normal,0,1
A006,2025-01-01 14:00:00,A006-BAT,Battery,72.34,3.105,80.813,59.171,1794.492,143.179,23.711,74.142,287,43.429,19.02,Normal,0,0
A006,2025-01-01 15:00:00,A006-BAT,Battery,77.64,2.06,78.943,54.09,1874.437,145.035,23.909,77.617,407,50.725,21.857,Normal,0,0
A006,2025-01-01 18:00:00,A006-BAT,Battery,69.473,2.354,77.078,51.829,1675.735,151.121,23.717,76.471,338,52.476,35.238,Normal,0,0
A006,2025-01-01 22:00:00,A006-BAT,Battery,73.005,2.876,74.268,52.097,1885.993,149.669,24.344,73.935,337,51.963,33.441,Normal,0,0
A006,2025-01-01 23:00:00,A006-BAT,Battery,72.947,1.893,78.599,55.686,1889.453,153.421,23.856,72.131,209,55.307,21.788,Normal,0,0
A006,2025-01-02 01:00:00,A006-BAT,Battery,73.836,2.364,79.24,53.99,1728.936,151.395,23.752,78.543,143,52.282,23.132,Normal,0,0
A006,2025-01-02 03:00:00,A006-BAT,Battery,72.941,2.038,75.531,57.557,1632.425,155.682,23.643,79.522,217,51.301,33.613,Normal,0,0
A006,2025-01-02 13:00:00,A006-BAT,Battery,74.68,2.424,75.553,55.592,1763.75,147.612,24.408,75.163,226,66.14,31.284,Normal,0,0
A006,2025-01-03 08:00:00,A006-BAT,Battery,77.264,2.635,73.381,54.899,1830.631,148.213,24.304,76.168,505,70.515,33.916,Normal,0,0
A006,2025-01-03 09:00:00,A006-BAT,Battery,75.684,2.463,75.484,52.328,1580.335,149.984,23.693,75.757,302,61.972,29.44,Normal,0,0
A006,2025-01-03 10:00:00,A006-BAT,Battery,70.322,2.747,79.993,53.376,1704.242,155.396,23.318,78.47,478,49.236,31.985,Normal,0,0
A006,2025-01-03 13:00:00,A006-BAT,Battery,68.175,2.754,74.377,54.1,1800.66,156.827,23.728,73.679,395,65.748,33.629,Normal,0,0
A006,2025-01-03 19:00:00,A006-BAT,Battery,73.944,1.492,75.857,57.628,1770.75,141.492,23.956,77.723,321,48.549,28.766,Normal,0,0
A006,2025-01-03 20:00:00,A006-BAT,Battery,70.852,2.528,75.081,57.412,1880.433,148.661,23.824,78.728,240,53.04,33.792,Normal,0,0
A006,2025-01-04 01:00:00,A006-BAT,Battery,73.843,3.267,83.561,53.492,1777.87,151.861,23.461,78.523,372,55.553,31.858,Normal,0,0
A006,2025-01-04 02:00:00,A006-BAT,Battery,77.658,2.883,78.477,55.142,1592.62,146.071,23.688,74.687,346,41.255,25.113,Normal,0,0
A006,2025-01-04 06:00:00,A006-BAT,Battery,73.564,2.468,79.168,52.497,1788.394,146.836,23.569,77.02,471,54.147,35.258,Normal,0,0
A006,2025-01-04 08:00:00,A006-BAT,Battery,73.749,2.489,74.869,54.413,1783.448,149.764,23.266,77.045,413,65.28,34.72,Normal,0,0
A006,2025-01-04 10:00:00,A006-BAT,Battery,74.005,2.719,75.292,55.235,1799.729,146.152,23.803,76.277,438,60.241,34.366,Normal,0,0
A006,2025-01-04 13:00:00,A006-BAT,Battery,75.823,2.926,76.303,53.57,1947.011,137.801,23.767,77.985,438,70.481,21.697,Normal,0,0
A006,2025-01-04 17:00:00,A006-BAT,Battery,72.482,2.704,76.68,54.071,1684.891,148.263,23.53,76.792,322,61.598,26.627,Normal,0,0
A006,2025-01-04 20:00:00,A006-BAT,Battery,74.881,2.428,73.511,55.236,1822.466,142.409,23.884,77.866,473,51.119,26.667,Normal,0,0
A006,2025-01-04 22:00:00,A006-BAT,Battery,77.807,2.987,75.53,53.563,1760.426,147.067,23.819,79.465,578,74.156,25.851,Normal,0,0
A006,2025-01-05 01:00:00,A006-BAT,Battery,73.478,1.969,75.883,53.097,1794.548,140.132,23.544,76.602,578,54.703,28.819,Normal,0,0
A006,2025-01-05 08:00:00,A006-BAT,Battery,85.654,5.071,66.805,55.536,1918.881,130.482,24.305,77.023,485,64.077,26.312,Warning,1,0
A006,2025-01-05 11:00:00,A006-BAT,Battery,77.831,2.582,75.313,57.168,1954.315,144.932,23.308,77.073,452,60.316,27.432,Normal,0,0
A006,2025-01-05 12:00:00,A006-BAT,Battery,73.852,2.196,74.022,53.601,1734.551,150.73,23.729,78.298,395,54.475,28.927,Normal,0,0
A006,2025-01-05 15:00:00,A006-BAT,Battery,77.462,2.602,80.368,52.132,1659.632,146.694,24.679,79.443,482,61.547,32.935,Normal,0,0
A006,2025-01-05 17:00:00,A006-BAT,Battery,72.385,2.473,76.918,52.849,1816.987,144.992,23.819,78.877,219,44.22,30.337,Normal,0,0
A006,2025-01-05 22:00:00,A006-BAT,Battery,76.275,2.722,76.254,56.813,1713.217,151.617,23.233,76.36,437,67.121,23.951,Normal,0,0
A006,2025-01-06 00:00:00,A006-BAT,Battery,76.711,2.494,80.026,54.779,1709.563,154.983,23.457,78.358,501,53.784,33.121,Normal,0,0
A006,2025-01-06 01:00:00,A006-BAT,Battery,74.101,3.105,72.709,54.018,1808.052,147.989,23.976,75.017,579,62.284,23.775,Normal,0,0
A006,2025-01-06 02:00:00,A006-BAT,Battery,73.941,3.307,76.437,54.965,1700.325,151.435,24.207,79.79,414,47.308,27.679,Normal,0,0
A006,2025-01-06 04:00:00,A006-BAT,Battery,74.443,2.102,78.268,53.0,1970.601,154.108,23.376,80.839,468,70.813,27.205,Normal,0,1
A006,2025-01-06 05:00:00,A006-BAT,Battery,73.043,2.889,74.354,52.503,1749.466,143.238,23.428,76.652,571,57.878,30.521,Normal,0,0
A006,2025-01-06 09:00:00,A006-BAT,Battery,72.811,3.045,74.641,53.484,1907.758,150.858,23.177,76.026,278,43.973,43.016,Normal,0,1
A006,2025-01-06 14:00:00,A006-BAT,Battery,81.709,2.706,76.706,53.053,1772.073,143.795,23.15,82.038,271,58.244,30.253,Normal,0,0
A006,2025-01-06 17:00:00,A006-BAT,Battery,71.865,2.643,71.61,55.497,1798.04,148.304,23.294,77.794,326,65.039,35.279,Normal,0,0
A006,2025-01-07 03:00:00,A006-BAT,Battery,74.902,2.663,71.612,51.25,1782.048,144.771,23.454,75.464,297,65.777,40.402,Normal,0,0
A006,2025-01-07 15:00:00,A006-BAT,Battery,86.194,6.393,66.017,56.924,1766.213,140.594,23.975,79.47,455,58.225,32.069,Warning,1,1
A006,2025-01-07 17:00:00,A006-BAT,Battery,77.266,2.845,74.52,54.448,1550.689,147.997,23.596,78.713,443,47.994,29.251,Normal,0,0
A006,2025-01-07 23:00:00,A006-BAT,Battery,76.752,3.29,76.484,55.96,1749.227,142.423,23.766,79.435,563,56.885,33.714,Normal,0,1
A006,2025-01-08 01:00:00,A006-BAT,Battery,72.592,2.922,73.879,52.451,1827.468,143.386,24.246,76.521,628,53.131,24.772,Normal,0,0
A006,2025-01-08 03:00:00,A006-BAT,Battery,71.736,2.951,73.049,55.02,1703.845,156.909,23.667,79.669,323,65.851,20.892,Normal,0,1
A006,2025-01-08 05:00:00,A006-BAT,Battery,72.161,3.366,77.535,54.721,1811.355,148.944,23.979,75.833,636,66.809,26.269,Normal,0,0
A006,2025-01-08 11:00:00,A006-BAT,Battery,78.183,2.785,77.542,54.853,1782.819,145.098,23.843,79.151,636,51.424,35.105,Normal,0,1
A006,2025-01-08 16:00:00,A006-BAT,Battery,76.998,2.774,76.48,53.046,1827.274,144.306,23.44,82.231,609,60.494,27.235,Normal,0,0
A006,2025-01-08 17:00:00,A006-BAT,Battery,77.229,3.463,71.165,53.513,1645.752,146.046,23.537,76.464,645,58.183,31.453,Normal,0,0
A006,2025-01-08 21:00:00,A006-BAT,Battery,75.832,3.146,69.749,56.456,1848.042,149.997,22.606,77.645,576,73.915,29.113,Normal,0,0
A006,2025-01-08 23:00:00,A006-BAT,Battery,81.377,2.789,76.754,55.494,1814.928,147.92,23.172,78.741,484,63.874,29.774,Normal,0,0
A006,2025-01-09 05:00:00,A006-BAT,Battery,82.105,3.349,70.609,53.166,1911.009,144.27,23.283,79.149,646,67.051,22.315,Normal,0,0
A006,2025-01-09 12:00:00,A006-BAT,Battery,78.118,2.93,74.629,53.607,1754.558,146.061,22.74,81.76,520,65.309,18.467,Normal,0,0
A006,2025-01-09 13:00:00,A006-BAT,Battery,75.313,2.804,71.845,51.868,1953.057,148.922,24.098,80.576,508,67.625,25.596,Normal,0,0
A006,2025-01-09 15:00:00,A006-BAT,Battery,74.799,3.189,73.767,50.491,1830.388,148.309,23.298,79.966,503,64.408,35.891,Normal,0,0
A006,2025-01-09 19:00:00,A006-BAT,Battery,75.957,2.907,72.188,55.476,1775.086,152.407,22.971,79.568,594,64.2,34.053,Normal,0,0
A006,2025-01-09 21:00:00,A006-BAT,Battery,81.557,3.132,74.585,54.409,1931.44,148.34,23.294,81.088,399,63.402,30.001,Normal,0,1
A006,2025-01-10 06:00:00,A006-BAT,Battery,77.191,3.093,73.466,49.753,1712.916,147.135,23.12,82.803,645,74.434,24.398,Normal,0,0
A006,2025-01-10 07:00:00,A006-BAT,Battery,77.399,3.414,73.128,55.869,1746.473,145.314,23.608,80.776,558,64.983,20.453,Normal,0,0
A006,2025-01-10 11:00:00,A006-BAT,Battery,77.446,2.463,71.619,51.309,1739.674,148.362,23.508,78.661,567,58.049,35.418,Normal,0,0
A006,2025-01-10 14:00:00,A006-BAT,Battery,79.959,3.687,73.55,57.131,1740.617,152.909,23.733,80.685,528,52.656,24.991,Normal,0,0
A006,2025-01-10 15:00:00,A006-BAT,Battery,78.854,3.099,77.048,53.863,1750.082,147.701,24.024,82.019,560,61.497,29.778,Normal,0,0
A006,2025-01-10 17:00:00,A006-BAT,Battery,76.661,3.474,74.508,54.796,1840.779,143.412,23.573,81.996,366,63.801,30.294,Normal,0,1
A006,2025-01-10 19:00:00,A006-BAT,Battery,78.892,2.88,76.243,51.53,1640.796,142.575,23.801,83.376,597,48.808,34.069,Normal,0,0
A006,2025-01-11 00:00:00,A006-BAT,Battery,75.297,3.083,71.41,48.949,1790.399,147.796,23.637,78.721,625,65.887,35.64,Normal,0,0
A006,2025-01-11 03:00:00,A006-BAT,Battery,75.48,3.517,71.235,55.712,1752.181,147.474,23.415,77.841,516,66.995,31.749,Normal,0,0
A006,2025-01-11 06:00:00,A006-BAT,Battery,80.488,2.883,73.124,54.031,1747.185,144.768,22.775,75.384,498,62.561,30.636,Normal,0,0
A006,2025-01-11 12:00:00,A006-BAT,Battery,80.261,3.497,76.283,52.793,1817.267,139.254,24.034,80.472,564,71.142,27.927,Normal,0,0
A006,2025-01-11 21:00:00,A006-BAT,Battery,81.704,3.075,68.888,48.475,1707.637,141.413,23.339,81.235,725,66.63,25.255,Normal,0,1
A006,2025-01-12 00:00:00,A006-BAT,Battery,74.968,3.597,73.04,50.89,1945.494,146.867,22.741,84.743,488,77.518,25.456,Normal,0,0
A006,2025-01-12 03:00:00,A006-BAT,Battery,76.669,2.344,71.34,49.566,1734.597,141.472,22.882,79.545,571,74.57,29.757,Normal,0,1
A006,2025-01-12 04:00:00,A006-BAT,Battery,79.011,3.839,74.091,51.43,1855.723,146.758,23.125,81.892,570,72.939,19.412,Normal,0,0
A006,2025-01-12 05:00:00,A006-BAT,Battery,76.98,2.456,77.146,52.608,1936.264,149.817,22.915,76.722,592,63.294,29.814,Normal,0,0
A006,2025-01-12 06:00:00,A006-BAT,Battery,80.27,3.634,72.107,53.861,1825.959,150.127,22.903,75.608,568,65.159,28.845,Normal,0,1
A006,2025-01-12 07:00:00,A006-BAT,Battery,79.569,3.326,67.141,49.46,1901.66,145.854,23.186,79.108,554,67.081,28.122,Normal,0,1
A006,2025-01-12 08:00:00,A006-BAT,Battery,84.816,3.174,74.808,52.567,1771.91,144.056,23.655,82.546,510,60.862,28.029,Normal,0,0
A006,2025-01-12 12:00:00,A006-BAT,Battery,83.227,3.32,70.881,56.863,1715.766,139.611,23.519,80.438,377,70.909,39.086,Warning,1,0
A006,2025-01-12 14:00:00,A006-BAT,Battery,80.542,3.973,73.667,51.353,1708.972,146.335,22.695,80.519,467,65.6,27.891,Normal,0,0
A006,2025-01-12 19:00:00,A006-BAT,Battery,74.919,3.638,75.956,53.755,1802.702,149.923,23.596,83.121,651,72.647,38.285,Normal,0,0
A006,2025-01-12 22:00:00,A006-BAT,Battery,78.793,3.451,68.113,56.213,1764.773,149.906,23.208,82.955,456,58.998,26.197,Normal,0,0
A006,2025-01-13 00:00:00,A006-BAT,Battery,76.965,3.457,71.244,50.443,1728.973,145.197,23.033,80.986,432,68.07,42.233,Normal,0,0
A006,2025-01-13 01:00:00,A006-BAT,Battery,79.302,2.654,74.401,49.951,1874.51,153.353,22.684,84.562,716,68.445,19.529,Normal,0,0
A006,2025-01-13 05:00:00,A006-BAT,Battery,81.637,2.925,72.358,56.381,1772.019,146.899,23.205,79.233,666,76.475,34.269,Normal,0,0
A006,2025-01-13 09:00:00,A006-BAT,Battery,80.801,3.662,71.718,54.566,1855.492,150.884,23.87,87.653,420,74.595,27.701,Warning,1,0
A006,2025-01-13 15:00:00,A006-BAT,Battery,78.89,3.063,72.73,51.219,1799.552,147.818,23.305,84.444,670,70.434,24.75,Normal,0,1
A006,2025-01-14 02:00:00,A006-BAT,Battery,90.234,6.67,64.723,54.48,1848.327,139.964,23.633,83.186,418,63.068,25.806,Warning,1,0
A006,2025-01-14 16:00:00,A006-BAT,Battery,83.566,3.39,71.643,52.769,1821.995,140.51,23.187,80.849,564,76.13,24.676,Warning,1,0
A006,2025-01-14 19:00:00,A006-BAT,Battery,79.887,3.153,75.02,52.629,2002.756,147.347,23.213,81.152,789,69.12,30.363,Normal,0,0
A006,2025-01-14 20:00:00,A006-BAT,Battery,82.786,3.053,72.343,53.616,1746.875,143.082,23.159,78.154,500,70.945,38.172,Warning,1,1
A006,2025-01-15 02:00:00,A006-BAT,Battery,98.48,6.281,67.508,52.25,1846.892,136.628,23.22,79.445,775,65.579,33.755,Warning,1,0
A006,2025-01-15 14:00:00,A006-BAT,Battery,82.27,3.594,66.207,49.521,1823.414,148.114,22.243,81.188,833,80.233,23.878,Warning,1,0
A006,2025-01-15 17:00:00,A006-BAT,Battery,83.432,3.125,63.11,49.7,1853.544,149.153,22.36,85.142,468,77.207,36.975,Warning,1,0
A006,2025-01-15 21:00:00,A006-BAT,Battery,83.548,3.797,69.133,49.645,1807.678,148.556,23.281,86.332,621,75.462,28.684,Warning,1,0
A006,2025-01-16 00:00:00,A006-BAT,Battery,83.545,3.82,67.484,49.132,1896.318,149.731,23.768,81.028,817,76.565,24.881,Warning,1,1
A006,2025-01-16 01:00:00,A006-BAT,Battery,80.896,3.642,73.134,54.548,1862.333,147.295,22.867,82.887,686,77.053,24.745,Warning,1,1
A006,2025-01-16 10:00:00,A006-BAT,Battery,82.307,3.963,74.458,48.754,1758.497,140.537,23.645,83.369,609,62.783,41.202,Warning,1,1
A006,2025-01-16 15:00:00,A006-BAT,Battery,85.683,4.208,68.503,52.72,1985.294,147.151,23.703,83.101,770,87.993,30.083,Warning,1,1
A006,2025-01-16 20:00:00,A006-BAT,Battery,79.828,3.369,68.933,51.106,1738.952,143.002,23.084,84.772,865,83.687,31.259,Warning,1,1
A006,2025-01-16 22:00:00,A006-BAT,Battery,81.84,3.56,74.928,52.039,1579.234,143.083,22.503,84.272,722,62.658,32.168,Warning,1,0
A006,2025-01-16 23:00:00,A006-BAT,Battery,83.025,3.665,70.053,52.087,1830.886,146.084,23.245,83.482,799,76.021,42.231,Warning,1,1
A006,2025-01-17 00:00:00,A006-BAT,Battery,80.088,3.467,70.328,53.187,1858.425,146.505,23.129,82.601,542,78.09,30.067,Warning,1,1
A006,2025-01-17 01:00:00,A006-BAT,Battery,80.238,3.832,71.818,51.853,1798.667,142.307,23.021,84.746,542,71.316,34.33,Warning,1,0
A006,2025-01-17 06:00:00,A006-BAT,Battery,82.83,3.906,68.413,49.145,1842.31,146.855,22.869,86.616,875,72.933,31.407,Warning,1,0
A006,2025-01-17 09:00:00,A006-BAT,Battery,86.935,3.85,73.487,49.33,1749.763,145.845,22.899,87.683,760,66.75,27.315,Warning,1,1
A006,2025-01-17 11:00:00,A006-BAT,Battery,82.64,3.767,70.813,53.749,1973.515,142.111,22.833,81.906,771,86.718,30.219,Warning,1,1
A007,2025-01-01 02:00:00,A007-BAT,Battery,67.633,2.022,77.393,53.322,1768.541,151.525,23.827,74.469,306,59.794,25.557,Normal,0,0
A007,2025-01-01 03:00:00,A007-BAT,Battery,73.115,2.667,75.222,56.197,1809.469,144.432,24.052,77.464,441,38.158,40.026,Normal,0,0
A007,2025-01-01 10:00:00,A007-BAT,Battery,72.889,2.504,76.925,54.202,1948.771,153.638,23.936,75.436,280,64.743,27.077,Normal,0,0
A007,2025-01-01 15:00:00,A007-BAT,Battery,71.275,2.067,82.178,58.324,1726.032,142.797,24.014,75.08,280,59.07,34.273,Normal,0,0
A007,2025-01-01 19:00:00,A007-BAT,Battery,75.308,2.57,76.826,54.935,1931.89,150.432,23.583,76.147,385,58.207,29.276,Normal,0,0
A007,2025-01-01 23:00:00,A007-BAT,Battery,74.88,2.977,74.852,51.116,1966.281,151.665,23.894,75.251,203,37.775,31.044,Normal,0,0
A007,2025-01-02 01:00:00,A007-BAT,Battery,77.685,2.472,79.127,55.084,1779.497,153.632,24.106,72.557,514,56.058,25.025,Normal,0,0
A007,2025-01-02 03:00:00,A007-BAT,Battery,74.811,2.538,77.942,56.42,1668.584,153.138,23.777,76.71,334,62.973,35.145,Normal,0,0
A007,2025-01-02 11:00:00,A007-BAT,Battery,72.272,2.537,78.04,54.186,1770.046,151.993,24.131,73.6,341,55.064,27.381,Normal,0,0
A007,2025-01-02 12:00:00,A007-BAT,Battery,90.652,5.736,66.717,54.691,1812.837,141.29,23.545,75.434,182,49.562,35.148,Warning,1,0
A007,2025-01-03 00:00:00,A007-BAT,Battery,71.273,1.764,80.903,54.194,1744.836,147.259,24.369,75.22,316,61.262,28.327,Normal,0,0
A007,2025-01-03 01:00:00,A007-BAT,Battery,72.474,2.603,76.56,55.523,1977.416,148.092,23.737,75.874,213,48.632,21.389,Normal,0,0
A007,2025-01-03 04:00:00,A007-BAT,Battery,75.508,1.846,77.114,55.507,1770.776,146.041,23.631,75.649,205,59.195,33.942,Normal,0,0
A007,2025-01-03 07:00:00,A007-BAT,Battery,70.564,2.593,72.97,53.219,1870.976,149.017,24.419,76.231,161,64.289,33.974,Normal,0,1
A007,2025-01-03 08:00:00,A007-BAT,Battery,73.051,2.442,76.567,51.681,1721.354,145.252,23.743,74.864,533,50.988,30.677,Normal,0,0
A007,2025-01-03 15:00:00,A007-BAT,Battery,78.686,2.766,79.742,53.694,1727.853,142.479,24.15,77.396,249,53.785,26.037,Normal,0,0
A007,2025-01-03 19:00:00,A007-BAT,Battery,79.53,2.948,73.346,57.76,1835.01,152.484,23.971,77.515,210,41.313,35.535,Normal,0,0
A007,2025-01-04 01:00:00,A007-BAT,Battery,73.274,2.602,78.668,52.296,1878.282,146.802,23.625,77.756,508,55.477,25.538,Normal,0,1
A007,2025-01-04 03:00:00,A007-BAT,Battery,71.564,2.907,73.623,52.985,1976.978,157.655,23.826,76.574,339,65.015,27.192,Normal,0,0
A007,2025-01-04 06:00:00,A007-BAT,Battery,73.738,3.087,80.326,54.542,1743.553,155.754,23.547,77.608,205,54.56,31.345,Normal,0,0
A007,2025-01-04 17:00:00,A007-BAT,Battery,79.513,2.906,79.999,54.988,1718.185,143.639,23.27,77.234,285,54.94,27.106,Normal,0,0
A007,2025-01-04 20:00:00,A007-BAT,Battery,76.03,2.902,75.223,49.998,1686.205,151.319,23.402,77.085,488,49.038,26.407,Normal,0,0
A007,2025-01-04 21:00:00,A007-BAT,Battery,73.656,2.888,71.874,54.415,1885.799,148.569,24.181,78.999,513,60.851,28.751,Normal,0,0
A007,2025-01-05 03:00:00,A007-BAT,Battery,71.286,2.446,74.977,53.223,1664.251,149.226,23.046,77.729,233,65.135,34.364,Normal,0,0
A007,2025-01-05 06:00:00,A007-BAT,Battery,75.278,2.419,78.865,52.845,1660.757,142.22,23.664,76.634,424,64.672,28.824,Normal,0,0
A007,2025-01-05 13:00:00,A007-BAT,Battery,81.23,2.741,78.963,56.243,1908.229,149.042,23.438,75.616,308,49.486,39.554,Normal,0,1
A007,2025-01-05 16:00:00,A007-BAT,Battery,75.167,2.511,76.123,55.278,1763.412,147.445,23.588,79.382,486,49.113,24.474,Normal,0,0
A007,2025-01-05 17:00:00,A007-BAT,Battery,73.42,3.174,78.694,54.98,1901.051,144.927,23.349,78.854,473,59.863,25.534,Normal,0,0
A007,2025-01-05 22:00:00,A007-BAT,Battery,74.294,2.687,72.51,55.816,1711.472,149.281,23.515,76.538,588,71.453,29.346,Normal,0,0
A007,2025-01-06 01:00:00,A007-BAT,Battery,76.057,2.577,79.063,55.588,1729.224,150.557,23.151,76.698,501,71.291,31.758,Normal,0,0
A007,2025-01-06 10:00:00,A007-BAT,Battery,76.241,2.763,76.581,54.948,1811.464,152.429,22.957,77.044,551,57.086,31.259,Normal,0,0
A007,2025-01-06 11:00:00,A007-BAT,Battery,77.649,2.968,71.006,53.427,1833.662,154.975,23.226,79.855,481,52.683,23.647,Normal,0,1
A007,2025-01-06 12:00:00,A007-BAT,Battery,75.876,3.088,74.76,54.231,1772.683,144.24,24.196,81.101,565,74.079,27.303,Normal,0,0
A007,2025-01-06 16:00:00,A007-BAT,Battery,79.362,2.761,82.44,50.639,1993.27,152.265,23.199,83.039,445,54.18,28.428,Normal,0,0
A007,2025-01-07 10:00:00,A007-BAT,Battery,74.268,2.577,73.166,55.829,1887.584,149.359,23.601,83.025,428,58.418,31.205,Normal,0,1
A007,2025-01-07 12:00:00,A007-BAT,Battery,74.962,3.216,73.112,53.063,1779.826,151.577,24.164,80.954,297,62.934,25.504,Normal,0,0
A007,2025-01-07 15:00:00,A007-BAT,Battery,75.012,3.176,76.76,51.747,1770.631,150.067,23.521,76.231,363,59.519,27.63,Normal,0,0
A007,2025-01-07 16:00:00,A007-BAT,Battery,76.981,2.431,74.325,57.296,1784.96,146.248,23.413,80.168,262,60.633,22.422,Normal,0,0
A007,2025-01-07 17:00:00,A007-BAT,Battery,76.076,2.932,74.19,52.238,1791.743,149.856,23.102,79.638,367,54.448,24.649,Normal,0,0
A007,2025-01-07 18:00:00,A007-BAT,Battery,76.403,3.031,76.975,57.681,1762.018,150.132,23.481,78.848,606,65.419,22.073,Normal,0,0
A007,2025-01-07 20:00:00,A007-BAT,Battery,75.899,2.826,78.059,50.167,1649.902,148.875,23.373,78.062,610,65.539,31.28,Normal,0,0
A007,2025-01-08 03:00:00,A007-BAT,Battery,76.761,3.005,72.193,51.812,1756.131,150.15,23.385,80.117,655,61.857,33.056,Normal,0,1
A007,2025-01-08 07:00:00,A007-BAT,Battery,78.198,3.073,72.559,56.334,1586.433,148.188,23.513,83.565,369,63.93,32.228,Normal,0,0
A007,2025-01-08 13:00:00,A007-BAT,Battery,78.016,2.636,73.319,53.114,1789.277,149.348,23.675,78.102,455,71.378,28.903,Normal,0,0
A007,2025-01-08 14:00:00,A007-BAT,Battery,80.247,3.264,76.662,54.254,2010.601,146.969,23.82,78.499,495,68.417,33.39,Normal,0,1
A007,2025-01-08 17:00:00,A007-BAT,Battery,77.846,2.895,73.118,56.08,1746.048,151.6,23.843,76.153,445,63.645,25.111,Normal,0,0
A007,2025-01-08 18:00:00,A007-BAT,Battery,78.941,2.75,74.104,50.984,1806.954,145.029,23.81,78.924,576,66.582,31.167,Normal,0,1
A007,2025-01-09 00:00:00,A007-BAT,Battery,78.349,2.969,76.641,50.061,1713.247,143.473,23.515,82.146,565,69.132,24.527,Normal,0,0
A007,2025-01-09 03:00:00,A007-BAT,Battery,80.644,3.55,73.913,51.821,1706.68,145.44,24.113,79.377,528,66.583,37.593,Normal,0,0
A007,2025-01-09 09:00:00,A007-BAT,Battery,76.542,3.255,73.021,50.62,1898.986,143.847,22.903,78.834,356,58.528,28.709,Normal,0,1
A007,2025-01-09 11:00:00,A007-BAT,Battery,82.703,3.95,74.267,54.203,1805.604,146.87,23.51,81.427,668,79.102,27.386,Warning,1,1
A007,2025-01-09 12:00:00,A007-BAT,Battery,84.823,3.568,75.213,55.286,1914.068,157.108,22.798,81.299,506,45.208,34.757,Normal,0,1
A007,2025-01-09 13:00:00,A007-BAT,Battery,78.817,3.279,73.04,52.22,1719.289,147.23,23.104,81.744,334,65.29,21.377,Normal,0,0
A007,2025-01-09 15:00:00,A007-BAT,Battery,78.623,3.838,74.773,57.566,1702.575,145.886,23.524,81.66,612,65.111,34.003,Normal,0,0
A007,2025-01-09 20:00:00,A007-BAT,Battery,79.582,2.643,73.626,56.089,1860.035,144.857,23.46,77.797,586,67.448,28.366,Normal,0,0
A007,2025-01-09 21:00:00,A007-BAT,Battery,76.128,2.858,71.775,56.001,1867.883,147.759,23.381,80.301,401,77.395,20.922,Normal,0,0
A007,2025-01-10 03:00:00,A007-BAT,Battery,78.297,3.547,73.892,53.322,1721.275,145.14,23.547,76.573,599,48.075,33.467,Normal,0,0
A007,2025-01-10 06:00:00,A007-BAT,Battery,78.141,2.877,72.74,50.796,1807.508,151.756,23.752,78.059,452,61.654,34.264,Normal,0,0
A007,2025-01-10 09:00:00,A007-BAT,Battery,77.498,3.324,70.321,53.108,1864.809,151.697,23.191,78.215,504,67.756,25.739,Normal,0,0
A007,2025-01-10 14:00:00,A007-BAT,Battery,76.056,2.868,71.023,53.166,1653.378,145.452,23.237,81.4,663,72.377,32.008,Normal,0,0
A007,2025-01-10 19:00:00,A007-BAT,Battery,78.416,3.533,75.153,56.745,1873.247,148.602,22.812,80.662,487,56.414,25.906,Normal,0,1
A007,2025-01-10 22:00:00,A007-BAT,Battery,80.773,4.157,70.514,53.397,1800.52,145.82,23.269,80.021,405,89.926,33.748,Warning,1,0
A007,2025-01-10 23:00:00,A007-BAT,Battery,80.017,3.265,71.892,50.768,1649.37,148.495,23.216,82.73,487,60.926,24.51,Normal,0,1
A007,2025-01-11 00:00:00,A007-BAT,Battery,79.986,3.99,74.387,54.019,1871.993,145.908,22.705,81.722,356,83.64,18.548,Warning,1,0
A007,2025-01-11 04:00:00,A007-BAT,Battery,81.866,3.119,71.577,50.063,1735.477,146.962,23.329,77.728,703,64.266,30.802,Normal,0,0
A007,2025-01-11 06:00:00,A007-BAT,Battery,77.835,3.7,72.013,54.348,1910.164,150.308,22.783,80.917,657,76.809,32.614,Warning,1,1
A007,2025-01-11 07:00:00,A007-BAT,Battery,80.286,2.86,74.342,52.912,1621.831,144.646,23.159,80.915,627,79.902,32.892,Normal,0,0
A007,2025-01-11 09:00:00,A007-BAT,Battery,80.719,3.814,72.349,52.055,1613.838,148.721,23.263,80.126,625,77.999,24.046,Warning,1,0
A007,2025-01-11 10:00:00,A007-BAT,Battery,81.579,3.532,74.925,54.13,1789.616,145.516,23.409,80.869,666,69.11,32.548,Normal,0,0
A007,2025-01-11 13:00:00,A007-BAT,Battery,78.881,4.037,70.65,52.806,1740.3,143.636,22.751,82.669,378,63.537,26.014,Normal,0,0
A007,2025-01-11 16:00:00,A007-BAT,Battery,85.585,3.29,65.873,51.455,1636.691,144.263,22.804,83.262,484,75.336,31.715,Warning,1,0
A007,2025-01-11 18:00:00,A007-BAT,Battery,77.14,3.527,70.081,52.655,1754.482,143.259,22.81,83.044,724,71.832,31.303,Normal,0,1
A007,2025-01-11 23:00:00,A007-BAT,Battery,78.943,3.024,68.94,54.972,1860.196,143.421,23.522,82.194,672,66.955,23.871,Normal,0,0
A007,2025-01-12 08:00:00,A007-BAT,Battery,80.906,3.397,70.412,57.952,1803.439,147.786,22.785,83.57,626,69.12,32.229,Warning,1,0
A007,2025-01-12 10:00:00,A007-BAT,Battery,82.971,3.988,71.275,50.034,1882.916,150.283,23.398,80.362,633,61.666,32.68,Warning,1,0
A007,2025-01-12 20:00:00,A007-BAT,Battery,83.576,3.53,70.747,52.45,1821.952,144.93,23.521,82.077,543,72.871,25.917,Warning,1,0
A007,2025-01-13 02:00:00,A007-BAT,Battery,80.597,3.268,72.647,53.761,1987.432,149.345,23.396,83.685,495,65.71,23.71,Normal,0,0
A007,2025-01-13 19:00:00,A007-BAT,Battery,78.282,3.575,73.279,54.335,1897.804,144.577,23.325,83.688,425,69.325,30.586,Warning,1,1
A007,2025-01-13 23:00:00,A007-BAT,Battery,82.07,3.512,70.061,52.202,1906.349,139.975,22.84,84.888,585,79.103,36.718,Warning,1,1
A007,2025-01-14 01:00:00,A007-BAT,Battery,79.248,3.734,70.221,50.219,1959.961,144.722,23.245,80.583,744,85.089,39.737,Warning,1,1
A007,2025-01-14 11:00:00,A007-BAT,Battery,83.044,3.47,67.947,53.501,1821.288,145.541,22.978,86.127,618,90.837,36.265,Warning,1,1
A007,2025-01-14 13:00:00,A007-BAT,Battery,84.678,4.077,69.168,53.282,1701.165,145.495,23.04,81.28,734,77.893,29.221,Warning,1,0
A007,2025-01-14 16:00:00,A007-BAT,Battery,86.873,4.259,68.348,52.5,1771.754,148.268,22.987,82.749,692,85.244,30.492,Warning,1,1
A007,2025-01-14 19:00:00,A007-BAT,Battery,84.125,3.806,72.634,53.95,1729.336,146.752,22.903,82.709,657,82.917,37.873,Warning,1,1
A007,2025-01-14 22:00:00,A007-BAT,Battery,83.843,3.512,71.913,50.629,1758.053,147.554,22.954,79.509,444,73.861,25.991,Warning,1,1
A007,2025-01-15 02:00:00,A007-BAT,Battery,78.322,3.631,69.095,51.237,1884.835,146.094,22.397,84.688,653,61.576,33.467,Warning,1,0
A007,2025-01-15 08:00:00,A007-BAT,Battery,86.095,3.774,70.878,51.962,1754.543,146.086,22.971,85.947,722,66.935,37.273,Warning,1,1
A007,2025-01-15 09:00:00,A007-BAT,Battery,84.457,3.39,71.331,52.964,1770.694,137.426,23.721,81.517,800,76.852,26.351,Warning,1,0
A007,2025-01-15 13:00:00,A007-BAT,Battery,85.282,2.883,70.063,51.933,1833.665,142.433,23.336,82.249,666,71.248,26.678,Warning,1,0
A007,2025-01-15 15:00:00,A007-BAT,Battery,85.694,3.929,71.404,51.323,1736.222,143.416,21.991,83.611,498,76.964,26.904,Warning,1,1
A007,2025-01-15 17:00:00,A007-BAT,Battery,85.767,3.282,67.551,52.584,1831.115,153.918,22.609,86.905,721,73.045,28.602,Warning,1,1
A007,2025-01-15 19:00:00,A007-BAT,Battery,82.713,4.076,70.988,52.736,1919.742,142.237,23.016,83.929,527,63.24,36.163,Warning,1,1
A007,2025-01-16 03:00:00,A007-BAT,Battery,101.542,5.488,56.188,53.758,2035.929,132.674,22.669,84.346,492,68.648,36.249,Warning,1,1
A007,2025-01-16 11:00:00,A007-BAT,Battery,81.619,4.013,71.272,51.461,1683.585,145.212,23.015,84.157,516,71.555,32.335,Warning,1,1
A007,2025-01-16 12:00:00,A007-BAT,Battery,90.72,3.929,66.69,51.255,1731.877,146.872,22.992,83.027,607,91.208,30.426,Warning,1,0
A007,2025-01-16 14:00:00,A007-BAT,Battery,86.581,3.874,72.758,49.612,1709.612,143.048,22.852,84.443,850,70.562,25.046,Warning,1,0
A007,2025-01-16 15:00:00,A007-BAT,Battery,83.806,3.993,70.215,55.774,1873.114,148.262,23.003,85.446,557,74.779,30.498,Warning,1,0
A007,2025-01-17 02:00:00,A007-BAT,Battery,84.404,4.051,67.932,53.705,1924.787,145.576,22.699,84.36,762,83.55,29.791,Warning,1,1
A007,2025-01-17 03:00:00,A007-BAT,Battery,96.522,4.936,60.523,51.961,1622.964,133.025,22.454,84.845,662,74.001,22.597,Warning,1,1
A007,2025-01-17 05:00:00,A007-BAT,Battery,84.989,3.302,67.366,52.497,1677.689,150.086,23.016,82.916,598,65.563,26.404,Warning,1,0
A007,2025-01-17 11:00:00,A007-BAT,Battery,81.943,3.837,66.043,50.44,1758.457,147.357,22.568,83.981,510,85.99,21.179,Warning,1,1
A008,2025-01-01 01:00:00,A008-BAT,Battery,74.307,2.727,78.469,51.462,1843.749,150.035,23.747,74.018,401,72.636,23.362,Normal,0,1
A008,2025-01-01 02:00:00,A008-BAT,Battery,73.224,2.711,76.687,54.824,1719.417,151.765,23.959,76.306,338,65.429,22.569,Normal,0,0
A008,2025-01-01 03:00:00,A008-BAT,Battery,75.629,3.349,75.651,54.171,1753.833,145.814,24.274,72.872,313,64.497,28.883,Normal,0,0
A008,2025-01-01 06:00:00,A008-BAT,Battery,76.829,2.01,75.145,56.556,1602.504,150.184,23.458,71.46,231,49.762,29.083,Normal,0,0
A008,2025-01-01 14:00:00,A008-BAT,Battery,69.981,2.806,78.676,53.663,1749.717,145.802,23.973,75.284,160,50.636,34.563,Normal,0,0
A008,2025-01-01 18:00:00,A008-BAT,Battery,73.604,2.77,73.227,57.804,1681.74,146.487,23.798,80.228,377,65.174,25.732,Normal,0,0
A008,2025-01-01 19:00:00,A008-BAT,Battery,76.614,2.78,75.742,51.752,1929.879,147.972,23.51,74.466,141,55.39,25.994,Normal,0,1
A008,2025-01-01 22:00:00,A008-BAT,Battery,71.169,2.985,78.84,51.254,1797.302,149.065,23.238,77.383,367,64.295,40.13,Normal,0,0
A008,2025-01-02 03:00:00,A008-BAT,Battery,75.875,3.197,72.278,53.043,1834.752,149.652,23.714,73.116,510,62.075,33.265,Normal,0,0
A008,2025-01-02 05:00:00,A008-BAT,Battery,74.774,2.801,77.007,57.267,1925.192,151.786,23.913,78.692,485,56.947,30.272,Normal,0,1
A008,2025-01-02 09:00:00,A008-BAT,Battery,78.63,2.842,73.214,53.633,1693.61,153.632,24.544,72.837,253,68.323,28.771,Normal,0,0
A008,2025-01-02 15:00:00,A008-BAT,Battery,73.118,2.683,72.054,50.928,1695.408,149.993,24.329,77.967,285,51.11,26.012,Normal,0,0
A008,2025-01-02 20:00:00,A008-BAT,Battery,81.797,3.062,74.119,57.15,1772.257,150.752,23.669,76.066,369,58.472,26.241,Normal,0,0
A008,2025-01-03 08:00:00,A008-BAT,Battery,77.105,2.809,74.504,52.211,1685.595,149.464,23.642,76.409,223,65.77,38.197,Normal,0,0
A008,2025-01-03 09:00:00,A008-BAT,Battery,77.739,3.271,76.355,52.969,1897.475,147.791,23.935,76.691,345,70.63,31.965,Normal,0,0
A008,2025-01-03 13:00:00,A008-BAT,Battery,76.108,2.901,75.189,54.659,1819.713,150.87,24.429,70.994,297,76.504,42.799,Normal,0,0
A008,2025-01-03 14:00:00,A008-BAT,Battery,78.461,3.508,75.385,50.469,1917.417,151.767,24.327,73.482,413,52.062,30.082,Normal,0,0
A008,2025-01-03 23:00:00,A008-BAT,Battery,78.645,2.728,70.887,54.729,1828.297,151.374,23.59,76.531,364,62.513,34.834,Normal,0,0
A008,2025-01-04 04:00:00,A008-BAT,Battery,73.425,3.265,72.104,53.39,1895.24,151.199,23.834,73.961,490,53.358,31.987,Normal,0,0
A008,2025-01-04 06:00:00,A008-BAT,Battery,79.006,2.603,79.721,52.491,1841.666,146.079,23.707,77.318,428,69.672,35.098,Normal,0,0
A008,2025-01-04 07:00:00,A008-BAT,Battery,78.297,2.866,76.581,54.639,1855.824,150.178,24.029,75.36,251,50.277,34.945,Normal,0,0
A008,2025-01-04 08:00:00,A008-BAT,Battery,72.632,2.771,74.3,50.929,1662.346,149.632,23.548,76.307,383,59.664,23.582,Normal,0,0
A008,2025-01-04 09:00:00,A008-BAT,Battery,75.481,2.921,76.125,54.204,1626.63,144.212,24.083,75.654,481,62.269,39.624,Normal,0,0
A008,2025-01-04 14:00:00,A008-BAT,Battery,77.802,2.962,77.758,53.346,1703.065,155.58,22.972,76.842,409,62.685,29.427,Normal,0,0
A008,2025-01-04 23:00:00,A008-BAT,Battery,78.809,2.499,73.262,52.128,1670.263,153.635,23.285,75.905,244,57.039,35.698,Normal,0,0
A008,2025-01-05 00:00:00,A008-BAT,Battery,80.559,2.771,71.888,52.883,1740.392,148.437,23.418,77.863,239,43.039,31.141,Normal,0,0
A008,2025-01-05 07:00:00,A008-BAT,Battery,78.349,3.226,75.61,52.917,1870.181,154.739,22.896,77.678,581,49.901,25.699,Normal,0,1
A008,2025-01-05 09:00:00,A008-BAT,Battery,94.254,5.907,68.656,54.908,1737.936,142.304,23.225,76.834,481,72.163,34.904,Warning,1,1
A008,2025-01-05 10:00:00,A008-BAT,Battery,75.997,2.603,70.112,51.324,1639.301,144.472,23.498,80.675,447,61.04,22.418,Normal,0,1
A008,2025-01-05 18:00:00,A008-BAT,Battery,73.502,3.219,72.147,52.745,1711.861,149.853,23.809,74.4,455,74.244,24.069,Normal,0,0
A008,2025-01-05 20:00:00,A008-BAT,Battery,83.971,2.883,71.91,55.218,1782.256,147.862,23.874,83.331,287,75.601,39.346,Normal,0,0
A008,2025-01-05 21:00:00,A008-BAT,Battery,82.006,3.603,74.865,52.637,1756.456,146.926,23.916,78.733,565,76.587,38.054,Normal,0,0
A008,2025-01-05 23:00:00,A008-BAT,Battery,78.263,2.777,78.333,49.263,1800.928,145.438,24.197,78.407,472,85.796,30.18,Normal,0,0
A008,2025-01-06 00:00:00,A008-BAT,Battery,75.818,2.992,76.365,56.207,1745.133,146.684,23.025,73.889,618,71.524,34.37,Normal,0,0
A008,2025-01-06 07:00:00,A008-BAT,Battery,90.105,7.001,60.113,54.512,1926.091,144.209,23.166,74.859,281,69.392,35.839,Warning,1,1
A008,2025-01-06 09:00:00,A008-BAT,Battery,78.019,3.042,73.197,53.775,1681.772,155.107,23.946,77.449,426,51.892,17.719,Normal,0,0
A008,2025-01-06 10:00:00,A008-BAT,Battery,75.833,3.069,72.454,54.508,1808.088,144.686,23.284,78.087,393,52.005,25.885,Normal,0,0
A008,2025-01-06 12:00:00,A008-BAT,Battery,82.28,2.685,74.061,50.855,1917.131,154.125,23.946,77.451,419,70.518,27.239,Normal,0,1
A008,2025-01-06 17:00:00,A008-BAT,Battery,76.64,3.145,73.783,54.069,1775.494,148.644,24.138,80.04,546,65.879,25.68,Normal,0,1
A008,2025-01-06 19:00:00,A008-BAT,Battery,78.56,3.521,73.817,56.556,1755.132,149.561,23.71,80.778,558,60.758,33.944,Normal,0,1
A008,2025-01-06 23:00:00,A008-BAT,Battery,82.384,2.794,72.666,51.878,1911.753,149.892,23.986,75.768,318,62.032,21.08,Normal,0,1
A008,2025-01-07 01:00:00,A008-BAT,Battery,78.944,3.11,70.449,53.297,1768.693,148.364,23.478,78.956,629,66.588,34.098,Normal,0,0
A008,2025-01-07 03:00:00,A008-BAT,Battery,79.487,3.596,72.589,54.796,1899.397,153.043,23.341,76.948,392,75.531,32.271,Normal,0,0
A008,2025-01-07 05:00:00,A008-BAT,Battery,77.887,2.847,75.437,55.905,1873.665,147.893,23.816,77.077,515,68.968,29.728,Normal,0,0
A008,2025-01-07 06:00:00,A008-BAT,Battery,82.851,2.849,74.139,50.901,1807.548,139.342,23.448,77.774,292,76.543,38.342,Normal,0,0
A008,2025-01-07 09:00:00,A008-BAT,Battery,73.757,3.191,72.771,51.856,1830.923,151.233,23.699,82.384,360,64.01,32.493,Normal,0,1
A008,2025-01-07 11:00:00,A008-BAT,Battery,79.733,3.233,70.323,54.143,1793.911,137.901,23.923,80.897,579,65.699,31.763,Normal,0,1
A008,2025-01-07 15:00:00,A008-BAT,Battery,81.491,3.422,74.141,56.075,1772.093,152.438,23.468,76.174,638,65.218,26.386,Normal,0,0
A008,2025-01-07 22:00:00,A008-BAT,Battery,82.807,3.191,73.477,49.462,1657.814,149.925,23.73,78.375,524,63.438,28.222,Normal,0,1
A008,2025-01-08 00:00:00,A008-BAT,Battery,82.955,3.993,72.929,52.915,1680.37,142.308,24.003,76.263,574,64.892,30.777,Normal,0,1
A008,2025-01-08 02:00:00,A008-BAT,Battery,82.354,2.701,69.156,53.585,1591.076,147.028,23.786,80.043,573,69.171,28.836,Normal,0,1
A008,2025-01-08 03:00:00,A008-BAT,Battery,75.558,3.842,70.431,54.833,1807.233,143.248,23.939,81.438,332,56.037,29.632,Normal,0,1
A008,2025-01-08 04:00:00,A008-BAT,Battery,77.381,2.874,69.646,51.084,1788.985,144.281,23.874,79.661,570,75.019,21.559,Normal,0,0
A008,2025-01-08 07:00:00,A008-BAT,Battery,76.238,3.2,73.718,48.092,1878.798,146.978,23.075,78.639,658,62.923,23.874,Normal,0,0
A008,2025-01-08 18:00:00,A008-BAT,Battery,80.407,4.044,71.379,55.983,1679.883,142.952,24.032,78.786,287,60.2,29.761,Normal,0,1
A008,2025-01-09 14:00:00,A008-BAT,Battery,75.602,3.143,67.636,53.998,1750.505,149.126,23.536,81.53,430,63.344,32.578,Normal,0,0
A008,2025-01-09 20:00:00,A008-BAT,Battery,87.41,3.151,74.633,55.065,1718.139,149.748,23.19,80.85,410,72.347,28.253,Warning,1,0
A008,2025-01-10 00:00:00,A008-BAT,Battery,98.325,7.467,69.96,56.253,1787.583,144.936,23.351,79.308,409,69.132,30.737,Warning,1,1
A008,2025-01-10 01:00:00,A008-BAT,Battery,81.889,2.967,69.203,52.978,1886.655,145.06,22.922,83.322,697,65.597,24.361,Normal,0,1
A008,2025-01-10 04:00:00,A008-BAT,Battery,80.459,2.956,69.16,50.497,1788.57,143.836,23.693,80.839,666,84.503,27.726,Warning,1,1
A008,2025-01-10 05:00:00,A008-BAT,Battery,86.957,2.878,69.893,50.012,1634.555,138.969,23.553,77.867,521,69.689,34.46,Warning,1,0
A008,2025-01-10 13:00:00,A008-BAT,Battery,75.031,3.164,67.984,49.205,1858.43,146.615,23.096,82.067,377,59.073,23.282,Normal,0,1
A008,2025-01-10 16:00:00,A008-BAT,Battery,90.103,6.51,54.372,51.854,1876.823,135.264,23.102,79.704,337,70.087,30.511,Warning,1,1
A008,2025-01-10 17:00:00,A008-BAT,Battery,81.59,4.2,74.929,52.736,1726.457,143.929,23.198,83.428,714,75.796,32.59,Warning,1,0
A008,2025-01-11 00:00:00,A008-BAT,Battery,79.255,3.148,71.727,53.507,1599.79,141.792,23.369,80.856,611,69.707,33.028,Warning,1,0
A008,2025-01-11 04:00:00,A008-BAT,Battery,80.374,2.879,75.065,52.948,1818.134,148.259,22.773,76.658,735,88.359,21.911,Warning,1,1
A008,2025-01-11 07:00:00,A008-BAT,Battery,94.066,6.134,64.224,53.568,1810.591,131.761,23.317,80.464,650,77.385,34.502,Warning,1,1
A008,2025-01-11 09:00:00,A008-BAT,Battery,83.256,3.348,71.212,49.445,1838.197,147.178,23.704,82.627,544,67.692,21.546,Warning,1,1
A008,2025-01-11 12:00:00,A008-BAT,Battery,83.858,3.827,72.222,52.969,1691.671,141.171,23.704,81.234,482,77.481,31.054,Warning,1,1
A008,2025-01-11 13:00:00,A008-BAT,Battery,79.976,4.051,68.791,53.581,1693.531,146.171,23.01,81.373,367,79.61,30.38,Warning,1,0
A008,2025-01-11 16:00:00,A008-BAT,Battery,84.9,4.008,66.596,53.876,1858.108,150.955,23.412,84.504,617,59.292,32.792,Warning,1,0
A008,2025-01-11 18:00:00,A008-BAT,Battery,80.013,3.677,72.966,53.617,1678.273,150.234,23.014,81.851,536,66.087,33.973,Warning,1,0
A008,2025-01-11 19:00:00,A008-BAT,Battery,80.872,3.804,67.829,56.654,1816.706,144.497,23.083,81.51,439,82.069,25.527,Warning,1,0
A008,2025-01-11 22:00:00,A008-BAT,Battery,80.87,3.34,67.3,52.581,1870.951,147.673,23.222,79.439,436,94.924,25.873,Warning,1,0
A008,2025-01-11 23:00:00,A008-BAT,Battery,80.177,3.958,67.086,56.512,1825.401,145.699,22.715,79.271,436,73.935,39.464,Warning,1,1
A008,2025-01-12 04:00:00,A008-BAT,Battery,84.945,4.233,70.397,53.786,1766.774,147.289,23.271,77.545,475,73.519,34.449,Warning,1,0
A008,2025-01-12 08:00:00,A008-BAT,Battery,83.007,3.962,68.927,51.937,1871.45,153.441,23.513,82.259,648,72.969,29.862,Warning,1,1
A008,2025-01-12 09:00:00,A008-BAT,Battery,82.594,3.494,68.44,52.889,1688.883,142.953,23.717,79.753,577,68.565,31.457,Warning,1,0
A008,2025-01-12 12:00:00,A008-BAT,Battery,83.881,4.239,71.839,55.616,1921.424,141.664,23.424,80.636,553,66.305,28.572,Warning,1,0
A008,2025-01-12 15:00:00,A008-BAT,Battery,85.094,3.643,68.132,53.799,1847.577,145.393,23.623,83.866,600,79.87,24.45,Warning,1,0
A008,2025-01-12 19:00:00,A008-BAT,Battery,84.847,3.749,65.019,51.927,1937.698,145.821,22.965,79.085,705,71.059,24.181,Warning,1,1
A008,2025-01-12 21:00:00,A008-BAT,Battery,87.879,3.819,64.921,53.731,1824.015,149.468,22.892,82.781,692,73.563,26.643,Warning,1,1
A008,2025-01-12 22:00:00,A008-BAT,Battery,99.14,7.902,57.064,55.644,1730.052,143.117,23.234,82.423,598,81.872,19.3,Warning,1,1
A008,2025-01-13 06:00:00,A008-BAT,Battery,82.2,3.351,69.016,54.257,1930.972,140.945,23.334,86.281,541,90.935,12.733,Warning,1,1
A008,2025-01-13 08:00:00,A008-BAT,Battery,81.673,3.194,70.364,54.515,1726.945,143.692,23.046,80.577,720,84.285,25.557,Warning,1,1
A008,2025-01-13 09:00:00,A008-BAT,Battery,82.637,4.5,70.64,55.089,1770.815,142.517,23.097,81.067,433,60.489,35.068,Warning,1,1
A008,2025-01-13 12:00:00,A008-BAT,Battery,86.343,4.163,69.964,51.907,1811.073,145.839,23.224,84.541,729,80.413,30.924,Warning,1,1
A008,2025-01-13 14:00:00,A008-BAT,Battery,82.399,4.666,67.253,52.414,1767.178,141.208,22.636,83.687,536,82.459,27.202,Warning,1,0
A008,2025-01-13 18:00:00,A008-BAT,Battery,81.195,3.741,68.733,56.364,1889.289,145.639,22.934,83.88,426,92.578,33.983,Warning,1,0
A008,2025-01-13 22:00:00,A008-BAT,Battery,95.77,7.355,54.441,53.453,1839.204,136.636,23.242,84.236,644,85.442,28.349,Warning,1,1
A008,2025-01-13 23:00:00,A008-BAT,Battery,88.203,3.719,71.173,50.416,1996.489,141.338,23.793,82.503,542,59.476,36.76,Warning,1,1
A008,2025-01-14 03:00:00,A008-BAT,Battery,88.363,3.53,69.495,54.08,1863.938,143.471,22.842,81.957,653,91.23,25.108,Warning,1,1
A008,2025-01-14 06:00:00,A008-BAT,Battery,82.608,4.195,68.25,51.334,1836.957,144.825,23.494,83.885,427,71.566,24.276,Warning,1,1
A008,2025-01-14 07:00:00,A008-BAT,Battery,85.771,3.428,66.607,52.231,1953.099,140.85,22.823,84.778,460,90.593,32.187,Warning,1,1
A008,2025-01-14 23:00:00,A008-BAT,Battery,85.673,3.888,68.846,53.399,1872.808,147.805,23.506,83.424,540,68.075,35.441,Warning,1,1
A008,2025-01-15 00:00:00,A008-BAT,Battery,86.166,4.079,65.778,53.821,1968.689,147.094,22.902,80.061,460,95.324,27.415,Warning,1,0
A008,2025-01-15 01:00:00,A008-BAT,Battery,87.505,3.717,68.709,52.473,1887.89,148.159,23.084,85.255,740,68.08,32.104,Warning,1,0
A008,2025-01-15 14:00:00,A008-BAT,Battery,86.641,4.196,69.744,52.65,1785.657,150.43,22.409,82.416,585,83.08,37.639,Warning,1,1
A008,2025-01-15 23:00:00,A008-BAT,Battery,83.092,3.979,64.735,50.541,1870.031,149.101,22.036,82.802,739,90.551,31.93,Warning,1,1
A008,2025-01-16 04:00:00,A008-BAT,Battery,83.701,3.83,70.966,48.737,1866.399,146.819,22.883,83.204,589,84.556,27.8,Warning,1,1
A008,2025-01-16 07:00:00,A008-BAT,Battery,84.692,4.039,66.268,53.302,1789.693,143.717,22.914,86.585,700,63.649,36.498,Warning,1,1
A008,2025-01-16 08:00:00,A008-BAT,Battery,96.026,7.135,64.928,52.559,1627.408,133.085,23.081,81.231,544,82.357,33.102,Warning,1,1
A008,2025-01-16 17:00:00,A008-BAT,Battery,98.041,7.796,55.413,54.352,1807.302,131.626,23.294,80.583,669,86.521,29.179,Warning,1,1
A008,2025-01-16 20:00:00,A008-BAT,Battery,83.515,4.361,65.998,53.861,1882.047,144.188,22.653,84.519,638,81.312,33.135,Warning,1,1
A008,2025-01-17 00:00:00,A008-BAT,Battery,101.4,7.74,65.373,54.132,1887.296,127.106,22.547,81.855,717,70.396,37.627,Warning,1,1
A008,2025-01-17 01:00:00,A008-BAT,Battery,83.904,3.551,66.173,50.677,1734.752,138.787,22.893,83.951,507,69.642,30.531,Warning,1,1
A008,2025-01-17 07:00:00,A008-BAT,Battery,88.528,3.911,68.843,53.312,1777.962,148.752,22.777,85.452,608,80.159,20.659,Warning,1,1
A008,2025-01-17 08:00:00,A008-BAT,Battery,82.654,4.588,67.408,52.872,1675.808,143.865,22.591,89.006,517,76.9,35.767,Warning,1,1
A008,2025-01-17 10:00:00,A008-BAT,Battery,85.852,3.652,66.152,51.365,1857.007,142.25,22.455,86.365,720,79.159,25.805,Warning,1,1
A008,2025-01-17 12:00:00,A008-BAT,Battery,85.206,4.269,70.456,55.63,1776.795,152.94,22.971,86.528,840,74.141,32.267,Warning,1,1
A008,2025-01-17 15:00:00,A008-BAT,Battery,85.761,3.647,66.395,55.141,1743.057,141.817,22.785,86.798,792,80.415,30.638,Warning,1,1
A009,2025-01-01 07:00:00,A009-BAT,Battery,71.669,2.356,72.539,56.994,1854.498,155.231,24.533,74.326,314,50.603,21.023,Normal,0,0
A009,2025-01-01 13:00:00,A009-BAT,Battery,74.655,2.637,76.304,53.241,1713.723,143.261,23.704,79.604,223,44.72,24.117,Normal,0,0
A009,2025-01-01 18:00:00,A009-BAT,Battery,71.603,2.283,73.246,56.711,1852.953,148.845,24.894,75.417,314,57.458,26.572,Normal,0,0
A009,2025-01-02 01:00:00,A009-BAT,Battery,72.447,2.633,73.059,54.296,1932.799,158.21,23.851,76.489,282,60.555,21.395,Normal,0,0
A009,2025-01-02 02:00:00,A009-BAT,Battery,79.262,3.049,75.973,54.612,1768.287,153.914,23.997,75.775,222,48.653,33.005,Normal,0,0
A009,2025-01-02 09:00:00,A009-BAT,Battery,74.28,2.971,73.081,56.495,1817.126,154.888,24.115,75.499,309,59.77,31.338,Normal,0,0
A009,2025-01-02 12:00:00,A009-BAT,Battery,79.716,2.199,79.263,53.548,1776.391,150.681,24.434,76.462,449,61.404,34.267,Normal,0,0
A009,2025-01-02 17:00:00,A009-BAT,Battery,75.221,2.404,88.08,55.903,1919.777,148.489,24.017,77.836,266,49.835,26.637,Normal,0,0
A009,2025-01-02 19:00:00,A009-BAT,Battery,76.34,2.773,77.364,52.308,1619.265,157.836,23.855,77.143,467,36.128,37.724,Normal,0,0
A009,2025-01-02 20:00:00,A009-BAT,Battery,73.554,2.837,72.342,55.648,1894.106,150.747,23.32,74.027,332,57.614,28.752,Normal,0,0
A009,2025-01-02 21:00:00,A009-BAT,Battery,76.982,2.967,76.788,55.522,1774.43,147.009,23.509,79.211,148,58.503,21.697,Normal,0,1
A009,2025-01-02 23:00:00,A009-BAT,Battery,72.754,2.602,78.482,57.237,1814.938,152.013,23.786,74.429,309,46.787,31.615,Normal,0,0
A009,2025-01-03 01:00:00,A009-BAT,Battery,73.915,1.731,76.72,55.055,1873.246,149.497,24.254,75.124,169,58.592,31.203,Normal,0,1
A009,2025-01-03 03:00:00,A009-BAT,Battery,74.595,2.077,75.044,55.983,1761.223,144.237,23.679,75.045,370,57.013,27.412,Normal,0,0
A009,2025-01-03 06:00:00,A009-BAT,Battery,73.911,2.822,78.781,56.281,1569.441,160.528,23.694,78.806,446,63.597,30.027,Normal,0,0
A009,2025-01-03 10:00:00,A009-BAT,Battery,78.543,2.541,74.963,53.703,1811.83,149.001,24.148,75.209,293,69.673,38.023,Normal,0,0
A009,2025-01-03 12:00:00,A009-BAT,Battery,78.438,3.171,77.355,53.278,1789.253,148.767,24.552,76.48,346,58.138,24.26,Normal,0,0
A009,2025-01-03 13:00:00,A009-BAT,Battery,71.888,2.575,70.509,57.346,1809.577,150.479,23.436,78.848,289,71.691,30.335,Normal,0,0
A009,2025-01-03 14:00:00,A009-BAT,Battery,77.654,3.044,77.552,53.15,1882.072,147.41,22.936,75.624,377,55.298,31.205,Normal,0,0
A009,2025-01-03 22:00:00,A009-BAT,Battery,74.005,3.308,77.334,53.544,1927.606,153.72,23.961,74.763,493,66.63,30.33,Normal,0,0
A009,2025-01-04 03:00:00,A009-BAT,Battery,77.21,3.004,76.52,54.077,1734.545,143.182,23.744,75.801,436,59.594,19.647,Normal,0,0
A009,2025-01-04 04:00:00,A009-BAT,Battery,77.173,2.291,74.387,52.768,1719.51,149.391,23.782,77.993,525,51.788,25.578,Normal,0,0
A009,2025-01-04 06:00:00,A009-BAT,Battery,74.522,2.792,76.479,54.347,1751.189,147.73,24.193,79.061,420,63.656,30.743,Normal,0,0
A009,2025-01-04 08:00:00,A009-BAT,Battery,75.47,3.152,72.647,52.468,1766.951,148.865,23.037,79.134,217,62.775,33.991,Normal,0,0
A009,2025-01-04 10:00:00,A009-BAT,Battery,76.287,2.266,76.306,53.855,1698.65,152.803,24.082,74.754,363,63.327,31.016,Normal,0,0
A009,2025-01-04 11:00:00,A009-BAT,Battery,78.454,3.033,69.902,50.091,1632.86,143.53,23.487,76.17,352,60.517,29.831,Normal,0,0
A009,2025-01-04 15:00:00,A009-BAT,Battery,77.546,2.988,75.911,51.569,1755.159,144.752,23.874,75.125,271,61.947,29.177,Normal,0,0
A009,2025-01-04 17:00:00,A009-BAT,Battery,75.687,2.833,73.588,55.725,1752.714,152.377,24.105,78.452,302,59.623,23.008,Normal,0,0
A009,2025-01-05 05:00:00,A009-BAT,Battery,75.903,3.301,70.689,56.35,1961.498,141.861,23.703,78.524,441,69.151,19.177,Normal,0,0
A009,2025-01-05 06:00:00,A009-BAT,Battery,81.851,2.886,75.467,53.994,1821.71,150.936,24.007,75.996,458,63.45,30.94,Normal,0,1
A009,2025-01-05 11:00:00,A009-BAT,Battery,91.07,6.778,68.93,51.981,1691.665,144.699,23.377,79.594,389,73.569,31.051,Warning,1,0
A009,2025-01-05 13:00:00,A009-BAT,Battery,78.331,3.061,75.97,51.99,1810.92,146.793,23.803,73.834,311,59.525,32.712,Normal,0,1
A009,2025-01-05 16:00:00,A009-BAT,Battery,80.01,2.775,72.273,56.759,1862.224,152.895,23.774,77.29,535,52.119,30.684,Normal,0,0
A009,2025-01-05 19:00:00,A009-BAT,Battery,77.42,2.672,75.778,52.163,1846.248,152.101,23.616,74.346,523,57.148,33.424,Normal,0,0
A009,2025-01-05 20:00:00,A009-BAT,Battery,73.429,3.046,73.669,58.851,1751.509,152.745,24.005,77.51,459,64.055,30.002,Normal,0,0
A009,2025-01-05 22:00:00,A009-BAT,Battery,80.021,3.264,74.014,57.916,1796.87,154.18,24.073,80.251,591,65.799,30.584,Normal,0,0
A009,2025-01-06 04:00:00,A009-BAT,Battery,77.587,3.527,72.869,54.425,1830.714,137.22,23.504,78.273,504,44.752,33.371,Normal,0,1
A009,2025-01-06 08:00:00,A009-BAT,Battery,79.147,2.997,71.529,52.254,1782.924,146.933,23.421,80.631,516,71.224,36.335,Normal,0,1
A009,2025-01-06 14:00:00,A009-BAT,Battery,76.693,2.791,71.836,53.408,1882.294,154.434,24.061,75.229,286,56.715,33.287,Normal,0,0
A009,2025-01-06 16:00:00,A009-BAT,Battery,76.958,2.429,69.726,52.27,1750.883,148.455,23.229,78.699,425,73.44,31.369,Normal,0,1
A009,2025-01-06 19:00:00,A009-BAT,Battery,73.046,3.558,69.241,53.178,1701.395,145.367,24.361,78.272,486,67.421,33.952,Normal,0,0
A009,2025-01-06 22:00:00,A009-BAT,Battery,82.088,2.98,73.901,53.245,1795.205,152.551,23.426,73.241,282,64.466,30.315,Normal,0,0
A009,2025-01-07 00:00:00,A009-BAT,Battery,72.881,3.16,71.194,52.634,1761.791,143.988,23.139,78.6,407,49.606,27.471,Normal,0,0
A009,2025-01-07 06:00:00,A009-BAT,Battery,86.479,7.056,61.565,54.415,1768.18,125.637,23.757,78.647,549,63.59,33.686,Warning,1,1
A009,2025-01-07 11:00:00,A009-BAT,Battery,75.707,3.013,72.441,56.353,1766.362,144.893,23.498,79.084,566,75.113,28.102,Normal,0,0
A009,2025-01-07 13:00:00,A009-BAT,Battery,80.955,2.932,70.318,53.026,1702.509,146.204,23.19,78.271,562,63.146,30.736,Normal,0,1
A009,2025-01-07 14:00:00,A009-BAT,Battery,79.366,2.981,71.007,50.881,1661.358,152.215,23.855,77.781,393,76.659,33.084,Normal,0,0
A009,2025-01-07 15:00:00,A009-BAT,Battery,78.772,3.091,72.934,50.592,1727.934,155.213,23.233,75.274,579,73.023,31.243,Normal,0,1
A009,2025-01-07 16:00:00,A009-BAT,Battery,82.242,2.996,74.764,56.037,1748.001,154.038,23.91,76.516,269,78.614,24.052,Normal,0,0
A009,2025-01-07 19:00:00,A009-BAT,Battery,76.514,3.137,76.617,50.756,1802.675,142.957,23.316,80.935,569,59.255,28.683,Normal,0,0
A009,2025-01-08 01:00:00,A009-BAT,Battery,76.057,3.342,69.296,53.46,1784.199,150.846,23.839,79.266,661,64.625,13.824,Normal,0,1
A009,2025-01-08 13:00:00,A009-BAT,Battery,83.177,3.104,74.616,53.568,1794.135,150.433,23.997,80.135,637,63.256,37.4,Normal,0,1
A009,2025-01-08 16:00:00,A009-BAT,Battery,76.538,3.045,73.471,53.136,1822.784,143.604,23.446,82.39,298,70.013,31.975,Normal,0,1
A009,2025-01-08 18:00:00,A009-BAT,Battery,78.01,3.069,76.868,52.644,1902.759,145.948,23.251,80.429,401,57.089,33.323,Normal,0,0
A009,2025-01-08 21:00:00,A009-BAT,Battery,94.266,6.031,59.748,54.871,1758.303,136.695,23.622,82.206,447,75.978,34.687,Warning,1,1
A009,2025-01-09 02:00:00,A009-BAT,Battery,80.895,3.41,75.071,54.287,1763.636,145.471,23.571,76.79,332,42.558,31.951,Normal,0,1
A009,2025-01-09 12:00:00,A009-BAT,Battery,83.322,3.261,76.498,52.262,1787.417,147.809,23.062,76.859,444,49.423,44.764,Normal,0,0
A009,2025-01-09 13:00:00,A009-BAT,Battery,76.208,2.784,65.096,54.048,1703.695,150.011,23.358,80.296,653,65.039,28.621,Normal,0,0
A009,2025-01-09 15:00:00,A009-BAT,Battery,76.412,3.421,70.346,51.03,1691.575,150.698,24.304,78.564,691,70.518,31.552,Normal,0,0
A009,2025-01-09 21:00:00,A009-BAT,Battery,79.893,3.917,73.39,55.786,1779.785,141.268,23.558,82.279,551,64.711,28.983,Normal,0,0
A009,2025-01-09 22:00:00,A009-BAT,Battery,81.331,3.499,72.14,56.04,1821.687,148.099,23.471,79.184,566,77.16,25.418,Warning,1,1
A009,2025-01-09 23:00:00,A009-BAT,Battery,76.712,3.02,76.625,52.169,1691.959,148.778,22.402,78.466,561,80.604,25.223,Normal,0,0
A009,2025-01-10 02:00:00,A009-BAT,Battery,79.625,4.021,71.141,54.468,1863.217,148.665,23.309,82.125,406,64.44,35.568,Warning,1,1
A009,2025-01-10 03:00:00,A009-BAT,Battery,81.561,3.369,74.759,54.5,1510.512,143.992,23.402,81.034,664,75.199,37.744,Warning,1,0
A009,2025-01-10 04:00:00,A009-BAT,Battery,83.258,3.443,72.491,52.362,1885.43,145.837,23.547,81.357,669,70.038,32.42,Warning,1,0
A009,2025-01-10 11:00:00,A009-BAT,Battery,85.195,3.322,67.8,54.211,1834.396,146.467,24.142,81.095,586,78.16,31.615,Warning,1,0
A009,2025-01-10 15:00:00,A009-BAT,Battery,80.127,2.949,71.92,49.046,1752.399,148.086,23.611,80.472,665,65.428,26.56,Normal,0,0
A009,2025-01-10 18:00:00,A009-BAT,Battery,76.847,2.907,76.91,51.59,1805.866,148.913,23.291,80.541,589,69.067,32.4,Normal,0,0
A009,2025-01-10 21:00:00,A009-BAT,Battery,83.067,3.623,74.163,54.104,1777.106,147.574,23.248,81.608,467,71.302,28.427,Warning,1,0
A009,2025-01-11 02:00:00,A009-BAT,Battery,81.397,3.916,74.081,52.56,1773.238,150.841,23.54,83.025,614,70.871,30.713,Warning,1,1
A009,2025-01-11 04:00:00,A009-BAT,Battery,78.513,3.558,68.469,53.082,1687.411,155.151,23.569,81.593,569,63.463,28.622,Normal,0,1
A009,2025-01-11 08:00:00,A009-BAT,Battery,83.689,3.793,74.427,49.057,1780.329,151.933,23.254,82.685,695,82.94,33.518,Warning,1,0
A009,2025-01-11 12:00:00,A009-BAT,Battery,82.179,3.797,72.042,51.537,1724.607,149.778,23.649,81.417,443,61.952,30.606,Warning,1,1
A009,2025-01-11 17:00:00,A009-BAT,Battery,76.809,3.46,70.795,51.518,1822.208,155.049,23.787,81.595,406,72.873,33.509,Warning,1,1
A009,2025-01-11 18:00:00,A009-BAT,Battery,94.797,5.312,66.51,48.635,1828.067,118.749,23.335,79.587,688,82.579,30.682,Warning,1,1
A009,2025-01-11 19:00:00,A009-BAT,Battery,80.454,3.512,68.49,52.144,1746.76,145.954,23.155,82.451,691,72.292,32.01,Warning,1,1
A009,2025-01-11 23:00:00,A009-BAT,Battery,82.938,2.778,69.354,52.87,1840.099,147.668,23.194,84.49,421,88.411,30.035,Warning,1,1
A009,2025-01-12 02:00:00,A009-BAT,Battery,100.117,6.081,53.679,51.646,1785.904,126.392,23.507,80.456,588,78.198,32.423,Warning,1,1
A009,2025-01-12 06:00:00,A009-BAT,Battery,82.685,3.58,74.166,56.82,1781.051,143.665,23.34,78.904,688,62.321,36.534,Warning,1,0
A009,2025-01-12 07:00:00,A009-BAT,Battery,78.293,3.812,68.971,56.53,1752.216,145.474,22.554,85.94,650,67.848,32.401,Warning,1,0
A009,2025-01-12 08:00:00,A009-BAT,Battery,81.207,3.504,71.739,57.251,1858.004,150.039,23.077,79.173,388,70.62,26.328,Warning,1,1
A009,2025-01-12 09:00:00,A009-BAT,Battery,84.976,3.553,70.097,50.743,1757.214,143.134,22.763,82.15,586,69.166,33.743,Warning,1,0
A009,2025-01-12 10:00:00,A009-BAT,Battery,82.8,3.312,73.15,50.585,1803.819,141.755,23.136,83.632,427,77.423,35.293,Warning,1,0
A009,2025-01-12 13:00:00,A009-BAT,Battery,78.756,4.017,68.405,48.258,1800.974,148.566,22.638,77.959,655,69.208,26.857,Warning,1,1
A009,2025-01-12 15:00:00,A009-BAT,Battery,80.921,3.468,76.237,54.506,1896.834,144.464,22.778,84.109,672,85.229,23.568,Warning,1,1
A009,2025-01-12 16:00:00,A009-BAT,Battery,84.734,3.5,69.854,48.987,1714.118,152.529,23.332,83.853,701,70.433,28.635,Warning,1,1
A009,2025-01-12 17:00:00,A009-BAT,Battery,80.366,3.584,68.779,48.956,1882.813,153.477,23.425,82.486,474,88.244,32.294,Warning,1,0
A009,2025-01-12 20:00:00,A009-BAT,Battery,82.114,3.51,69.272,52.509,1728.721,143.098,22.755,82.933,607,65.612,23.79,Warning,1,0
A009,2025-01-12 22:00:00,A009-BAT,Battery,78.757,3.878,69.126,51.746,1976.022,149.09,23.371,79.746,519,58.869,34.853,Warning,1,0
A009,2025-01-13 09:00:00,A009-BAT,Battery,80.293,3.947,72.303,49.511,1898.956,147.597,23.01,81.828,556,66.113,33.154,Warning,1,0
A009,2025-01-13 13:00:00,A009-BAT,Battery,92.187,6.867,63.493,55.698,1917.886,136.455,23.521,81.795,722,76.746,28.738,Warning,1,1
A009,2025-01-13 16:00:00,A009-BAT,Battery,80.308,3.577,70.783,54.511,1825.578,148.016,22.971,84.31,630,73.2,39.19,Warning,1,0
A009,2025-01-13 19:00:00,A009-BAT,Battery,81.881,3.852,68.399,54.115,1816.38,142.204,23.229,83.406,660,69.305,27.861,Warning,1,0
A009,2025-01-14 01:00:00,A009-BAT,Battery,81.556,3.877,68.403,54.513,1716.578,149.742,22.803,84.358,792,85.068,22.23,Warning,1,1
A009,2025-01-14 02:00:00,A009-BAT,Battery,94.796,7.193,62.071,53.307,1713.202,127.709,22.857,82.005,624,85.205,34.772,Warning,1,1
A009,2025-01-14 15:00:00,A009-BAT,Battery,83.476,3.68,70.306,47.439,1859.227,151.8,22.825,83.58,579,89.737,30.167,Warning,1,0
A009,2025-01-15 04:00:00,A009-BAT,Battery,80.483,3.605,70.274,52.826,1666.32,143.502,22.655,86.229,641,79.113,32.152,Warning,1,0
A009,2025-01-15 08:00:00,A009-BAT,Battery,83.386,4.027,69.133,56.936,1614.1,144.57,22.879,83.332,492,85.998,27.765,Warning,1,1
A009,2025-01-15 10:00:00,A009-BAT,Battery,91.374,5.628,60.617,52.313,1787.368,128.675,23.747,83.248,462,66.483,24.625,Warning,1,1
A009,2025-01-15 13:00:00,A009-BAT,Battery,82.29,4.035,68.326,54.826,1758.041,142.361,22.951,84.596,663,80.229,32.695,Warning,1,0
A009,2025-01-15 21:00:00,A009-BAT,Battery,81.064,3.652,68.098,54.046,1760.594,139.793,22.393,82.391,518,66.246,33.843,Warning,1,0
A009,2025-01-16 08:00:00,A009-BAT,Battery,83.61,3.188,68.726,52.788,1818.573,142.515,22.474,85.973,574,81.668,26.594,Warning,1,1
A009,2025-01-16 12:00:00,A009-BAT,Battery,82.12,4.094,72.218,55.206,1825.533,145.069,23.021,89.254,490,76.763,35.675,Warning,1,0
A009,2025-01-16 13:00:00,A009-BAT,Battery,84.815,4.056,70.289,50.417,1760.555,142.769,22.997,85.058,718,74.363,40.139,Warning,1,1
A009,2025-01-16 16:00:00,A009-BAT,Battery,84.351,3.549,64.347,49.541,1750.184,147.646,22.587,82.669,629,82.52,31.434,Warning,1,1
A009,2025-01-16 18:00:00,A009-BAT,Battery,87.137,4.502,66.694,49.366,1700.669,148.199,23.563,85.982,760,74.203,35.939,Warning,1,1
A009,2025-01-16 20:00:00,A009-BAT,Battery,83.945,3.184,68.35,55.377,1856.668,143.748,23.025,85.755,682,72.868,36.286,Warning,1,0
A009,2025-01-17 04:00:00,A009-BAT,Battery,82.299,4.378,66.122,48.786,1800.06,148.193,23.358,81.476,620,91.494,30.927,Warning,1,1
A009,2025-01-17 08:00:00,A009-BAT,Battery,89.253,3.587,68.71,56.336,1880.735,144.312,23.104,84.705,771,92.085,34.106,Warning,1,1
A009,2025-01-17 10:00:00,A009-BAT,Battery,83.394,4.442,70.023,50.48,1788.033,143.947,22.943,83.315,590,79.067,29.814,Warning,1,1
A010,2025-01-01 07:00:00,A010-BAT,Battery,71.469,2.761,76.646,54.308,1743.075,151.908,24.12,73.069,354,43.3,27.542,Normal,0,0
A010,2025-01-01 17:00:00,A010-BAT,Battery,71.963,3.193,76.88,52.56,1736.664,146.797,24.008,75.062,326,67.151,34.247,Normal,0,0
A010,2025-01-01 18:00:00,A010-BAT,Battery,73.333,2.659,76.925,56.582,1688.995,140.889,23.906,73.74,210,58.899,29.557,Normal,0,0
A010,2025-01-01 19:00:00,A010-BAT,Battery,73.217,2.76,76.864,53.592,2008.823,143.672,23.434,72.276,462,58.462,32.365,Normal,0,0
A010,2025-01-02 00:00:00,A010-BAT,Battery,76.88,2.148,73.044,54.202,1788.214,148.602,23.893,74.222,509,69.044,24.998,Normal,0,0
A010,2025-01-02 01:00:00,A010-BAT,Battery,73.914,2.746,79.607,54.074,2126.127,152.759,24.045,77.393,503,45.057,35.859,Normal,0,0
A010,2025-01-02 02:00:00,A010-BAT,Battery,72.863,3.371,75.15,51.743,1887.731,144.792,24.398,75.618,512,48.678,34.107,Normal,0,0
A010,2025-01-02 03:00:00,A010-BAT,Battery,75.638,2.838,74.917,56.287,1851.205,149.787,23.836,75.971,468,54.101,24.887,Normal,0,0
A010,2025-01-02 04:00:00,A010-BAT,Battery,74.524,3.224,74.841,55.066,1779.416,154.876,24.496,74.761,337,64.816,40.456,Normal,0,0
A010,2025-01-02 06:00:00,A010-BAT,Battery,74.055,2.874,74.851,51.683,1802.747,144.32,23.429,73.555,345,49.636,28.948,Normal,0,0
A010,2025-01-02 07:00:00,A010-BAT,Battery,74.382,2.601,75.802,55.266,1814.065,145.651,23.916,74.749,156,69.695,30.552,Normal,0,1
A010,2025-01-02 11:00:00,A010-BAT,Battery,75.118,3.049,71.69,53.739,1850.419,147.472,23.768,76.317,420,50.073,24.666,Normal,0,0
A010,2025-01-02 14:00:00,A010-BAT,Battery,77.442,2.642,76.525,55.622,1932.083,152.136,24.185,74.892,163,69.186,23.619,Normal,0,0
A010,2025-01-02 16:00:00,A010-BAT,Battery,76.038,2.746,74.095,55.662,1685.618,148.835,23.405,79.089,529,67.641,26.159,Normal,0,0
A010,2025-01-02 17:00:00,A010-BAT,Battery,80.921,3.297,76.687,53.636,1776.456,150.696,24.001,74.61,330,48.894,39.641,Normal,0,1
A010,2025-01-02 19:00:00,A010-BAT,Battery,78.652,3.311,76.813,55.052,1830.915,147.165,24.151,78.722,514,68.264,32.782,Normal,0,0
A010,2025-01-03 00:00:00,A010-BAT,Battery,73.95,2.996,72.032,52.087,1741.604,150.638,23.548,76.162,323,44.169,33.084,Normal,0,0
A010,2025-01-03 01:00:00,A010-BAT,Battery,75.031,2.874,74.324,54.025,1725.018,145.016,24.238,72.867,521,60.157,29.679,Normal,0,1
A010,2025-01-03 03:00:00,A010-BAT,Battery,71.834,2.85,72.469,53.641,2044.808,145.564,23.717,73.988,521,57.975,29.25,Normal,0,1
A010,2025-01-03 08:00:00,A010-BAT,Battery,75.828,3.298,72.789,55.725,2017.897,143.534,23.517,80.568,536,59.67,30.568,Normal,0,0
A010,2025-01-03 09:00:00,A010-BAT,Battery,78.884,2.35,70.861,52.399,1788.495,146.43,23.558,74.57,289,53.524,25.336,Normal,0,0
A010,2025-01-03 15:00:00,A010-BAT,Battery,79.099,2.972,72.307,53.972,1741.047,149.015,24.062,76.525,239,61.153,27.435,Normal,0,0
A010,2025-01-03 17:00:00,A010-BAT,Battery,79.384,2.919,75.786,53.304,1571.701,146.138,24.067,77.501,243,58.169,33.698,Normal,0,0
A010,2025-01-03 22:00:00,A010-BAT,Battery,76.778,3.627,72.106,54.385,1896.435,149.693,23.971,74.794,440,58.375,25.623,Normal,0,0
A010,2025-01-03 23:00:00,A010-BAT,Battery,77.792,2.546,69.126,53.324,1993.716,151.152,23.491,77.665,428,60.608,31.938,Normal,0,0
A010,2025-01-04 01:00:00,A010-BAT,Battery,75.647,3.271,72.715,54.303,1863.221,153.92,23.205,75.872,541,55.9,25.616,Normal,0,0
A010,2025-01-04 10:00:00,A010-BAT,Battery,74.027,3.157,73.922,53.692,1783.793,152.114,24.147,79.099,573,66.972,36.92,Normal,0,0
A010,2025-01-04 12:00:00,A010-BAT,Battery,86.806,6.697,59.281,54.186,1733.285,142.363,23.959,79.061,582,58.33,33.346,Warning,1,0
A010,2025-01-04 15:00:00,A010-BAT,Battery,72.994,2.91,70.653,55.323,1791.266,143.914,23.435,77.264,510,64.962,20.314,Normal,0,0
A010,2025-01-04 19:00:00,A010-BAT,Battery,70.379,3.535,75.292,52.682,1811.403,149.863,23.896,77.414,482,70.491,23.661,Normal,0,1
A010,2025-01-04 21:00:00,A010-BAT,Battery,75.73,2.752,73.607,53.262,1870.759,146.599,23.887,77.094,198,58.074,26.432,Normal,0,0
A010,2025-01-04 23:00:00,A010-BAT,Battery,78.825,2.754,73.86,55.888,1681.798,146.166,24.062,77.414,466,61.977,29.807,Normal,0,0
A010,2025-01-05 02:00:00,A010-BAT,Battery,73.421,2.837,74.11,55.056,1829.763,155.788,24.025,78.764,447,71.115,36.764,Normal,0,1
A010,2025-01-05 05:00:00,A010-BAT,Battery,77.0,3.266,74.616,51.821,1880.974,156.371,23.393,76.075,538,63.761,29.371,Normal,0,1
A010,2025-01-05 07:00:00,A010-BAT,Battery,76.455,2.772,73.991,51.434,1814.001,145.813,23.77,77.214,553,62.549,33.133,Normal,0,0
A010,2025-01-05 08:00:00,A010-BAT,Battery,76.589,2.822,74.706,57.143,1877.066,145.851,23.846,78.044,498,72.136,31.507,Normal,0,0
A010,2025-01-05 10:00:00,A010-BAT,Battery,76.566,2.904,72.203,54.844,1729.093,148.206,23.302,79.076,352,65.224,27.66,Normal,0,0
A010,2025-01-05 11:00:00,A010-BAT,Battery,86.114,5.088,59.561,53.3,1852.892,132.238,23.313,80.29,378,43.959,35.448,Warning,1,0
A010,2025-01-05 12:00:00,A010-BAT,Battery,76.492,2.912,70.793,53.252,1867.774,151.373,23.614,77.825,299,61.56,21.193,Normal,0,0
A010,2025-01-05 20:00:00,A010-BAT,Battery,77.876,2.814,72.923,54.455,1891.153,152.769,23.759,77.841,512,67.335,39.0,Normal,0,0
A010,2025-01-06 00:00:00,A010-BAT,Battery,77.02,3.213,71.583,53.368,1729.26,147.03,23.886,78.593,591,59.133,35.662,Normal,0,0
A010,2025-01-06 02:00:00,A010-BAT,Battery,77.514,3.177,72.95,50.404,1890.348,145.47,23.365,77.332,415,63.027,29.392,Normal,0,1
A010,2025-01-06 21:00:00,A010-BAT,Battery,78.454,3.521,73.981,52.217,1904.599,146.344,23.292,76.601,454,47.308,26.958,Normal,0,0
A010,2025-01-07 05:00:00,A010-BAT,Battery,75.061,2.719,75.016,52.705,1740.387,152.5,23.433,80.652,630,58.161,28.269,Normal,0,0
A010,2025-01-07 14:00:00,A010-BAT,Battery,76.892,3.591,72.956,53.769,1688.318,151.026,23.833,77.418,276,68.35,32.94,Normal,0,0
A010,2025-01-07 18:00:00,A010-BAT,Battery,77.043,3.553,71.836,52.85,1654.899,152.209,23.344,81.237,533,79.095,36.586,Normal,0,0
A010,2025-01-07 19:00:00,A010-BAT,Battery,93.529,4.791,68.641,54.742,1762.962,138.264,23.925,79.138,636,63.801,25.966,Warning,1,1
A010,2025-01-07 22:00:00,A010-BAT,Battery,78.203,3.513,73.452,53.069,1918.025,144.364,22.775,78.898,616,65.564,35.314,Normal,0,1
A010,2025-01-08 03:00:00,A010-BAT,Battery,79.38,3.955,70.844,52.741,1852.353,144.263,23.738,75.682,437,48.526,31.572,Normal,0,0
A010,2025-01-08 04:00:00,A010-BAT,Battery,80.802,2.868,73.778,53.11,1837.538,147.769,22.958,77.874,412,48.697,30.926,Normal,0,1
A010,2025-01-08 10:00:00,A010-BAT,Battery,79.253,3.095,75.806,51.987,1970.32,145.921,23.247,84.182,424,71.273,38.11,Normal,0,0
A010,2025-01-08 13:00:00,A010-BAT,Battery,79.239,2.973,65.347,54.568,1878.965,151.596,23.119,81.579,470,73.084,32.806,Normal,0,0
A010,2025-01-08 14:00:00,A010-BAT,Battery,83.735,3.319,72.758,49.245,1908.356,150.708,23.575,78.345,585,69.15,37.329,Normal,0,1
A010,2025-01-08 16:00:00,A010-BAT,Battery,78.097,2.886,70.686,50.721,1693.624,144.082,23.554,79.668,552,55.591,43.707,Normal,0,1
A010,2025-01-09 03:00:00,A010-BAT,Battery,80.271,3.284,72.997,49.387,1744.648,140.261,23.289,78.849,573,48.331,30.896,Normal,0,1
A010,2025-01-09 04:00:00,A010-BAT,Battery,83.124,4.052,72.999,52.822,1769.302,149.283,23.444,80.771,409,73.093,26.309,Warning,1,0
A010,2025-01-09 16:00:00,A010-BAT,Battery,82.516,3.568,65.131,53.658,1867.993,148.21,23.58,79.673,458,69.721,29.778,Warning,1,0
A010,2025-01-10 01:00:00,A010-BAT,Battery,81.571,4.057,71.049,51.707,1994.149,145.8,23.071,79.61,341,67.149,36.353,Warning,1,0
A010,2025-01-10 05:00:00,A010-BAT,Battery,82.399,3.678,71.872,55.354,1851.766,144.827,22.305,79.863,706,71.368,30.237,Warning,1,1
A010,2025-01-10 06:00:00,A010-BAT,Battery,78.159,3.638,74.2,50.833,1794.484,150.38,23.268,81.982,646,79.745,31.972,Warning,1,0
A010,2025-01-10 10:00:00,A010-BAT,Battery,81.531,3.558,71.355,54.37,1862.352,141.579,23.306,79.814,515,72.922,27.919,Warning,1,1
A010,2025-01-10 13:00:00,A010-BAT,Battery,83.146,3.759,73.949,53.924,1828.829,148.095,23.616,79.862,589,75.8,41.487,Warning,1,1
A010,2025-01-10 15:00:00,A010-BAT,Battery,82.354,3.887,70.654,54.26,1883.952,146.75,23.001,78.889,464,68.298,31.135,Warning,1,0
A010,2025-01-10 17:00:00,A010-BAT,Battery,83.844,3.327,67.369,52.635,1788.737,157.427,23.301,78.789,479,79.523,26.202,Warning,1,0
A010,2025-01-10 19:00:00,A010-BAT,Battery,82.901,3.405,75.464,55.663,1882.739,150.334,23.264,81.849,353,84.262,32.333,Warning,1,0
A010,2025-01-10 23:00:00,A010-BAT,Battery,80.585,3.606,67.216,51.689,1962.418,144.178,23.531,79.96,439,73.782,26.013,Warning,1,0
A010,2025-01-11 08:00:00,A010-BAT,Battery,82.282,3.1,72.443,53.559,1818.944,146.367,23.162,81.308,511,73.509,24.099,Warning,1,0
A010,2025-01-11 14:00:00,A010-BAT,Battery,78.852,3.919,74.316,52.301,1759.452,142.6,23.401,81.328,427,61.571,44.575,Warning,1,1
A010,2025-01-11 15:00:00,A010-BAT,Battery,83.374,3.359,68.872,54.003,1834.031,143.997,23.583,82.519,440,83.873,29.751,Warning,1,0
A010,2025-01-11 19:00:00,A010-BAT,Battery,77.838,3.456,70.246,54.539,1789.399,149.454,23.102,80.32,538,67.014,33.454,Warning,1,1
A010,2025-01-12 01:00:00,A010-BAT,Battery,80.98,3.924,68.032,51.756,1753.519,148.832,23.079,81.671,533,74.096,27.383,Warning,1,0
A010,2025-01-12 04:00:00,A010-BAT,Battery,83.598,3.312,71.55,53.423,1884.196,155.312,23.397,80.318,597,79.941,24.79,Warning,1,0
A010,2025-01-12 05:00:00,A010-BAT,Battery,82.156,3.517,69.347,55.706,1850.981,146.028,23.799,81.488,608,79.935,23.298,Warning,1,1
A010,2025-01-12 09:00:00,A010-BAT,Battery,89.45,3.736,68.849,49.14,1673.283,143.558,23.422,81.035,585,77.56,26.34,Warning,1,0
A010,2025-01-12 15:00:00,A010-BAT,Battery,83.247,3.646,69.765,49.04,1788.83,145.7,23.181,81.594,735,86.107,28.655,Warning,1,1
A010,2025-01-12 19:00:00,A010-BAT,Battery,80.735,3.224,70.359,51.683,1757.779,149.101,22.974,81.855,483,88.321,31.918,Warning,1,0
A010,2025-01-12 21:00:00,A010-BAT,Battery,93.149,7.158,58.146,50.999,1786.231,134.978,23.245,84.216,478,82.214,32.2,Warning,1,1
A010,2025-01-13 00:00:00,A010-BAT,Battery,79.328,3.83,68.855,52.286,1742.936,143.977,23.363,81.951,401,87.198,24.072,Warning,1,0
A010,2025-01-13 05:00:00,A010-BAT,Battery,81.631,4.094,70.6,55.915,1839.411,149.894,22.158,82.43,505,78.724,32.441,Warning,1,0
A010,2025-01-13 08:00:00,A010-BAT,Battery,85.563,3.661,71.023,53.576,1602.138,143.468,23.264,84.868,701,86.616,23.877,Warning,1,0
A010,2025-01-13 11:00:00,A010-BAT,Battery,84.736,3.975,69.424,53.191,1665.46,148.524,23.254,86.303,628,75.613,35.956,Warning,1,1
A010,2025-01-13 13:00:00,A010-BAT,Battery,80.198,3.514,68.918,53.228,1790.679,151.695,23.459,81.063,406,99.626,29.576,Warning,1,1
A010,2025-01-13 15:00:00,A010-BAT,Battery,85.105,4.145,74.275,49.607,1946.12,146.12,22.618,83.4,457,75.246,34.303,Warning,1,1
A010,2025-01-13 17:00:00,A010-BAT,Battery,78.143,3.212,74.282,52.788,1670.741,143.779,23.089,83.523,708,74.44,40.106,Warning,1,0
A010,2025-01-13 23:00:00,A010-BAT,Battery,84.073,4.303,68.577,58.468,1603.776,146.697,23.32,83.119,482,77.913,24.799,Warning,1,1
A010,2025-01-14 03:00:00,A010-BAT,Battery,85.113,4.223,69.916,50.517,1904.738,156.501,22.936,82.92,587,77.827,22.655,Warning,1,1
A010,2025-01-14 11:00:00,A010-BAT,Battery,84.732,3.287,73.75,52.418,1526.25,146.718,22.866,80.809,429,87.287,34.649,Warning,1,0
A010,2025-01-14 16:00:00,A010-BAT,Battery,85.453,4.106,69.371,49.177,1737.101,149.078,23.221,82.809,603,73.358,30.869,Warning,1,1
A010,2025-01-14 17:00:00,A010-BAT,Battery,82.008,4.167,68.927,53.508,1805.713,152.057,23.203,84.04,431,80.776,40.42,Warning,1,0
A010,2025-01-14 18:00:00,A010-BAT,Battery,79.066,3.923,71.86,53.555,1935.996,149.017,23.186,85.028,686,80.787,28.597,Warning,1,0
A010,2025-01-14 20:00:00,A010-BAT,Battery,83.921,4.041,71.518,49.051,1811.585,145.777,23.105,84.309,499,79.21,26.761,Warning,1,1
A010,2025-01-15 02:00:00,A010-BAT,Battery,83.914,4.117,67.509,48.534,1701.097,144.631,22.969,84.567,659,77.207,35.085,Warning,1,0
A010,2025-01-15 06:00:00,A010-BAT,Battery,84.028,3.741,70.205,48.896,1665.077,153.279,22.822,81.521,656,78.415,33.835,Warning,1,1
A010,2025-01-15 08:00:00,A010-BAT,Battery,103.304,6.738,57.571,51.85,1590.53,142.998,22.835,85.893,807,74.483,29.733,Warning,1,1
A010,2025-01-15 13:00:00,A010-BAT,Battery,88.938,3.744,73.105,49.533,1765.672,148.696,22.585,82.255,659,83.336,21.358,Warning,1,0
A010,2025-01-15 17:00:00,A010-BAT,Battery,84.819,4.043,69.641,50.741,1868.962,146.608,22.54,82.894,644,68.001,31.069,Warning,1,0
A010,2025-01-15 19:00:00,A010-BAT,Battery,81.584,3.654,71.693,52.377,1730.897,143.684,22.627,82.274,645,85.745,27.509,Warning,1,1
A010,2025-01-15 22:00:00,A010-BAT,Battery,77.997,4.296,65.0,52.571,1936.598,144.55,22.56,85.068,623,90.834,24.457,Warning,1,0
A010,2025-01-16 03:00:00,A010-BAT,Battery,83.582,3.917,69.432,51.458,1777.365,145.909,23.459,83.742,545,67.542,26.577,Warning,1,0
A010,2025-01-16 06:00:00,A010-BAT,Battery,84.567,3.902,68.321,53.864,1945.134,143.584,22.809,84.212,663,77.996,27.097,Warning,1,1
A010,2025-01-16 10:00:00,A010-BAT,Battery,82.903,4.65,67.722,49.134,1819.826,139.016,22.86,83.299,796,84.558,34.768,Warning,1,0
A010,2025-01-16 11:00:00,A010-BAT,Battery,83.294,4.067,69.853,50.636,1772.942,145.766,23.353,81.856,730,79.237,36.769,Warning,1,1
A010,2025-01-16 12:00:00,A010-BAT,Battery,86.39,4.216,71.924,54.473,1675.594,138.97,22.694,80.595,829,90.993,22.521,Warning,1,1
A010,2025-01-16 15:00:00,A010-BAT,Battery,84.274,3.866,66.827,53.347,1759.413,137.732,23.17,86.782,868,82.987,29.159,Warning,1,1
A010,2025-01-16 17:00:00,A010-BAT,Battery,87.612,4.717,68.571,53.378,1633.394,148.722,22.516,85.035,706,80.461,28.791,Warning,1,1
A010,2025-01-16 18:00:00,A010-BAT,Battery,83.936,4.484,67.477,50.819,1858.46,146.581,23.577,86.472,847,64.957,34.026,Warning,1,1
A010,2025-01-17 04:00:00,A010-BAT,Battery,87.053,4.058,69.339,53.164,1746.289,152.24,22.765,86.76,563,71.399,33.42,Warning,1,0
A010,2025-01-17 15:00:00,A010-BAT,Battery,86.109,3.416,67.901,49.532,1753.231,146.233,22.76,85.688,533,83.438,41.772,Warning,1,1
A011,2025-01-01 01:00:00,A011-BAT,Battery,73.993,2.653,77.96,56.749,1785.449,149.398,23.796,75.299,424,58.894,34.534,Normal,0,0
A011,2025-01-01 06:00:00,A011-BAT,Battery,74.086,3.045,79.156,55.336,1690.463,153.506,24.066,78.725,504,60.793,35.279,Normal,0,0
A011,2025-01-01 08:00:00,A011-BAT,Battery,75.937,2.481,71.557,58.295,1921.52,154.9,24.009,73.857,243,55.517,32.73,Normal,0,0
A011,2025-01-01 14:00:00,A011-BAT,Battery,77.046,2.694,77.38,58.012,1853.85,147.193,23.743,76.461,248,59.388,35.44,Normal,0,0
A011,2025-01-01 17:00:00,A011-BAT,Battery,69.757,2.729,73.807,55.625,1863.106,151.415,23.64,76.056,318,53.85,27.051,Normal,0,0
A011,2025-01-01 19:00:00,A011-BAT,Battery,75.104,2.815,76.359,56.808,1810.708,148.493,23.228,72.096,154,78.056,33.892,Normal,0,0
A011,2025-01-01 22:00:00,A011-BAT,Battery,71.726,2.76,80.775,56.877,1908.057,148.507,24.079,75.285,485,50.063,30.978,Normal,0,0
A011,2025-01-01 23:00:00,A011-BAT,Battery,73.009,2.582,71.209,52.963,1941.379,149.677,24.127,76.407,392,55.068,25.585,Normal,0,0
A011,2025-01-02 03:00:00,A011-BAT,Battery,69.365,2.475,77.088,50.824,1796.082,151.589,23.195,77.167,211,55.186,34.584,Normal,0,0
A011,2025-01-02 04:00:00,A011-BAT,Battery,73.225,2.545,78.935,54.231,1659.571,147.819,23.383,76.4,168,60.885,33.751,Normal,0,0
A011,2025-01-02 05:00:00,A011-BAT,Battery,73.807,2.437,80.279,54.05,1790.792,146.632,23.658,73.179,218,48.081,39.361,Normal,0,0
A011,2025-01-02 17:00:00,A011-BAT,Battery,74.172,2.369,76.322,51.935,1715.593,155.633,23.695,75.989,180,57.887,29.13,Normal,0,0
A011,2025-01-03 00:00:00,A011-BAT,Battery,77.309,2.313,75.372,56.307,1937.681,146.394,23.846,76.206,494,56.759,23.919,Normal,0,0
A011,2025-01-03 08:00:00,A011-BAT,Battery,73.992,2.837,75.023,54.034,1736.477,153.656,24.063,77.648,552,51.772,27.437,Normal,0,0
A011,2025-01-03 09:00:00,A011-BAT,Battery,75.597,2.262,75.171,56.357,1813.075,145.099,23.994,75.223,325,64.824,32.546,Normal,0,0
A011,2025-01-03 10:00:00,A011-BAT,Battery,81.38,1.922,71.274,56.77,1879.796,150.716,23.129,77.528,480,50.284,29.506,Normal,0,0
A011,2025-01-03 11:00:00,A011-BAT,Battery,78.148,3.012,73.254,53.598,1731.72,149.012,24.043,72.774,236,42.31,25.84,Normal,0,0
A011,2025-01-03 12:00:00,A011-BAT,Battery,74.576,2.437,71.443,52.892,1744.185,139.549,23.526,74.8,327,58.42,29.789,Normal,0,0
A011,2025-01-03 15:00:00,A011-BAT,Battery,77.763,2.519,72.83,56.431,1838.622,141.308,24.819,76.598,238,72.047,30.871,Normal,0,0
A011,2025-01-03 18:00:00,A011-BAT,Battery,75.146,2.867,73.632,50.083,1802.923,144.991,23.676,75.03,532,49.952,28.668,Normal,0,0
A011,2025-01-03 22:00:00,A011-BAT,Battery,76.622,3.368,74.658,53.755,1800.699,144.5,24.316,76.25,373,60.897,34.072,Normal,0,0
A011,2025-01-04 04:00:00,A011-BAT,Battery,73.555,3.313,75.836,51.582,1885.04,146.359,23.629,76.526,559,66.152,29.711,Normal,0,0
A011,2025-01-04 07:00:00,A011-BAT,Battery,77.869,2.984,77.212,56.95,1744.681,147.568,23.883,75.967,323,52.013,27.352,Normal,0,0
A011,2025-01-04 11:00:00,A011-BAT,Battery,78.868,2.551,76.763,55.865,1813.129,144.57,23.418,78.131,504,63.739,28.573,Normal,0,0
A011,2025-01-04 12:00:00,A011-BAT,Battery,79.4,2.816,71.817,53.725,1789.666,146.431,23.615,74.789,466,65.462,38.142,Normal,0,0
A011,2025-01-04 20:00:00,A011-BAT,Battery,74.515,2.011,73.403,53.071,1849.374,146.437,23.999,76.781,193,61.435,29.844,Normal,0,0
A011,2025-01-04 21:00:00,A011-BAT,Battery,80.354,2.555,74.514,53.245,1935.698,144.594,23.972,72.908,385,66.82,29.044,Normal,0,0
A011,2025-01-05 00:00:00,A011-BAT,Battery,70.828,2.513,70.85,50.604,1755.414,150.26,23.479,76.31,228,54.619,30.702,Normal,0,0
A011,2025-01-05 01:00:00,A011-BAT,Battery,73.895,2.425,76.744,50.905,1910.642,144.683,23.737,75.436,487,60.662,27.395,Normal,0,1
A011,2025-01-05 17:00:00,A011-BAT,Battery,80.622,3.311,75.048,54.403,1771.806,152.495,23.454,78.052,250,60.011,23.294,Normal,0,0
A011,2025-01-06 02:00:00,A011-BAT,Battery,78.259,3.465,75.297,49.603,1856.618,148.892,23.635,80.486,532,59.926,32.898,Normal,0,0
A011,2025-01-06 03:00:00,A011-BAT,Battery,76.071,3.16,71.631,57.091,1713.096,148.11,23.635,78.674,611,65.79,41.31,Normal,0,0
A011,2025-01-06 04:00:00,A011-BAT,Battery,79.343,3.129,74.904,51.082,1759.219,144.544,23.471,76.448,437,58.101,27.945,Normal,0,0
A011,2025-01-06 09:00:00,A011-BAT,Battery,79.989,3.399,71.465,53.716,1811.838,145.488,24.071,79.749,560,65.446,30.343,Normal,0,0
A011,2025-01-06 13:00:00,A011-BAT,Battery,79.281,2.949,75.876,55.363,1787.183,151.395,22.425,77.037,280,62.98,32.509,Normal,0,0
A011,2025-01-06 15:00:00,A011-BAT,Battery,82.096,4.045,72.637,55.693,1726.651,147.813,23.291,81.713,239,64.836,31.467,Normal,0,0
A011,2025-01-06 19:00:00,A011-BAT,Battery,78.495,2.756,74.396,53.232,1706.812,150.492,23.355,79.224,632,51.502,30.684,Normal,0,0
A011,2025-01-07 03:00:00,A011-BAT,Battery,77.53,3.043,71.316,54.226,1807.201,149.661,23.583,77.34,569,83.253,31.085,Normal,0,0
A011,2025-01-07 04:00:00,A011-BAT,Battery,75.665,3.03,72.754,52.746,1824.076,147.165,23.056,78.095,340,60.658,34.404,Normal,0,0
A011,2025-01-07 06:00:00,A011-BAT,Battery,77.986,2.991,65.88,54.966,1852.922,146.439,23.03,77.679,279,71.831,27.961,Normal,0,0
A011,2025-01-07 07:00:00,A011-BAT,Battery,74.403,3.002,76.555,52.033,1775.267,152.324,23.808,79.68,311,67.045,31.865,Normal,0,0
A011,2025-01-07 11:00:00,A011-BAT,Battery,74.032,3.254,72.471,55.168,1690.449,153.509,23.207,81.828,568,51.772,33.017,Normal,0,0
A011,2025-01-07 12:00:00,A011-BAT,Battery,80.1,2.803,72.183,50.684,1638.721,144.715,23.233,75.887,256,62.604,29.838,Normal,0,0
A011,2025-01-07 15:00:00,A011-BAT,Battery,77.8,2.86,69.553,54.46,1673.864,143.937,23.188,78.297,489,55.625,25.251,Normal,0,0
A011,2025-01-08 02:00:00,A011-BAT,Battery,73.767,2.035,75.532,55.976,1569.448,149.548,23.566,76.602,282,72.304,35.691,Normal,0,0
A011,2025-01-08 06:00:00,A011-BAT,Battery,80.644,3.175,74.32,51.302,1775.374,149.611,23.414,74.656,609,55.499,31.709,Normal,0,0
A011,2025-01-08 09:00:00,A011-BAT,Battery,77.36,2.898,72.142,54.796,1730.451,152.067,23.123,79.831,484,72.245,32.244,Normal,0,0
A011,2025-01-08 10:00:00,A011-BAT,Battery,75.2,3.252,70.152,54.155,1931.038,148.984,23.385,79.129,637,72.933,28.472,Normal,0,0
A011,2025-01-08 14:00:00,A011-BAT,Battery,94.352,5.188,60.336,54.347,1691.426,144.735,23.905,76.37,342,70.891,35.692,Warning,1,1
A011,2025-01-08 15:00:00,A011-BAT,Battery,77.863,3.42,75.426,48.955,1538.635,149.079,23.219,76.933,327,62.942,44.556,Normal,0,1
A011,2025-01-08 17:00:00,A011-BAT,Battery,78.921,3.988,75.122,53.267,1695.773,154.216,23.389,78.278,537,60.872,40.365,Normal,0,1
A011,2025-01-08 19:00:00,A011-BAT,Battery,78.981,3.019,70.815,49.284,1832.471,145.729,23.249,82.08,332,62.669,27.591,Normal,0,0
A011,2025-01-08 21:00:00,A011-BAT,Battery,76.849,3.203,69.08,50.356,1846.167,152.704,23.889,80.602,565,82.677,28.037,Normal,0,0
A011,2025-01-09 04:00:00,A011-BAT,Battery,82.057,3.39,73.63,53.481,1814.709,150.065,23.66,80.808,636,40.53,35.756,Normal,0,1
A011,2025-01-09 06:00:00,A011-BAT,Battery,80.605,3.548,73.862,55.213,1694.363,147.227,23.543,79.8,546,86.89,29.043,Warning,1,0
A011,2025-01-09 07:00:00,A011-BAT,Battery,76.953,3.24,72.672,53.388,1746.158,151.9,24.162,78.296,450,56.478,27.812,Normal,0,0
A011,2025-01-09 15:00:00,A011-BAT,Battery,81.62,3.215,73.668,55.5,1673.199,142.579,23.583,81.821,585,68.518,34.6,Normal,0,1
A011,2025-01-10 02:00:00,A011-BAT,Battery,76.358,2.87,71.216,54.463,1804.723,144.118,23.653,81.088,692,76.482,25.546,Normal,0,0
A011,2025-01-10 11:00:00,A011-BAT,Battery,79.092,3.633,75.523,50.196,1898.347,143.317,23.202,77.871,705,57.708,20.274,Normal,0,1
A011,2025-01-10 15:00:00,A011-BAT,Battery,79.919,2.881,67.717,48.992,1763.086,150.435,23.051,80.281,439,63.703,25.825,Normal,0,0
A011,2025-01-10 16:00:00,A011-BAT,Battery,78.13,2.903,69.957,53.41,1748.388,148.244,23.048,79.624,613,63.337,29.543,Normal,0,0
A011,2025-01-10 18:00:00,A011-BAT,Battery,81.839,3.694,74.531,52.589,1857.037,145.556,23.506,83.303,686,81.552,32.974,Warning,1,0
A011,2025-01-10 21:00:00,A011-BAT,Battery,83.544,3.214,68.164,51.38,1855.417,145.49,23.321,80.448,704,70.756,35.467,Warning,1,1
A011,2025-01-10 22:00:00,A011-BAT,Battery,80.797,2.971,73.31,56.912,1733.573,146.11,22.724,80.716,702,70.653,39.869,Normal,0,1
A011,2025-01-11 04:00:00,A011-BAT,Battery,81.153,2.713,72.753,49.991,1917.036,150.63,24.002,80.502,732,60.01,27.297,Normal,0,0
A011,2025-01-11 06:00:00,A011-BAT,Battery,82.27,3.412,71.171,51.941,1840.569,149.636,22.954,80.101,448,68.366,31.605,Warning,1,1
A011,2025-01-11 14:00:00,A011-BAT,Battery,78.733,3.105,69.819,53.339,1695.515,145.6,23.548,80.243,497,61.859,35.276,Normal,0,0
A011,2025-01-11 15:00:00,A011-BAT,Battery,80.599,3.487,67.807,51.409,1967.62,142.651,23.259,84.859,514,75.928,31.452,Warning,1,0
A011,2025-01-11 23:00:00,A011-BAT,Battery,78.234,3.233,72.057,53.445,1924.208,145.561,23.48,81.289,396,73.796,31.942,Warning,1,0
A011,2025-01-12 02:00:00,A011-BAT,Battery,79.721,3.442,70.853,52.313,1839.881,143.194,23.734,82.098,395,56.432,31.375,Normal,0,0
A011,2025-01-12 09:00:00,A011-BAT,Battery,80.059,3.659,72.605,52.118,1883.607,141.744,22.358,82.12,771,69.495,20.527,Warning,1,0
A011,2025-01-12 20:00:00,A011-BAT,Battery,85.746,3.543,70.472,54.29,1854.999,140.587,23.802,82.496,718,79.5,27.025,Warning,1,1
A011,2025-01-13 07:00:00,A011-BAT,Battery,109.006,6.228,62.135,53.657,1645.554,137.936,23.364,78.807,458,92.169,30.015,Warning,1,1
A011,2025-01-13 10:00:00,A011-BAT,Battery,80.792,3.741,70.647,52.187,1880.938,148.596,23.302,83.55,726,60.206,32.203,Warning,1,0
A011,2025-01-13 12:00:00,A011-BAT,Battery,82.598,3.78,70.935,53.854,1745.47,155.093,23.166,88.153,697,90.981,27.481,Warning,1,1
A011,2025-01-13 15:00:00,A011-BAT,Battery,78.857,3.637,71.918,55.01,1894.829,150.769,22.985,87.223,501,82.136,28.236,Warning,1,0
A011,2025-01-13 17:00:00,A011-BAT,Battery,83.879,3.399,71.295,51.201,1756.373,152.344,23.976,86.183,662,75.778,30.92,Warning,1,1
A011,2025-01-14 00:00:00,A011-BAT,Battery,80.814,3.598,74.395,53.388,1998.424,149.666,22.83,83.683,762,87.455,31.101,Warning,1,1
A011,2025-01-14 06:00:00,A011-BAT,Battery,78.47,3.572,72.004,52.758,1903.569,148.211,22.679,83.879,789,75.747,36.354,Warning,1,1
A011,2025-01-14 10:00:00,A011-BAT,Battery,87.161,4.001,72.165,50.964,1579.961,147.467,23.036,84.575,727,75.619,30.222,Warning,1,0
A011,2025-01-14 13:00:00,A011-BAT,Battery,83.965,3.282,64.546,50.755,1858.516,150.244,22.943,82.122,611,70.18,31.522,Warning,1,1
A011,2025-01-14 17:00:00,A011-BAT,Battery,83.255,4.33,68.659,52.834,1827.445,141.096,23.456,83.012,693,78.557,37.899,Warning,1,1
A011,2025-01-14 22:00:00,A011-BAT,Battery,84.214,3.408,67.657,54.23,1739.037,150.944,22.377,85.221,452,75.437,29.532,Warning,1,0
A011,2025-01-15 03:00:00,A011-BAT,Battery,86.29,3.565,68.422,54.273,1740.066,140.216,22.828,86.187,828,71.497,26.758,Warning,1,0
A011,2025-01-15 04:00:00,A011-BAT,Battery,82.71,3.291,69.039,52.977,1833.911,145.187,22.561,82.677,721,78.508,33.103,Warning,1,1
A011,2025-01-15 06:00:00,A011-BAT,Battery,96.421,7.235,69.026,52.603,1897.544,142.896,23.575,83.865,587,85.052,30.638,Warning,1,1
A011,2025-01-15 07:00:00,A011-BAT,Battery,83.861,3.876,72.051,49.509,1809.372,144.903,22.951,86.065,504,86.187,35.078,Warning,1,1
A011,2025-01-15 09:00:00,A011-BAT,Battery,81.211,3.478,71.478,53.409,1965.636,145.792,23.019,83.539,609,68.277,32.947,Warning,1,0
A011,2025-01-15 12:00:00,A011-BAT,Battery,85.199,3.389,69.734,54.562,1676.75,145.495,23.099,86.557,595,84.054,38.466,Warning,1,1
A011,2025-01-15 13:00:00,A011-BAT,Battery,81.175,4.403,68.721,51.299,1592.318,149.878,22.561,82.084,522,85.063,18.956,Warning,1,0
A011,2025-01-15 20:00:00,A011-BAT,Battery,83.736,3.679,67.922,51.269,1820.851,145.621,22.783,84.513,834,72.404,29.975,Warning,1,1
A011,2025-01-15 23:00:00,A011-BAT,Battery,82.195,3.657,67.62,54.07,1883.009,147.622,23.012,85.228,701,63.742,31.376,Warning,1,1
A011,2025-01-16 00:00:00,A011-BAT,Battery,82.375,3.657,68.326,52.746,1756.342,138.206,23.199,85.044,715,79.838,25.316,Warning,1,1
A011,2025-01-16 02:00:00,A011-BAT,Battery,84.515,3.609,70.509,52.342,1830.906,151.773,22.955,82.06,515,92.81,34.896,Warning,1,0
A011,2025-01-16 06:00:00,A011-BAT,Battery,83.438,4.747,71.502,48.866,1778.982,147.765,23.408,86.936,809,81.852,33.585,Warning,1,1
A011,2025-01-16 07:00:00,A011-BAT,Battery,86.752,4.015,69.76,55.335,1848.435,149.965,23.164,85.883,855,69.093,34.871,Warning,1,1
A011,2025-01-16 15:00:00,A011-BAT,Battery,85.108,3.504,65.412,53.756,1745.356,148.98,22.686,84.859,687,75.25,31.277,Warning,1,1
A011,2025-01-16 22:00:00,A011-BAT,Battery,83.319,3.856,66.903,51.371,1888.171,146.561,23.601,83.204,577,74.778,30.771,Warning,1,0
A011,2025-01-16 23:00:00,A011-BAT,Battery,83.729,4.25,73.934,55.025,1811.329,147.137,22.967,83.466,835,70.761,31.241,Warning,1,1
A011,2025-01-17 10:00:00,A011-BAT,Battery,86.574,4.588,67.182,52.762,1724.34,146.694,23.753,84.576,804,98.741,25.815,Warning,1,1
A012,2025-01-01 00:00:00,A012-BAT,Battery,69.618,2.193,83.028,53.527,1757.391,146.704,23.936,74.855,393,61.996,27.972,Normal,0,0
A012,2025-01-01 02:00:00,A012-BAT,Battery,71.349,2.165,76.173,55.104,1843.024,155.657,24.069,75.205,491,46.594,28.599,Normal,0,0
A012,2025-01-01 06:00:00,A012-BAT,Battery,72.156,1.704,75.761,54.898,1877.34,144.798,23.877,72.95,189,58.426,26.659,Normal,0,0
A012,2025-01-01 08:00:00,A012-BAT,Battery,70.506,2.432,74.828,55.763,1857.422,148.968,23.673,76.348,405,65.208,39.608,Normal,0,0
A012,2025-01-01 12:00:00,A012-BAT,Battery,69.697,2.344,76.565,55.399,1981.0,141.781,24.306,76.296,421,48.055,27.832,Normal,0,0
A012,2025-01-01 20:00:00,A012-BAT,Battery,69.943,2.165,77.406,53.827,1829.662,148.913,23.478,80.157,473,50.781,30.621,Normal,0,0
A012,2025-01-01 23:00:00,A012-BAT,Battery,79.294,2.887,81.087,51.788,1762.716,152.067,23.538,76.631,407,66.753,28.334,Normal,0,0
A012,2025-01-02 03:00:00,A012-BAT,Battery,71.481,2.003,72.076,55.002,1645.651,155.338,23.716,73.102,295,62.862,34.379,Normal,0,0
A012,2025-01-02 09:00:00,A012-BAT,Battery,74.556,2.59,82.305,57.01,1569.899,148.755,24.421,74.199,203,54.349,30.397,Normal,0,0
A012,2025-01-02 13:00:00,A012-BAT,Battery,72.842,3.085,73.943,50.19,1694.083,147.239,23.889,74.06,157,55.584,33.234,Normal,0,0
A012,2025-01-02 17:00:00,A012-BAT,Battery,77.119,2.203,74.758,52.117,1777.037,146.047,23.753,75.956,200,43.785,36.831,Normal,0,0
A012,2025-01-02 18:00:00,A012-BAT,Battery,74.648,2.929,73.352,54.012,1856.54,148.819,23.812,75.829,305,57.862,30.557,Normal,0,0
A012,2025-01-02 22:00:00,A012-BAT,Battery,70.293,2.355,76.557,57.127,1789.052,157.671,24.537,76.289,507,51.815,41.33,Normal,0,1
A012,2025-01-03 01:00:00,A012-BAT,Battery,74.618,2.417,71.439,55.655,1743.178,145.132,23.54,79.327,498,65.704,24.544,Normal,0,0
A012,2025-01-03 06:00:00,A012-BAT,Battery,72.885,2.68,81.12,55.922,1597.094,147.392,23.61,72.865,541,51.814,16.389,Normal,0,1
A012,2025-01-03 11:00:00,A012-BAT,Battery,72.162,1.837,79.155,51.051,1795.649,142.362,24.453,79.144,530,58.338,35.239,Normal,0,0
A012,2025-01-03 12:00:00,A012-BAT,Battery,76.955,2.889,73.86,59.603,1699.887,153.298,24.267,73.82,225,52.402,28.85,Normal,0,0
A012,2025-01-03 17:00:00,A012-BAT,Battery,69.397,2.689,74.364,55.628,1739.137,150.296,24.311,77.968,474,45.765,30.445,Normal,0,0
A012,2025-01-03 20:00:00,A012-BAT,Battery,77.634,2.231,72.338,53.628,1810.2,151.163,24.2,72.4,202,70.009,25.908,Normal,0,0
A012,2025-01-03 22:00:00,A012-BAT,Battery,74.724,2.571,78.175,55.249,1895.742,155.444,23.906,75.311,311,62.424,26.418,Normal,0,1
A012,2025-01-04 01:00:00,A012-BAT,Battery,74.731,2.243,75.815,56.504,1793.285,163.082,23.813,74.432,289,52.64,20.327,Normal,0,0
A012,2025-01-04 05:00:00,A012-BAT,Battery,73.307,2.33,73.504,57.707,1801.194,148.277,23.529,77.059,513,51.958,39.65,Normal,0,0
A012,2025-01-04 08:00:00,A012-BAT,Battery,72.897,2.154,74.553,57.163,1666.352,153.389,23.956,76.201,226,63.25,31.043,Normal,0,0
A012,2025-01-04 09:00:00,A012-BAT,Battery,78.459,2.55,75.436,52.07,1794.304,144.232,24.137,76.184,248,47.782,36.128,Normal,0,0
A012,2025-01-04 20:00:00,A012-BAT,Battery,75.243,2.555,76.147,50.572,1973.543,145.731,23.544,77.465,485,46.978,28.323,Normal,0,0
A012,2025-01-04 23:00:00,A012-BAT,Battery,76.752,2.889,75.976,52.118,1760.654,150.242,24.007,80.254,506,54.529,30.396,Normal,0,0
A012,2025-01-05 00:00:00,A012-BAT,Battery,73.827,2.768,71.481,55.362,1772.117,159.87,23.496,76.865,390,66.388,33.91,Normal,0,0
A012,2025-01-05 01:00:00,A012-BAT,Battery,81.997,2.931,76.208,55.884,1682.711,146.962,23.344,77.759,304,47.287,33.369,Normal,0,1
A012,2025-01-05 05:00:00,A012-BAT,Battery,73.307,1.818,74.13,55.807,1837.232,150.385,24.196,76.367,442,49.399,32.47,Normal,0,0
A012,2025-01-05 10:00:00,A012-BAT,Battery,80.799,2.354,76.087,54.915,1789.491,147.364,22.646,81.035,351,45.94,34.519,Normal,0,1
A012,2025-01-05 13:00:00,A012-BAT,Battery,73.317,2.836,74.922,53.107,1788.287,147.845,23.449,79.039,439,53.049,29.784,Normal,0,0
A012,2025-01-05 16:00:00,A012-BAT,Battery,78.338,2.576,78.987,54.893,1928.094,152.926,23.774,77.311,454,78.163,21.101,Normal,0,1
A012,2025-01-05 18:00:00,A012-BAT,Battery,77.03,2.603,74.815,54.838,1938.348,146.127,23.348,78.42,521,69.032,34.059,Normal,0,0
A012,2025-01-05 19:00:00,A012-BAT,Battery,78.395,2.708,76.858,56.153,1817.434,148.843,23.518,81.258,548,62.193,31.112,Normal,0,0
A012,2025-01-05 20:00:00,A012-BAT,Battery,78.24,3.443,75.375,54.903,1657.042,153.679,23.273,76.821,240,61.007,26.755,Normal,0,0
A012,2025-01-06 07:00:00,A012-BAT,Battery,74.969,2.594,71.314,52.94,1900.373,145.725,23.555,81.063,601,54.688,45.286,Normal,0,0
A012,2025-01-06 11:00:00,A012-BAT,Battery,73.422,2.094,71.538,53.668,1728.672,146.046,23.7,76.633,402,59.796,40.683,Normal,0,0
A012,2025-01-06 22:00:00,A012-BAT,Battery,84.99,4.69,59.103,50.888,1769.893,138.46,23.547,78.648,410,61.85,27.073,Warning,1,0
A012,2025-01-07 02:00:00,A012-BAT,Battery,79.425,3.064,75.614,52.014,1777.806,150.578,23.692,83.779,608,63.134,26.675,Normal,0,0
A012,2025-01-07 04:00:00,A012-BAT,Battery,76.352,3.388,75.015,55.649,1798.696,151.843,23.653,82.11,271,63.949,26.388,Normal,0,0
A012,2025-01-07 09:00:00,A012-BAT,Battery,74.615,3.039,73.527,54.442,1855.648,143.748,23.578,79.001,254,71.762,34.205,Normal,0,0
A012,2025-01-07 12:00:00,A012-BAT,Battery,75.356,3.428,69.658,55.37,1741.08,150.432,24.219,75.559,349,69.383,34.201,Normal,0,0
A012,2025-01-07 13:00:00,A012-BAT,Battery,74.719,3.126,71.183,52.948,1856.709,145.107,23.39,77.112,487,64.116,29.312,Normal,0,0
A012,2025-01-07 15:00:00,A012-BAT,Battery,75.424,2.908,77.352,55.373,1771.985,154.123,23.17,75.613,610,46.754,33.975,Normal,0,1
A012,2025-01-07 16:00:00,A012-BAT,Battery,78.038,2.572,78.444,53.218,1794.335,145.149,23.13,79.461,513,50.719,29.585,Normal,0,0
A012,2025-01-07 20:00:00,A012-BAT,Battery,80.752,3.138,73.379,54.473,1840.293,142.041,23.31,80.406,453,69.495,31.217,Normal,0,0
A012,2025-01-08 03:00:00,A012-BAT,Battery,78.962,2.991,73.608,51.479,1796.799,141.429,23.44,79.396,500,68.899,24.119,Normal,0,0
A012,2025-01-08 10:00:00,A012-BAT,Battery,83.533,2.867,75.208,53.364,1685.144,154.137,23.508,77.888,658,66.573,35.167,Normal,0,1
A012,2025-01-08 11:00:00,A012-BAT,Battery,78.199,3.252,73.343,50.512,1777.339,145.52,23.425,78.376,480,64.799,28.266,Normal,0,1
A012,2025-01-08 14:00:00,A012-BAT,Battery,80.665,2.775,75.308,52.208,1873.155,148.121,22.946,77.208,581,51.706,34.562,Normal,0,1
A012,2025-01-08 18:00:00,A012-BAT,Battery,79.673,2.771,79.441,53.641,1637.071,150.496,24.219,75.177,480,69.59,25.053,Normal,0,0
A012,2025-01-08 20:00:00,A012-BAT,Battery,77.257,2.933,74.452,50.824,1723.106,144.609,23.723,80.095,584,66.705,25.33,Normal,0,0
A012,2025-01-08 22:00:00,A012-BAT,Battery,91.35,5.971,69.425,56.609,1752.841,128.61,23.599,80.468,356,64.208,26.824,Warning,1,0
A012,2025-01-09 00:00:00,A012-BAT,Battery,96.585,4.906,60.261,51.997,1768.468,139.132,23.109,81.133,612,61.76,32.947,Warning,1,0
A012,2025-01-09 01:00:00,A012-BAT,Battery,80.177,2.859,73.42,55.313,1768.485,151.876,23.07,79.943,332,62.241,43.191,Normal,0,0
A012,2025-01-09 03:00:00,A012-BAT,Battery,76.43,3.749,75.948,54.519,1754.754,150.523,22.885,78.743,644,67.196,33.038,Normal,0,0
A012,2025-01-09 11:00:00,A012-BAT,Battery,81.43,3.152,69.913,54.399,1846.231,142.866,23.079,78.652,611,75.87,29.559,Normal,0,0
A012,2025-01-09 15:00:00,A012-BAT,Battery,75.526,2.736,75.998,54.244,1932.703,145.337,22.951,83.289,342,59.304,33.379,Normal,0,0
A012,2025-01-09 18:00:00,A012-BAT,Battery,76.342,3.12,73.654,52.686,1850.854,144.28,23.051,80.258,440,67.203,36.56,Normal,0,0
A012,2025-01-10 00:00:00,A012-BAT,Battery,79.55,3.333,74.893,54.247,1888.447,147.507,23.411,78.398,466,73.614,38.557,Normal,0,0
A012,2025-01-10 06:00:00,A012-BAT,Battery,76.403,2.181,70.205,50.898,1802.633,142.47,23.334,78.644,414,72.385,31.873,Normal,0,0
A012,2025-01-10 15:00:00,A012-BAT,Battery,80.455,3.433,75.558,54.394,1832.204,139.267,23.392,84.092,393,71.866,34.848,Normal,0,0
A012,2025-01-10 16:00:00,A012-BAT,Battery,80.484,3.533,70.108,51.674,1683.558,148.135,23.238,80.411,684,61.304,25.783,Normal,0,0
A012,2025-01-11 00:00:00,A012-BAT,Battery,81.765,3.251,71.536,54.411,1625.7,145.454,23.759,83.835,653,77.692,23.844,Warning,1,1
A012,2025-01-11 01:00:00,A012-BAT,Battery,77.814,2.702,75.083,54.715,1746.834,149.835,23.607,76.265,437,72.46,29.696,Normal,0,0
A012,2025-01-11 02:00:00,A012-BAT,Battery,75.686,3.433,73.196,54.267,1625.927,145.773,22.931,80.724,430,53.789,24.414,Normal,0,0
A012,2025-01-11 04:00:00,A012-BAT,Battery,80.333,3.389,72.125,47.822,1815.459,147.909,22.937,82.245,375,69.457,32.048,Normal,0,1
A012,2025-01-11 09:00:00,A012-BAT,Battery,74.029,3.486,73.613,53.81,1723.63,154.861,22.872,79.263,439,65.981,36.632,Normal,0,0
A012,2025-01-11 12:00:00,A012-BAT,Battery,78.481,3.489,71.664,49.878,1743.964,142.041,23.917,81.392,716,73.337,29.521,Normal,0,0
A012,2025-01-11 13:00:00,A012-BAT,Battery,82.789,3.154,70.653,51.98,1973.864,155.016,23.384,81.718,689,74.33,31.962,Warning,1,0
A012,2025-01-11 18:00:00,A012-BAT,Battery,84.29,3.429,69.779,53.305,1787.859,145.02,22.638,81.436,459,73.035,33.752,Warning,1,0
A012,2025-01-11 19:00:00,A012-BAT,Battery,82.606,2.942,71.101,51.446,1789.946,152.014,22.807,82.034,412,70.849,25.18,Normal,0,1
A012,2025-01-11 21:00:00,A012-BAT,Battery,77.0,3.567,72.466,56.286,1842.018,148.201,23.92,82.394,539,66.844,25.654,Normal,0,1
A012,2025-01-11 22:00:00,A012-BAT,Battery,77.439,3.106,72.452,52.511,1847.284,142.365,22.909,81.857,441,60.911,23.189,Normal,0,0
A012,2025-01-12 01:00:00,A012-BAT,Battery,83.502,3.039,73.915,56.643,1705.507,145.404,23.078,83.124,450,78.897,26.591,Warning,1,0
A012,2025-01-12 05:00:00,A012-BAT,Battery,81.897,3.49,70.169,53.361,1834.389,150.459,23.319,83.2,451,69.581,25.926,Warning,1,1
A012,2025-01-12 07:00:00,A012-BAT,Battery,84.011,2.802,72.646,53.973,1592.082,142.251,22.709,83.441,488,64.047,28.698,Normal,0,0
A012,2025-01-12 11:00:00,A012-BAT,Battery,77.862,3.06,74.034,53.963,1658.244,148.653,23.469,82.38,627,56.205,23.315,Normal,0,0
A012,2025-01-12 21:00:00,A012-BAT,Battery,79.519,3.247,75.096,56.05,1792.426,148.3,23.729,87.423,693,73.413,33.767,Normal,0,1
A012,2025-01-13 02:00:00,A012-BAT,Battery,86.358,3.535,76.442,54.077,1739.844,146.851,23.399,83.943,697,66.538,28.22,Warning,1,0
A012,2025-01-13 06:00:00,A012-BAT,Battery,80.368,3.431,72.336,51.24,1896.256,149.281,23.365,80.416,701,83.418,21.01,Warning,1,0
A012,2025-01-13 08:00:00,A012-BAT,Battery,78.603,4.032,70.444,55.837,1741.188,142.789,23.097,81.023,440,69.289,38.7,Warning,1,0
A012,2025-01-13 11:00:00,A012-BAT,Battery,81.228,3.747,69.316,52.672,1728.853,144.093,22.754,85.055,778,65.798,28.997,Warning,1,1
A012,2025-01-13 17:00:00,A012-BAT,Battery,83.105,3.203,70.067,52.007,1830.293,144.75,22.864,86.012,528,71.632,33.274,Warning,1,1
A012,2025-01-13 18:00:00,A012-BAT,Battery,80.994,3.399,69.087,54.654,1858.896,145.914,23.168,82.04,448,65.904,27.406,Warning,1,1
A012,2025-01-13 21:00:00,A012-BAT,Battery,81.906,3.635,72.006,56.724,1715.327,144.246,22.889,84.434,531,77.523,24.346,Warning,1,1
A012,2025-01-14 01:00:00,A012-BAT,Battery,77.957,4.016,69.095,49.752,1683.084,146.899,23.861,82.433,519,70.914,33.842,Warning,1,0
A012,2025-01-14 02:00:00,A012-BAT,Battery,86.755,3.591,73.175,51.221,1697.494,148.731,23.146,84.91,620,64.78,29.538,Warning,1,0
A012,2025-01-14 03:00:00,A012-BAT,Battery,81.156,4.026,69.138,50.896,1784.973,145.326,23.325,80.277,629,51.907,30.318,Warning,1,0
A012,2025-01-14 08:00:00,A012-BAT,Battery,81.992,3.007,70.337,51.045,1841.715,145.015,23.652,81.672,495,67.707,27.34,Warning,1,0
A012,2025-01-14 13:00:00,A012-BAT,Battery,78.187,3.452,73.542,52.055,1785.871,149.584,23.17,84.717,483,81.735,22.529,Warning,1,1
A012,2025-01-14 15:00:00,A012-BAT,Battery,80.521,3.223,72.421,50.543,1771.893,142.851,23.484,81.757,795,63.078,31.902,Warning,1,1
A012,2025-01-14 18:00:00,A012-BAT,Battery,81.334,4.276,69.9,54.548,1774.727,142.479,22.636,84.191,708,82.646,32.034,Warning,1,1
A012,2025-01-14 22:00:00,A012-BAT,Battery,84.094,3.361,71.01,53.279,1806.041,153.776,22.826,80.465,461,89.915,31.487,Warning,1,0
A012,2025-01-14 23:00:00,A012-BAT,Battery,82.086,3.239,70.443,49.492,1802.277,145.626,22.961,78.713,683,78.838,28.544,Warning,1,1
A012,2025-01-15 05:00:00,A012-BAT,Battery,85.951,6.647,58.085,50.665,1788.414,134.944,23.146,85.246,656,83.731,33.163,Warning,1,1
A012,2025-01-15 06:00:00,A012-BAT,Battery,80.559,4.381,68.13,52.425,1767.934,140.388,23.285,84.548,648,75.576,26.863,Warning,1,0
A012,2025-01-15 09:00:00,A012-BAT,Battery,94.216,5.145,65.313,51.813,1855.969,133.713,22.91,78.872,676,77.018,39.393,Warning,1,1
A012,2025-01-15 15:00:00,A012-BAT,Battery,84.35,3.547,66.615,50.096,1812.636,141.773,23.081,82.284,640,61.232,34.849,Warning,1,0
A012,2025-01-15 17:00:00,A012-BAT,Battery,85.555,3.291,69.311,53.699,1662.575,145.122,22.615,83.906,606,66.915,35.267,Warning,1,1
A012,2025-01-15 20:00:00,A012-BAT,Battery,83.789,3.18,68.508,55.774,1768.134,146.391,23.559,84.088,693,80.799,32.855,Warning,1,1
A012,2025-01-15 22:00:00,A012-BAT,Battery,84.762,3.807,74.641,50.685,1696.151,146.724,22.896,81.553,840,70.473,33.524,Warning,1,0
A012,2025-01-16 02:00:00,A012-BAT,Battery,83.793,3.57,69.757,54.35,1741.726,143.158,23.116,81.41,831,74.219,29.328,Warning,1,0
A012,2025-01-16 13:00:00,A012-BAT,Battery,85.158,4.121,72.517,49.514,1889.588,147.31,22.724,87.572,817,60.404,26.937,Warning,1,0
A012,2025-01-16 14:00:00,A012-BAT,Battery,81.856,3.732,71.083,51.508,1801.255,146.096,22.8,83.695,850,67.229,30.504,Warning,1,1
A012,2025-01-16 15:00:00,A012-BAT,Battery,86.928,3.86,71.474,54.416,1808.275,149.388,22.113,83.211,652,67.881,37.681,Warning,1,0
A012,2025-01-16 23:00:00,A012-BAT,Battery,85.96,3.806,66.18,54.518,1859.194,157.58,22.716,86.345,528,71.474,26.421,Warning,1,0
A012,2025-01-17 03:00:00,A012-BAT,Battery,80.081,4.262,69.611,49.521,1783.121,147.425,22.437,83.097,670,73.99,34.617,Warning,1,1
A012,2025-01-17 04:00:00,A012-BAT,Battery,86.96,4.014,73.446,53.091,1699.02,147.224,23.04,83.481,628,72.827,18.375,Warning,1,1
A012,2025-01-17 07:00:00,A012-BAT,Battery,84.349,3.76,68.843,50.821,1684.677,151.052,23.68,82.721,849,71.866,24.592,Warning,1,1
A012,2025-01-17 12:00:00,A012-BAT,Battery,87.086,3.612,72.725,52.235,1932.143,147.436,23.033,85.39,830,71.226,23.398,Warning,1,1
A013,2025-01-01 00:00:00,A013-BAT,Battery,74.262,2.059,76.343,56.781,1900.832,146.082,23.16,73.393,374,55.017,33.356,Normal,0,0
A013,2025-01-01 08:00:00,A013-BAT,Battery,77.115,2.56,74.845,52.006,1934.005,148.143,23.892,80.257,387,61.296,35.728,Normal,0,0
A013,2025-01-01 11:00:00,A013-BAT,Battery,74.487,2.807,80.084,55.877,1650.804,146.362,24.406,78.817,324,53.399,29.122,Normal,0,0
A013,2025-01-01 14:00:00,A013-BAT,Battery,74.15,2.281,78.211,55.047,1805.665,151.798,23.922,72.629,320,52.836,38.125,Normal,0,0
A013,2025-01-01 19:00:00,A013-BAT,Battery,73.598,3.008,78.882,52.27,1816.615,146.175,24.385,75.647,360,49.334,19.849,Normal,0,0
A013,2025-01-01 21:00:00,A013-BAT,Battery,76.996,2.34,78.823,53.858,1734.669,152.976,24.088,76.784,296,42.817,35.145,Normal,0,0
A013,2025-01-02 02:00:00,A013-BAT,Battery,75.474,2.645,76.397,54.722,1703.415,145.622,24.528,75.348,290,43.646,34.593,Normal,0,0
A013,2025-01-02 05:00:00,A013-BAT,Battery,72.637,2.731,81.137,52.683,1769.343,147.187,23.384,72.676,239,49.365,28.02,Normal,0,0
A013,2025-01-02 06:00:00,A013-BAT,Battery,75.636,2.281,76.376,55.423,1989.9,150.7,23.393,77.238,455,64.385,34.443,Normal,0,0
A013,2025-01-02 23:00:00,A013-BAT,Battery,70.472,2.707,77.934,52.698,1843.528,151.319,23.98,77.535,191,58.075,36.664,Normal,0,0
A013,2025-01-03 00:00:00,A013-BAT,Battery,71.842,2.623,82.616,55.619,1725.971,150.747,24.039,76.602,489,52.359,23.601,Normal,0,0
A013,2025-01-03 03:00:00,A013-BAT,Battery,74.079,2.697,77.887,52.564,1756.228,151.947,23.931,78.487,285,62.628,26.14,Normal,0,0
A013,2025-01-03 08:00:00,A013-BAT,Battery,75.49,2.25,79.406,58.492,1821.323,151.734,23.266,76.767,504,45.672,21.38,Normal,0,0
A013,2025-01-03 09:00:00,A013-BAT,Battery,74.332,2.255,76.321,53.182,1811.583,148.344,23.198,75.066,461,61.329,34.193,Normal,0,0
A013,2025-01-03 14:00:00,A013-BAT,Battery,72.711,2.354,75.223,54.258,1767.165,143.137,23.913,72.636,385,54.585,22.098,Normal,0,0
A013,2025-01-04 01:00:00,A013-BAT,Battery,78.053,2.975,74.376,54.125,1751.131,144.311,23.414,77.354,315,52.133,29.697,Normal,0,0
A013,2025-01-04 09:00:00,A013-BAT,Battery,72.858,2.409,78.29,54.841,1928.236,143.805,23.131,74.157,287,64.129,36.003,Normal,0,0
A013,2025-01-04 11:00:00,A013-BAT,Battery,74.017,2.604,78.99,53.666,1928.991,143.037,24.318,79.59,202,50.949,28.459,Normal,0,0
A013,2025-01-04 16:00:00,A013-BAT,Battery,73.76,2.733,77.873,56.296,1761.381,145.804,24.043,77.803,542,65.928,25.155,Normal,0,0
A013,2025-01-04 17:00:00,A013-BAT,Battery,80.192,3.353,74.906,53.939,1828.906,149.567,24.158,75.463,408,52.014,31.355,Normal,0,0
A013,2025-01-04 18:00:00,A013-BAT,Battery,78.923,3.048,76.324,53.892,1806.752,143.41,23.314,79.767,391,73.067,23.169,Normal,0,0
A013,2025-01-04 20:00:00,A013-BAT,Battery,76.632,2.108,77.112,50.975,1864.646,148.689,24.076,77.397,308,70.469,32.862,Normal,0,0
A013,2025-01-05 01:00:00,A013-BAT,Battery,73.474,3.172,81.046,53.202,1905.86,151.734,23.65,76.033,408,79.302,33.831,Normal,0,0
A013,2025-01-05 02:00:00,A013-BAT,Battery,72.702,3.082,74.299,52.212,1723.056,158.417,23.602,78.186,506,49.978,29.055,Normal,0,0
A013,2025-01-05 06:00:00,A013-BAT,Battery,74.886,2.864,77.724,53.223,1809.062,142.748,23.268,73.743,495,67.619,28.361,Normal,0,0
A013,2025-01-05 08:00:00,A013-BAT,Battery,82.428,2.84,79.902,52.346,1931.426,146.456,23.419,75.721,227,57.321,34.879,Normal,0,0
A013,2025-01-05 10:00:00,A013-BAT,Battery,76.43,2.541,75.142,53.868,1597.06,151.227,23.336,76.553,337,60.443,31.879,Normal,0,0
A013,2025-01-05 11:00:00,A013-BAT,Battery,77.221,2.854,73.672,54.723,1882.849,145.156,24.17,79.968,288,63.061,23.884,Normal,0,0
A013,2025-01-05 14:00:00,A013-BAT,Battery,77.358,3.019,72.246,55.868,1814.058,148.109,23.745,79.612,413,72.756,29.732,Normal,0,0
A013,2025-01-06 01:00:00,A013-BAT,Battery,72.891,3.267,76.327,56.118,1698.644,147.673,23.74,78.881,304,67.697,33.257,Normal,0,1
A013,2025-01-06 04:00:00,A013-BAT,Battery,73.23,3.209,73.891,55.708,1868.809,143.955,23.687,74.927,553,63.361,32.119,Normal,0,0
A013,2025-01-06 07:00:00,A013-BAT,Battery,73.15,2.733,74.918,55.109,1928.647,143.031,24.024,77.619,321,59.299,38.502,Normal,0,0
A013,2025-01-07 02:00:00,A013-BAT,Battery,76.483,3.078,72.512,57.204,1712.255,155.985,23.572,78.315,531,55.473,27.386,Normal,0,0
A013,2025-01-07 06:00:00,A013-BAT,Battery,77.771,2.728,66.199,50.823,1701.089,146.683,23.815,75.873,643,51.982,21.62,Normal,0,0
A013,2025-01-07 13:00:00,A013-BAT,Battery,79.606,2.931,76.039,50.794,1813.712,140.088,23.415,83.727,465,64.556,27.116,Normal,0,0
A013,2025-01-07 19:00:00,A013-BAT,Battery,81.76,3.012,72.746,54.415,1712.718,145.103,23.788,77.046,378,52.967,28.222,Normal,0,0
A013,2025-01-08 02:00:00,A013-BAT,Battery,76.452,3.055,73.377,53.692,1659.661,149.501,23.561,78.515,553,65.683,28.974,Normal,0,0
A013,2025-01-08 03:00:00,A013-BAT,Battery,75.991,3.356,71.088,55.821,1769.067,151.366,23.99,79.156,443,71.077,33.152,Normal,0,1
A013,2025-01-08 12:00:00,A013-BAT,Battery,77.76,2.504,75.408,53.095,1796.232,145.461,23.715,79.871,337,55.47,29.438,Normal,0,0
A013,2025-01-08 17:00:00,A013-BAT,Battery,72.121,3.67,70.881,55.604,1875.693,146.483,23.604,78.222,285,51.168,35.689,Normal,0,1
A013,2025-01-08 20:00:00,A013-BAT,Battery,80.976,3.328,70.472,50.586,1858.518,149.805,23.877,79.503,638,67.403,32.387,Normal,0,1
A013,2025-01-09 08:00:00,A013-BAT,Battery,79.187,2.464,75.233,52.161,1781.315,141.928,23.463,80.141,490,55.718,30.163,Normal,0,1
A013,2025-01-09 13:00:00,A013-BAT,Battery,77.691,3.33,72.566,54.834,1808.975,144.073,23.906,79.352,550,70.659,23.445,Normal,0,1
A013,2025-01-09 16:00:00,A013-BAT,Battery,75.499,3.695,75.798,54.328,1901.389,143.097,23.954,78.13,701,69.006,43.86,Normal,0,0
A013,2025-01-09 17:00:00,A013-BAT,Battery,77.74,3.964,70.737,53.359,1857.738,147.005,24.461,77.709,408,79.419,18.688,Warning,1,0
A013,2025-01-09 18:00:00,A013-BAT,Battery,82.829,3.799,73.496,54.422,1821.867,153.479,22.938,78.92,561,73.387,35.264,Warning,1,1
A013,2025-01-09 20:00:00,A013-BAT,Battery,74.416,2.877,73.842,55.876,1731.407,143.806,23.585,81.904,591,74.135,31.104,Normal,0,0
A013,2025-01-10 04:00:00,A013-BAT,Battery,97.058,6.42,61.637,54.897,1727.44,130.37,23.043,78.341,404,88.6,38.341,Warning,1,1
A013,2025-01-10 07:00:00,A013-BAT,Battery,79.6,3.8,72.17,52.119,1754.98,154.51,23.265,83.738,399,63.659,23.077,Normal,0,0
A013,2025-01-10 09:00:00,A013-BAT,Battery,81.838,3.041,74.384,55.874,1836.902,151.798,22.948,80.46,551,62.293,26.696,Normal,0,1
A013,2025-01-11 00:00:00,A013-BAT,Battery,79.346,2.964,73.764,51.898,1890.276,150.474,23.044,80.296,432,67.698,36.772,Normal,0,0
A013,2025-01-11 02:00:00,A013-BAT,Battery,77.16,2.848,72.309,51.736,1825.484,138.47,23.439,80.408,378,54.503,31.811,Normal,0,0
A013,2025-01-11 03:00:00,A013-BAT,Battery,76.679,2.557,71.911,51.404,1687.866,149.245,23.346,84.355,424,71.936,32.764,Normal,0,0
A013,2025-01-11 04:00:00,A013-BAT,Battery,81.356,3.925,69.362,55.183,1825.998,151.199,23.471,80.642,393,70.91,28.235,Warning,1,0
A013,2025-01-11 05:00:00,A013-BAT,Battery,79.752,3.583,72.429,52.508,1895.066,149.292,23.104,79.04,716,67.32,26.882,Normal,0,0
A013,2025-01-11 11:00:00,A013-BAT,Battery,77.961,3.482,72.217,54.593,1905.807,151.748,23.802,84.917,628,66.25,41.498,Normal,0,0
A013,2025-01-11 17:00:00,A013-BAT,Battery,77.363,3.533,72.141,54.901,1855.733,150.1,23.401,83.761,576,57.551,22.722,Normal,0,1
A013,2025-01-11 22:00:00,A013-BAT,Battery,79.432,3.135,74.476,54.428,1741.202,146.052,23.17,82.02,540,65.872,38.683,Normal,0,0
A013,2025-01-12 01:00:00,A013-BAT,Battery,80.115,3.571,71.863,54.171,1871.534,150.632,22.558,80.589,459,77.698,26.509,Warning,1,0
A013,2025-01-12 02:00:00,A013-BAT,Battery,80.878,3.658,72.863,50.195,1988.543,141.444,24.072,77.329,541,70.582,22.962,Warning,1,0
A013,2025-01-12 05:00:00,A013-BAT,Battery,80.894,3.549,70.135,51.765,1827.756,147.02,23.344,81.993,562,67.966,34.619,Warning,1,1
A013,2025-01-12 06:00:00,A013-BAT,Battery,82.678,3.451,67.306,52.295,1991.203,145.633,23.188,82.089,684,73.706,26.724,Warning,1,1
A013,2025-01-12 12:00:00,A013-BAT,Battery,78.901,3.124,75.554,53.426,1706.919,144.432,23.545,79.515,456,69.596,29.33,Normal,0,0
A013,2025-01-12 16:00:00,A013-BAT,Battery,78.346,3.629,74.977,52.426,1795.418,152.147,23.023,80.917,400,69.702,39.279,Warning,1,1
A013,2025-01-12 17:00:00,A013-BAT,Battery,78.548,3.715,70.636,52.612,1782.781,150.492,23.819,80.324,593,80.063,29.597,Warning,1,0
A013,2025-01-12 18:00:00,A013-BAT,Battery,79.952,3.469,72.723,54.096,2077.2,149.102,22.739,84.794,745,76.725,29.764,Warning,1,1
A013,2025-01-12 20:00:00,A013-BAT,Battery,78.382,3.072,72.067,51.465,1899.835,146.829,22.694,81.806,717,64.068,29.792,Normal,0,0
A013,2025-01-12 21:00:00,A013-BAT,Battery,93.65,5.961,67.866,53.655,1711.218,126.782,23.038,83.075,487,85.576,24.648,Warning,1,1
A013,2025-01-13 04:00:00,A013-BAT,Battery,81.251,3.529,71.872,54.525,1871.612,154.717,23.755,80.696,451,70.303,33.9,Warning,1,0
A013,2025-01-13 08:00:00,A013-BAT,Battery,78.263,3.371,70.92,50.173,1836.821,152.174,23.229,84.08,790,84.907,33.036,Warning,1,1
A013,2025-01-13 16:00:00,A013-BAT,Battery,76.733,3.305,67.944,53.896,1886.177,155.233,24.169,83.098,476,67.75,28.045,Warning,1,1
A013,2025-01-13 20:00:00,A013-BAT,Battery,83.347,3.765,71.117,50.682,1877.36,149.3,23.465,81.137,576,100.0,31.1,Warning,1,0
A013,2025-01-14 05:00:00,A013-BAT,Battery,78.975,3.841,69.933,52.91,1684.534,147.204,23.342,79.803,664,75.243,34.512,Warning,1,1
A013,2025-01-14 10:00:00,A013-BAT,Battery,81.714,4.132,69.189,50.477,1708.583,149.398,22.97,79.682,808,81.655,22.447,Warning,1,0
A013,2025-01-14 14:00:00,A013-BAT,Battery,83.381,3.489,67.535,52.129,1711.323,151.827,22.758,82.89,748,68.592,23.823,Warning,1,0
A013,2025-01-14 16:00:00,A013-BAT,Battery,87.694,3.864,66.475,49.03,1867.502,142.366,22.97,78.824,736,70.208,34.561,Warning,1,0
A013,2025-01-14 17:00:00,A013-BAT,Battery,97.223,6.287,58.329,53.319,1748.354,134.269,22.671,85.717,611,79.675,28.202,Warning,1,1
A013,2025-01-14 18:00:00,A013-BAT,Battery,86.952,3.898,68.528,52.657,1868.437,146.563,23.277,82.011,704,72.318,31.706,Warning,1,0
A013,2025-01-14 19:00:00,A013-BAT,Battery,75.532,3.674,71.033,52.103,1803.163,152.267,22.833,84.005,557,87.571,24.819,Warning,1,1
A013,2025-01-14 21:00:00,A013-BAT,Battery,81.09,3.572,74.153,51.194,1596.448,144.831,23.039,82.842,570,81.108,32.001,Warning,1,1
A013,2025-01-15 00:00:00,A013-BAT,Battery,84.157,3.524,71.081,52.201,1755.47,151.039,22.812,81.889,557,64.921,29.677,Warning,1,0
A013,2025-01-15 05:00:00,A013-BAT,Battery,79.079,3.673,71.213,51.92,1963.271,151.846,22.535,83.029,714,82.476,29.583,Warning,1,0
A013,2025-01-15 22:00:00,A013-BAT,Battery,80.991,4.141,68.81,54.718,1742.281,147.041,22.469,83.882,746,67.622,38.014,Warning,1,1
A013,2025-01-16 07:00:00,A013-BAT,Battery,86.902,3.785,71.031,49.643,1710.257,141.499,22.321,86.351,755,76.727,35.595,Warning,1,1
A013,2025-01-16 13:00:00,A013-BAT,Battery,83.658,3.791,67.775,51.415,1619.379,144.075,22.386,87.414,631,82.595,34.565,Warning,1,1
A013,2025-01-16 14:00:00,A013-BAT,Battery,84.716,3.786,66.269,50.12,1859.337,147.835,22.398,86.623,691,73.735,23.59,Warning,1,0
A013,2025-01-16 18:00:00,A013-BAT,Battery,95.958,7.972,65.159,55.394,1893.84,141.276,22.942,85.683,533,60.871,29.227,Warning,1,1
A013,2025-01-16 22:00:00,A013-BAT,Battery,100.491,8.079,65.737,54.945,1809.87,131.638,23.085,82.311,817,79.018,26.281,Warning,1,1
A013,2025-01-17 00:00:00,A013-BAT,Battery,82.51,3.421,70.25,52.129,1859.515,144.999,23.153,84.504,570,75.853,30.437,Warning,1,0
A013,2025-01-17 06:00:00,A013-BAT,Battery,85.742,4.394,72.894,51.765,1896.492,144.153,23.116,83.272,886,65.614,32.664,Warning,1,1
A013,2025-01-17 12:00:00,A013-BAT,Battery,80.776,4.772,67.515,52.451,1687.46,132.956,23.411,85.013,505,60.771,24.869,Warning,1,1
A013,2025-01-17 14:00:00,A013-BAT,Battery,87.551,4.35,66.152,52.719,1870.94,140.92,22.395,82.966,872,66.593,35.237,Warning,1,1
A013,2025-01-17 15:00:00,A013-BAT,Battery,83.071,4.755,68.127,50.949,1788.476,139.753,22.897,87.827,558,76.957,34.006,Warning,1,1
A014,2025-01-01 06:00:00,A014-BAT,Battery,72.204,2.291,78.463,54.395,1899.024,146.031,24.089,78.182,450,50.032,32.566,Normal,0,0
A014,2025-01-01 08:00:00,A014-BAT,Battery,72.605,2.27,76.394,53.027,1787.737,148.384,24.214,73.022,321,42.436,29.242,Normal,0,0
A014,2025-01-01 12:00:00,A014-BAT,Battery,66.076,1.866,80.852,55.84,1798.454,148.048,23.661,74.158,157,54.37,28.73,Normal,0,0
A014,2025-01-01 14:00:00,A014-BAT,Battery,72.482,2.686,77.985,54.409,1817.716,149.91,24.608,76.399,266,43.228,22.545,Normal,0,0
A014,2025-01-01 21:00:00,A014-BAT,Battery,74.675,2.291,79.353,53.352,1713.134,141.028,24.042,76.78,153,46.555,22.082,Normal,0,0
A014,2025-01-02 03:00:00,A014-BAT,Battery,69.647,2.204,77.378,53.042,1788.591,144.439,24.186,76.854,488,55.295,25.807,Normal,0,0
A014,2025-01-02 05:00:00,A014-BAT,Battery,72.97,1.763,80.84,52.149,1720.31,145.762,24.13,73.486,235,54.026,26.632,Normal,0,0
A014,2025-01-02 06:00:00,A014-BAT,Battery,67.786,2.451,78.33,53.216,1835.532,145.783,23.534,73.457,442,50.672,27.002,Normal,0,0
A014,2025-01-02 09:00:00,A014-BAT,Battery,73.538,2.675,77.541,54.728,1885.486,157.634,23.969,73.329,166,54.974,29.068,Normal,0,0
A014,2025-01-02 18:00:00,A014-BAT,Battery,71.004,2.481,81.486,50.936,1902.416,146.294,24.372,77.783,262,41.792,27.09,Normal,0,0
A014,2025-01-02 19:00:00,A014-BAT,Battery,73.311,2.105,78.179,54.531,1664.895,150.805,23.743,78.827,165,60.183,30.921,Normal,0,0
A014,2025-01-02 23:00:00,A014-BAT,Battery,73.593,2.15,73.269,54.408,1894.639,150.664,23.362,74.924,247,47.102,29.081,Normal,0,0
A014,2025-01-03 00:00:00,A014-BAT,Battery,76.067,2.119,74.885,57.489,1972.884,147.769,23.939,76.641,482,58.248,24.415,Normal,0,0
A014,2025-01-03 03:00:00,A014-BAT,Battery,69.437,3.059,78.249,56.513,1753.212,145.246,22.756,75.641,203,38.059,30.472,Normal,0,0
A014,2025-01-03 04:00:00,A014-BAT,Battery,79.671,2.475,77.886,53.208,1729.661,145.676,24.363,75.516,484,68.67,25.356,Normal,0,0
A014,2025-01-03 05:00:00,A014-BAT,Battery,72.129,2.354,77.119,55.716,1860.343,152.662,23.512,76.967,342,47.471,36.643,Normal,0,0
A014,2025-01-03 08:00:00,A014-BAT,Battery,75.008,2.974,77.894,53.625,1934.449,151.047,23.407,76.012,511,48.742,25.771,Normal,0,0
A014,2025-01-03 10:00:00,A014-BAT,Battery,67.357,2.349,79.223,52.557,2033.305,148.689,24.023,78.795,533,56.597,29.467,Normal,0,0
A014,2025-01-03 21:00:00,A014-BAT,Battery,76.987,2.251,81.542,54.334,1823.951,147.675,23.688,79.49,377,51.014,34.714,Normal,0,0
A014,2025-01-04 00:00:00,A014-BAT,Battery,74.253,2.519,80.552,58.216,1801.391,147.131,23.714,76.339,479,47.907,22.506,Normal,0,0
A014,2025-01-04 02:00:00,A014-BAT,Battery,71.982,2.926,77.272,54.716,1659.422,145.944,23.55,78.414,413,60.472,27.149,Normal,0,0
A014,2025-01-04 08:00:00,A014-BAT,Battery,71.293,2.135,76.807,53.206,1791.684,153.748,23.924,76.407,287,53.569,22.087,Normal,0,0
A014,2025-01-04 10:00:00,A014-BAT,Battery,73.514,2.516,74.863,53.821,1753.79,146.997,24.019,77.975,337,60.953,40.391,Normal,0,0
A014,2025-01-04 13:00:00,A014-BAT,Battery,73.125,1.799,79.578,51.804,1751.523,147.765,23.263,75.459,328,56.43,27.51,Normal,0,0
A014,2025-01-04 18:00:00,A014-BAT,Battery,67.18,2.243,83.644,49.605,1696.123,139.143,23.176,73.573,342,44.287,38.58,Normal,0,0
A014,2025-01-05 00:00:00,A014-BAT,Battery,76.939,2.589,79.004,54.072,1790.059,149.302,23.659,77.824,346,59.445,23.902,Normal,0,0
A014,2025-01-05 01:00:00,A014-BAT,Battery,72.623,2.887,75.164,55.139,1813.483,152.338,23.686,75.844,432,48.983,38.279,Normal,0,0
A014,2025-01-05 05:00:00,A014-BAT,Battery,84.441,6.599,71.668,55.727,1888.474,135.982,24.038,75.757,519,61.324,31.602,Warning,1,0
A014,2025-01-05 12:00:00,A014-BAT,Battery,74.291,2.839,78.892,54.063,1725.588,152.15,24.334,80.184,534,57.615,31.319,Normal,0,0
A014,2025-01-05 15:00:00,A014-BAT,Battery,70.689,2.761,81.243,54.215,1748.032,146.486,23.836,77.895,526,51.839,33.267,Normal,0,0
A014,2025-01-05 18:00:00,A014-BAT,Battery,74.42,3.268,78.674,54.453,1796.017,147.379,23.805,79.907,429,51.25,33.756,Normal,0,0
A014,2025-01-05 19:00:00,A014-BAT,Battery,74.897,2.628,77.645,54.755,1865.084,156.902,23.912,73.929,324,53.342,29.824,Normal,0,1
A014,2025-01-05 20:00:00,A014-BAT,Battery,72.359,3.044,79.317,54.678,1874.757,145.492,24.055,80.432,537,59.205,31.527,Normal,0,0
A014,2025-01-05 21:00:00,A014-BAT,Battery,73.114,2.558,78.974,53.545,1736.507,152.889,23.121,79.381,395,45.602,20.948,Normal,0,0
A014,2025-01-05 23:00:00,A014-BAT,Battery,72.436,2.323,77.6,50.641,1630.652,149.298,23.953,79.795,466,58.345,35.985,Normal,0,0
A014,2025-01-06 00:00:00,A014-BAT,Battery,75.384,3.979,76.062,54.458,1956.364,150.717,23.052,81.438,534,58.231,15.81,Normal,0,0
A014,2025-01-06 06:00:00,A014-BAT,Battery,74.022,3.003,78.092,58.081,1649.006,147.398,24.053,78.699,447,54.269,25.338,Normal,0,1
A014,2025-01-06 08:00:00,A014-BAT,Battery,77.419,2.464,76.265,52.898,1781.324,153.505,23.646,82.443,430,61.171,33.507,Normal,0,1
A014,2025-01-06 13:00:00,A014-BAT,Battery,72.094,3.3,74.491,52.872,1893.517,148.479,23.562,77.816,479,51.121,30.905,Normal,0,0
A014,2025-01-06 16:00:00,A014-BAT,Battery,74.362,3.132,73.843,51.702,1818.548,146.907,23.644,78.254,611,52.515,28.658,Normal,0,0
A014,2025-01-07 01:00:00,A014-BAT,Battery,69.954,2.813,76.956,53.016,1674.681,147.065,23.649,76.323,383,55.547,29.682,Normal,0,0
A014,2025-01-07 04:00:00,A014-BAT,Battery,78.289,3.158,78.603,55.374,1822.056,145.8,23.297,80.76,263,66.449,31.228,Normal,0,0
A014,2025-01-07 06:00:00,A014-BAT,Battery,76.96,3.213,77.261,54.571,1622.3,147.72,23.777,81.148,458,62.365,40.439,Normal,0,1
A014,2025-01-07 08:00:00,A014-BAT,Battery,76.857,2.535,71.467,52.277,1798.892,141.544,24.116,81.176,328,64.97,30.454,Normal,0,0
A014,2025-01-07 10:00:00,A014-BAT,Battery,75.501,2.371,71.143,56.754,1743.069,139.18,23.798,77.866,467,57.218,30.586,Normal,0,0
A014,2025-01-07 19:00:00,A014-BAT,Battery,76.289,2.981,73.338,57.099,1629.347,150.683,23.796,77.302,475,60.686,25.596,Normal,0,0
A014,2025-01-07 21:00:00,A014-BAT,Battery,74.094,3.117,77.056,51.858,1805.45,147.655,22.592,76.282,504,67.088,26.361,Normal,0,0
A014,2025-01-07 22:00:00,A014-BAT,Battery,80.049,2.729,76.599,57.629,1886.697,147.211,23.315,78.251,611,53.986,36.311,Normal,0,0
A014,2025-01-08 00:00:00,A014-BAT,Battery,76.108,2.71,74.667,55.243,1687.957,152.676,23.478,77.516,515,56.317,30.995,Normal,0,0
A014,2025-01-08 06:00:00,A014-BAT,Battery,72.004,2.921,78.338,53.606,1771.779,148.869,23.821,78.788,308,47.056,30.79,Normal,0,0
A014,2025-01-08 07:00:00,A014-BAT,Battery,77.132,2.743,74.361,53.116,1815.573,148.936,23.295,79.773,381,62.13,32.787,Normal,0,0
A014,2025-01-08 09:00:00,A014-BAT,Battery,73.522,2.248,80.572,54.682,1761.671,142.137,23.159,78.18,316,54.851,28.387,Normal,0,1
A014,2025-01-08 11:00:00,A014-BAT,Battery,69.716,3.158,71.308,55.896,1724.123,149.424,23.433,81.505,280,60.535,37.852,Normal,0,0
A014,2025-01-08 19:00:00,A014-BAT,Battery,75.143,3.039,80.163,55.514,1861.907,139.702,23.093,81.358,403,57.144,27.401,Normal,0,0
A014,2025-01-08 21:00:00,A014-BAT,Battery,78.406,2.546,75.633,49.883,1910.403,147.409,22.868,78.424,515,61.045,25.343,Normal,0,0
A014,2025-01-09 00:00:00,A014-BAT,Battery,77.788,2.698,72.785,52.588,1818.725,148.192,22.915,77.244,539,61.181,32.896,Normal,0,0
A014,2025-01-09 01:00:00,A014-BAT,Battery,82.317,4.416,69.102,53.059,1658.892,142.081,23.423,80.242,574,67.225,29.092,Warning,1,0
A014,2025-01-09 18:00:00,A014-BAT,Battery,76.35,2.768,78.626,53.733,1842.324,147.844,23.385,84.559,419,65.848,43.151,Normal,0,0
A014,2025-01-09 19:00:00,A014-BAT,Battery,77.184,3.492,73.044,50.248,1809.191,153.234,23.146,81.435,577,55.934,34.721,Normal,0,1
A014,2025-01-10 00:00:00,A014-BAT,Battery,78.921,3.082,68.282,51.345,1709.663,152.087,23.055,76.605,334,67.15,30.456,Normal,0,0
A014,2025-01-10 01:00:00,A014-BAT,Battery,74.963,2.619,72.557,51.176,1816.731,147.539,23.338,82.962,398,66.165,34.177,Normal,0,0
A014,2025-01-10 08:00:00,A014-BAT,Battery,82.322,3.138,74.46,51.393,1638.957,149.681,23.239,80.618,499,58.952,26.411,Normal,0,1
A014,2025-01-10 11:00:00,A014-BAT,Battery,74.883,2.925,79.078,51.972,1765.106,146.258,23.064,77.52,632,76.8,20.845,Normal,0,0
A014,2025-01-10 15:00:00,A014-BAT,Battery,76.852,2.686,72.457,50.957,1784.526,148.541,23.447,79.131,725,70.356,30.715,Normal,0,0
A014,2025-01-11 00:00:00,A014-BAT,Battery,73.759,2.676,74.909,49.992,1788.206,153.692,23.061,79.209,516,50.112,25.595,Normal,0,0
A014,2025-01-11 09:00:00,A014-BAT,Battery,77.627,3.366,71.359,51.366,1770.712,150.213,23.326,77.936,365,53.033,21.358,Normal,0,0
A014,2025-01-11 13:00:00,A014-BAT,Battery,76.975,3.251,77.485,58.393,1772.874,145.413,23.183,82.142,466,57.113,23.186,Normal,0,1
A014,2025-01-11 21:00:00,A014-BAT,Battery,79.915,3.425,71.975,57.544,1768.994,144.196,23.635,83.33,645,59.3,33.389,Normal,0,0
A014,2025-01-11 22:00:00,A014-BAT,Battery,85.27,3.636,76.381,54.566,1687.2,147.465,23.06,81.447,736,65.201,21.426,Normal,0,0
A014,2025-01-11 23:00:00,A014-BAT,Battery,76.977,2.877,71.552,52.391,1698.509,152.02,23.483,87.005,418,60.324,34.302,Normal,0,0
A014,2025-01-12 05:00:00,A014-BAT,Battery,83.78,2.85,75.572,52.087,1744.971,150.661,23.273,82.187,600,51.531,25.169,Normal,0,1
A014,2025-01-12 06:00:00,A014-BAT,Battery,83.485,2.85,77.952,52.454,1807.112,146.157,23.279,83.144,452,73.313,28.778,Normal,0,0
A014,2025-01-12 12:00:00,A014-BAT,Battery,82.088,3.25,67.455,47.612,1943.41,146.882,23.111,77.463,539,64.218,24.727,Normal,0,0
A014,2025-01-12 13:00:00,A014-BAT,Battery,79.84,3.337,73.251,53.136,1639.401,146.202,23.241,81.766,600,77.337,28.679,Normal,0,0
A014,2025-01-12 14:00:00,A014-BAT,Battery,75.074,3.103,77.084,52.177,1897.495,149.395,23.994,82.858,628,66.124,30.447,Normal,0,0
A014,2025-01-12 18:00:00,A014-BAT,Battery,84.197,3.847,73.3,53.915,1774.493,144.686,23.225,80.501,412,69.548,30.208,Warning,1,1
A014,2025-01-12 21:00:00,A014-BAT,Battery,81.008,3.069,74.347,54.184,1754.412,148.097,23.133,78.189,450,61.754,25.851,Normal,0,0
A014,2025-01-12 23:00:00,A014-BAT,Battery,76.515,3.667,68.934,53.587,1620.79,143.83,23.277,84.01,573,73.012,33.436,Normal,0,0
A014,2025-01-13 06:00:00,A014-BAT,Battery,78.282,3.087,70.37,53.315,1877.865,150.601,22.24,83.291,766,58.177,32.951,Normal,0,0
A014,2025-01-13 11:00:00,A014-BAT,Battery,82.237,3.26,69.567,54.52,1907.21,144.424,22.829,80.73,633,68.947,34.558,Normal,0,1
A014,2025-01-13 15:00:00,A014-BAT,Battery,81.701,3.44,73.045,54.853,1575.349,154.817,23.488,85.949,659,59.787,30.191,Normal,0,0
A014,2025-01-13 16:00:00,A014-BAT,Battery,96.116,6.437,65.209,53.985,1736.754,122.751,23.125,80.911,675,69.289,26.033,Warning,1,1
A014,2025-01-13 21:00:00,A014-BAT,Battery,81.35,3.099,70.626,50.511,1934.003,151.016,22.691,80.933,627,58.966,22.575,Normal,0,0
A014,2025-01-14 00:00:00,A014-BAT,Battery,79.865,3.957,75.644,51.624,1938.139,148.649,22.174,82.588,514,82.24,29.216,Warning,1,1
A014,2025-01-14 01:00:00,A014-BAT,Battery,83.267,3.639,72.629,54.39,1746.66,141.582,23.196,82.251,808,71.034,31.032,Warning,1,1
A014,2025-01-14 03:00:00,A014-BAT,Battery,77.052,3.238,73.862,54.718,1666.319,152.334,23.559,84.91,621,77.949,28.108,Normal,0,0
A014,2025-01-14 09:00:00,A014-BAT,Battery,84.131,3.14,69.582,51.651,1947.413,150.16,23.442,81.923,557,57.643,37.108,Normal,0,0
A014,2025-01-14 12:00:00,A014-BAT,Battery,80.796,3.677,72.065,52.125,1884.167,149.896,23.237,80.123,663,59.436,31.966,Normal,0,0
A014,2025-01-14 22:00:00,A014-BAT,Battery,95.881,6.827,58.311,51.225,1657.569,134.119,23.314,83.33,529,67.082,22.159,Warning,1,1
A014,2025-01-14 23:00:00,A014-BAT,Battery,81.957,2.849,74.734,51.703,1752.615,141.917,23.185,85.289,612,63.734,33.214,Normal,0,0
A014,2025-01-15 01:00:00,A014-BAT,Battery,76.806,3.163,74.051,50.926,2014.834,143.802,22.664,84.099,707,72.256,36.826,Normal,0,1
A014,2025-01-15 05:00:00,A014-BAT,Battery,81.953,2.949,75.648,53.346,1751.799,147.031,23.392,84.237,599,72.746,37.521,Normal,0,0
A014,2025-01-15 06:00:00,A014-BAT,Battery,83.412,3.785,72.518,50.741,1960.213,141.08,22.814,82.141,711,78.003,29.114,Warning,1,0
A014,2025-01-15 09:00:00,A014-BAT,Battery,81.782,3.579,70.121,50.203,1756.859,146.419,22.859,81.369,808,87.33,25.993,Warning,1,0
A014,2025-01-15 11:00:00,A014-BAT,Battery,82.447,3.561,74.32,54.851,1540.395,144.383,22.743,84.052,582,66.654,32.226,Warning,1,1
A014,2025-01-15 12:00:00,A014-BAT,Battery,83.377,3.181,76.291,54.095,1639.114,142.461,23.04,82.808,841,68.502,24.46,Warning,1,0
A014,2025-01-15 18:00:00,A014-BAT,Battery,81.715,3.757,71.252,51.674,1936.898,139.088,23.569,81.139,640,69.271,31.826,Warning,1,0
A014,2025-01-16 03:00:00,A014-BAT,Battery,82.601,3.649,68.908,55.331,1761.343,151.184,22.173,83.222,792,83.009,29.288,Warning,1,0
A014,2025-01-16 06:00:00,A014-BAT,Battery,85.948,3.675,68.635,52.735,1611.078,144.04,22.753,85.07,855,74.532,26.303,Warning,1,0
A014,2025-01-16 09:00:00,A014-BAT,Battery,85.342,3.732,72.632,48.968,1655.618,141.697,22.754,84.019,705,73.731,35.112,Warning,1,1
A014,2025-01-16 10:00:00,A014-BAT,Battery,83.97,3.619,72.721,54.637,1765.118,151.2,22.391,85.707,576,66.057,31.123,Warning,1,1
A014,2025-01-16 21:00:00,A014-BAT,Battery,79.983,3.471,74.942,50.383,1846.699,148.618,23.071,86.384,511,71.697,29.493,Warning,1,1
A014,2025-01-17 05:00:00,A014-BAT,Battery,81.185,2.902,70.983,53.955,1746.927,143.745,23.008,83.815,623,71.62,34.475,Warning,1,1
A014,2025-01-17 11:00:00,A014-BAT,Battery,83.314,4.214,68.743,53.22,1759.052,145.507,23.099,87.307,809,68.589,33.752,Warning,1,1
A014,2025-01-17 14:00:00,A014-BAT,Battery,85.232,3.814,74.105,51.549,1755.333,140.617,22.434,84.616,690,66.276,26.443,Warning,1,1
A015,2025-01-01 04:00:00,A015-BAT,Battery,70.545,2.625,75.755,58.041,1893.613,145.964,24.418,75.915,105,57.416,29.093,Normal,0,0
A015,2025-01-01 10:00:00,A015-BAT,Battery,73.565,1.833,75.403,58.09,1827.136,144.287,23.743,75.031,354,61.145,29.507,Normal,0,0
A015,2025-01-01 11:00:00,A015-BAT,Battery,74.309,2.4,75.875,55.706,1777.616,150.667,23.784,74.149,323,62.469,30.571,Normal,0,0
A015,2025-01-01 12:00:00,A015-BAT,Battery,73.516,2.349,80.285,54.234,1816.259,145.04,23.745,76.853,135,53.27,30.461,Normal,0,0
A015,2025-01-01 13:00:00,A015-BAT,Battery,71.855,2.368,76.373,55.827,1838.614,155.108,24.203,73.553,420,48.378,34.653,Normal,0,1
A015,2025-01-01 14:00:00,A015-BAT,Battery,72.412,2.595,73.643,54.5,1976.33,148.505,23.953,74.944,354,65.822,24.077,Normal,0,0
A015,2025-01-01 21:00:00,A015-BAT,Battery,73.791,2.662,82.325,55.776,1749.564,148.046,24.117,77.215,335,44.271,28.763,Normal,0,0
A015,2025-01-01 22:00:00,A015-BAT,Battery,73.864,2.436,77.527,56.142,1974.061,152.344,23.533,81.19,198,45.32,31.949,Normal,0,0
A015,2025-01-01 23:00:00,A015-BAT,Battery,74.469,2.992,75.253,55.627,1854.7,159.126,24.106,73.274,226,65.357,27.784,Normal,0,0
A015,2025-01-02 00:00:00,A015-BAT,Battery,72.863,3.103,75.597,53.78,1844.691,140.672,23.984,75.759,215,47.594,29.915,Normal,0,1
A015,2025-01-02 01:00:00,A015-BAT,Battery,74.066,2.457,78.612,55.349,2070.127,153.781,23.74,72.186,376,49.063,19.789,Normal,0,0
A015,2025-01-02 06:00:00,A015-BAT,Battery,73.467,2.219,75.0,54.512,1787.885,151.811,23.673,74.466,520,61.779,39.493,Normal,0,0
A015,2025-01-02 08:00:00,A015-BAT,Battery,73.254,2.834,76.589,53.451,1815.368,146.991,24.214,75.845,296,46.695,30.778,Normal,0,0
A015,2025-01-02 13:00:00,A015-BAT,Battery,75.577,2.258,71.596,53.913,1844.971,152.872,23.974,73.912,368,61.062,31.973,Normal,0,0
A015,2025-01-02 15:00:00,A015-BAT,Battery,75.373,1.939,70.944,52.896,1796.121,142.703,23.811,72.622,440,55.426,31.088,Normal,0,0
A015,2025-01-02 23:00:00,A015-BAT,Battery,75.991,1.816,76.196,54.304,1775.959,143.807,23.928,78.615,493,72.66,38.244,Normal,0,0
A015,2025-01-03 00:00:00,A015-BAT,Battery,71.772,2.691,73.207,55.717,1777.852,148.782,23.76,71.209,539,40.653,34.279,Normal,0,0
A015,2025-01-03 09:00:00,A015-BAT,Battery,69.397,2.352,78.986,53.268,1797.381,148.371,23.589,76.103,213,48.313,22.595,Normal,0,0
A015,2025-01-03 10:00:00,A015-BAT,Battery,76.302,3.009,76.712,54.612,1722.669,152.428,23.923,75.074,294,54.03,24.367,Normal,0,0
A015,2025-01-03 12:00:00,A015-BAT,Battery,73.973,3.145,73.366,52.743,1742.877,148.891,23.877,75.72,177,46.364,29.514,Normal,0,0
A015,2025-01-03 17:00:00,A015-BAT,Battery,76.137,3.152,78.099,55.399,1871.608,149.632,23.983,77.833,502,47.111,26.318,Normal,0,1
A015,2025-01-03 23:00:00,A015-BAT,Battery,72.519,2.212,73.95,55.205,1590.098,154.984,23.806,76.022,276,52.255,32.365,Normal,0,0
A015,2025-01-04 09:00:00,A015-BAT,Battery,74.281,2.874,78.706,54.749,1877.246,152.064,24.004,80.727,202,60.808,29.616,Normal,0,1
A015,2025-01-04 15:00:00,A015-BAT,Battery,73.229,2.846,77.165,54.538,1708.835,160.053,23.556,78.085,509,53.689,25.301,Normal,0,0
A015,2025-01-05 01:00:00,A015-BAT,Battery,76.954,2.642,78.241,52.562,1811.038,146.646,23.487,73.049,576,67.511,35.803,Normal,0,1
A015,2025-01-05 02:00:00,A015-BAT,Battery,78.269,2.876,75.554,57.208,1682.897,141.007,23.862,77.033,305,49.968,30.86,Normal,0,0
A015,2025-01-05 09:00:00,A015-BAT,Battery,75.731,2.682,76.279,50.237,1770.089,149.122,23.757,78.281,208,60.753,36.285,Normal,0,0
A015,2025-01-05 10:00:00,A015-BAT,Battery,76.323,3.103,75.342,52.028,1886.338,150.255,24.298,76.155,526,61.451,32.164,Normal,0,0
A015,2025-01-05 12:00:00,A015-BAT,Battery,72.548,2.692,83.183,51.51,1843.046,157.687,23.247,80.876,305,72.367,28.678,Normal,0,0
A015,2025-01-05 13:00:00,A015-BAT,Battery,75.497,3.074,75.263,51.056,1791.577,150.177,23.853,80.325,577,44.386,35.156,Normal,0,0
A015,2025-01-05 15:00:00,A015-BAT,Battery,77.794,2.29,69.101,53.388,1734.897,151.21,23.439,76.599,352,74.478,36.371,Normal,0,0
A015,2025-01-05 20:00:00,A015-BAT,Battery,74.732,2.931,71.194,54.087,2056.994,145.71,23.944,78.338,344,56.697,36.567,Normal,0,0
A015,2025-01-05 23:00:00,A015-BAT,Battery,77.53,2.651,76.755,53.356,1772.182,153.404,23.866,80.316,576,41.262,32.275,Normal,0,0
A015,2025-01-06 02:00:00,A015-BAT,Battery,75.665,2.76,72.022,55.015,1751.582,151.265,23.51,75.878,551,55.749,32.193,Normal,0,1
A015,2025-01-06 03:00:00,A015-BAT,Battery,73.118,3.365,77.896,55.991,1875.229,145.664,23.463,82.067,490,69.651,32.879,Normal,0,1
A015,2025-01-06 04:00:00,A015-BAT,Battery,74.826,2.822,75.504,56.645,1999.996,154.812,23.216,76.756,310,53.734,35.94,Normal,0,0
A015,2025-01-06 07:00:00,A015-BAT,Battery,75.083,2.347,72.843,53.333,1736.869,149.604,23.203,76.009,463,71.439,34.969,Normal,0,0
A015,2025-01-06 08:00:00,A015-BAT,Battery,78.452,2.852,78.628,54.587,1724.327,154.013,23.491,75.919,260,73.401,33.371,Normal,0,1
A015,2025-01-06 14:00:00,A015-BAT,Battery,78.307,2.919,78.193,56.819,1700.69,148.087,24.046,76.897,311,69.229,17.605,Normal,0,0
A015,2025-01-06 18:00:00,A015-BAT,Battery,75.395,3.066,75.252,55.324,1875.54,151.502,23.624,78.126,344,67.482,25.89,Normal,0,0
A015,2025-01-06 20:00:00,A015-BAT,Battery,75.521,3.528,74.813,50.619,1692.146,145.158,23.169,79.572,489,54.768,28.602,Normal,0,0
A015,2025-01-06 21:00:00,A015-BAT,Battery,79.15,3.066,66.544,52.673,1880.348,150.497,24.321,78.01,264,64.742,25.585,Normal,0,0
A015,2025-01-06 22:00:00,A015-BAT,Battery,83.565,2.749,73.466,54.097,1884.652,151.649,22.993,81.164,450,60.493,16.607,Normal,0,0
A015,2025-01-07 01:00:00,A015-BAT,Battery,72.858,2.827,77.097,55.073,1746.049,158.565,23.19,79.725,299,57.756,36.069,Normal,0,0
A015,2025-01-07 05:00:00,A015-BAT,Battery,79.689,3.235,77.308,52.826,1946.833,148.835,23.303,74.619,529,58.125,27.372,Normal,0,0
A015,2025-01-07 07:00:00,A015-BAT,Battery,90.368,6.986,59.218,56.001,1893.29,144.988,22.918,79.179,628,69.022,30.241,Warning,1,0
A015,2025-01-07 11:00:00,A015-BAT,Battery,73.723,2.977,72.403,55.969,1665.196,142.597,23.13,79.601,289,64.172,28.443,Normal,0,1
A015,2025-01-07 12:00:00,A015-BAT,Battery,77.233,3.064,74.36,54.299,1838.888,155.775,23.777,75.858,500,69.268,29.182,Normal,0,0
A015,2025-01-07 13:00:00,A015-BAT,Battery,77.811,3.269,71.429,52.962,1754.149,145.704,22.991,76.772,491,60.214,33.073,Normal,0,0
A015,2025-01-07 17:00:00,A015-BAT,Battery,75.004,2.871,71.478,52.699,1891.557,146.068,23.465,77.596,420,68.811,26.952,Normal,0,0
A015,2025-01-07 19:00:00,A015-BAT,Battery,77.319,3.553,70.552,50.336,1724.656,152.548,22.794,79.317,624,67.082,30.009,Normal,0,0
A015,2025-01-08 01:00:00,A015-BAT,Battery,79.507,3.121,77.004,54.089,1808.297,150.427,23.27,85.207,537,64.75,29.076,Normal,0,0
A015,2025-01-08 02:00:00,A015-BAT,Battery,73.469,2.944,74.67,52.242,1797.72,147.362,22.917,80.572,439,70.735,30.984,Normal,0,0
A015,2025-01-08 04:00:00,A015-BAT,Battery,79.456,3.445,78.618,56.466,1838.947,149.265,23.398,82.947,374,56.762,24.811,Normal,0,0
A015,2025-01-08 13:00:00,A015-BAT,Battery,77.846,4.025,73.626,57.113,1749.72,145.921,22.755,80.748,630,69.974,30.447,Normal,0,0
A015,2025-01-08 23:00:00,A015-BAT,Battery,76.121,3.22,77.935,54.085,1848.684,149.53,23.179,76.481,676,68.07,37.341,Normal,0,0
A015,2025-01-09 00:00:00,A015-BAT,Battery,80.801,3.566,75.111,54.112,1744.317,146.94,23.78,78.15,436,58.02,33.676,Normal,0,0
A015,2025-01-09 02:00:00,A015-BAT,Battery,76.973,3.797,74.77,54.879,1890.047,150.736,23.508,80.296,509,77.313,24.115,Normal,0,1
A015,2025-01-09 12:00:00,A015-BAT,Battery,79.605,3.259,72.288,54.176,1824.205,147.409,23.295,79.061,507,53.963,37.119,Normal,0,0
A015,2025-01-09 15:00:00,A015-BAT,Battery,79.206,3.444,74.505,50.099,1817.836,153.298,22.964,78.326,403,49.948,27.748,Normal,0,1
A015,2025-01-09 20:00:00,A015-BAT,Battery,82.162,3.442,69.159,53.846,1685.978,145.646,23.524,80.232,506,65.623,25.883,Normal,0,0
A015,2025-01-09 21:00:00,A015-BAT,Battery,79.337,3.113,71.729,53.691,1950.485,143.869,23.558,82.035,440,70.141,34.564,Normal,0,0
A015,2025-01-09 22:00:00,A015-BAT,Battery,75.853,2.861,75.716,52.477,1770.782,150.386,23.315,81.771,573,65.445,24.85,Normal,0,0
A015,2025-01-09 23:00:00,A015-BAT,Battery,80.524,3.046,74.545,52.459,1731.201,148.159,23.627,80.929,381,60.469,23.262,Normal,0,1
A015,2025-01-10 00:00:00,A015-BAT,Battery,92.52,5.497,62.316,55.345,1798.407,131.581,23.506,81.247,601,69.456,39.55,Warning,1,1
A015,2025-01-10 14:00:00,A015-BAT,Battery,84.305,3.139,71.069,55.093,1752.536,143.248,23.613,83.459,685,63.342,29.825,Normal,0,0
A015,2025-01-10 19:00:00,A015-BAT,Battery,76.772,3.171,70.054,52.995,1835.792,148.393,23.382,75.865,563,63.829,36.394,Normal,0,1
A015,2025-01-11 01:00:00,A015-BAT,Battery,78.825,3.299,72.945,51.824,1730.21,146.677,23.133,77.464,571,60.799,29.308,Normal,0,0
A015,2025-01-11 02:00:00,A015-BAT,Battery,84.433,3.348,72.705,52.156,1776.081,139.416,23.274,84.986,373,75.222,21.843,Warning,1,1
A015,2025-01-11 12:00:00,A015-BAT,Battery,79.361,3.548,70.166,55.6,1871.612,158.728,23.349,81.033,540,84.712,20.673,Warning,1,0
A015,2025-01-11 16:00:00,A015-BAT,Battery,76.913,3.149,71.102,55.47,1819.174,144.54,22.974,82.281,410,66.417,24.734,Normal,0,0
A015,2025-01-12 23:00:00,A015-BAT,Battery,82.457,3.607,72.897,48.479,1726.996,144.562,22.637,80.419,754,76.96,31.853,Warning,1,1
A015,2025-01-13 01:00:00,A015-BAT,Battery,84.854,6.086,72.284,51.623,1895.212,121.369,22.67,82.206,600,71.575,27.033,Warning,1,1
A015,2025-01-13 09:00:00,A015-BAT,Battery,86.373,3.588,73.913,53.629,1835.728,148.965,22.964,79.719,567,84.284,22.401,Warning,1,1
A015,2025-01-13 10:00:00,A015-BAT,Battery,83.096,3.752,74.325,55.49,1671.434,151.545,23.085,80.94,589,62.961,31.295,Warning,1,1
A015,2025-01-13 11:00:00,A015-BAT,Battery,82.345,3.823,74.325,55.072,1936.7,145.221,22.847,82.306,702,67.697,23.438,Warning,1,0
A015,2025-01-13 15:00:00,A015-BAT,Battery,77.99,3.322,78.943,54.365,1730.336,149.889,23.134,87.826,537,72.422,28.721,Normal,0,0
A015,2025-01-13 21:00:00,A015-BAT,Battery,77.766,3.561,70.656,52.34,1909.837,141.137,23.059,81.493,533,70.511,34.159,Warning,1,1
A015,2025-01-13 23:00:00,A015-BAT,Battery,82.868,3.664,70.72,53.183,1846.785,148.075,23.004,87.019,533,84.612,25.9,Warning,1,1
A015,2025-01-14 00:00:00,A015-BAT,Battery,78.911,4.529,69.902,48.62,1725.917,144.384,23.347,82.866,503,61.133,15.305,Warning,1,0
A015,2025-01-14 03:00:00,A015-BAT,Battery,84.136,3.466,71.385,54.973,1937.355,143.998,22.763,82.556,506,63.962,36.256,Warning,1,1
A015,2025-01-14 05:00:00,A015-BAT,Battery,82.166,4.008,72.226,54.496,1804.384,145.065,22.584,78.062,567,69.596,17.367,Warning,1,0
A015,2025-01-14 08:00:00,A015-BAT,Battery,98.788,5.47,58.969,49.817,1691.689,130.041,23.092,83.086,505,79.331,36.35,Warning,1,1
A015,2025-01-14 12:00:00,A015-BAT,Battery,84.514,3.266,70.665,51.902,1915.891,143.673,22.608,82.86,603,64.799,34.812,Warning,1,1
A015,2025-01-14 18:00:00,A015-BAT,Battery,81.692,3.137,65.981,50.881,1724.437,141.383,23.503,80.107,530,67.583,40.707,Warning,1,0
A015,2025-01-14 23:00:00,A015-BAT,Battery,83.206,3.679,69.437,51.922,1630.253,139.356,22.45,80.324,753,71.585,27.475,Warning,1,1
A015,2025-01-15 03:00:00,A015-BAT,Battery,80.65,3.518,69.25,53.248,1942.684,139.8,23.341,85.434,757,76.243,28.959,Warning,1,1
A015,2025-01-15 15:00:00,A015-BAT,Battery,86.508,3.687,64.665,51.433,1733.519,141.876,23.087,81.798,674,62.674,26.411,Warning,1,1
A015,2025-01-15 17:00:00,A015-BAT,Battery,79.714,3.884,75.602,50.99,1663.182,143.429,23.092,83.908,492,80.006,28.059,Warning,1,0
A015,2025-01-15 22:00:00,A015-BAT,Battery,85.286,3.927,65.422,56.046,1953.051,143.502,22.327,81.682,482,66.49,31.277,Warning,1,1
A015,2025-01-16 02:00:00,A015-BAT,Battery,83.316,3.804,69.387,52.073,1752.71,145.448,22.818,87.285,589,73.577,25.112,Warning,1,0
A015,2025-01-16 05:00:00,A015-BAT,Battery,84.291,3.745,67.702,53.63,1698.889,150.717,22.942,82.052,526,63.603,28.34,Warning,1,1
A015,2025-01-16 07:00:00,A015-BAT,Battery,85.568,3.802,72.601,52.319,1665.937,150.491,22.685,80.665,479,100.0,24.59,Warning,1,0
A015,2025-01-16 18:00:00,A015-BAT,Battery,85.085,3.813,68.391,51.996,1745.084,150.745,23.171,84.594,620,70.565,28.394,Warning,1,0
A015,2025-01-16 23:00:00,A015-BAT,Battery,84.312,3.214,69.15,53.596,1756.961,147.351,22.18,82.343,866,81.357,33.157,Warning,1,1
A015,2025-01-17 02:00:00,A015-BAT,Battery,82.929,4.42,69.294,50.555,1947.885,144.046,22.78,84.13,788,64.002,27.864,Warning,1,1
A015,2025-01-17 03:00:00,A015-BAT,Battery,93.952,6.383,62.54,53.942,1936.46,135.903,22.86,84.577,809,76.178,24.546,Warning,1,1
A015,2025-01-17 05:00:00,A015-BAT,Battery,80.263,3.606,71.828,50.74,1762.835,147.235,22.721,84.902,854,76.094,28.202,Warning,1,1
A015,2025-01-17 09:00:00,A015-BAT,Battery,81.701,3.532,68.821,51.303,1783.736,148.029,23.457,82.77,802,80.22,26.863,Warning,1,0
A015,2025-01-17 12:00:00,A015-BAT,Battery,84.373,4.069,70.071,56.057,1881.967,145.331,22.928,84.468,622,73.785,34.414,Warning,1,1
A015,2025-01-17 15:00:00,A015-BAT,Battery,85.272,4.224,69.947,49.056,1766.395,140.869,22.758,86.524,562,78.754,30.238,Warning,1,1
A016,2025-01-01 02:00:00,A016-BAT,Battery,76.052,2.438,78.273,54.281,1713.509,153.752,23.978,74.391,401,61.391,37.491,Normal,0,0
A016,2025-01-01 03:00:00,A016-BAT,Battery,73.389,2.756,68.568,53.023,1761.343,151.028,23.991,70.133,489,50.334,22.149,Normal,0,0
A016,2025-01-01 07:00:00,A016-BAT,Battery,72.191,2.586,76.209,54.755,1887.637,144.88,23.76,77.576,456,43.716,35.806,Normal,0,1
A016,2025-01-01 09:00:00,A016-BAT,Battery,73.085,1.795,77.387,53.99,1881.241,146.331,23.782,73.879,274,51.368,30.426,Normal,0,0
A016,2025-01-01 14:00:00,A016-BAT,Battery,73.003,2.569,74.521,55.538,1963.374,150.652,24.054,72.607,136,60.075,27.104,Normal,0,0
A016,2025-01-01 15:00:00,A016-BAT,Battery,71.602,2.686,73.756,55.086,1773.968,149.491,23.248,76.388,396,73.904,27.928,Normal,0,0
A016,2025-01-01 20:00:00,A016-BAT,Battery,72.045,2.576,76.144,52.761,1776.643,146.424,23.705,76.956,353,45.046,31.644,Normal,0,0
A016,2025-01-01 21:00:00,A016-BAT,Battery,72.845,2.22,77.537,51.184,1791.142,144.435,23.706,74.837,129,60.263,21.504,Normal,0,0
A016,2025-01-01 22:00:00,A016-BAT,Battery,69.039,2.374,75.564,53.651,1819.072,142.875,23.943,74.574,316,54.0,34.342,Normal,0,0
A016,2025-01-02 07:00:00,A016-BAT,Battery,75.772,2.917,76.243,53.568,1978.06,151.157,24.008,73.809,314,57.22,31.612,Normal,0,0
A016,2025-01-02 10:00:00,A016-BAT,Battery,71.805,2.201,79.039,54.843,1818.806,149.433,23.853,76.238,393,46.491,31.947,Normal,0,0
A016,2025-01-02 13:00:00,A016-BAT,Battery,72.552,1.819,76.391,53.495,1824.913,161.83,23.949,76.855,439,49.35,30.87,Normal,0,1
A016,2025-01-03 02:00:00,A016-BAT,Battery,80.361,2.343,72.988,57.483,1821.825,154.335,23.42,73.769,287,48.19,16.099,Normal,0,1
A016,2025-01-03 04:00:00,A016-BAT,Battery,72.755,2.502,73.999,55.445,1845.23,149.319,23.957,79.849,538,59.432,23.335,Normal,0,0
A016,2025-01-03 06:00:00,A016-BAT,Battery,74.329,2.439,78.43,55.379,1826.436,147.876,23.837,74.889,185,54.983,27.897,Normal,0,1
A016,2025-01-03 20:00:00,A016-BAT,Battery,76.24,3.072,70.291,53.63,1849.59,157.533,24.209,79.105,424,78.814,29.574,Normal,0,0
A016,2025-01-03 22:00:00,A016-BAT,Battery,74.649,2.933,79.059,59.4,1737.094,149.119,24.138,76.873,373,47.314,33.974,Normal,0,0
A016,2025-01-03 23:00:00,A016-BAT,Battery,76.662,2.93,79.544,54.219,1830.806,148.4,24.062,74.112,279,50.643,30.165,Normal,0,0
A016,2025-01-04 00:00:00,A016-BAT,Battery,74.767,2.802,72.917,52.962,1638.411,151.316,23.502,79.255,214,61.154,29.038,Normal,0,0
A016,2025-01-04 02:00:00,A016-BAT,Battery,74.095,3.309,74.733,54.529,1745.801,152.955,23.381,77.147,344,50.674,21.426,Normal,0,0
A016,2025-01-04 04:00:00,A016-BAT,Battery,72.531,2.415,77.29,53.594,1816.284,149.445,23.336,80.488,480,50.985,39.491,Normal,0,0
A016,2025-01-04 07:00:00,A016-BAT,Battery,78.974,2.528,72.64,54.011,1806.375,150.032,23.224,75.496,350,67.965,33.061,Normal,0,0
A016,2025-01-04 09:00:00,A016-BAT,Battery,73.207,3.402,77.005,56.824,1865.368,148.519,23.545,75.896,549,52.49,26.35,Normal,0,0
A016,2025-01-04 11:00:00,A016-BAT,Battery,75.908,2.577,73.457,52.926,1716.823,148.916,23.713,80.888,555,73.356,37.635,Normal,0,0
A016,2025-01-04 12:00:00,A016-BAT,Battery,74.67,2.771,76.631,55.777,1639.973,154.132,24.083,75.953,374,65.671,28.741,Normal,0,0
A016,2025-01-04 17:00:00,A016-BAT,Battery,73.839,3.337,75.002,53.918,1789.1,147.057,24.058,75.574,381,80.378,22.928,Normal,0,0
A016,2025-01-04 19:00:00,A016-BAT,Battery,75.518,2.932,75.025,54.525,1724.987,144.753,23.938,78.315,575,56.13,24.736,Normal,0,0
A016,2025-01-04 21:00:00,A016-BAT,Battery,73.805,2.672,80.134,57.615,1750.728,140.751,24.24,81.565,536,71.707,28.227,Normal,0,0
A016,2025-01-05 06:00:00,A016-BAT,Battery,71.126,2.963,71.505,54.424,1904.514,147.326,24.093,74.23,272,62.428,31.797,Normal,0,0
A016,2025-01-05 12:00:00,A016-BAT,Battery,77.211,2.505,77.531,51.3,1845.069,149.883,23.417,80.222,409,45.015,31.409,Normal,0,0
A016,2025-01-05 13:00:00,A016-BAT,Battery,70.505,2.692,79.115,53.875,1700.178,148.436,24.26,76.029,391,51.734,28.862,Normal,0,0
A016,2025-01-05 17:00:00,A016-BAT,Battery,73.321,2.776,83.313,52.58,1813.791,150.22,23.672,76.629,229,64.814,25.446,Normal,0,0
A016,2025-01-05 18:00:00,A016-BAT,Battery,71.717,2.832,72.156,55.798,1875.604,138.069,23.223,79.713,294,59.359,33.051,Normal,0,1
A016,2025-01-05 21:00:00,A016-BAT,Battery,78.548,2.822,72.917,54.64,1908.413,146.22,24.209,78.08,471,61.636,30.574,Normal,0,1
A016,2025-01-06 01:00:00,A016-BAT,Battery,74.286,2.437,77.399,55.774,1898.085,145.991,24.415,79.857,413,53.266,41.091,Normal,0,0
A016,2025-01-06 08:00:00,A016-BAT,Battery,79.192,2.332,73.228,53.324,1927.984,149.724,23.241,77.711,627,70.796,35.251,Normal,0,0
A016,2025-01-06 09:00:00,A016-BAT,Battery,78.336,2.312,74.218,51.594,1756.249,150.433,23.59,79.616,611,71.165,48.652,Normal,0,0
A016,2025-01-06 11:00:00,A016-BAT,Battery,79.745,2.315,74.905,56.989,1808.259,153.477,23.785,75.488,301,71.985,27.053,Normal,0,0
A016,2025-01-06 14:00:00,A016-BAT,Battery,74.684,2.816,77.651,55.94,1792.232,151.54,24.339,75.856,280,56.36,28.643,Normal,0,0
A016,2025-01-06 20:00:00,A016-BAT,Battery,79.361,3.075,70.353,54.37,1873.398,150.508,23.18,76.679,364,78.884,25.647,Normal,0,1
A016,2025-01-06 22:00:00,A016-BAT,Battery,81.726,3.193,75.033,57.002,1944.552,148.893,23.615,76.747,555,65.155,31.398,Normal,0,0
A016,2025-01-06 23:00:00,A016-BAT,Battery,79.843,2.921,73.504,55.542,1857.668,151.251,23.248,76.715,388,58.556,33.835,Normal,0,0
A016,2025-01-07 00:00:00,A016-BAT,Battery,74.692,2.919,73.055,52.345,1809.111,148.743,23.132,77.441,290,68.148,28.701,Normal,0,0
A016,2025-01-07 11:00:00,A016-BAT,Battery,79.646,3.287,70.628,54.376,1642.841,144.745,23.512,79.158,499,72.953,26.538,Normal,0,0
A016,2025-01-07 17:00:00,A016-BAT,Battery,78.192,2.997,74.152,54.174,1891.447,149.877,23.518,78.216,324,68.672,31.587,Normal,0,0
A016,2025-01-07 19:00:00,A016-BAT,Battery,79.815,2.782,69.107,55.715,1817.341,142.62,23.754,78.417,461,78.319,23.124,Normal,0,1
A016,2025-01-08 03:00:00,A016-BAT,Battery,76.099,3.341,76.018,50.91,1776.336,144.379,23.804,79.121,550,71.115,38.159,Normal,0,0
A016,2025-01-08 04:00:00,A016-BAT,Battery,74.976,3.485,75.672,55.069,1849.4,146.212,23.515,79.972,371,64.957,26.764,Normal,0,0
A016,2025-01-08 10:00:00,A016-BAT,Battery,79.016,2.933,72.408,56.748,1740.738,145.721,22.861,77.68,420,50.854,35.892,Normal,0,0
A016,2025-01-08 13:00:00,A016-BAT,Battery,80.027,2.889,69.429,56.202,1597.455,149.363,23.44,80.048,539,67.086,28.811,Normal,0,1
A016,2025-01-08 21:00:00,A016-BAT,Battery,79.941,3.256,70.498,56.797,1717.386,150.299,22.453,78.785,487,48.831,24.773,Normal,0,0
A016,2025-01-09 06:00:00,A016-BAT,Battery,79.009,3.11,71.745,51.496,1864.062,144.698,23.688,79.351,528,64.908,24.107,Normal,0,1
A016,2025-01-09 09:00:00,A016-BAT,Battery,76.322,3.042,69.67,54.421,1785.356,150.731,23.37,79.831,539,65.373,30.847,Normal,0,1
A016,2025-01-09 11:00:00,A016-BAT,Battery,83.752,4.003,72.026,51.454,1814.756,148.766,22.875,81.663,590,57.666,27.956,Normal,0,0
A016,2025-01-09 19:00:00,A016-BAT,Battery,73.652,3.487,69.426,52.398,1784.374,147.031,23.641,81.607,367,68.4,32.845,Normal,0,0
A016,2025-01-09 20:00:00,A016-BAT,Battery,79.509,3.546,70.12,54.879,1777.16,145.221,23.98,83.383,608,66.331,31.236,Normal,0,1
A016,2025-01-10 11:00:00,A016-BAT,Battery,82.812,2.931,70.037,52.866,1830.355,144.596,22.703,79.465,634,75.43,29.989,Normal,0,0
A016,2025-01-10 15:00:00,A016-BAT,Battery,79.251,3.198,78.612,52.799,1770.71,150.008,23.465,80.949,631,60.878,23.444,Normal,0,0
A016,2025-01-10 16:00:00,A016-BAT,Battery,81.723,3.636,75.471,51.209,1893.463,139.522,23.285,82.526,538,59.572,23.308,Normal,0,1
A016,2025-01-10 19:00:00,A016-BAT,Battery,91.524,5.66,56.35,54.602,1603.359,139.027,23.374,82.745,458,71.869,43.955,Warning,1,1
A016,2025-01-10 22:00:00,A016-BAT,Battery,95.969,4.957,63.117,51.919,1895.004,138.962,23.24,78.943,603,68.894,30.95,Warning,1,1
A016,2025-01-11 09:00:00,A016-BAT,Battery,74.397,3.503,70.939,56.349,1875.06,150.134,22.949,81.965,686,84.596,26.239,Warning,1,0
A016,2025-01-11 12:00:00,A016-BAT,Battery,82.088,3.316,70.138,51.133,1646.861,150.606,23.091,84.772,665,74.001,29.946,Warning,1,0
A016,2025-01-11 22:00:00,A016-BAT,Battery,87.015,5.229,57.204,51.951,1833.243,142.54,22.997,83.073,713,72.308,28.894,Warning,1,1
A016,2025-01-12 00:00:00,A016-BAT,Battery,102.076,6.257,63.764,53.261,1833.117,130.349,22.769,80.018,631,67.856,36.116,Warning,1,1
A016,2025-01-12 03:00:00,A016-BAT,Battery,96.548,7.608,57.263,49.687,1957.715,140.848,23.452,80.95,753,73.569,21.367,Warning,1,1
A016,2025-01-12 07:00:00,A016-BAT,Battery,86.584,3.221,72.16,55.118,1919.802,145.992,23.146,84.342,383,55.476,34.558,Normal,0,0
A016,2025-01-12 12:00:00,A016-BAT,Battery,80.411,3.078,67.398,55.623,1723.681,145.388,23.003,83.621,626,72.884,26.415,Warning,1,1
A016,2025-01-12 17:00:00,A016-BAT,Battery,81.957,3.568,68.782,54.056,1851.876,142.696,23.171,85.085,699,72.957,34.25,Warning,1,0
A016,2025-01-12 20:00:00,A016-BAT,Battery,76.719,3.512,72.143,50.896,1855.182,140.748,22.549,83.991,630,75.577,39.172,Warning,1,0
A016,2025-01-13 00:00:00,A016-BAT,Battery,80.855,3.516,72.298,51.561,1800.928,143.989,23.18,80.36,454,78.568,28.249,Warning,1,1
A016,2025-01-13 02:00:00,A016-BAT,Battery,78.35,3.685,72.273,54.312,1675.336,149.249,23.068,80.457,643,67.73,25.917,Warning,1,1
A016,2025-01-13 03:00:00,A016-BAT,Battery,80.33,3.49,68.57,48.799,2039.361,146.51,24.16,82.123,783,71.243,28.526,Warning,1,0
A016,2025-01-13 10:00:00,A016-BAT,Battery,85.701,3.188,71.642,51.137,1831.176,145.043,23.104,82.126,756,61.099,28.432,Warning,1,0
A016,2025-01-13 13:00:00,A016-BAT,Battery,92.343,5.566,60.713,54.177,1834.725,125.912,23.078,81.922,652,76.387,33.103,Warning,1,0
A016,2025-01-13 15:00:00,A016-BAT,Battery,85.613,3.19,69.287,54.255,1617.555,146.52,23.173,84.678,416,76.939,33.545,Warning,1,1
A016,2025-01-14 03:00:00,A016-BAT,Battery,81.595,4.071,70.541,51.795,1629.019,144.839,22.87,82.536,756,71.86,33.455,Warning,1,1
A016,2025-01-14 06:00:00,A016-BAT,Battery,81.555,3.738,68.673,52.399,1686.917,137.949,23.986,82.091,807,83.38,34.492,Warning,1,1
A016,2025-01-14 13:00:00,A016-BAT,Battery,84.759,3.777,72.451,54.205,1703.425,148.085,22.574,85.279,644,80.398,30.306,Warning,1,1
A016,2025-01-14 18:00:00,A016-BAT,Battery,86.156,3.581,66.97,51.125,1923.707,141.128,22.961,83.343,662,77.328,33.034,Warning,1,0
A016,2025-01-14 19:00:00,A016-BAT,Battery,95.689,6.34,63.581,56.523,1730.368,136.287,22.972,85.264,630,78.448,36.458,Warning,1,1
A016,2025-01-14 21:00:00,A016-BAT,Battery,89.112,4.095,62.635,56.055,1766.036,139.604,23.67,82.528,453,66.465,27.335,Warning,1,1
A016,2025-01-15 07:00:00,A016-BAT,Battery,80.72,3.903,72.413,54.158,1674.289,147.075,23.087,85.814,591,72.632,24.232,Warning,1,1
A016,2025-01-15 14:00:00,A016-BAT,Battery,86.907,3.781,74.038,49.697,1811.737,140.866,23.566,89.2,568,85.211,24.404,Warning,1,0
A016,2025-01-15 19:00:00,A016-BAT,Battery,86.464,3.992,69.354,53.236,1790.693,143.205,22.956,84.705,569,83.52,41.027,Warning,1,1
A016,2025-01-16 03:00:00,A016-BAT,Battery,78.705,3.696,70.387,52.227,1883.791,155.376,22.785,86.619,859,81.679,31.864,Warning,1,0
A016,2025-01-16 05:00:00,A016-BAT,Battery,84.413,3.082,72.32,51.5,1644.965,144.861,22.483,86.118,861,84.469,24.305,Warning,1,0
A016,2025-01-16 06:00:00,A016-BAT,Battery,88.741,3.686,73.587,55.802,1772.218,146.594,22.74,84.207,642,81.558,29.65,Warning,1,1
A016,2025-01-16 16:00:00,A016-BAT,Battery,85.5,3.808,69.627,55.473,1659.079,148.175,22.847,84.6,849,83.672,34.039,Warning,1,1
A016,2025-01-16 19:00:00,A016-BAT,Battery,83.63,3.698,72.431,54.154,1678.165,137.301,22.333,85.326,703,58.735,26.78,Warning,1,1
A016,2025-01-17 00:00:00,A016-BAT,Battery,84.237,3.393,70.274,54.972,1767.02,145.594,22.555,83.157,705,85.173,30.805,Warning,1,0
A016,2025-01-17 01:00:00,A016-BAT,Battery,87.35,3.262,67.511,51.353,1804.081,143.995,22.918,87.364,752,68.159,37.618,Warning,1,1
A016,2025-01-17 07:00:00,A016-BAT,Battery,85.288,3.915,66.582,53.63,1760.082,142.361,23.306,84.092,739,87.081,32.701,Warning,1,0
A016,2025-01-17 09:00:00,A016-BAT,Battery,87.045,3.9,66.024,52.646,1716.63,140.318,23.209,83.963,671,81.792,27.619,Warning,1,1
A016,2025-01-17 15:00:00,A016-BAT,Battery,83.886,4.533,68.001,53.441,1983.579,144.845,22.8,89.395,728,69.534,29.907,Warning,1,0
A017,2025-01-01 02:00:00,A017-BAT,Battery,70.925,2.562,73.083,52.476,1650.465,148.047,24.18,76.701,179,72.183,27.976,Normal,0,0
A017,2025-01-01 11:00:00,A017-BAT,Battery,74.955,2.325,75.323,57.881,1636.236,144.752,24.02,76.214,392,54.513,35.793,Normal,0,0
A017,2025-01-01 15:00:00,A017-BAT,Battery,74.703,2.82,71.305,54.902,1838.522,149.836,23.91,75.113,146,50.175,34.315,Normal,0,0
A017,2025-01-01 16:00:00,A017-BAT,Battery,88.812,4.795,60.03,54.661,1817.791,132.766,23.97,76.729,153,54.383,33.298,Warning,1,1
A017,2025-01-02 00:00:00,A017-BAT,Battery,73.389,2.282,74.99,54.16,1881.746,148.636,24.44,71.511,154,61.392,40.498,Normal,0,0
A017,2025-01-02 01:00:00,A017-BAT,Battery,70.855,3.063,73.781,56.625,1835.244,152.319,23.594,76.31,380,57.834,30.954,Normal,0,0
A017,2025-01-02 02:00:00,A017-BAT,Battery,71.335,3.028,75.146,52.731,1736.753,155.51,24.023,75.398,302,45.273,32.751,Normal,0,0
A017,2025-01-02 07:00:00,A017-BAT,Battery,73.69,2.437,71.47,55.535,1827.152,154.193,24.048,74.878,382,56.902,32.87,Normal,0,0
A017,2025-01-02 13:00:00,A017-BAT,Battery,74.381,2.838,76.123,54.924,1641.75,150.105,23.82,76.62,486,58.132,40.641,Normal,0,0
A017,2025-01-02 14:00:00,A017-BAT,Battery,73.774,2.815,74.372,55.984,1798.812,150.943,24.402,76.085,263,47.944,27.601,Normal,0,0
A017,2025-01-02 16:00:00,A017-BAT,Battery,74.194,3.018,76.95,54.147,1821.927,148.547,23.649,70.892,370,56.425,29.919,Normal,0,0
A017,2025-01-02 19:00:00,A017-BAT,Battery,75.345,2.582,74.524,54.998,1736.27,152.808,23.96,74.848,491,60.606,18.453,Normal,0,0
A017,2025-01-02 21:00:00,A017-BAT,Battery,76.019,2.359,75.526,55.283,1829.376,152.356,24.573,73.555,426,55.916,29.657,Normal,0,0
A017,2025-01-03 03:00:00,A017-BAT,Battery,74.438,2.726,80.165,53.993,1771.618,149.198,23.868,74.793,530,72.196,28.172,Normal,0,0
A017,2025-01-03 08:00:00,A017-BAT,Battery,77.63,3.11,75.258,54.837,1870.786,152.528,23.474,73.9,291,51.692,26.147,Normal,0,1
A017,2025-01-03 12:00:00,A017-BAT,Battery,74.621,2.907,77.962,52.767,1823.083,146.596,23.376,76.203,331,57.446,32.336,Normal,0,0
A017,2025-01-03 14:00:00,A017-BAT,Battery,74.643,2.492,78.826,57.016,1731.875,144.427,23.641,78.07,387,62.081,27.876,Normal,0,0
A017,2025-01-03 20:00:00,A017-BAT,Battery,78.908,2.757,70.569,51.645,1747.541,153.848,23.843,74.227,455,72.066,29.697,Normal,0,0
A017,2025-01-04 07:00:00,A017-BAT,Battery,76.055,2.965,72.19,54.47,1722.912,149.539,23.647,75.546,520,70.755,36.397,Normal,0,0
A017,2025-01-04 14:00:00,A017-BAT,Battery,75.825,2.341,75.631,52.598,1839.171,143.574,23.701,78.42,372,76.681,26.817,Normal,0,0
A017,2025-01-04 16:00:00,A017-BAT,Battery,73.078,3.644,78.205,52.153,1866.955,148.003,23.034,75.299,235,67.533,32.993,Normal,0,1
A017,2025-01-04 21:00:00,A017-BAT,Battery,76.842,3.52,73.485,52.208,1875.437,149.571,24.127,79.268,327,66.552,31.776,Normal,0,0
A017,2025-01-05 01:00:00,A017-BAT,Battery,78.071,3.081,76.738,49.442,1709.777,150.55,23.711,75.702,398,65.784,33.675,Normal,0,0
A017,2025-01-05 03:00:00,A017-BAT,Battery,79.278,2.825,69.785,53.117,1720.877,146.1,22.9,77.237,494,46.136,29.365,Normal,0,0
A017,2025-01-05 05:00:00,A017-BAT,Battery,73.192,3.023,72.078,57.082,1854.168,149.802,23.711,75.626,324,56.012,39.564,Normal,0,0
A017,2025-01-05 09:00:00,A017-BAT,Battery,78.041,3.24,73.596,51.642,1783.277,149.461,23.439,79.066,582,49.94,30.882,Normal,0,0
A017,2025-01-05 15:00:00,A017-BAT,Battery,81.681,2.689,72.693,51.527,1792.774,152.889,23.421,75.886,558,73.178,26.078,Normal,0,0
A017,2025-01-05 17:00:00,A017-BAT,Battery,79.899,3.371,72.74,54.776,1827.227,157.283,23.381,78.241,400,59.97,37.621,Normal,0,0
A017,2025-01-06 01:00:00,A017-BAT,Battery,79.53,3.048,73.227,52.609,1722.208,152.278,23.526,78.616,464,83.048,30.508,Normal,0,0
A017,2025-01-06 03:00:00,A017-BAT,Battery,78.153,3.228,76.822,53.088,1742.423,148.571,23.916,77.656,558,51.067,28.682,Normal,0,0
A017,2025-01-06 12:00:00,A017-BAT,Battery,77.772,2.682,75.552,54.096,1956.179,148.263,23.051,78.956,468,60.81,34.76,Normal,0,0
A017,2025-01-06 14:00:00,A017-BAT,Battery,79.045,3.224,78.518,55.028,1879.651,147.843,23.252,78.267,287,45.241,29.894,Normal,0,1
A017,2025-01-06 16:00:00,A017-BAT,Battery,80.145,2.68,75.366,55.781,1776.093,153.424,23.531,78.194,454,70.457,36.17,Normal,0,1
A017,2025-01-06 21:00:00,A017-BAT,Battery,77.418,3.392,68.819,53.054,1831.242,146.272,23.223,77.241,264,70.365,29.456,Normal,0,1
A017,2025-01-06 22:00:00,A017-BAT,Battery,81.679,3.545,74.489,53.386,1922.401,155.0,23.04,78.413,452,63.733,25.269,Normal,0,0
A017,2025-01-07 01:00:00,A017-BAT,Battery,79.442,2.385,74.149,53.149,1852.478,141.828,22.86,79.817,413,58.179,19.361,Normal,0,0
A017,2025-01-07 05:00:00,A017-BAT,Battery,77.503,2.916,71.627,57.102,1711.507,146.554,22.92,79.691,500,72.615,21.239,Normal,0,1
A017,2025-01-07 08:00:00,A017-BAT,Battery,80.258,3.211,73.764,55.651,1751.929,148.204,23.569,79.573,533,48.529,33.352,Normal,0,0
A017,2025-01-07 11:00:00,A017-BAT,Battery,77.743,2.671,74.302,52.29,1771.487,148.09,23.816,80.953,276,67.59,30.16,Normal,0,0
A017,2025-01-07 12:00:00,A017-BAT,Battery,82.074,3.697,68.723,52.831,1883.422,149.573,23.48,76.476,645,61.897,25.78,Normal,0,0
A017,2025-01-07 13:00:00,A017-BAT,Battery,88.712,5.789,65.291,51.268,1765.095,131.809,23.318,81.703,490,81.401,34.925,Warning,1,0
A017,2025-01-07 18:00:00,A017-BAT,Battery,73.75,3.723,76.614,50.323,1596.125,145.762,23.641,81.904,295,51.29,39.061,Normal,0,0
A017,2025-01-08 02:00:00,A017-BAT,Battery,81.804,3.177,69.098,55.252,1685.791,147.859,24.015,74.376,383,64.558,26.712,Normal,0,1
A017,2025-01-08 04:00:00,A017-BAT,Battery,82.569,3.269,68.783,50.06,1644.407,146.1,23.569,80.399,617,71.571,25.871,Normal,0,0
A017,2025-01-08 05:00:00,A017-BAT,Battery,78.663,3.486,76.431,54.9,1745.924,143.72,23.101,78.803,315,62.918,23.572,Normal,0,0
A017,2025-01-08 06:00:00,A017-BAT,Battery,75.714,3.605,74.851,56.006,1789.163,146.877,23.697,81.939,284,66.914,22.179,Normal,0,0
A017,2025-01-08 09:00:00,A017-BAT,Battery,81.006,2.474,73.58,54.346,1670.7,156.854,23.644,80.631,309,61.557,31.518,Normal,0,1
A017,2025-01-08 12:00:00,A017-BAT,Battery,76.698,3.49,77.293,55.701,1882.599,143.6,23.469,80.14,657,76.198,26.631,Normal,0,0
A017,2025-01-08 20:00:00,A017-BAT,Battery,75.197,3.214,71.097,51.83,1678.966,148.607,23.19,77.737,471,70.777,28.726,Normal,0,1
A017,2025-01-08 22:00:00,A017-BAT,Battery,78.205,3.49,72.085,54.818,1577.148,154.783,23.407,80.319,500,74.751,36.155,Normal,0,0
A017,2025-01-08 23:00:00,A017-BAT,Battery,80.662,3.725,73.634,49.354,1983.068,145.457,23.722,75.936,335,79.263,34.937,Warning,1,1
A017,2025-01-09 02:00:00,A017-BAT,Battery,81.421,3.606,73.191,55.063,1707.641,146.278,22.908,77.483,453,78.379,32.11,Warning,1,0
A017,2025-01-09 14:00:00,A017-BAT,Battery,79.646,3.298,69.808,54.158,1861.469,143.142,23.563,81.941,705,75.841,31.149,Warning,1,1
A017,2025-01-09 16:00:00,A017-BAT,Battery,76.787,3.627,68.21,57.045,1890.073,150.13,22.83,82.292,361,76.919,34.5,Warning,1,1
A017,2025-01-09 18:00:00,A017-BAT,Battery,80.535,3.371,75.13,52.136,1791.41,147.803,23.232,77.108,393,81.475,26.079,Warning,1,0
A017,2025-01-10 03:00:00,A017-BAT,Battery,78.509,2.85,73.285,53.561,1819.04,149.277,23.18,77.872,570,66.45,32.285,Normal,0,1
A017,2025-01-10 04:00:00,A017-BAT,Battery,81.824,2.978,73.817,50.556,1714.598,149.959,23.279,76.567,634,75.641,19.415,Normal,0,1
A017,2025-01-10 12:00:00,A017-BAT,Battery,76.601,3.338,70.919,55.326,1753.123,143.028,23.292,81.869,585,71.239,30.292,Normal,0,0
A017,2025-01-10 13:00:00,A017-BAT,Battery,78.651,3.468,72.487,53.414,1638.156,150.854,22.832,78.084,533,62.173,27.856,Normal,0,0
A017,2025-01-10 20:00:00,A017-BAT,Battery,78.858,3.559,72.929,55.118,1884.886,143.006,23.048,82.604,397,79.305,29.949,Warning,1,0
A017,2025-01-10 23:00:00,A017-BAT,Battery,83.721,3.41,68.057,55.69,1800.614,146.113,23.239,79.834,543,92.104,23.515,Warning,1,0
A017,2025-01-11 02:00:00,A017-BAT,Battery,85.138,2.833,77.711,57.876,1767.66,147.735,23.34,83.193,702,72.488,31.932,Normal,0,0
A017,2025-01-11 04:00:00,A017-BAT,Battery,86.867,3.716,70.615,55.538,1625.762,156.326,23.304,81.671,598,59.008,34.581,Warning,1,0
A017,2025-01-11 06:00:00,A017-BAT,Battery,82.578,4.337,65.987,53.672,1825.685,145.412,23.003,83.061,529,71.329,29.998,Warning,1,0
A017,2025-01-11 10:00:00,A017-BAT,Battery,77.834,3.175,71.023,51.503,1817.204,150.81,23.178,77.844,555,73.198,28.302,Warning,1,0
A017,2025-01-11 12:00:00,A017-BAT,Battery,81.034,3.277,69.726,54.872,1859.05,145.388,23.6,83.467,541,82.92,37.788,Warning,1,0
A017,2025-01-11 16:00:00,A017-BAT,Battery,82.549,3.509,73.109,52.551,1906.21,141.965,23.146,80.048,424,90.956,26.761,Warning,1,1
A017,2025-01-11 21:00:00,A017-BAT,Battery,84.208,3.16,69.06,51.89,1632.188,150.887,22.924,81.787,624,67.706,31.723,Warning,1,1
A017,2025-01-11 22:00:00,A017-BAT,Battery,78.243,3.473,65.938,56.129,1736.806,142.658,23.143,82.919,725,70.408,35.931,Warning,1,0
A017,2025-01-12 01:00:00,A017-BAT,Battery,79.0,3.638,68.898,54.692,1861.242,153.852,23.494,83.018,620,56.029,34.797,Normal,0,0
A017,2025-01-12 05:00:00,A017-BAT,Battery,81.51,4.148,71.449,49.187,1739.819,147.901,22.945,79.671,622,80.037,27.736,Warning,1,1
A017,2025-01-12 06:00:00,A017-BAT,Battery,78.904,3.529,70.41,54.282,1723.853,143.119,23.461,86.642,755,68.303,26.66,Warning,1,1
A017,2025-01-12 11:00:00,A017-BAT,Battery,81.414,3.602,73.416,52.018,1744.105,148.685,23.486,79.521,749,57.459,41.107,Warning,1,1
A017,2025-01-12 13:00:00,A017-BAT,Battery,81.758,3.772,73.508,51.369,1840.52,144.596,23.034,80.127,477,71.044,23.759,Warning,1,0
A017,2025-01-12 19:00:00,A017-BAT,Battery,83.312,4.946,73.798,54.248,1636.358,147.115,23.643,83.131,414,82.989,32.479,Warning,1,1
A017,2025-01-13 04:00:00,A017-BAT,Battery,86.268,3.666,72.097,54.339,1774.624,146.352,22.846,77.391,601,68.439,23.077,Warning,1,1
A017,2025-01-13 15:00:00,A017-BAT,Battery,85.384,3.615,66.135,52.117,1840.942,136.671,23.51,83.383,544,86.216,32.286,Warning,1,1
A017,2025-01-13 17:00:00,A017-BAT,Battery,80.937,4.004,71.116,55.105,1790.025,140.043,23.83,83.832,576,70.547,34.303,Warning,1,0
A017,2025-01-13 23:00:00,A017-BAT,Battery,81.118,4.267,70.644,48.261,1818.368,148.14,22.366,81.352,565,83.069,30.803,Warning,1,1
A017,2025-01-14 00:00:00,A017-BAT,Battery,79.708,3.108,63.619,56.827,1734.414,147.233,23.458,83.099,503,74.96,31.792,Warning,1,1
A017,2025-01-14 03:00:00,A017-BAT,Battery,76.424,3.871,66.784,55.528,1892.837,149.062,23.744,88.162,452,75.761,30.124,Warning,1,1
A017,2025-01-14 10:00:00,A017-BAT,Battery,82.776,3.748,69.414,51.291,1738.884,144.223,23.69,81.33,607,78.105,33.016,Warning,1,1
A017,2025-01-14 15:00:00,A017-BAT,Battery,86.28,3.12,70.952,52.742,1740.788,143.939,22.955,83.353,726,89.804,27.923,Warning,1,1
A017,2025-01-14 16:00:00,A017-BAT,Battery,87.6,3.537,70.873,52.01,1800.415,153.898,23.108,81.799,796,69.296,36.317,Warning,1,0
A017,2025-01-14 22:00:00,A017-BAT,Battery,86.986,3.995,67.403,48.047,1976.521,135.932,23.394,84.339,614,75.521,27.129,Warning,1,1
A017,2025-01-15 09:00:00,A017-BAT,Battery,82.261,3.435,73.638,52.762,1968.497,143.722,23.081,81.16,707,69.743,27.844,Warning,1,1
A017,2025-01-15 16:00:00,A017-BAT,Battery,84.998,4.007,68.311,53.817,1831.353,146.76,22.741,81.831,647,82.062,26.471,Warning,1,0
A017,2025-01-15 18:00:00,A017-BAT,Battery,85.9,4.091,68.684,56.813,1693.037,144.574,23.058,81.684,486,75.956,22.79,Warning,1,1
A017,2025-01-15 20:00:00,A017-BAT,Battery,82.015,4.324,68.601,56.036,1769.222,144.619,22.553,85.354,689,93.706,34.016,Warning,1,1
A017,2025-01-16 13:00:00,A017-BAT,Battery,82.985,3.816,72.538,54.108,1901.918,149.565,22.973,82.257,596,80.405,33.281,Warning,1,1
A017,2025-01-16 15:00:00,A017-BAT,Battery,81.831,4.399,66.428,49.827,1775.868,150.786,22.603,84.1,700,67.854,32.593,Warning,1,0
A017,2025-01-16 17:00:00,A017-BAT,Battery,80.528,4.081,68.265,53.687,1735.457,144.459,22.554,83.59,827,84.846,32.031,Warning,1,1
A017,2025-01-16 22:00:00,A017-BAT,Battery,84.796,3.592,71.277,55.739,1762.905,144.685,23.25,83.605,735,86.971,29.667,Warning,1,1
A017,2025-01-17 14:00:00,A017-BAT,Battery,89.504,4.123,72.264,50.367,1755.142,144.216,22.662,85.673,553,89.839,36.871,Warning,1,1
A018,2025-01-01 04:00:00,A018-BAT,Battery,71.947,2.629,79.988,55.809,1719.857,151.315,23.269,76.408,336,59.304,27.347,Normal,0,0
A018,2025-01-01 10:00:00,A018-BAT,Battery,67.215,2.237,71.317,55.086,1795.327,149.621,23.895,74.387,224,34.502,22.996,Normal,0,0
A018,2025-01-01 15:00:00,A018-BAT,Battery,70.84,2.248,80.737,54.695,1754.163,146.383,24.163,75.453,204,50.847,31.974,Normal,0,0
A018,2025-01-01 16:00:00,A018-BAT,Battery,70.95,1.748,77.63,54.697,1738.487,152.059,23.975,73.603,453,59.426,32.208,Normal,0,0
A018,2025-01-01 18:00:00,A018-BAT,Battery,75.475,2.038,70.961,53.669,2014.444,145.044,24.115,73.853,284,52.396,35.531,Normal,0,0
A018,2025-01-02 03:00:00,A018-BAT,Battery,71.423,2.515,77.101,58.065,1947.441,146.174,24.034,72.535,520,42.673,25.632,Normal,0,0
A018,2025-01-02 04:00:00,A018-BAT,Battery,72.073,1.705,81.073,52.664,1785.887,147.951,24.276,75.043,161,60.964,31.79,Normal,0,0
A018,2025-01-02 05:00:00,A018-BAT,Battery,82.092,5.692,68.884,53.254,1842.984,141.874,23.661,73.668,339,57.564,22.572,Warning,1,1
A018,2025-01-02 10:00:00,A018-BAT,Battery,73.568,2.046,78.338,55.399,1793.816,149.444,24.104,75.299,446,57.855,35.735,Normal,0,0
A018,2025-01-02 13:00:00,A018-BAT,Battery,76.978,1.908,80.082,56.745,1842.681,153.116,23.889,76.891,450,51.64,22.959,Normal,0,1
A018,2025-01-02 17:00:00,A018-BAT,Battery,72.605,1.781,78.602,54.833,1848.398,148.992,24.502,72.628,466,40.709,25.215,Normal,0,0
A018,2025-01-02 19:00:00,A018-BAT,Battery,72.02,2.96,79.778,57.619,1715.174,143.152,24.335,76.771,529,64.86,35.623,Normal,0,0
A018,2025-01-03 06:00:00,A018-BAT,Battery,73.919,1.825,78.402,56.767,1742.241,153.563,23.848,76.543,452,58.795,26.586,Normal,0,0
A018,2025-01-03 11:00:00,A018-BAT,Battery,69.152,2.544,75.293,51.171,1805.219,151.679,24.137,77.396,368,45.774,39.239,Normal,0,0
A018,2025-01-03 17:00:00,A018-BAT,Battery,86.616,6.016,70.846,52.947,1803.483,133.368,23.34,77.707,387,44.64,33.336,Warning,1,0
A018,2025-01-03 18:00:00,A018-BAT,Battery,71.03,2.142,78.813,52.596,1689.002,147.558,24.125,76.899,467,49.364,32.928,Normal,0,0
A018,2025-01-03 20:00:00,A018-BAT,Battery,76.413,2.525,84.854,55.708,1949.598,148.687,23.501,81.461,384,41.051,31.27,Normal,0,1
A018,2025-01-04 08:00:00,A018-BAT,Battery,73.6,2.204,76.879,51.283,1665.124,145.577,23.315,78.713,406,67.674,34.314,Normal,0,0
A018,2025-01-04 12:00:00,A018-BAT,Battery,74.577,1.728,78.235,54.401,1658.759,156.603,23.857,76.688,212,45.912,30.554,Normal,0,0
A018,2025-01-04 18:00:00,A018-BAT,Battery,71.95,2.473,78.787,56.094,1761.225,140.266,23.972,75.99,491,59.89,22.369,Normal,0,0
A018,2025-01-04 21:00:00,A018-BAT,Battery,87.648,5.34,69.015,54.19,1804.483,130.066,23.631,76.302,457,50.47,27.693,Warning,1,0
A018,2025-01-04 22:00:00,A018-BAT,Battery,70.123,2.76,82.655,55.338,1769.348,149.691,23.77,77.261,365,46.184,34.909,Normal,0,0
A018,2025-01-05 04:00:00,A018-BAT,Battery,73.982,2.621,74.866,56.187,1850.19,142.216,23.705,75.426,435,37.872,27.102,Normal,0,0
A018,2025-01-05 08:00:00,A018-BAT,Battery,75.667,2.105,76.201,54.012,1850.356,147.344,23.856,76.878,471,56.772,29.648,Normal,0,0
A018,2025-01-05 12:00:00,A018-BAT,Battery,74.057,2.249,76.036,53.451,1866.113,147.326,23.57,78.565,224,50.077,25.254,Normal,0,0
A018,2025-01-05 20:00:00,A018-BAT,Battery,71.737,2.635,81.374,55.574,1827.838,146.399,24.148,78.595,394,39.0,33.807,Normal,0,0
A018,2025-01-05 22:00:00,A018-BAT,Battery,71.637,2.029,80.046,55.53,1803.65,148.96,23.371,76.985,402,49.231,27.264,Normal,0,0
A018,2025-01-06 00:00:00,A018-BAT,Battery,72.308,2.54,77.451,54.129,1962.304,151.794,24.113,78.858,445,55.531,17.222,Normal,0,0
A018,2025-01-06 05:00:00,A018-BAT,Battery,72.384,2.828,78.409,52.009,1887.491,151.264,23.522,79.358,564,43.384,38.883,Normal,0,1
A018,2025-01-06 07:00:00,A018-BAT,Battery,74.382,2.285,77.699,54.614,1847.244,143.446,22.801,77.198,252,52.083,31.648,Normal,0,0
A018,2025-01-06 12:00:00,A018-BAT,Battery,73.855,2.756,73.924,53.485,1508.352,142.888,23.299,76.18,567,54.026,38.257,Normal,0,0
A018,2025-01-06 15:00:00,A018-BAT,Battery,73.192,2.328,80.354,56.663,1881.337,149.886,23.901,79.548,476,68.718,30.208,Normal,0,0
A018,2025-01-06 18:00:00,A018-BAT,Battery,74.808,2.614,75.052,55.411,1765.066,152.726,23.987,75.54,607,45.589,29.07,Normal,0,0
A018,2025-01-07 03:00:00,A018-BAT,Battery,71.093,2.863,75.183,51.745,1851.968,149.878,23.306,75.264,489,63.776,26.395,Normal,0,0
A018,2025-01-07 05:00:00,A018-BAT,Battery,77.009,2.887,77.129,55.335,1920.192,151.44,23.835,78.687,350,52.216,40.228,Normal,0,0
A018,2025-01-07 06:00:00,A018-BAT,Battery,74.475,2.988,75.368,50.793,1852.679,145.99,22.743,80.562,439,46.424,25.055,Normal,0,0
A018,2025-01-07 07:00:00,A018-BAT,Battery,76.292,2.995,73.83,54.012,1811.732,152.897,23.621,75.084,357,75.424,30.526,Normal,0,0
A018,2025-01-07 11:00:00,A018-BAT,Battery,71.484,3.185,75.688,51.823,1829.514,147.26,23.818,77.831,280,53.508,29.984,Normal,0,0
A018,2025-01-07 17:00:00,A018-BAT,Battery,78.457,2.462,79.273,54.899,1710.759,146.318,23.231,78.46,503,60.586,26.611,Normal,0,0
A018,2025-01-07 20:00:00,A018-BAT,Battery,71.225,2.283,78.335,50.698,1830.547,145.604,23.885,79.05,408,48.133,32.904,Normal,0,0
A018,2025-01-08 00:00:00,A018-BAT,Battery,77.357,2.9,75.959,51.691,1795.104,146.688,24.153,79.066,503,57.793,30.945,Normal,0,0
A018,2025-01-08 02:00:00,A018-BAT,Battery,76.643,3.655,76.234,54.146,1766.818,148.331,23.889,77.973,428,65.894,35.042,Normal,0,0
A018,2025-01-08 08:00:00,A018-BAT,Battery,75.46,3.117,77.198,52.077,1718.104,148.958,23.922,81.609,302,71.093,31.067,Normal,0,0
A018,2025-01-08 10:00:00,A018-BAT,Battery,84.092,2.484,72.618,51.938,1998.798,150.976,23.298,84.067,431,50.201,27.427,Normal,0,0
A018,2025-01-08 14:00:00,A018-BAT,Battery,76.447,2.65,76.504,54.999,1872.79,150.883,24.219,77.223,449,58.234,30.16,Normal,0,0
A018,2025-01-08 19:00:00,A018-BAT,Battery,73.207,3.312,74.513,54.192,1862.656,149.673,23.32,81.384,538,56.164,28.055,Normal,0,0
A018,2025-01-08 23:00:00,A018-BAT,Battery,75.48,2.916,75.267,55.136,1855.252,141.463,23.976,77.549,617,51.642,38.938,Normal,0,0
A018,2025-01-09 07:00:00,A018-BAT,Battery,87.292,4.625,67.301,53.658,1898.303,136.84,22.947,77.011,562,83.252,25.911,Warning,1,0
A018,2025-01-09 08:00:00,A018-BAT,Battery,75.346,2.34,73.586,54.308,1661.003,145.753,23.493,82.391,613,51.167,40.193,Normal,0,0
A018,2025-01-09 11:00:00,A018-BAT,Battery,74.977,2.79,73.681,53.598,1798.054,142.576,23.591,79.832,539,70.236,35.338,Normal,0,1
A018,2025-01-09 13:00:00,A018-BAT,Battery,75.052,3.175,73.082,52.245,1733.996,144.464,23.623,80.579,533,55.855,24.734,Normal,0,0
A018,2025-01-09 14:00:00,A018-BAT,Battery,75.213,3.059,74.391,54.032,1946.175,146.374,24.143,79.719,621,52.084,37.834,Normal,0,0
A018,2025-01-09 16:00:00,A018-BAT,Battery,76.007,2.879,76.613,53.91,1822.417,147.031,23.96,80.88,555,69.652,40.914,Normal,0,0
A018,2025-01-10 04:00:00,A018-BAT,Battery,77.488,3.689,75.347,56.323,1862.58,143.673,24.181,83.269,664,50.965,29.201,Normal,0,1
A018,2025-01-10 08:00:00,A018-BAT,Battery,74.823,2.359,72.526,51.849,1919.879,146.729,23.034,80.211,586,63.176,27.797,Normal,0,0
A018,2025-01-10 10:00:00,A018-BAT,Battery,79.266,2.874,74.073,53.206,1776.957,152.394,22.811,79.045,551,63.482,24.163,Normal,0,0
A018,2025-01-10 14:00:00,A018-BAT,Battery,74.263,2.858,78.047,50.795,1653.171,146.982,23.497,79.777,415,59.477,33.714,Normal,0,0
A018,2025-01-10 17:00:00,A018-BAT,Battery,79.343,2.934,77.38,53.318,1926.174,142.595,23.927,77.36,671,75.88,27.509,Normal,0,1
A018,2025-01-10 18:00:00,A018-BAT,Battery,76.824,3.301,75.506,55.796,1851.514,148.659,23.896,81.863,643,54.55,23.988,Normal,0,0
A018,2025-01-10 19:00:00,A018-BAT,Battery,76.498,2.478,79.442,50.81,1713.532,145.894,23.14,79.762,386,67.966,35.726,Normal,0,0
A018,2025-01-10 21:00:00,A018-BAT,Battery,81.369,2.592,74.328,54.917,1638.898,150.337,23.168,80.653,581,71.796,26.382,Normal,0,1
A018,2025-01-11 01:00:00,A018-BAT,Battery,77.142,3.409,73.957,54.755,1742.345,143.415,22.817,80.514,350,56.953,31.682,Normal,0,0
A018,2025-01-11 04:00:00,A018-BAT,Battery,77.487,3.107,77.822,54.492,1818.141,148.608,24.052,79.117,566,73.926,30.113,Normal,0,0
A018,2025-01-11 09:00:00,A018-BAT,Battery,76.732,3.062,76.228,53.154,1836.777,150.476,23.754,79.333,476,66.261,32.199,Normal,0,0
A018,2025-01-11 12:00:00,A018-BAT,Battery,81.186,2.343,70.754,54.796,1743.147,152.83,23.249,81.71,428,65.674,31.914,Normal,0,1
A018,2025-01-11 16:00:00,A018-BAT,Battery,77.937,3.501,72.934,56.545,1753.824,142.129,22.809,84.174,499,75.539,25.299,Normal,0,0
A018,2025-01-11 17:00:00,A018-BAT,Battery,77.862,2.999,68.752,50.124,1966.506,151.364,23.276,81.751,700,63.636,29.372,Normal,0,0
A018,2025-01-11 23:00:00,A018-BAT,Battery,77.145,3.177,72.772,54.899,1846.73,148.952,23.339,78.536,483,68.455,23.673,Normal,0,0
A018,2025-01-12 02:00:00,A018-BAT,Battery,80.718,3.127,74.883,51.66,1674.483,153.303,23.832,85.55,407,58.305,29.266,Normal,0,0
A018,2025-01-12 04:00:00,A018-BAT,Battery,94.75,4.956,56.41,54.019,1758.941,129.251,22.905,81.866,458,63.428,27.999,Warning,1,1
A018,2025-01-12 08:00:00,A018-BAT,Battery,76.738,2.686,73.467,49.533,1931.697,145.659,23.462,81.581,583,66.777,23.356,Normal,0,0
A018,2025-01-12 15:00:00,A018-BAT,Battery,79.403,3.75,74.657,51.595,1950.987,147.903,23.737,79.868,515,58.876,33.561,Normal,0,0
A018,2025-01-12 19:00:00,A018-BAT,Battery,76.447,2.728,71.524,52.287,1779.38,145.898,23.78,81.798,403,50.361,28.179,Normal,0,1
A018,2025-01-12 21:00:00,A018-BAT,Battery,79.213,3.067,74.693,52.827,1795.323,145.335,23.063,79.86,721,69.846,26.564,Normal,0,1
A018,2025-01-13 06:00:00,A018-BAT,Battery,80.153,2.896,69.816,50.462,1683.65,152.987,22.941,84.522,747,63.842,29.295,Normal,0,0
A018,2025-01-13 12:00:00,A018-BAT,Battery,77.894,3.721,74.586,54.163,1831.207,141.819,23.356,87.544,714,71.156,29.488,Normal,0,0
A018,2025-01-13 14:00:00,A018-BAT,Battery,80.725,3.427,70.35,53.877,1846.663,143.52,23.187,81.32,704,71.116,25.564,Normal,0,0
A018,2025-01-13 17:00:00,A018-BAT,Battery,78.643,3.414,74.186,52.821,1835.244,148.498,23.831,85.021,698,58.916,31.256,Normal,0,0
A018,2025-01-14 00:00:00,A018-BAT,Battery,82.293,3.321,73.149,52.524,1808.681,143.913,23.183,83.168,765,62.222,31.934,Normal,0,1
A018,2025-01-14 04:00:00,A018-BAT,Battery,79.078,3.727,71.488,53.93,1836.054,146.324,23.371,85.983,418,57.445,29.186,Normal,0,0
A018,2025-01-14 08:00:00,A018-BAT,Battery,79.578,3.182,76.56,51.569,1719.076,144.121,22.687,79.939,454,61.301,21.943,Normal,0,0
A018,2025-01-14 10:00:00,A018-BAT,Battery,80.674,3.554,71.827,52.335,1790.636,142.774,22.992,86.095,455,82.217,29.387,Warning,1,0
A018,2025-01-14 17:00:00,A018-BAT,Battery,79.464,3.709,68.69,53.999,1740.845,149.409,22.618,85.256,633,67.508,31.987,Warning,1,1
A018,2025-01-14 18:00:00,A018-BAT,Battery,78.302,3.611,69.665,52.174,1707.151,144.417,22.344,85.568,533,73.755,29.649,Warning,1,0
A018,2025-01-14 19:00:00,A018-BAT,Battery,95.081,6.132,58.409,49.7,1922.177,131.071,23.12,81.702,469,66.447,24.877,Warning,1,1
A018,2025-01-15 00:00:00,A018-BAT,Battery,81.456,3.2,71.909,54.353,1774.891,150.876,23.066,85.509,578,81.201,25.482,Warning,1,1
A018,2025-01-15 04:00:00,A018-BAT,Battery,82.844,3.255,74.605,53.09,1750.509,150.198,23.471,80.694,789,71.737,29.226,Warning,1,1
A018,2025-01-15 06:00:00,A018-BAT,Battery,80.077,3.516,72.199,54.135,1935.581,143.054,22.681,84.654,772,59.409,32.375,Normal,0,0
A018,2025-01-15 09:00:00,A018-BAT,Battery,81.832,3.595,72.151,52.043,1862.582,142.024,23.188,82.989,672,68.756,27.178,Warning,1,1
A018,2025-01-15 11:00:00,A018-BAT,Battery,79.902,3.574,71.958,51.362,1768.176,147.791,23.444,83.278,448,61.989,42.19,Normal,0,0
A018,2025-01-15 18:00:00,A018-BAT,Battery,82.058,3.301,71.581,51.961,1830.438,139.439,22.971,84.758,629,73.614,40.017,Warning,1,1
A018,2025-01-15 19:00:00,A018-BAT,Battery,79.644,3.744,67.251,50.712,1862.41,141.083,23.316,85.966,595,73.249,31.499,Warning,1,1
A018,2025-01-15 22:00:00,A018-BAT,Battery,81.836,4.088,74.501,54.179,1880.988,153.135,23.13,84.204,475,75.023,27.232,Warning,1,0
A018,2025-01-15 23:00:00,A018-BAT,Battery,81.304,3.606,70.397,50.246,1778.721,145.82,23.157,85.094,729,69.656,32.894,Warning,1,1
A018,2025-01-16 05:00:00,A018-BAT,Battery,84.956,3.179,71.404,55.934,1841.17,148.617,22.775,83.305,818,61.744,40.005,Warning,1,0
A018,2025-01-16 07:00:00,A018-BAT,Battery,79.066,3.751,71.191,52.14,1820.69,134.241,22.525,87.092,615,60.637,24.726,Warning,1,1
A018,2025-01-16 09:00:00,A018-BAT,Battery,85.187,3.106,75.606,49.553,1686.212,144.556,22.958,86.003,812,69.897,24.694,Warning,1,0
A018,2025-01-16 10:00:00,A018-BAT,Battery,84.337,3.329,71.131,53.531,1886.999,142.947,22.88,81.483,695,67.457,37.431,Warning,1,0
A018,2025-01-16 14:00:00,A018-BAT,Battery,82.427,2.888,69.884,52.702,1707.556,144.295,22.617,81.191,646,53.978,24.099,Normal,0,1
A018,2025-01-16 16:00:00,A018-BAT,Battery,81.501,3.473,70.455,50.909,1783.395,149.486,23.081,82.854,606,64.805,24.251,Warning,1,0
A018,2025-01-16 21:00:00,A018-BAT,Battery,80.177,3.22,70.747,49.331,1707.801,141.348,22.902,82.898,559,72.945,28.689,Warning,1,1
A018,2025-01-16 23:00:00,A018-BAT,Battery,81.432,3.7,70.026,51.149,1736.575,148.581,21.904,84.566,518,71.445,30.385,Warning,1,1
A018,2025-01-17 02:00:00,A018-BAT,Battery,74.707,3.352,74.09,49.312,1736.889,138.632,22.18,83.633,601,73.979,27.96,Warning,1,0
A018,2025-01-17 03:00:00,A018-BAT,Battery,91.44,5.824,61.815,50.38,1743.118,141.077,22.077,87.417,812,77.208,33.284,Warning,1,1
A018,2025-01-17 05:00:00,A018-BAT,Battery,78.41,3.873,69.547,54.851,1810.865,154.665,22.784,83.279,825,75.338,33.393,Warning,1,0
A018,2025-01-17 06:00:00,A018-BAT,Battery,79.399,2.774,72.049,56.375,1848.163,141.71,22.689,84.596,605,64.039,24.657,Normal,0,0
A018,2025-01-17 13:00:00,A018-BAT,Battery,81.542,3.606,78.134,49.622,1853.998,149.721,23.173,82.604,722,71.972,22.028,Warning,1,0
A019,2025-01-01 12:00:00,A019-BAT,Battery,70.566,2.51,79.16,56.009,1575.533,153.265,24.337,76.145,213,55.421,35.03,Normal,0,0
A019,2025-01-01 21:00:00,A019-BAT,Battery,75.733,3.017,82.388,55.414,1895.306,155.826,23.668,78.54,211,57.022,34.838,Normal,0,0
A019,2025-01-02 01:00:00,A019-BAT,Battery,74.158,2.225,79.664,58.197,1664.43,142.3,23.946,75.242,372,67.011,24.353,Normal,0,1
A019,2025-01-02 02:00:00,A019-BAT,Battery,74.221,2.05,84.54,49.765,1750.829,150.598,24.37,73.616,507,40.957,24.859,Normal,0,0
A019,2025-01-02 05:00:00,A019-BAT,Battery,74.504,1.917,77.334,54.869,1789.6,147.29,23.372,75.605,472,38.57,28.831,Normal,0,0
A019,2025-01-02 16:00:00,A019-BAT,Battery,76.869,2.429,75.835,53.18,1888.038,148.172,24.171,79.016,288,54.989,29.536,Normal,0,0
A019,2025-01-02 22:00:00,A019-BAT,Battery,73.43,1.927,73.649,53.581,1844.583,149.463,23.839,75.69,272,65.331,25.252,Normal,0,0
A019,2025-01-03 15:00:00,A019-BAT,Battery,74.472,2.94,72.401,57.702,1769.139,153.749,24.431,73.31,461,61.952,39.055,Normal,0,0
A019,2025-01-03 21:00:00,A019-BAT,Battery,68.863,2.653,71.692,53.027,1789.762,148.709,23.726,81.229,412,64.266,21.643,Normal,0,0
A019,2025-01-03 22:00:00,A019-BAT,Battery,90.79,6.019,62.38,54.811,1747.952,140.298,23.839,79.217,461,53.128,28.692,Warning,1,0
A019,2025-01-04 02:00:00,A019-BAT,Battery,75.784,2.771,77.162,56.023,1913.704,149.37,24.371,74.292,359,66.24,30.238,Normal,0,0
A019,2025-01-04 03:00:00,A019-BAT,Battery,79.935,3.23,77.738,54.173,1947.883,150.773,23.41,75.257,382,71.778,35.66,Normal,0,0
A019,2025-01-04 04:00:00,A019-BAT,Battery,70.905,2.479,71.778,59.089,1750.047,146.832,23.575,73.411,493,44.27,38.095,Normal,0,0
A019,2025-01-04 08:00:00,A019-BAT,Battery,77.827,2.288,73.772,58.621,1772.151,150.52,23.919,77.793,400,56.001,32.431,Normal,0,0
A019,2025-01-04 09:00:00,A019-BAT,Battery,75.154,2.985,76.787,54.839,1803.531,148.611,23.884,75.152,227,59.735,34.613,Normal,0,0
A019,2025-01-04 10:00:00,A019-BAT,Battery,78.762,2.751,71.754,52.392,1649.91,142.435,23.858,75.887,519,49.415,36.191,Normal,0,0
A019,2025-01-04 12:00:00,A019-BAT,Battery,73.455,2.363,72.153,54.781,1634.556,143.327,23.932,76.121,577,58.165,37.976,Normal,0,0
A019,2025-01-04 17:00:00,A019-BAT,Battery,74.29,2.944,72.282,52.089,1720.063,149.051,23.16,75.74,501,40.886,21.833,Normal,0,0
A019,2025-01-04 23:00:00,A019-BAT,Battery,80.489,3.245,76.11,53.043,1680.64,151.499,24.248,78.116,425,65.18,33.348,Normal,0,1
A019,2025-01-05 07:00:00,A019-BAT,Battery,80.554,3.547,74.903,54.049,1745.936,156.15,23.925,76.326,263,68.046,33.328,Normal,0,0
A019,2025-01-05 10:00:00,A019-BAT,Battery,78.869,2.484,71.452,50.445,1841.392,143.433,23.073,77.842,570,51.727,32.781,Normal,0,0
A019,2025-01-05 12:00:00,A019-BAT,Battery,76.711,2.961,75.712,55.829,1785.461,149.242,23.718,74.845,551,55.729,34.928,Normal,0,0
A019,2025-01-05 14:00:00,A019-BAT,Battery,91.542,5.009,70.659,56.659,1800.102,132.172,23.123,78.046,448,66.016,32.104,Warning,1,1
A019,2025-01-05 21:00:00,A019-BAT,Battery,76.591,2.924,70.963,53.698,1819.896,147.73,24.363,79.501,611,64.186,30.157,Normal,0,1
A019,2025-01-05 22:00:00,A019-BAT,Battery,73.456,3.017,77.849,53.233,1882.973,150.371,24.062,75.683,426,52.131,39.011,Normal,0,1
A019,2025-01-06 01:00:00,A019-BAT,Battery,74.338,2.681,74.859,49.976,1787.459,146.659,23.841,76.236,282,58.062,29.762,Normal,0,1
A019,2025-01-06 02:00:00,A019-BAT,Battery,71.328,2.587,75.988,50.96,1700.21,147.246,23.872,75.457,361,56.225,36.659,Normal,0,1
A019,2025-01-06 06:00:00,A019-BAT,Battery,77.907,2.462,72.882,50.55,1778.087,144.123,23.528,80.829,483,75.27,20.98,Normal,0,0
A019,2025-01-06 09:00:00,A019-BAT,Battery,76.647,3.119,70.494,55.172,1777.844,156.006,23.85,78.316,568,65.339,30.337,Normal,0,0
A019,2025-01-06 13:00:00,A019-BAT,Battery,74.858,2.639,73.931,53.851,1924.539,143.841,23.609,77.913,445,65.069,28.389,Normal,0,0
A019,2025-01-06 16:00:00,A019-BAT,Battery,77.511,2.826,70.901,55.796,1896.502,150.99,23.854,78.871,502,58.883,35.629,Normal,0,0
A019,2025-01-06 17:00:00,A019-BAT,Battery,80.582,1.974,76.388,53.061,1844.712,140.72,23.324,80.756,392,71.995,29.001,Normal,0,0
A019,2025-01-06 18:00:00,A019-BAT,Battery,75.079,2.839,75.221,49.303,1808.252,150.008,23.585,81.316,288,58.82,28.779,Normal,0,0
A019,2025-01-06 22:00:00,A019-BAT,Battery,75.178,3.08,76.742,54.316,1751.868,149.049,24.038,78.838,556,53.802,38.511,Normal,0,0
A019,2025-01-07 00:00:00,A019-BAT,Battery,78.548,2.694,71.2,55.241,1756.09,141.132,23.734,80.645,429,54.529,21.333,Normal,0,0
A019,2025-01-07 01:00:00,A019-BAT,Battery,75.296,2.925,75.06,55.688,1787.931,158.779,23.775,78.883,375,61.939,31.159,Normal,0,0
A019,2025-01-07 13:00:00,A019-BAT,Battery,80.231,3.236,71.432,54.534,1760.907,156.946,24.014,77.259,506,58.048,28.872,Normal,0,1
A019,2025-01-07 16:00:00,A019-BAT,Battery,77.219,3.514,70.982,52.625,1901.618,147.901,23.648,77.739,428,68.579,27.2,Normal,0,1
A019,2025-01-07 17:00:00,A019-BAT,Battery,74.622,2.732,73.813,52.239,1964.094,152.316,23.548,77.117,493,71.649,31.455,Normal,0,1
A019,2025-01-07 19:00:00,A019-BAT,Battery,78.581,2.495,73.455,53.929,1792.542,153.175,23.341,79.977,559,67.477,32.158,Normal,0,0
A019,2025-01-07 22:00:00,A019-BAT,Battery,75.507,2.862,70.879,53.247,1771.037,151.862,23.055,76.378,504,48.357,31.813,Normal,0,1
A019,2025-01-08 05:00:00,A019-BAT,Battery,78.475,2.693,76.048,54.269,1871.623,151.194,23.384,78.744,519,81.292,23.352,Normal,0,0
A019,2025-01-08 08:00:00,A019-BAT,Battery,83.289,3.584,69.659,57.051,1871.171,151.974,23.185,76.443,414,77.145,27.566,Warning,1,0
A019,2025-01-08 13:00:00,A019-BAT,Battery,75.904,3.353,72.266,55.758,1843.987,155.316,22.839,80.47,603,66.472,30.61,Normal,0,0
A019,2025-01-08 14:00:00,A019-BAT,Battery,73.483,2.877,68.297,54.401,1709.865,147.403,23.552,79.199,287,70.62,27.526,Normal,0,1
A019,2025-01-08 19:00:00,A019-BAT,Battery,88.487,4.974,63.074,52.953,1728.742,139.836,23.106,81.085,362,62.574,25.174,Warning,1,1
A019,2025-01-08 21:00:00,A019-BAT,Battery,78.59,2.976,73.733,51.984,1816.456,149.103,23.612,83.181,525,65.224,28.428,Normal,0,0
A019,2025-01-08 22:00:00,A019-BAT,Battery,76.208,3.557,70.883,50.183,1580.504,151.024,23.871,80.445,323,57.509,23.986,Normal,0,1
A019,2025-01-08 23:00:00,A019-BAT,Battery,75.012,2.881,73.568,55.934,1854.843,144.125,23.408,81.76,366,65.452,21.841,Normal,0,0
A019,2025-01-09 00:00:00,A019-BAT,Battery,79.508,3.659,76.773,53.395,1718.691,146.667,23.469,82.255,341,68.902,21.539,Normal,0,1
A019,2025-01-09 09:00:00,A019-BAT,Battery,91.149,7.015,59.547,55.394,1765.375,129.318,23.349,80.392,569,66.958,25.215,Warning,1,1
A019,2025-01-09 16:00:00,A019-BAT,Battery,80.028,3.715,79.119,55.438,1860.554,139.076,23.322,78.836,659,54.832,35.143,Normal,0,0
A019,2025-01-09 17:00:00,A019-BAT,Battery,78.951,3.667,69.727,52.367,1872.091,152.419,23.379,77.745,437,64.6,27.867,Normal,0,0
A019,2025-01-10 00:00:00,A019-BAT,Battery,76.605,3.426,74.062,49.996,1724.286,146.787,23.531,85.138,384,62.262,16.547,Normal,0,0
A019,2025-01-10 02:00:00,A019-BAT,Battery,76.713,3.296,67.462,54.051,1892.592,156.931,23.704,84.057,638,70.114,36.983,Normal,0,0
A019,2025-01-10 06:00:00,A019-BAT,Battery,84.206,2.742,71.203,52.099,1844.623,142.648,23.357,83.974,691,58.089,25.687,Normal,0,1
A019,2025-01-10 08:00:00,A019-BAT,Battery,79.012,2.845,71.786,51.195,1790.618,147.778,23.027,79.82,526,75.968,26.839,Normal,0,1
A019,2025-01-10 10:00:00,A019-BAT,Battery,83.018,3.504,70.031,49.791,1924.491,141.934,22.919,79.742,532,64.732,22.151,Normal,0,0
A019,2025-01-10 18:00:00,A019-BAT,Battery,82.474,3.854,73.683,53.985,1486.816,148.273,23.635,80.6,552,75.243,30.694,Warning,1,1
A019,2025-01-10 20:00:00,A019-BAT,Battery,76.194,3.436,73.091,52.78,1926.241,146.939,23.177,80.307,498,74.848,23.183,Normal,0,0
A019,2025-01-10 21:00:00,A019-BAT,Battery,93.337,6.599,68.959,54.871,1592.932,127.924,22.635,81.081,344,70.44,38.546,Warning,1,1
A019,2025-01-11 01:00:00,A019-BAT,Battery,80.896,3.71,73.229,53.414,1823.916,149.399,22.865,81.545,729,55.918,35.738,Normal,0,0
A019,2025-01-11 05:00:00,A019-BAT,Battery,79.261,3.056,71.267,54.981,1765.961,148.088,23.229,85.141,505,70.46,25.715,Normal,0,0
A019,2025-01-11 09:00:00,A019-BAT,Battery,80.238,3.3,69.86,48.215,1704.597,142.866,23.653,84.025,620,54.674,33.778,Normal,0,0
A019,2025-01-11 17:00:00,A019-BAT,Battery,77.003,4.169,76.01,51.155,1804.441,144.401,23.174,82.221,591,71.691,34.912,Warning,1,1
A019,2025-01-11 20:00:00,A019-BAT,Battery,81.971,3.224,70.815,55.852,1797.178,147.723,23.903,81.838,444,63.978,36.338,Normal,0,1
A019,2025-01-11 22:00:00,A019-BAT,Battery,82.614,2.947,72.37,55.79,1769.397,151.035,23.158,81.301,678,60.81,27.615,Normal,0,1
A019,2025-01-11 23:00:00,A019-BAT,Battery,80.514,3.944,71.732,48.4,1734.626,143.824,22.97,79.065,632,62.642,33.049,Warning,1,0
A019,2025-01-12 11:00:00,A019-BAT,Battery,82.15,2.791,68.146,50.864,1584.328,148.014,22.876,82.346,742,77.259,36.337,Warning,1,0
A019,2025-01-12 12:00:00,A019-BAT,Battery,76.969,3.199,75.11,53.526,1889.534,141.206,23.1,83.095,510,63.29,28.881,Normal,0,0
A019,2025-01-12 13:00:00,A019-BAT,Battery,81.245,3.563,68.634,56.68,1684.17,151.72,22.495,81.379,517,74.431,26.349,Warning,1,0
A019,2025-01-12 17:00:00,A019-BAT,Battery,82.929,3.931,75.962,53.086,1776.949,146.07,23.039,80.966,566,71.947,22.455,Warning,1,0
A019,2025-01-12 23:00:00,A019-BAT,Battery,84.684,3.378,73.266,50.179,1808.311,146.457,22.552,78.682,745,81.731,29.864,Warning,1,1
A019,2025-01-13 11:00:00,A019-BAT,Battery,83.304,3.554,72.088,54.16,1646.796,142.435,23.395,78.472,417,63.093,37.325,Warning,1,0
A019,2025-01-13 12:00:00,A019-BAT,Battery,82.98,3.406,69.902,56.907,1674.392,143.194,22.668,81.96,611,64.868,35.981,Warning,1,0
A019,2025-01-13 19:00:00,A019-BAT,Battery,79.868,3.664,71.49,58.207,1762.966,146.845,23.055,81.106,443,74.745,33.746,Warning,1,1
A019,2025-01-14 04:00:00,A019-BAT,Battery,83.642,4.045,68.059,51.009,1812.257,145.988,22.573,81.764,781,67.68,28.858,Warning,1,0
A019,2025-01-14 21:00:00,A019-BAT,Battery,82.82,3.873,67.234,50.715,1948.823,149.795,22.471,81.826,568,89.319,25.904,Warning,1,1
A019,2025-01-15 17:00:00,A019-BAT,Battery,83.92,4.286,68.668,51.545,1782.255,136.96,23.195,84.269,477,83.037,27.794,Warning,1,1
A019,2025-01-15 19:00:00,A019-BAT,Battery,83.92,4.493,72.174,49.62,1780.002,148.721,23.369,83.355,698,88.777,23.515,Warning,1,1
A019,2025-01-15 20:00:00,A019-BAT,Battery,87.054,4.28,66.45,52.68,1664.931,145.83,23.526,88.014,578,80.449,31.615,Warning,1,1
A019,2025-01-16 00:00:00,A019-BAT,Battery,81.78,3.841,72.107,48.532,1664.646,141.363,22.46,81.095,714,76.644,29.791,Warning,1,1
A019,2025-01-16 02:00:00,A019-BAT,Battery,81.889,4.151,73.255,50.001,1806.911,139.561,23.206,87.383,767,72.351,29.83,Warning,1,1
A019,2025-01-16 05:00:00,A019-BAT,Battery,98.725,7.715,57.053,54.999,1828.45,125.522,22.64,82.709,640,65.345,24.382,Warning,1,1
A019,2025-01-16 11:00:00,A019-BAT,Battery,82.708,3.205,70.349,57.005,1748.547,145.169,23.44,89.015,834,67.617,36.055,Warning,1,0
A019,2025-01-16 13:00:00,A019-BAT,Battery,81.715,3.647,71.045,52.854,1622.144,147.129,23.133,85.504,777,81.975,32.978,Warning,1,0
A019,2025-01-16 14:00:00,A019-BAT,Battery,88.559,4.331,70.172,52.047,1743.526,137.829,23.216,81.385,614,74.606,28.098,Warning,1,1
A019,2025-01-16 15:00:00,A019-BAT,Battery,84.0,3.819,71.026,50.166,1826.497,144.501,23.733,82.796,514,87.332,27.885,Warning,1,1
A019,2025-01-16 19:00:00,A019-BAT,Battery,87.931,3.613,72.35,50.157,1907.944,145.95,22.265,82.041,699,70.917,30.67,Warning,1,1
A019,2025-01-16 20:00:00,A019-BAT,Battery,88.048,3.889,67.08,51.919,1800.908,141.836,23.193,83.776,705,71.217,33.052,Warning,1,1
A019,2025-01-17 03:00:00,A019-BAT,Battery,84.013,3.745,66.915,51.663,1722.411,139.525,22.902,83.065,609,74.084,30.072,Warning,1,1
A019,2025-01-17 13:00:00,A019-BAT,Battery,86.854,4.133,70.659,51.775,1839.557,147.412,23.675,81.478,609,82.186,33.626,Warning,1,0
A020,2025-01-01 01:00:00,A020-BAT,Battery,67.076,2.449,78.373,54.042,1625.975,143.644,23.821,73.363,110,56.211,33.684,Normal,0,0
A020,2025-01-01 10:00:00,A020-BAT,Battery,73.311,1.997,79.291,52.747,1946.887,145.589,23.886,73.542,308,40.937,37.696,Normal,0,0
A020,2025-01-01 13:00:00,A020-BAT,Battery,70.883,2.211,77.649,55.958,1797.172,153.097,24.389,74.559,476,56.618,26.23,Normal,0,0
A020,2025-01-01 14:00:00,A020-BAT,Battery,73.773,1.863,76.801,54.169,1970.818,156.317,23.369,72.872,204,64.067,40.928,Normal,0,0
A020,2025-01-01 16:00:00,A020-BAT,Battery,70.208,2.257,80.386,54.834,1863.143,149.969,23.969,76.401,425,39.646,39.434,Normal,0,0
A020,2025-01-01 19:00:00,A020-BAT,Battery,73.527,2.474,83.366,53.641,1827.178,145.908,23.253,71.666,437,49.267,25.941,Normal,0,0
A020,2025-01-01 21:00:00,A020-BAT,Battery,71.651,2.131,76.775,51.281,1842.469,151.345,24.007,76.22,425,47.669,39.043,Normal,0,0
A020,2025-01-02 00:00:00,A020-BAT,Battery,90.913,4.285,65.889,53.736,1717.506,133.06,24.02,74.786,496,53.498,34.34,Warning,1,0
A020,2025-01-02 02:00:00,A020-BAT,Battery,73.394,2.606,74.617,58.716,1926.284,142.805,23.797,73.865,255,40.322,31.573,Normal,0,0
A020,2025-01-02 05:00:00,A020-BAT,Battery,71.845,2.011,74.163,53.379,1813.784,152.945,23.213,74.718,445,51.681,30.598,Normal,0,1
A020,2025-01-02 06:00:00,A020-BAT,Battery,73.073,2.361,78.144,58.77,1909.236,151.586,24.233,77.042,168,47.86,24.432,Normal,0,0
A020,2025-01-02 15:00:00,A020-BAT,Battery,70.966,2.031,76.64,58.327,1866.508,148.99,23.288,77.061,419,65.296,38.652,Normal,0,0
A020,2025-01-03 02:00:00,A020-BAT,Battery,74.303,2.482,76.081,57.831,1729.567,145.905,23.169,75.741,452,47.324,30.34,Normal,0,0
A020,2025-01-03 06:00:00,A020-BAT,Battery,72.927,3.141,77.262,55.315,1804.706,139.604,23.418,71.925,362,42.603,29.001,Normal,0,0
A020,2025-01-03 11:00:00,A020-BAT,Battery,71.832,2.239,78.945,56.647,1800.144,146.751,23.963,76.59,281,54.364,34.042,Normal,0,0
A020,2025-01-03 14:00:00,A020-BAT,Battery,69.141,2.609,78.616,55.616,1758.666,148.005,23.569,77.021,379,51.931,28.395,Normal,0,0
A020,2025-01-03 16:00:00,A020-BAT,Battery,70.645,2.281,78.158,53.674,1770.278,151.78,23.738,77.236,543,50.378,19.957,Normal,0,0
A020,2025-01-03 21:00:00,A020-BAT,Battery,72.655,2.121,77.581,54.009,1842.24,148.486,23.043,76.366,447,59.585,27.312,Normal,0,0
A020,2025-01-04 01:00:00,A020-BAT,Battery,72.766,2.291,78.176,57.206,1806.322,146.725,24.134,76.298,558,51.392,32.929,Normal,0,0
A020,2025-01-04 03:00:00,A020-BAT,Battery,73.821,2.965,82.876,58.135,1895.939,144.974,23.851,76.144,392,51.776,38.701,Normal,0,0
A020,2025-01-04 13:00:00,A020-BAT,Battery,79.48,2.202,80.726,55.713,1833.299,158.26,24.153,75.809,245,49.014,26.223,Normal,0,0
A020,2025-01-04 14:00:00,A020-BAT,Battery,72.467,2.82,80.663,56.064,1790.467,153.226,24.433,78.244,465,54.051,38.826,Normal,0,0
A020,2025-01-04 15:00:00,A020-BAT,Battery,72.788,1.722,79.169,52.811,1861.844,146.707,23.575,75.888,233,58.318,31.843,Normal,0,0
A020,2025-01-04 16:00:00,A020-BAT,Battery,72.59,2.342,75.854,55.783,1863.8,142.731,23.665,82.477,339,64.304,41.07,Normal,0,0
A020,2025-01-05 07:00:00,A020-BAT,Battery,75.861,2.736,74.185,54.585,1820.457,141.605,23.302,76.255,512,50.672,32.425,Normal,0,0
A020,2025-01-05 11:00:00,A020-BAT,Battery,79.48,2.487,75.19,54.13,1697.545,145.003,24.253,78.594,449,62.297,27.689,Normal,0,0
A020,2025-01-05 14:00:00,A020-BAT,Battery,74.354,2.814,76.975,59.385,1783.072,146.304,24.13,78.41,290,65.797,37.16,Normal,0,0
A020,2025-01-05 15:00:00,A020-BAT,Battery,72.371,2.422,71.889,53.874,1933.168,148.752,23.09,81.914,543,49.954,30.247,Normal,0,1
A020,2025-01-05 16:00:00,A020-BAT,Battery,74.075,2.586,74.956,52.083,1772.624,154.803,23.292,75.157,287,56.62,35.119,Normal,0,0
A020,2025-01-05 18:00:00,A020-BAT,Battery,72.725,2.629,80.034,49.93,1900.626,140.725,23.555,75.681,225,47.047,23.06,Normal,0,0
A020,2025-01-05 22:00:00,A020-BAT,Battery,74.487,2.696,74.825,51.89,1683.731,148.91,23.444,78.787,443,53.167,27.466,Normal,0,0
A020,2025-01-06 02:00:00,A020-BAT,Battery,70.267,2.379,79.994,53.884,1734.622,151.532,23.23,75.924,222,48.052,37.017,Normal,0,0
A020,2025-01-06 04:00:00,A020-BAT,Battery,91.787,4.682,68.721,48.682,1931.247,133.349,24.261,76.861,309,44.903,34.047,Warning,1,0
A020,2025-01-06 11:00:00,A020-BAT,Battery,69.95,2.412,78.043,52.672,1849.562,144.701,24.068,76.553,490,67.868,30.078,Normal,0,0
A020,2025-01-06 18:00:00,A020-BAT,Battery,73.931,2.056,75.789,54.015,1869.437,148.062,23.214,80.427,571,39.904,22.131,Normal,0,0
A020,2025-01-07 00:00:00,A020-BAT,Battery,71.268,2.708,74.814,56.591,1902.765,156.338,23.468,79.092,426,56.736,36.58,Normal,0,0
A020,2025-01-07 01:00:00,A020-BAT,Battery,78.562,2.829,76.525,56.996,1813.472,142.263,23.127,79.838,543,62.977,41.184,Normal,0,1
A020,2025-01-07 03:00:00,A020-BAT,Battery,76.676,2.996,78.8,51.836,1841.124,146.505,23.554,77.917,540,53.626,38.032,Normal,0,1
A020,2025-01-07 04:00:00,A020-BAT,Battery,75.298,3.217,73.192,52.586,1735.922,140.414,22.883,79.251,293,51.57,31.207,Normal,0,0
A020,2025-01-07 12:00:00,A020-BAT,Battery,72.136,2.485,77.268,55.077,1795.091,147.847,23.581,80.131,299,57.246,23.469,Normal,0,1
A020,2025-01-07 18:00:00,A020-BAT,Battery,77.409,2.405,78.387,53.827,1891.378,142.367,23.599,79.331,481,59.701,31.59,Normal,0,1
A020,2025-01-07 20:00:00,A020-BAT,Battery,79.812,3.018,77.687,55.54,1766.476,155.164,24.122,82.684,506,39.942,30.191,Normal,0,1
A020,2025-01-08 01:00:00,A020-BAT,Battery,73.018,2.475,77.722,53.535,1760.332,147.25,24.092,80.934,491,47.757,37.559,Normal,0,0
A020,2025-01-08 02:00:00,A020-BAT,Battery,75.018,2.878,75.736,57.193,1698.232,147.298,22.759,78.112,322,67.148,37.552,Normal,0,0
A020,2025-01-08 15:00:00,A020-BAT,Battery,78.328,2.757,77.951,54.312,1726.328,147.553,23.302,80.152,658,52.43,22.407,Normal,0,0
A020,2025-01-08 16:00:00,A020-BAT,Battery,75.983,2.951,74.316,53.94,1854.614,148.656,22.875,78.71,670,76.021,31.861,Normal,0,0
A020,2025-01-08 19:00:00,A020-BAT,Battery,75.851,3.117,75.919,55.893,1791.312,144.011,23.654,79.526,361,57.741,31.701,Normal,0,0
A020,2025-01-09 01:00:00,A020-BAT,Battery,75.051,3.518,79.537,52.091,1748.454,150.53,23.928,81.483,556,59.916,32.675,Normal,0,0
A020,2025-01-09 04:00:00,A020-BAT,Battery,73.466,3.444,74.508,47.368,1680.213,153.513,22.773,79.703,418,64.398,32.823,Normal,0,0
A020,2025-01-09 08:00:00,A020-BAT,Battery,75.508,2.944,71.968,53.175,1754.416,149.805,23.258,82.334,450,46.871,32.702,Normal,0,0
A020,2025-01-09 13:00:00,A020-BAT,Battery,77.172,3.041,80.137,52.6,1814.535,144.775,22.641,78.932,535,63.968,22.083,Normal,0,0
A020,2025-01-09 16:00:00,A020-BAT,Battery,78.345,2.368,77.003,53.503,1889.559,142.591,23.446,81.43,677,66.032,25.56,Normal,0,0
A020,2025-01-09 21:00:00,A020-BAT,Battery,76.324,2.961,71.439,55.618,1682.588,149.918,23.413,85.401,564,61.96,22.975,Normal,0,1
A020,2025-01-10 03:00:00,A020-BAT,Battery,76.278,2.614,77.243,52.042,1708.962,153.339,23.651,80.107,476,69.013,27.677,Normal,0,0
A020,2025-01-10 04:00:00,A020-BAT,Battery,76.753,3.086,71.74,52.209,1615.399,145.945,23.429,77.615,382,64.98,19.013,Normal,0,1
A020,2025-01-10 05:00:00,A020-BAT,Battery,92.486,4.674,63.194,54.703,1759.75,133.515,22.833,82.248,523,51.838,35.392,Warning,1,0
A020,2025-01-10 12:00:00,A020-BAT,Battery,78.814,3.04,75.635,54.428,1913.911,144.805,23.476,82.336,716,64.456,22.186,Normal,0,1
A020,2025-01-10 18:00:00,A020-BAT,Battery,76.512,3.144,76.508,52.417,1873.179,147.509,22.946,76.978,340,64.646,29.717,Normal,0,1
A020,2025-01-10 19:00:00,A020-BAT,Battery,78.777,2.682,73.553,52.285,1664.88,149.503,23.235,85.642,553,55.973,38.94,Normal,0,1
A020,2025-01-10 20:00:00,A020-BAT,Battery,74.808,2.83,72.371,52.389,1734.037,150.622,22.912,79.407,348,60.861,25.861,Normal,0,0
A020,2025-01-11 06:00:00,A020-BAT,Battery,74.963,3.313,72.477,54.501,1782.641,144.906,23.44,81.459,463,53.521,37.568,Normal,0,0
A020,2025-01-11 08:00:00,A020-BAT,Battery,78.001,3.401,74.772,57.144,1820.51,146.153,23.525,84.251,422,70.204,32.174,Normal,0,1
A020,2025-01-11 09:00:00,A020-BAT,Battery,81.497,2.366,71.835,54.569,1755.07,149.118,22.906,79.556,671,54.548,29.432,Normal,0,0
A020,2025-01-11 13:00:00,A020-BAT,Battery,80.022,2.952,77.776,51.64,1728.34,147.164,23.03,82.073,585,61.423,31.536,Normal,0,0
A020,2025-01-11 15:00:00,A020-BAT,Battery,70.621,3.005,78.873,55.132,1838.163,147.165,23.716,82.465,506,62.487,31.567,Normal,0,0
A020,2025-01-11 19:00:00,A020-BAT,Battery,78.828,3.144,72.649,55.976,1795.299,146.133,23.092,80.6,632,63.19,28.553,Normal,0,0
A020,2025-01-11 20:00:00,A020-BAT,Battery,77.746,2.794,74.139,53.419,1884.487,141.21,23.193,83.808,485,71.526,35.891,Normal,0,0
A020,2025-01-11 23:00:00,A020-BAT,Battery,94.501,5.096,66.604,52.413,1724.959,128.294,23.604,78.853,545,65.779,24.373,Warning,1,0
A020,2025-01-12 00:00:00,A020-BAT,Battery,73.637,2.563,72.63,52.965,1888.028,146.008,22.918,83.856,670,59.59,22.477,Normal,0,0
A020,2025-01-12 15:00:00,A020-BAT,Battery,78.013,3.826,72.332,55.048,1781.438,156.592,23.241,81.977,627,68.292,33.46,Normal,0,0
A020,2025-01-13 02:00:00,A020-BAT,Battery,76.105,3.088,70.249,53.559,1676.939,140.359,23.197,79.202,509,67.885,37.965,Normal,0,0
A020,2025-01-13 04:00:00,A020-BAT,Battery,78.737,3.325,76.591,51.612,1690.843,147.389,22.934,84.759,627,72.19,32.847,Normal,0,0
A020,2025-01-13 05:00:00,A020-BAT,Battery,79.261,2.491,77.24,52.171,1827.78,147.987,23.075,84.692,635,65.147,28.38,Normal,0,0
A020,2025-01-13 07:00:00,A020-BAT,Battery,80.604,2.719,69.52,53.731,1711.838,140.761,23.226,79.957,607,64.406,33.701,Normal,0,0
A020,2025-01-13 10:00:00,A020-BAT,Battery,80.576,3.45,72.824,50.716,1757.861,137.553,23.333,80.924,576,56.769,33.101,Normal,0,0
A020,2025-01-13 16:00:00,A020-BAT,Battery,82.293,3.195,72.603,51.624,1900.141,142.162,22.943,80.492,680,73.501,24.845,Normal,0,0
A020,2025-01-13 18:00:00,A020-BAT,Battery,83.249,3.271,76.867,55.666,1806.569,138.764,22.784,78.298,630,63.552,30.363,Normal,0,1
A020,2025-01-13 20:00:00,A020-BAT,Battery,84.269,3.181,71.916,52.974,1843.779,147.201,22.245,82.069,574,64.233,23.942,Normal,0,0
A020,2025-01-13 23:00:00,A020-BAT,Battery,79.242,3.615,66.727,50.309,1914.761,145.856,22.549,81.216,751,56.799,26.612,Normal,0,0
A020,2025-01-14 03:00:00,A020-BAT,Battery,98.512,6.435,60.534,54.143,1759.466,139.288,22.787,87.003,677,73.307,23.031,Warning,1,1
A020,2025-01-15 03:00:00,A020-BAT,Battery,81.437,3.615,70.811,52.157,1753.307,147.792,23.244,81.787,836,75.165,24.001,Warning,1,0
A020,2025-01-15 05:00:00,A020-BAT,Battery,80.641,3.225,74.14,52.476,1876.43,142.901,22.878,85.213,759,51.813,27.66,Normal,0,1
A020,2025-01-15 06:00:00,A020-BAT,Battery,79.473,3.538,71.361,49.163,1770.07,143.873,22.749,81.791,548,80.775,26.596,Warning,1,0
A020,2025-01-15 09:00:00,A020-BAT,Battery,78.615,3.63,71.619,52.451,1834.768,147.705,22.849,83.411,841,66.02,31.782,Warning,1,0
A020,2025-01-15 14:00:00,A020-BAT,Battery,83.703,3.31,76.305,53.116,1701.137,139.106,23.059,84.631,742,75.819,21.1,Warning,1,0
A020,2025-01-15 20:00:00,A020-BAT,Battery,83.321,3.008,77.195,55.286,1767.199,154.156,23.207,84.378,795,73.996,26.192,Warning,1,0
A020,2025-01-16 00:00:00,A020-BAT,Battery,80.803,3.189,66.174,53.142,1971.021,144.869,22.857,83.864,547,66.599,24.266,Warning,1,1
A020,2025-01-16 03:00:00,A020-BAT,Battery,84.791,3.578,74.045,52.907,1716.609,145.368,22.757,85.761,646,68.979,35.278,Warning,1,0
A020,2025-01-16 05:00:00,A020-BAT,Battery,87.86,5.644,60.419,49.448,1837.705,130.82,23.067,82.268,696,79.646,26.715,Warning,1,1
A020,2025-01-16 06:00:00,A020-BAT,Battery,80.433,3.85,71.827,54.163,1818.994,145.47,22.787,82.562,839,73.098,27.267,Warning,1,0
A020,2025-01-16 11:00:00,A020-BAT,Battery,84.656,4.055,70.284,50.725,1686.148,139.608,22.707,84.338,662,67.114,31.518,Warning,1,0
A020,2025-01-16 12:00:00,A020-BAT,Battery,85.323,3.708,71.137,50.951,1882.511,144.405,22.22,80.282,538,65.254,25.063,Warning,1,1
A020,2025-01-16 15:00:00,A020-BAT,Battery,83.326,3.865,65.044,55.043,1830.676,145.555,22.93,80.282,807,78.861,31.877,Warning,1,1
A020,2025-01-16 19:00:00,A020-BAT,Battery,85.78,3.68,71.677,53.474,1873.248,140.643,22.776,86.434,517,67.523,30.789,Warning,1,1
A020,2025-01-16 20:00:00,A020-BAT,Battery,79.291,3.352,74.37,50.656,1878.389,152.137,23.234,88.086,668,62.823,20.303,Warning,1,1
A020,2025-01-16 23:00:00,A020-BAT,Battery,78.689,3.724,69.092,52.187,1723.661,145.588,23.134,84.201,826,69.377,25.901,Warning,1,0
A020,2025-01-17 00:00:00,A020-BAT,Battery,86.012,3.512,75.999,48.161,1749.131,141.823,22.807,85.75,774,92.687,30.476,Warning,1,1
A020,2025-01-17 01:00:00,A020-BAT,Battery,84.307,3.083,68.378,52.271,1785.212,146.055,22.256,83.943,509,70.199,30.963,Warning,1,0
A020,2025-01-17 04:00:00,A020-BAT,Battery,82.478,3.912,72.345,51.964,1860.49,138.627,23.092,84.29,709,81.322,30.801,Warning,1,1
A020,2025-01-17 05:00:00,A020-BAT,Battery,80.854,3.956,71.97,52.635,1882.996,147.615,23.309,84.024,556,76.772,36.68,Warning,1,1
A020,2025-01-17 06:00:00,A020-BAT,Battery,82.853,3.712,73.116,53.139,2035.203,150.238,22.618,86.543,733,72.268,33.223,Warning,1,0
A020,2025-01-17 11:00:00,A020-BAT,Battery,82.102,3.786,67.867,56.255,1970.549,134.74,23.251,85.133,625,76.533,31.998,Warning,1,1
A020,2025-01-17 13:00:00,A020-BAT,Battery,78.605,3.809,70.654,51.49,1683.737,141.942,23.621,87.107,825,81.035,33.55,Warning,1,1
A021,2025-01-01 02:00:00,A021-BAT,Battery,67.329,2.15,79.401,58.208,1885.383,148.019,24.592,75.419,411,50.734,31.996,Normal,0,0
A021,2025-01-01 06:00:00,A021-BAT,Battery,67.224,2.688,81.359,55.578,1849.132,145.223,24.102,74.667,385,55.192,29.216,Normal,0,0
A021,2025-01-01 11:00:00,A021-BAT,Battery,72.373,2.285,78.359,55.658,1876.59,143.034,24.076,76.241,280,44.906,37.91,Normal,0,0
A021,2025-01-01 17:00:00,A021-BAT,Battery,66.84,2.003,84.571,53.728,1794.587,150.178,24.561,76.312,436,39.796,21.463,Normal,0,0
A021,2025-01-01 23:00:00,A021-BAT,Battery,68.933,2.38,77.645,53.963,1772.982,148.174,23.84,72.254,206,50.754,25.882,Normal,0,0
A021,2025-01-02 03:00:00,A021-BAT,Battery,73.556,1.925,80.471,54.975,1618.992,145.815,24.102,76.887,355,36.428,29.339,Normal,0,0
A021,2025-01-02 09:00:00,A021-BAT,Battery,70.354,2.197,77.093,53.127,1763.838,152.386,24.258,72.287,283,50.35,29.148,Normal,0,0
A021,2025-01-02 10:00:00,A021-BAT,Battery,73.264,2.437,78.447,55.642,1901.917,154.755,24.092,74.56,146,37.801,26.728,Normal,0,0
A021,2025-01-02 11:00:00,A021-BAT,Battery,66.46,1.28,80.146,54.028,1767.292,149.358,23.744,74.774,252,59.555,34.073,Normal,0,0
A021,2025-01-02 14:00:00,A021-BAT,Battery,69.602,2.175,77.625,54.341,1682.539,149.249,24.332,78.596,167,53.724,26.07,Normal,0,0
A021,2025-01-02 15:00:00,A021-BAT,Battery,74.477,2.089,78.038,55.671,1678.931,148.84,24.333,78.972,293,41.415,25.159,Normal,0,0
A021,2025-01-03 00:00:00,A021-BAT,Battery,72.636,2.205,79.483,56.346,1940.303,146.01,23.74,74.642,397,35.781,31.272,Normal,0,0
A021,2025-01-03 03:00:00,A021-BAT,Battery,69.776,2.27,80.782,50.933,1812.288,155.981,23.935,77.407,232,49.962,31.444,Normal,0,0
A021,2025-01-03 04:00:00,A021-BAT,Battery,73.321,2.26,83.329,51.802,1882.995,145.421,23.917,77.624,470,49.185,30.505,Normal,0,0
A021,2025-01-03 08:00:00,A021-BAT,Battery,73.403,1.682,79.026,56.805,1683.622,157.788,23.436,77.096,184,41.012,36.171,Normal,0,0
A021,2025-01-03 10:00:00,A021-BAT,Battery,71.922,2.273,80.193,52.165,1739.897,147.531,23.878,74.708,306,45.817,27.308,Normal,0,0
A021,2025-01-03 15:00:00,A021-BAT,Battery,70.583,2.329,81.542,55.576,1864.071,147.999,23.845,76.418,492,39.823,31.506,Normal,0,0
A021,2025-01-03 17:00:00,A021-BAT,Battery,70.424,2.068,79.271,53.709,1897.847,148.268,24.103,78.02,450,38.918,29.575,Normal,0,0
A021,2025-01-04 00:00:00,A021-BAT,Battery,71.017,2.282,77.86,55.694,1760.888,139.905,23.896,76.275,271,54.198,24.115,Normal,0,0
A021,2025-01-04 03:00:00,A021-BAT,Battery,66.361,2.121,77.051,50.918,1752.781,152.795,23.814,73.631,359,47.886,34.541,Normal,0,0
A021,2025-01-04 06:00:00,A021-BAT,Battery,72.208,2.319,79.922,54.352,1852.681,154.873,24.015,76.931,495,50.322,28.499,Normal,0,0
A021,2025-01-04 09:00:00,A021-BAT,Battery,76.896,2.602,78.855,53.816,1752.213,153.053,23.302,81.427,318,58.335,32.696,Normal,0,0
A021,2025-01-04 11:00:00,A021-BAT,Battery,73.814,2.769,77.577,51.802,1676.555,151.811,23.929,80.691,200,39.772,32.322,Normal,0,0
A021,2025-01-04 12:00:00,A021-BAT,Battery,72.071,2.258,78.638,56.768,1687.224,147.459,24.276,74.521,517,54.759,16.494,Normal,0,0
A021,2025-01-04 17:00:00,A021-BAT,Battery,75.312,2.143,83.372,58.546,1714.096,149.099,23.808,75.983,498,48.638,42.089,Normal,0,0
A021,2025-01-04 19:00:00,A021-BAT,Battery,77.278,2.715,81.457,54.25,1832.09,152.885,22.877,74.21,552,51.459,21.774,Normal,0,0
A021,2025-01-04 22:00:00,A021-BAT,Battery,71.771,2.606,81.502,55.087,1695.5,148.045,23.397,76.868,233,44.529,28.22,Normal,0,0
A021,2025-01-05 00:00:00,A021-BAT,Battery,77.123,2.609,73.498,55.035,1800.673,149.464,23.578,77.666,513,43.552,30.622,Normal,0,1
A021,2025-01-05 01:00:00,A021-BAT,Battery,76.863,2.823,75.221,53.505,1805.713,150.073,23.94,76.889,359,44.687,31.51,Normal,0,0
A021,2025-01-05 02:00:00,A021-BAT,Battery,77.804,2.896,79.524,53.608,1728.282,153.218,23.862,75.942,414,53.582,29.364,Normal,0,0
A021,2025-01-05 05:00:00,A021-BAT,Battery,72.814,2.007,78.682,53.243,1863.934,148.19,23.856,76.944,282,40.117,34.311,Normal,0,0
A021,2025-01-05 10:00:00,A021-BAT,Battery,82.42,5.472,64.562,55.65,1822.45,132.418,23.841,77.409,391,61.591,29.319,Warning,1,0
A021,2025-01-05 21:00:00,A021-BAT,Battery,72.133,3.459,73.95,52.505,1758.453,152.284,24.16,77.258,425,46.305,25.465,Normal,0,0
A021,2025-01-05 22:00:00,A021-BAT,Battery,74.828,2.615,75.358,51.609,1800.214,151.007,23.516,79.224,366,52.149,33.008,Normal,0,0
A021,2025-01-06 02:00:00,A021-BAT,Battery,75.359,1.661,80.071,53.862,1718.909,148.058,23.417,78.727,260,50.391,38.581,Normal,0,0
A021,2025-01-06 03:00:00,A021-BAT,Battery,78.234,2.397,76.787,55.29,1795.259,149.533,23.515,76.106,431,45.54,35.95,Normal,0,0
A021,2025-01-06 08:00:00,A021-BAT,Battery,75.254,2.35,76.127,53.821,1776.878,141.682,23.436,79.174,384,47.82,30.661,Normal,0,0
A021,2025-01-06 11:00:00,A021-BAT,Battery,74.334,2.299,79.966,55.909,1758.048,147.044,23.741,80.631,231,57.646,32.845,Normal,0,0
A021,2025-01-06 14:00:00,A021-BAT,Battery,73.777,2.258,73.807,55.479,1795.159,142.42,23.441,82.113,328,62.58,30.3,Normal,0,0
A021,2025-01-06 16:00:00,A021-BAT,Battery,73.577,3.203,77.027,57.013,1765.15,148.453,24.111,76.444,377,73.398,26.257,Normal,0,0
A021,2025-01-06 20:00:00,A021-BAT,Battery,76.586,2.648,76.898,52.753,1781.476,144.374,23.228,79.187,604,43.988,28.925,Normal,0,1
A021,2025-01-06 21:00:00,A021-BAT,Battery,72.885,2.866,78.312,54.029,1752.715,147.459,23.71,77.782,362,58.789,34.743,Normal,0,0
A021,2025-01-06 22:00:00,A021-BAT,Battery,73.677,2.789,81.696,53.508,2014.231,146.052,23.944,80.626,322,64.832,28.174,Normal,0,0
A021,2025-01-06 23:00:00,A021-BAT,Battery,74.433,2.105,76.652,53.108,1779.596,143.36,23.465,79.147,347,47.731,31.62,Normal,0,0
A021,2025-01-07 00:00:00,A021-BAT,Battery,77.062,2.435,75.059,55.166,1746.12,143.391,23.814,77.542,429,59.062,23.382,Normal,0,1
A021,2025-01-07 06:00:00,A021-BAT,Battery,76.692,2.437,77.914,56.047,1741.589,151.435,23.137,78.841,532,56.679,30.552,Normal,0,0
A021,2025-01-07 07:00:00,A021-BAT,Battery,75.583,2.671,72.449,52.628,1870.277,150.036,24.051,79.502,427,48.894,23.311,Normal,0,0
A021,2025-01-07 08:00:00,A021-BAT,Battery,74.932,3.025,76.717,53.15,1728.855,149.466,22.903,75.87,627,48.697,25.925,Normal,0,0
A021,2025-01-08 01:00:00,A021-BAT,Battery,78.174,3.07,75.821,50.86,1742.658,152.317,23.356,76.724,662,57.639,24.619,Normal,0,0
A021,2025-01-08 03:00:00,A021-BAT,Battery,72.359,2.447,76.448,50.218,1831.18,148.884,23.332,81.596,555,61.27,35.933,Normal,0,0
A021,2025-01-08 06:00:00,A021-BAT,Battery,75.107,2.42,73.242,52.948,1973.023,148.862,24.075,75.192,529,49.254,20.879,Normal,0,0
A021,2025-01-08 10:00:00,A021-BAT,Battery,75.604,2.808,76.168,51.231,1737.976,146.774,24.017,81.856,673,47.924,36.695,Normal,0,0
A021,2025-01-08 15:00:00,A021-BAT,Battery,72.707,3.182,76.806,52.714,1871.583,152.996,23.192,78.644,521,53.338,32.793,Normal,0,0
A021,2025-01-08 16:00:00,A021-BAT,Battery,80.56,2.45,76.667,53.259,1705.04,148.673,23.474,81.004,323,57.146,31.163,Normal,0,0
A021,2025-01-08 20:00:00,A021-BAT,Battery,75.112,2.424,74.534,54.308,1683.791,154.869,23.551,81.853,535,50.57,30.8,Normal,0,0
A021,2025-01-08 22:00:00,A021-BAT,Battery,73.926,2.711,76.78,53.807,1724.654,151.198,23.474,76.343,574,65.118,30.374,Normal,0,0
A021,2025-01-09 02:00:00,A021-BAT,Battery,77.574,2.681,76.606,54.665,2010.994,141.117,23.205,79.467,483,61.903,37.442,Normal,0,0
A021,2025-01-09 03:00:00,A021-BAT,Battery,75.879,2.871,78.367,48.222,1775.748,143.66,23.106,78.651,357,43.165,36.417,Normal,0,0
A021,2025-01-09 04:00:00,A021-BAT,Battery,80.238,2.557,79.097,52.607,1748.583,148.207,24.048,82.217,623,69.97,22.873,Normal,0,0
A021,2025-01-09 05:00:00,A021-BAT,Battery,77.972,2.165,75.057,52.186,1787.964,156.63,23.342,79.133,322,48.862,34.203,Normal,0,0
A021,2025-01-09 09:00:00,A021-BAT,Battery,82.211,3.366,73.137,52.83,1765.058,140.484,23.357,81.367,325,59.134,28.734,Normal,0,1
A021,2025-01-09 11:00:00,A021-BAT,Battery,75.171,3.187,75.789,51.523,1898.521,146.961,23.043,81.323,647,59.95,18.856,Normal,0,0
A021,2025-01-09 17:00:00,A021-BAT,Battery,77.957,2.703,74.376,53.168,1813.711,141.634,23.038,78.965,484,61.164,20.817,Normal,0,1
A021,2025-01-09 19:00:00,A021-BAT,Battery,73.395,3.402,72.195,53.512,1631.299,153.665,23.386,83.284,392,52.726,41.961,Normal,0,0
A021,2025-01-09 22:00:00,A021-BAT,Battery,79.588,2.691,77.603,52.293,1846.018,146.266,23.14,81.327,318,52.972,21.29,Normal,0,1
A021,2025-01-09 23:00:00,A021-BAT,Battery,77.374,3.094,77.632,54.359,1855.686,150.951,23.165,79.136,631,64.148,21.473,Normal,0,0
A021,2025-01-11 02:00:00,A021-BAT,Battery,90.03,4.711,66.436,54.233,1788.6,139.815,23.321,86.002,354,65.396,17.477,Warning,1,0
A021,2025-01-11 05:00:00,A021-BAT,Battery,75.508,2.934,72.829,53.514,1795.524,149.533,23.368,77.344,644,57.826,32.562,Normal,0,0
A021,2025-01-11 09:00:00,A021-BAT,Battery,73.304,2.842,79.112,53.82,1782.741,143.391,23.48,84.512,653,66.334,24.039,Normal,0,0
A021,2025-01-11 10:00:00,A021-BAT,Battery,78.484,3.241,75.617,53.993,1733.465,142.893,22.845,81.218,695,57.704,27.395,Normal,0,1
A021,2025-01-11 12:00:00,A021-BAT,Battery,76.879,2.681,77.269,54.723,1867.926,149.849,23.561,85.948,458,59.699,30.086,Normal,0,1
A021,2025-01-11 13:00:00,A021-BAT,Battery,81.794,3.538,75.251,54.895,1666.724,149.292,23.914,75.142,613,68.565,34.962,Normal,0,0
A021,2025-01-11 14:00:00,A021-BAT,Battery,82.52,3.374,75.676,50.56,1742.735,138.207,23.247,82.117,499,60.074,28.776,Normal,0,0
A021,2025-01-11 20:00:00,A021-BAT,Battery,79.753,3.559,75.07,55.235,1908.688,147.444,23.147,83.516,419,65.002,31.627,Normal,0,0
A021,2025-01-12 00:00:00,A021-BAT,Battery,80.791,2.904,74.043,55.953,1767.868,148.474,22.929,81.468,703,54.013,22.241,Normal,0,0
A021,2025-01-12 05:00:00,A021-BAT,Battery,78.277,3.184,72.809,55.869,1701.117,146.219,23.286,83.043,427,65.829,28.43,Normal,0,0
A021,2025-01-12 08:00:00,A021-BAT,Battery,83.121,2.59,76.326,50.288,1846.103,144.975,23.397,82.449,712,64.876,29.005,Normal,0,0
A021,2025-01-12 12:00:00,A021-BAT,Battery,84.424,2.617,72.83,50.899,1730.794,145.548,23.282,81.946,455,85.646,21.852,Normal,0,1
A021,2025-01-12 16:00:00,A021-BAT,Battery,77.749,2.819,76.96,53.538,1883.125,145.16,23.395,82.389,756,69.491,24.738,Normal,0,0
A021,2025-01-12 17:00:00,A021-BAT,Battery,78.61,3.589,73.355,52.162,1918.798,144.922,23.086,79.002,744,56.154,35.037,Normal,0,0
A021,2025-01-12 18:00:00,A021-BAT,Battery,76.429,3.233,75.204,51.668,1704.543,139.768,23.66,81.492,563,67.995,24.687,Normal,0,0
A021,2025-01-13 01:00:00,A021-BAT,Battery,92.266,4.982,65.148,56.779,1879.131,128.017,23.014,82.684,715,76.127,32.259,Warning,1,1
A021,2025-01-13 08:00:00,A021-BAT,Battery,79.994,3.446,68.636,51.936,1798.242,147.096,22.811,82.312,761,65.33,29.443,Normal,0,0
A021,2025-01-13 15:00:00,A021-BAT,Battery,75.275,2.852,72.261,52.454,1864.108,142.763,22.778,83.552,404,58.586,26.689,Normal,0,0
A021,2025-01-13 16:00:00,A021-BAT,Battery,81.196,3.582,72.492,57.105,1734.43,146.246,22.633,81.642,609,79.622,31.74,Warning,1,0
A021,2025-01-13 23:00:00,A021-BAT,Battery,76.659,3.193,72.818,48.534,1839.625,144.879,23.32,83.086,534,64.739,36.554,Normal,0,0
A021,2025-01-14 01:00:00,A021-BAT,Battery,80.513,2.846,75.227,47.277,1702.576,146.371,23.548,82.654,584,66.82,24.339,Normal,0,1
A021,2025-01-14 04:00:00,A021-BAT,Battery,82.593,3.321,71.903,54.314,1722.785,144.105,23.357,85.617,620,82.287,27.778,Warning,1,1
A021,2025-01-14 06:00:00,A021-BAT,Battery,80.539,2.89,70.413,53.752,1836.755,144.663,22.85,84.544,485,56.402,24.327,Normal,0,1
A021,2025-01-14 14:00:00,A021-BAT,Battery,84.173,3.969,71.823,52.389,1829.054,147.732,23.398,84.055,749,87.081,35.633,Warning,1,1
A021,2025-01-14 17:00:00,A021-BAT,Battery,75.324,3.705,70.345,54.91,1815.405,154.438,23.406,84.079,437,67.169,27.205,Normal,0,0
A021,2025-01-14 20:00:00,A021-BAT,Battery,80.827,2.924,69.848,52.258,1737.18,143.003,22.636,82.758,630,60.994,30.158,Normal,0,0
A021,2025-01-15 01:00:00,A021-BAT,Battery,77.941,3.947,75.138,54.334,1796.988,141.093,23.124,82.201,443,88.793,26.192,Warning,1,1
A021,2025-01-15 06:00:00,A021-BAT,Battery,82.424,3.084,74.044,56.515,1802.825,147.158,22.89,82.063,470,63.077,33.813,Normal,0,0
A021,2025-01-15 08:00:00,A021-BAT,Battery,83.03,3.139,71.504,51.52,1833.191,144.581,23.133,82.395,731,77.105,32.421,Warning,1,0
A021,2025-01-15 11:00:00,A021-BAT,Battery,84.111,3.889,76.029,47.16,1843.796,146.251,23.246,80.668,769,58.273,39.179,Normal,0,0
A021,2025-01-15 13:00:00,A021-BAT,Battery,85.266,2.798,75.064,51.71,1887.974,150.511,23.084,82.003,740,59.883,27.514,Normal,0,0
A021,2025-01-15 14:00:00,A021-BAT,Battery,84.542,3.083,72.048,51.189,1952.507,147.746,23.32,82.695,722,73.546,33.839,Warning,1,0
A021,2025-01-16 03:00:00,A021-BAT,Battery,79.607,3.231,72.28,50.88,1743.126,147.556,22.656,84.627,613,60.667,30.719,Normal,0,0
A021,2025-01-16 11:00:00,A021-BAT,Battery,86.136,3.25,71.168,50.259,1706.866,143.885,22.717,84.825,523,55.959,24.014,Normal,0,0
A021,2025-01-16 17:00:00,A021-BAT,Battery,80.037,3.352,72.93,53.083,1714.066,146.579,21.931,87.321,724,58.522,30.297,Normal,0,1
A021,2025-01-16 18:00:00,A021-BAT,Battery,84.917,3.253,72.689,50.893,1902.241,144.672,22.821,84.001,845,72.267,29.53,Warning,1,0
A021,2025-01-16 22:00:00,A021-BAT,Battery,79.812,3.589,72.348,48.902,1768.807,145.419,22.975,84.693,820,76.894,23.175,Warning,1,0
A021,2025-01-17 12:00:00,A021-BAT,Battery,81.029,3.298,72.339,48.068,1801.418,146.161,22.543,84.877,683,70.709,22.532,Warning,1,0
A021,2025-01-17 14:00:00,A021-BAT,Battery,81.04,4.381,70.95,52.302,1869.226,154.639,23.182,83.249,711,79.379,22.043,Warning,1,1
A022,2025-01-01 00:00:00,A022-BAT,Battery,72.133,1.63,75.248,55.473,1849.048,155.399,24.072,76.152,212,51.578,34.365,Normal,0,0
A022,2025-01-01 04:00:00,A022-BAT,Battery,72.729,3.234,81.18,51.318,1816.92,147.088,24.215,75.326,400,46.015,34.141,Normal,0,0
A022,2025-01-01 10:00:00,A022-BAT,Battery,73.338,2.03,76.534,51.987,1802.089,147.281,24.771,77.737,430,47.925,26.267,Normal,0,0
A022,2025-01-01 15:00:00,A022-BAT,Battery,73.691,2.27,77.222,54.287,1729.007,147.457,24.498,76.366,255,58.726,27.552,Normal,0,0
A022,2025-01-01 17:00:00,A022-BAT,Battery,80.558,5.727,66.007,53.02,1788.381,141.876,23.852,76.258,314,44.47,32.42,Warning,1,0
A022,2025-01-01 23:00:00,A022-BAT,Battery,73.892,2.028,79.557,55.984,1794.311,143.844,24.451,73.283,468,40.322,32.4,Normal,0,0
A022,2025-01-02 04:00:00,A022-BAT,Battery,74.574,2.378,76.703,54.659,1727.739,150.718,23.651,76.134,420,55.749,30.717,Normal,0,0
A022,2025-01-02 05:00:00,A022-BAT,Battery,73.994,3.021,80.219,52.567,1735.589,149.216,23.511,74.32,166,40.838,33.365,Normal,0,0
A022,2025-01-02 10:00:00,A022-BAT,Battery,75.129,2.14,71.579,56.604,1806.74,151.265,23.629,77.408,290,49.373,34.771,Normal,0,0
A022,2025-01-02 12:00:00,A022-BAT,Battery,72.985,2.27,75.878,53.031,1780.726,144.045,23.204,75.742,474,59.484,22.171,Normal,0,0
A022,2025-01-02 14:00:00,A022-BAT,Battery,68.88,2.379,76.812,54.928,1740.12,155.772,24.115,76.102,427,50.837,42.784,Normal,0,0
A022,2025-01-02 15:00:00,A022-BAT,Battery,76.08,2.487,75.016,55.715,1859.308,146.952,24.08,80.276,392,65.772,35.91,Normal,0,0
A022,2025-01-03 01:00:00,A022-BAT,Battery,75.612,2.838,77.684,52.234,1913.979,147.158,24.202,77.143,424,46.755,31.856,Normal,0,0
A022,2025-01-03 06:00:00,A022-BAT,Battery,71.568,2.704,78.087,50.949,1827.102,151.852,23.657,79.019,429,44.093,24.059,Normal,0,0
A022,2025-01-03 10:00:00,A022-BAT,Battery,71.56,2.517,77.362,53.346,1926.846,160.34,25.054,75.649,218,50.622,26.035,Normal,0,0
A022,2025-01-03 13:00:00,A022-BAT,Battery,71.937,1.754,75.471,53.102,1868.925,148.365,24.048,77.8,543,45.265,24.734,Normal,0,0
A022,2025-01-03 14:00:00,A022-BAT,Battery,76.579,2.492,71.838,51.702,1909.175,151.858,23.627,76.998,242,62.075,25.428,Normal,0,0
A022,2025-01-03 16:00:00,A022-BAT,Battery,78.625,2.508,77.032,52.57,1657.9,151.045,23.687,75.412,549,47.866,20.839,Normal,0,0
A022,2025-01-03 20:00:00,A022-BAT,Battery,72.279,2.083,80.656,53.796,1916.998,145.313,24.18,78.473,493,62.087,33.069,Normal,0,0
A022,2025-01-03 21:00:00,A022-BAT,Battery,75.997,3.186,84.136,54.941,1736.581,148.874,23.553,76.739,474,55.313,31.69,Normal,0,0
A022,2025-01-04 03:00:00,A022-BAT,Battery,74.71,2.546,76.008,54.391,1746.886,139.74,24.039,79.154,446,57.948,22.599,Normal,0,0
A022,2025-01-04 04:00:00,A022-BAT,Battery,75.711,2.917,74.707,56.844,1750.158,148.336,23.766,79.254,383,53.866,36.751,Normal,0,0
A022,2025-01-04 06:00:00,A022-BAT,Battery,72.949,2.532,73.985,54.682,1893.192,142.688,23.672,78.978,434,51.829,26.824,Normal,0,1
A022,2025-01-04 07:00:00,A022-BAT,Battery,77.12,2.459,76.707,54.246,1838.773,142.736,23.778,77.886,474,30.081,27.286,Normal,0,0
A022,2025-01-04 09:00:00,A022-BAT,Battery,71.531,3.124,75.045,55.754,1598.217,145.808,24.393,77.877,456,69.384,29.939,Normal,0,0
A022,2025-01-04 10:00:00,A022-BAT,Battery,74.145,3.239,80.714,57.319,1764.228,136.145,23.529,76.714,257,49.476,27.58,Normal,0,0
A022,2025-01-04 19:00:00,A022-BAT,Battery,73.855,2.269,76.809,53.802,1822.699,146.484,23.52,78.439,514,40.637,31.362,Normal,0,0
A022,2025-01-04 21:00:00,A022-BAT,Battery,73.335,2.98,73.891,51.804,1799.562,150.901,24.947,75.993,546,57.536,28.022,Normal,0,0
A022,2025-01-05 04:00:00,A022-BAT,Battery,74.753,2.874,75.517,53.667,1789.883,147.512,24.152,78.273,391,55.965,31.705,Normal,0,0
A022,2025-01-06 00:00:00,A022-BAT,Battery,71.744,3.058,75.828,55.381,1601.931,147.921,23.423,80.385,608,56.29,30.274,Normal,0,1
A022,2025-01-06 05:00:00,A022-BAT,Battery,77.089,2.788,76.598,54.798,1748.684,149.888,22.762,81.987,577,76.047,31.016,Normal,0,0
A022,2025-01-06 14:00:00,A022-BAT,Battery,76.937,2.63,76.96,52.15,1903.837,141.898,23.407,80.459,420,54.697,27.996,Normal,0,0
A022,2025-01-06 15:00:00,A022-BAT,Battery,93.992,6.78,60.089,50.283,1744.46,141.112,23.481,81.779,470,48.127,33.068,Warning,1,0
A022,2025-01-06 16:00:00,A022-BAT,Battery,78.634,2.763,77.505,55.401,1931.453,153.893,23.837,77.791,380,45.155,29.136,Normal,0,0
A022,2025-01-06 17:00:00,A022-BAT,Battery,76.368,3.028,79.776,52.537,1823.851,145.295,23.848,77.43,319,45.252,36.053,Normal,0,0
A022,2025-01-06 21:00:00,A022-BAT,Battery,76.662,2.703,76.049,52.503,1495.15,147.044,23.065,80.405,506,49.686,35.186,Normal,0,0
A022,2025-01-07 02:00:00,A022-BAT,Battery,74.03,2.757,74.567,51.627,1929.384,149.351,23.206,77.157,589,45.344,31.562,Normal,0,0
A022,2025-01-07 04:00:00,A022-BAT,Battery,76.511,3.148,77.378,53.338,1670.313,152.734,23.496,79.512,453,75.9,32.899,Normal,0,0
A022,2025-01-07 09:00:00,A022-BAT,Battery,76.124,3.14,74.114,53.943,1883.363,148.295,22.742,81.14,618,64.064,22.162,Normal,0,0
A022,2025-01-07 12:00:00,A022-BAT,Battery,77.364,2.388,71.658,50.985,1794.145,147.733,23.069,76.916,330,70.052,32.886,Normal,0,0
A022,2025-01-07 17:00:00,A022-BAT,Battery,75.417,3.184,73.826,55.571,1857.029,149.444,23.524,78.224,448,59.307,30.217,Normal,0,0
A022,2025-01-07 20:00:00,A022-BAT,Battery,76.902,2.957,76.48,52.123,1914.617,146.439,24.089,76.716,455,52.831,30.941,Normal,0,0
A022,2025-01-07 22:00:00,A022-BAT,Battery,74.257,2.833,81.619,51.684,1800.599,144.755,23.6,75.489,376,51.87,25.062,Normal,0,0
A022,2025-01-08 12:00:00,A022-BAT,Battery,76.725,2.777,73.811,51.88,1900.04,142.032,23.493,82.719,623,55.836,19.363,Normal,0,0
A022,2025-01-08 16:00:00,A022-BAT,Battery,77.383,3.032,76.06,55.742,1946.364,150.705,23.399,79.516,477,68.188,24.028,Normal,0,0
A022,2025-01-08 18:00:00,A022-BAT,Battery,78.295,2.604,76.593,52.436,1760.874,152.924,23.903,80.506,492,56.592,24.587,Normal,0,0
A022,2025-01-08 19:00:00,A022-BAT,Battery,78.888,3.065,72.998,51.475,1795.9,146.253,23.321,79.507,493,62.602,27.326,Normal,0,1
A022,2025-01-08 22:00:00,A022-BAT,Battery,75.025,3.348,71.693,51.473,1877.51,150.205,23.139,75.624,371,61.592,29.155,Normal,0,0
A022,2025-01-09 01:00:00,A022-BAT,Battery,74.7,3.776,74.482,52.101,1869.797,144.771,23.068,80.286,518,63.647,23.249,Normal,0,0
A022,2025-01-09 08:00:00,A022-BAT,Battery,78.705,3.485,76.094,55.064,2005.706,150.654,22.943,78.013,531,61.087,22.754,Normal,0,0
A022,2025-01-09 14:00:00,A022-BAT,Battery,78.691,3.714,73.587,55.423,1802.338,147.796,23.274,77.138,412,68.509,33.563,Normal,0,1
A022,2025-01-09 18:00:00,A022-BAT,Battery,75.689,3.723,74.061,54.839,1895.407,144.327,23.462,77.376,318,63.066,26.395,Normal,0,0
A022,2025-01-10 04:00:00,A022-BAT,Battery,78.539,2.725,71.925,51.532,1778.056,144.777,23.554,83.082,561,62.433,27.458,Normal,0,1
A022,2025-01-10 11:00:00,A022-BAT,Battery,76.376,3.067,73.552,56.463,1729.688,148.257,23.145,78.633,501,68.316,27.115,Normal,0,0
A022,2025-01-11 05:00:00,A022-BAT,Battery,78.385,3.063,72.942,51.136,1814.565,145.471,23.062,81.074,392,61.116,37.074,Normal,0,0
A022,2025-01-11 10:00:00,A022-BAT,Battery,77.634,3.768,72.404,56.414,1771.31,146.55,23.21,81.784,555,55.203,30.119,Normal,0,0
A022,2025-01-11 13:00:00,A022-BAT,Battery,75.582,3.1,76.776,53.93,1817.267,150.402,22.889,80.606,688,68.32,31.162,Normal,0,0
A022,2025-01-11 18:00:00,A022-BAT,Battery,76.392,3.082,72.077,54.578,1672.145,150.577,23.058,80.413,519,56.795,28.284,Normal,0,0
A022,2025-01-11 19:00:00,A022-BAT,Battery,85.007,3.255,73.436,53.5,1957.14,146.793,22.914,81.049,360,56.834,38.449,Normal,0,0
A022,2025-01-12 02:00:00,A022-BAT,Battery,82.876,3.417,68.712,51.853,1741.249,141.739,22.691,82.081,422,62.516,33.447,Normal,0,0
A022,2025-01-12 03:00:00,A022-BAT,Battery,81.409,3.513,74.163,52.683,1681.444,146.105,22.2,85.121,604,61.765,31.194,Normal,0,0
A022,2025-01-12 04:00:00,A022-BAT,Battery,82.843,3.711,68.454,52.51,1762.007,142.798,23.479,81.624,464,69.452,29.021,Warning,1,1
A022,2025-01-12 08:00:00,A022-BAT,Battery,82.986,3.557,72.289,56.878,1731.98,152.986,22.946,82.824,595,61.647,31.622,Normal,0,1
A022,2025-01-12 15:00:00,A022-BAT,Battery,77.534,3.135,68.306,52.545,1819.299,143.06,23.139,80.83,711,79.443,21.305,Warning,1,1
A022,2025-01-12 17:00:00,A022-BAT,Battery,78.283,3.64,69.773,55.088,1820.596,143.861,22.841,80.589,413,62.144,21.736,Normal,0,1
A022,2025-01-12 22:00:00,A022-BAT,Battery,84.824,3.4,72.334,50.93,1961.112,137.665,23.134,80.562,653,75.662,29.929,Warning,1,0
A022,2025-01-12 23:00:00,A022-BAT,Battery,81.353,3.605,74.853,52.068,1948.96,146.222,23.107,86.075,543,66.825,33.364,Normal,0,1
A022,2025-01-13 03:00:00,A022-BAT,Battery,79.481,3.834,66.333,53.922,1761.532,146.452,23.946,83.57,675,64.29,21.006,Warning,1,0
A022,2025-01-13 09:00:00,A022-BAT,Battery,75.809,3.539,75.058,52.717,1807.519,145.429,22.814,82.467,573,70.211,32.691,Normal,0,1
A022,2025-01-13 12:00:00,A022-BAT,Battery,81.475,3.303,72.135,50.613,1792.921,146.313,22.858,80.223,428,59.195,40.427,Normal,0,0
A022,2025-01-13 14:00:00,A022-BAT,Battery,80.119,3.489,68.094,53.086,1762.703,151.382,23.788,83.409,426,75.625,28.433,Warning,1,1
A022,2025-01-13 17:00:00,A022-BAT,Battery,82.22,3.985,74.818,54.429,1724.079,152.104,22.837,82.078,415,65.009,31.556,Warning,1,0
A022,2025-01-13 18:00:00,A022-BAT,Battery,77.958,3.94,74.642,53.978,1785.279,140.941,23.176,85.215,495,75.674,30.745,Warning,1,0
A022,2025-01-13 19:00:00,A022-BAT,Battery,83.169,3.459,68.457,57.465,1858.733,135.908,23.428,85.464,633,77.347,37.029,Warning,1,0
A022,2025-01-14 05:00:00,A022-BAT,Battery,81.596,3.198,70.487,53.941,1731.595,148.335,22.946,82.537,476,79.599,30.364,Warning,1,1
A022,2025-01-14 07:00:00,A022-BAT,Battery,86.548,3.29,70.617,55.302,1980.952,146.518,23.632,82.746,530,63.742,24.803,Warning,1,1
A022,2025-01-14 19:00:00,A022-BAT,Battery,83.561,3.353,71.145,50.116,1906.235,142.954,23.138,83.002,535,83.46,34.092,Warning,1,0
A022,2025-01-15 01:00:00,A022-BAT,Battery,84.396,3.395,77.728,50.541,1708.044,142.05,23.421,82.872,678,68.925,39.159,Warning,1,1
A022,2025-01-15 08:00:00,A022-BAT,Battery,83.822,3.08,71.583,50.3,1834.131,145.979,22.72,84.19,633,76.514,23.935,Warning,1,1
A022,2025-01-15 14:00:00,A022-BAT,Battery,82.041,3.125,69.293,51.978,1743.52,148.447,22.778,83.908,673,70.24,28.347,Warning,1,0
A022,2025-01-15 16:00:00,A022-BAT,Battery,83.66,3.852,68.969,51.538,1744.422,144.796,22.883,84.755,529,90.864,36.311,Warning,1,0
A022,2025-01-15 19:00:00,A022-BAT,Battery,84.982,3.813,72.893,50.533,1785.568,149.503,22.887,81.262,609,82.865,25.583,Warning,1,1
A022,2025-01-15 21:00:00,A022-BAT,Battery,86.352,3.856,65.91,51.371,1868.417,142.791,23.039,79.16,645,59.636,26.785,Warning,1,1
A022,2025-01-16 01:00:00,A022-BAT,Battery,85.619,4.335,71.331,50.836,1806.455,136.365,22.472,84.451,777,69.061,32.79,Warning,1,0
A022,2025-01-16 10:00:00,A022-BAT,Battery,83.281,4.372,72.22,53.435,1828.503,144.441,23.683,81.89,860,72.895,34.546,Warning,1,0
A022,2025-01-16 12:00:00,A022-BAT,Battery,82.005,3.429,68.298,51.889,1836.912,144.542,22.422,83.113,708,78.85,30.108,Warning,1,0
A022,2025-01-16 18:00:00,A022-BAT,Battery,93.054,6.933,61.302,52.224,1780.127,129.609,23.415,84.821,557,72.715,36.547,Warning,1,1
A022,2025-01-16 21:00:00,A022-BAT,Battery,87.941,3.812,65.855,49.854,1723.031,144.507,22.129,87.594,813,72.464,27.786,Warning,1,1
A022,2025-01-17 00:00:00,A022-BAT,Battery,102.584,6.713,63.742,50.441,1729.035,139.062,23.16,86.256,842,58.385,21.647,Warning,1,1
A022,2025-01-17 05:00:00,A022-BAT,Battery,82.042,3.55,72.099,50.437,1734.455,145.039,22.995,86.585,546,74.778,32.762,Warning,1,0
A022,2025-01-17 09:00:00,A022-BAT,Battery,94.636,6.137,63.186,50.604,1873.061,138.839,23.069,82.797,867,66.923,33.246,Warning,1,1
A023,2025-01-01 00:00:00,A023-BAT,Battery,76.206,2.086,76.261,53.239,1733.305,147.886,23.95,72.614,280,31.755,31.425,Normal,0,0
A023,2025-01-01 08:00:00,A023-BAT,Battery,72.522,2.348,76.675,57.538,1754.467,151.61,24.041,77.949,416,56.104,24.68,Normal,0,0
A023,2025-01-01 10:00:00,A023-BAT,Battery,67.848,3.103,83.381,55.332,1788.008,151.188,24.53,75.584,346,46.517,32.918,Normal,0,0
A023,2025-01-01 16:00:00,A023-BAT,Battery,76.635,2.211,74.324,55.772,1921.073,146.009,23.649,74.706,387,65.289,26.437,Normal,0,0
A023,2025-01-01 17:00:00,A023-BAT,Battery,73.7,2.67,76.996,53.058,1851.17,152.398,23.733,74.988,425,56.821,20.974,Normal,0,0
A023,2025-01-01 19:00:00,A023-BAT,Battery,67.964,2.906,78.684,56.662,1657.594,160.569,24.221,80.362,256,53.229,31.762,Normal,0,0
A023,2025-01-01 21:00:00,A023-BAT,Battery,69.79,2.532,75.935,55.392,1804.992,155.647,23.808,76.871,429,43.411,32.803,Normal,0,0
A023,2025-01-02 03:00:00,A023-BAT,Battery,75.745,2.476,75.698,53.103,1899.724,147.616,23.756,74.689,222,55.964,26.635,Normal,0,0
A023,2025-01-02 04:00:00,A023-BAT,Battery,70.869,2.003,78.161,56.04,1820.89,150.566,24.068,75.593,365,46.874,24.645,Normal,0,0
A023,2025-01-02 12:00:00,A023-BAT,Battery,71.873,2.559,79.802,58.236,1665.708,140.049,23.796,73.499,369,48.666,29.138,Normal,0,0
A023,2025-01-02 16:00:00,A023-BAT,Battery,73.014,1.886,77.314,54.494,1695.139,158.907,23.486,76.674,441,53.426,27.145,Normal,0,0
A023,2025-01-02 20:00:00,A023-BAT,Battery,72.914,1.958,76.305,59.3,1737.047,153.689,23.627,77.755,515,62.616,27.326,Normal,0,0
A023,2025-01-02 21:00:00,A023-BAT,Battery,75.736,2.532,74.208,54.468,1701.534,151.695,23.488,74.522,222,53.034,36.802,Normal,0,0
A023,2025-01-03 10:00:00,A023-BAT,Battery,77.333,2.506,76.429,58.343,1656.407,143.441,24.331,76.016,408,60.664,37.121,Normal,0,0
A023,2025-01-03 11:00:00,A023-BAT,Battery,70.285,2.391,76.708,55.863,1706.793,152.372,23.854,74.789,338,51.028,32.444,Normal,0,0
A023,2025-01-03 12:00:00,A023-BAT,Battery,69.908,2.392,75.997,54.57,1862.918,145.559,24.145,75.725,524,54.728,21.911,Normal,0,0
A023,2025-01-03 23:00:00,A023-BAT,Battery,70.224,2.149,79.956,52.304,1784.5,156.091,24.354,77.8,427,51.255,31.672,Normal,0,0
A023,2025-01-04 01:00:00,A023-BAT,Battery,73.624,2.864,78.808,54.158,1782.812,148.952,23.571,78.445,277,58.578,32.472,Normal,0,1
A023,2025-01-04 02:00:00,A023-BAT,Battery,73.464,2.325,74.828,54.152,1776.552,146.792,24.273,78.507,222,61.103,35.874,Normal,0,0
A023,2025-01-04 05:00:00,A023-BAT,Battery,73.89,2.388,75.013,55.743,1822.696,145.539,23.99,77.273,507,44.367,30.633,Normal,0,0
A023,2025-01-04 06:00:00,A023-BAT,Battery,83.381,4.842,65.719,57.255,1844.199,133.537,23.96,76.662,201,64.842,31.242,Warning,1,0
A023,2025-01-04 07:00:00,A023-BAT,Battery,67.436,2.483,82.085,52.276,1908.566,146.046,23.869,76.843,365,49.022,25.178,Normal,0,0
A023,2025-01-04 10:00:00,A023-BAT,Battery,72.696,2.429,75.734,55.314,1806.498,148.521,23.881,74.806,192,40.578,22.986,Normal,0,0
A023,2025-01-05 06:00:00,A023-BAT,Battery,73.832,3.041,75.373,53.346,1929.846,157.519,23.543,75.311,370,57.597,31.634,Normal,0,0
A023,2025-01-05 11:00:00,A023-BAT,Battery,77.237,3.326,73.918,57.089,1904.087,144.635,23.756,75.449,574,55.521,22.798,Normal,0,0
A023,2025-01-05 12:00:00,A023-BAT,Battery,76.461,3.155,76.917,51.608,1910.421,149.373,23.384,77.312,466,68.504,29.859,Normal,0,0
A023,2025-01-05 15:00:00,A023-BAT,Battery,73.397,2.393,76.347,51.595,1834.898,160.478,23.24,81.171,582,68.41,27.074,Normal,0,0
A023,2025-01-05 17:00:00,A023-BAT,Battery,78.601,2.559,76.467,53.055,1878.854,143.229,23.365,76.515,462,60.946,30.065,Normal,0,0
A023,2025-01-05 21:00:00,A023-BAT,Battery,72.884,2.791,82.023,55.401,1526.684,149.386,23.438,76.073,513,68.319,27.578,Normal,0,0
A023,2025-01-06 02:00:00,A023-BAT,Battery,72.569,2.515,80.514,55.545,1898.95,147.944,23.938,77.251,403,64.372,29.473,Normal,0,0
A023,2025-01-06 07:00:00,A023-BAT,Battery,75.421,3.042,72.345,52.959,1803.97,140.926,23.194,77.072,440,63.441,29.785,Normal,0,1
A023,2025-01-06 19:00:00,A023-BAT,Battery,74.489,3.501,70.226,53.935,1748.549,147.762,24.033,75.088,537,62.207,22.094,Normal,0,0
A023,2025-01-06 22:00:00,A023-BAT,Battery,73.078,2.762,76.376,52.42,1843.725,149.539,23.642,76.736,532,51.227,35.672,Normal,0,0
A023,2025-01-07 04:00:00,A023-BAT,Battery,80.036,2.385,67.399,54.96,1939.954,142.103,23.468,77.778,288,74.423,32.498,Normal,0,0
A023,2025-01-07 06:00:00,A023-BAT,Battery,76.998,3.123,72.578,51.446,1772.938,145.801,23.746,78.977,518,63.915,29.744,Normal,0,0
A023,2025-01-07 08:00:00,A023-BAT,Battery,76.792,2.911,81.163,55.26,1905.751,144.68,23.214,77.373,379,57.752,24.746,Normal,0,1
A023,2025-01-07 11:00:00,A023-BAT,Battery,77.074,2.787,69.481,54.54,1824.742,143.777,23.556,79.446,594,64.407,30.321,Normal,0,0
A023,2025-01-07 15:00:00,A023-BAT,Battery,77.2,2.579,74.205,54.992,1848.31,155.834,23.342,81.084,619,77.716,41.547,Normal,0,0
A023,2025-01-08 02:00:00,A023-BAT,Battery,76.961,3.186,76.425,53.353,1941.788,150.313,23.493,79.189,343,45.369,26.956,Normal,0,1
A023,2025-01-08 03:00:00,A023-BAT,Battery,73.778,3.296,70.058,58.529,1700.955,147.515,22.991,77.307,531,68.718,26.21,Normal,0,0
A023,2025-01-08 08:00:00,A023-BAT,Battery,79.273,2.962,72.695,55.843,1853.073,150.462,23.522,81.089,546,55.243,26.352,Normal,0,1
A023,2025-01-08 14:00:00,A023-BAT,Battery,77.555,2.899,73.842,54.15,1814.575,147.47,23.366,80.722,403,57.986,21.394,Normal,0,1
A023,2025-01-08 16:00:00,A023-BAT,Battery,93.788,5.645,66.199,52.962,1833.111,136.186,23.391,79.554,480,65.523,35.949,Warning,1,0
A023,2025-01-08 20:00:00,A023-BAT,Battery,75.594,2.972,75.192,53.885,1678.009,153.635,23.848,79.428,534,70.579,25.77,Normal,0,0
A023,2025-01-09 00:00:00,A023-BAT,Battery,76.531,2.448,72.597,50.572,1900.261,137.744,23.327,77.831,363,58.61,28.506,Normal,0,0
A023,2025-01-09 10:00:00,A023-BAT,Battery,76.903,3.27,73.397,52.703,1785.374,149.73,23.903,78.963,624,61.655,32.893,Normal,0,0
A023,2025-01-09 14:00:00,A023-BAT,Battery,73.496,2.73,74.997,57.795,1747.619,149.795,23.883,81.099,562,64.603,37.116,Normal,0,0
A023,2025-01-10 00:00:00,A023-BAT,Battery,81.024,3.476,71.367,53.909,1809.679,144.869,23.437,80.411,585,63.274,34.632,Normal,0,1
A023,2025-01-10 05:00:00,A023-BAT,Battery,91.064,6.504,59.889,49.439,1894.809,138.309,23.6,81.325,542,55.225,34.873,Warning,1,0
A023,2025-01-10 09:00:00,A023-BAT,Battery,81.115,2.428,75.954,55.606,1849.993,146.943,23.418,78.755,458,58.707,37.268,Normal,0,0
A023,2025-01-10 12:00:00,A023-BAT,Battery,77.602,2.954,67.957,54.229,1846.764,142.167,23.488,78.013,700,53.21,36.479,Normal,0,1
A023,2025-01-10 18:00:00,A023-BAT,Battery,78.298,2.959,74.08,52.2,1693.065,146.632,23.814,79.367,663,65.393,33.691,Normal,0,0
A023,2025-01-10 19:00:00,A023-BAT,Battery,74.489,3.153,69.664,51.687,1821.931,146.2,22.688,80.515,634,65.388,37.136,Normal,0,0
A023,2025-01-10 23:00:00,A023-BAT,Battery,77.852,3.149,68.717,55.81,1969.863,148.487,23.804,78.106,689,73.186,32.972,Normal,0,1
A023,2025-01-11 05:00:00,A023-BAT,Battery,80.098,3.23,72.646,55.08,1710.524,147.551,23.67,81.373,720,65.578,29.116,Normal,0,0
A023,2025-01-11 08:00:00,A023-BAT,Battery,89.439,5.738,66.713,55.222,1832.837,133.4,23.129,78.717,399,61.636,27.27,Warning,1,1
A023,2025-01-11 13:00:00,A023-BAT,Battery,81.829,3.448,69.526,53.113,1722.035,148.568,23.376,80.441,510,73.154,28.298,Warning,1,1
A023,2025-01-11 20:00:00,A023-BAT,Battery,83.591,3.218,72.532,52.436,1786.003,146.207,23.531,82.027,596,61.719,21.445,Normal,0,0
A023,2025-01-11 21:00:00,A023-BAT,Battery,91.864,6.736,61.364,55.726,1803.852,134.265,23.261,80.687,427,78.744,30.696,Warning,1,1
A023,2025-01-12 08:00:00,A023-BAT,Battery,81.636,2.578,72.82,51.738,1718.042,144.497,23.249,81.721,647,58.368,20.979,Normal,0,0
A023,2025-01-12 11:00:00,A023-BAT,Battery,81.729,3.304,76.122,51.464,1740.728,142.726,22.857,79.299,727,58.841,28.632,Normal,0,0
A023,2025-01-12 20:00:00,A023-BAT,Battery,79.814,3.121,74.532,49.244,1972.782,147.281,23.096,79.572,529,67.23,35.862,Normal,0,0
A023,2025-01-13 01:00:00,A023-BAT,Battery,81.247,3.682,74.629,53.95,1874.792,153.857,23.616,80.871,404,75.193,35.455,Warning,1,0
A023,2025-01-13 05:00:00,A023-BAT,Battery,78.429,3.161,77.769,54.852,1932.85,141.823,23.192,80.861,779,82.611,32.496,Warning,1,0
A023,2025-01-13 06:00:00,A023-BAT,Battery,81.929,3.343,70.031,54.125,1796.59,143.71,23.196,83.838,771,70.087,33.277,Warning,1,0
A023,2025-01-13 08:00:00,A023-BAT,Battery,80.367,3.307,71.383,50.641,1676.723,147.224,22.895,83.229,438,71.47,35.82,Warning,1,0
A023,2025-01-13 11:00:00,A023-BAT,Battery,80.556,3.223,71.269,53.39,1800.043,149.12,22.991,83.556,445,51.357,28.636,Normal,0,0
A023,2025-01-13 16:00:00,A023-BAT,Battery,83.72,3.667,69.435,54.543,1599.501,146.092,23.852,86.613,517,68.166,43.216,Warning,1,0
A023,2025-01-13 18:00:00,A023-BAT,Battery,81.923,3.409,70.592,51.139,1769.406,148.36,22.737,83.696,466,92.619,27.559,Warning,1,0
A023,2025-01-13 21:00:00,A023-BAT,Battery,84.921,3.503,72.618,47.602,1943.638,142.277,23.313,81.43,743,60.078,34.507,Warning,1,1
A023,2025-01-13 23:00:00,A023-BAT,Battery,79.929,3.528,71.696,55.422,1985.237,141.067,23.419,82.266,551,70.811,30.342,Warning,1,0
A023,2025-01-14 02:00:00,A023-BAT,Battery,79.593,3.502,72.331,51.945,1672.508,149.377,23.223,82.285,769,82.572,28.785,Warning,1,1
A023,2025-01-14 04:00:00,A023-BAT,Battery,81.212,3.912,70.709,51.5,1867.965,150.603,23.6,86.228,630,72.899,33.285,Warning,1,1
A023,2025-01-14 10:00:00,A023-BAT,Battery,77.611,3.233,69.158,55.675,1753.32,147.494,22.515,82.431,675,72.182,29.928,Warning,1,1
A023,2025-01-14 11:00:00,A023-BAT,Battery,81.226,2.824,72.918,53.164,1923.997,141.742,23.651,82.037,495,89.79,26.397,Warning,1,0
A023,2025-01-14 12:00:00,A023-BAT,Battery,81.483,3.711,70.415,52.207,1901.489,143.235,22.879,83.923,614,72.578,29.25,Warning,1,1
A023,2025-01-14 14:00:00,A023-BAT,Battery,84.112,3.317,67.418,51.805,1854.966,147.258,22.778,83.886,560,66.375,24.509,Warning,1,1
A023,2025-01-14 15:00:00,A023-BAT,Battery,83.287,3.102,74.867,53.83,1819.106,140.509,23.398,83.833,717,76.19,35.874,Warning,1,1
A023,2025-01-14 16:00:00,A023-BAT,Battery,80.114,3.473,70.369,49.872,1729.774,141.499,22.649,82.971,458,78.495,39.399,Warning,1,1
A023,2025-01-14 23:00:00,A023-BAT,Battery,81.909,3.811,70.532,52.923,1688.061,149.982,23.303,87.568,817,64.247,24.231,Warning,1,0
A023,2025-01-15 03:00:00,A023-BAT,Battery,79.989,3.227,74.195,54.437,1915.571,153.11,23.039,80.378,717,84.46,29.334,Warning,1,1
A023,2025-01-15 05:00:00,A023-BAT,Battery,80.21,3.664,68.25,55.7,1837.059,140.409,23.621,84.249,445,65.947,42.227,Warning,1,1
A023,2025-01-15 09:00:00,A023-BAT,Battery,79.273,3.655,74.004,52.472,1795.106,138.825,22.473,81.028,764,70.35,27.984,Warning,1,1
A023,2025-01-15 10:00:00,A023-BAT,Battery,84.163,4.226,66.825,52.845,1774.37,148.174,22.709,83.893,697,69.428,32.096,Warning,1,1
A023,2025-01-15 12:00:00,A023-BAT,Battery,81.152,4.301,73.196,46.531,1612.16,145.542,23.115,84.919,574,81.434,29.099,Warning,1,1
A023,2025-01-15 19:00:00,A023-BAT,Battery,86.862,3.597,72.374,53.586,1850.664,146.155,23.007,86.453,486,74.1,26.781,Warning,1,0
A023,2025-01-15 20:00:00,A023-BAT,Battery,81.756,3.619,74.329,52.461,1735.37,141.286,22.944,85.879,525,88.004,23.256,Warning,1,0
A023,2025-01-16 04:00:00,A023-BAT,Battery,83.81,3.896,68.754,49.621,1849.93,145.952,23.33,84.454,810,57.053,30.165,Warning,1,1
A023,2025-01-16 06:00:00,A023-BAT,Battery,81.818,3.439,71.535,52.773,1871.815,145.909,22.607,81.679,715,69.857,33.534,Warning,1,0
A023,2025-01-16 08:00:00,A023-BAT,Battery,81.332,3.844,71.032,53.961,1856.797,139.874,23.084,85.547,834,70.599,36.173,Warning,1,1
A023,2025-01-16 19:00:00,A023-BAT,Battery,80.979,4.32,66.864,54.03,1757.848,150.633,23.095,86.247,687,76.698,38.306,Warning,1,1
A023,2025-01-16 21:00:00,A023-BAT,Battery,85.187,4.44,68.808,52.105,1707.411,144.713,22.738,83.171,757,67.323,35.085,Warning,1,1
A023,2025-01-17 05:00:00,A023-BAT,Battery,84.219,3.151,71.906,52.699,1850.295,149.435,22.78,85.026,779,65.389,27.382,Warning,1,1
A023,2025-01-17 11:00:00,A023-BAT,Battery,88.789,3.842,68.971,50.473,1815.656,143.998,23.088,85.299,548,75.55,25.326,Warning,1,1
A024,2025-01-01 02:00:00,A024-BAT,Battery,68.826,2.155,81.035,57.354,1726.136,156.809,24.053,75.337,490,40.96,23.389,Normal,0,0
A024,2025-01-01 05:00:00,A024-BAT,Battery,71.945,1.981,78.197,55.609,1870.691,145.558,24.057,77.935,370,48.057,29.446,Normal,0,0
A024,2025-01-01 07:00:00,A024-BAT,Battery,70.732,1.898,79.421,56.744,1745.561,145.996,23.657,79.12,231,40.888,30.091,Normal,0,0
A024,2025-01-01 13:00:00,A024-BAT,Battery,71.129,1.731,77.76,56.637,1797.425,150.526,24.197,74.865,116,56.036,31.12,Normal,0,0
A024,2025-01-01 21:00:00,A024-BAT,Battery,70.319,1.964,79.73,54.631,1738.282,147.346,24.297,78.622,125,51.807,27.154,Normal,0,0
A024,2025-01-01 22:00:00,A024-BAT,Battery,71.716,2.121,82.07,56.457,1636.087,155.694,23.783,74.505,252,46.124,29.521,Normal,0,0
A024,2025-01-02 09:00:00,A024-BAT,Battery,71.112,1.5,77.956,54.715,1880.46,147.151,24.044,75.963,303,55.281,35.813,Normal,0,0
A024,2025-01-02 16:00:00,A024-BAT,Battery,72.487,2.446,78.37,57.47,1864.93,147.221,24.056,78.097,330,50.645,25.203,Normal,0,0
A024,2025-01-02 22:00:00,A024-BAT,Battery,71.082,2.139,77.759,57.114,1748.967,147.151,23.802,73.048,189,46.008,34.872,Normal,0,0
A024,2025-01-02 23:00:00,A024-BAT,Battery,67.915,2.479,76.164,51.605,1732.296,146.824,23.474,76.23,257,66.442,29.774,Normal,0,0
A024,2025-01-03 10:00:00,A024-BAT,Battery,72.623,2.67,77.409,54.115,1918.007,147.239,23.675,75.435,526,42.944,32.85,Normal,0,0
A024,2025-01-03 11:00:00,A024-BAT,Battery,70.828,2.529,76.998,55.92,1790.548,150.533,24.607,78.153,396,61.21,25.059,Normal,0,0
A024,2025-01-03 14:00:00,A024-BAT,Battery,72.671,1.532,78.855,55.083,1614.271,141.442,23.456,76.408,320,39.919,36.34,Normal,0,0
A024,2025-01-03 20:00:00,A024-BAT,Battery,74.001,1.84,82.472,54.287,1867.762,149.426,24.134,83.979,272,42.588,30.439,Normal,0,0
A024,2025-01-03 21:00:00,A024-BAT,Battery,75.109,2.187,80.034,52.701,1750.105,153.6,24.119,78.798,311,43.852,33.678,Normal,0,0
A024,2025-01-04 02:00:00,A024-BAT,Battery,68.657,2.402,75.116,55.314,1743.925,147.187,24.017,76.917,313,37.611,30.337,Normal,0,0
A024,2025-01-04 03:00:00,A024-BAT,Battery,70.478,2.434,76.367,58.006,1953.749,148.798,24.064,76.356,493,47.555,30.044,Normal,0,0
A024,2025-01-04 04:00:00,A024-BAT,Battery,72.598,2.543,79.786,52.662,1673.998,155.383,23.845,76.919,346,54.436,32.038,Normal,0,0
A024,2025-01-04 10:00:00,A024-BAT,Battery,72.186,2.48,74.429,55.531,1800.374,146.303,23.96,79.707,448,52.752,30.466,Normal,0,1
A024,2025-01-04 22:00:00,A024-BAT,Battery,79.442,5.024,65.858,52.356,1637.32,127.208,23.145,77.993,546,52.241,36.293,Warning,1,1
A024,2025-01-05 04:00:00,A024-BAT,Battery,74.308,2.297,75.353,55.519,1834.429,147.672,23.126,78.79,433,58.232,31.278,Normal,0,0
A024,2025-01-05 06:00:00,A024-BAT,Battery,79.99,2.381,75.484,52.223,1999.23,144.208,23.699,79.66,362,52.873,37.573,Normal,0,0
A024,2025-01-05 07:00:00,A024-BAT,Battery,73.246,2.831,72.106,53.873,1836.504,152.294,23.489,77.387,225,54.393,33.129,Normal,0,0
A024,2025-01-05 09:00:00,A024-BAT,Battery,75.049,2.748,75.869,53.926,1879.183,149.666,22.981,74.587,281,64.689,27.788,Normal,0,1
A024,2025-01-05 14:00:00,A024-BAT,Battery,74.848,2.783,79.236,53.71,1873.214,149.046,23.777,75.86,352,47.895,27.27,Normal,0,0
A024,2025-01-05 16:00:00,A024-BAT,Battery,77.042,1.938,76.022,54.415,1915.243,151.662,23.44,78.169,472,60.552,34.131,Normal,0,0
A024,2025-01-05 20:00:00,A024-BAT,Battery,74.049,3.005,78.853,54.725,1823.129,146.155,23.179,79.191,276,52.933,33.299,Normal,0,0
A024,2025-01-05 21:00:00,A024-BAT,Battery,74.486,2.151,75.425,53.212,1833.025,147.258,23.71,77.268,303,47.593,32.975,Normal,0,0
A024,2025-01-06 02:00:00,A024-BAT,Battery,70.135,2.595,76.533,55.546,1868.745,146.084,23.353,80.826,263,67.274,43.015,Normal,0,0
A024,2025-01-06 03:00:00,A024-BAT,Battery,73.725,2.008,75.956,54.297,1650.177,148.967,24.008,78.797,590,60.544,25.956,Normal,0,0
A024,2025-01-06 04:00:00,A024-BAT,Battery,73.799,2.53,74.382,54.7,1825.557,149.51,23.47,78.921,417,56.729,31.434,Normal,0,0
A024,2025-01-06 06:00:00,A024-BAT,Battery,72.323,3.003,80.919,52.579,1843.421,146.598,23.82,77.526,281,48.305,31.167,Normal,0,0
A024,2025-01-06 08:00:00,A024-BAT,Battery,72.788,2.123,75.317,49.904,1829.475,151.987,24.096,74.523,612,58.929,30.378,Normal,0,0
A024,2025-01-06 09:00:00,A024-BAT,Battery,88.43,4.655,74.369,57.361,1817.404,131.869,23.376,81.861,327,52.931,24.193,Warning,1,0
A024,2025-01-06 10:00:00,A024-BAT,Battery,73.112,2.444,78.672,50.122,1792.987,148.92,23.764,78.559,511,46.169,29.461,Normal,0,0
A024,2025-01-06 17:00:00,A024-BAT,Battery,72.592,2.587,77.529,54.158,1731.169,153.02,23.28,77.663,380,61.699,29.303,Normal,0,0
A024,2025-01-06 19:00:00,A024-BAT,Battery,76.557,2.482,79.374,49.408,1812.285,148.728,23.271,80.491,597,53.95,30.058,Normal,0,0
A024,2025-01-06 21:00:00,A024-BAT,Battery,86.88,5.258,73.644,51.331,1712.966,130.232,23.99,76.866,499,66.469,33.276,Warning,1,1
A024,2025-01-07 01:00:00,A024-BAT,Battery,70.584,2.789,77.486,54.675,1826.517,149.292,24.18,79.346,434,51.583,27.832,Normal,0,0
A024,2025-01-07 02:00:00,A024-BAT,Battery,78.579,2.686,71.179,56.488,1870.994,146.681,23.627,80.467,580,64.875,29.244,Normal,0,0
A024,2025-01-07 09:00:00,A024-BAT,Battery,74.521,2.387,78.212,53.789,1733.602,144.004,22.82,80.064,592,50.923,39.369,Normal,0,0
A024,2025-01-07 13:00:00,A024-BAT,Battery,75.073,2.773,75.282,51.957,1720.19,147.073,23.252,82.242,333,51.074,20.252,Normal,0,0
A024,2025-01-07 17:00:00,A024-BAT,Battery,69.144,2.311,75.473,49.678,1712.015,150.831,23.36,81.817,290,58.878,23.55,Normal,0,0
A024,2025-01-07 18:00:00,A024-BAT,Battery,77.797,2.343,76.838,52.213,1865.45,143.115,23.556,81.211,495,54.098,36.45,Normal,0,0
A024,2025-01-07 23:00:00,A024-BAT,Battery,79.472,2.992,76.202,50.763,1776.538,146.745,23.305,79.491,552,41.982,30.593,Normal,0,0
A024,2025-01-08 01:00:00,A024-BAT,Battery,76.929,2.58,78.529,56.671,1837.757,146.438,23.801,81.723,585,54.448,25.784,Normal,0,0
A024,2025-01-08 06:00:00,A024-BAT,Battery,78.901,2.972,79.927,56.248,1790.739,146.855,23.526,79.215,520,62.408,32.276,Normal,0,0
A024,2025-01-08 14:00:00,A024-BAT,Battery,74.886,2.645,76.602,48.183,1920.567,147.107,23.111,77.263,497,58.388,15.469,Normal,0,0
A024,2025-01-08 16:00:00,A024-BAT,Battery,74.647,2.244,75.954,52.098,1839.898,145.234,22.821,80.985,468,63.023,32.558,Normal,0,0
A024,2025-01-08 22:00:00,A024-BAT,Battery,78.88,2.936,75.726,52.869,1902.231,147.732,23.36,79.41,602,53.699,30.997,Normal,0,0
A024,2025-01-08 23:00:00,A024-BAT,Battery,78.038,2.931,81.765,53.085,1867.467,139.679,23.419,78.528,555,48.385,31.057,Normal,0,0
A024,2025-01-09 01:00:00,A024-BAT,Battery,73.829,2.915,76.773,50.633,1725.339,153.217,23.629,80.207,619,66.361,25.966,Normal,0,1
A024,2025-01-09 05:00:00,A024-BAT,Battery,83.64,2.664,73.64,53.172,1864.123,151.677,22.96,83.455,624,63.38,25.989,Normal,0,0
A024,2025-01-09 10:00:00,A024-BAT,Battery,74.541,2.452,75.388,53.066,1777.452,145.818,23.524,81.28,690,50.819,38.215,Normal,0,0
A024,2025-01-09 15:00:00,A024-BAT,Battery,81.37,2.858,77.225,53.03,1774.944,151.367,23.717,81.568,455,57.923,39.39,Normal,0,0
A024,2025-01-09 16:00:00,A024-BAT,Battery,77.112,2.77,78.876,53.522,1929.651,146.844,23.222,81.144,611,43.008,28.532,Normal,0,0
A024,2025-01-09 18:00:00,A024-BAT,Battery,75.192,2.96,74.042,51.637,1776.269,148.465,22.992,82.33,550,58.55,29.222,Normal,0,0
A024,2025-01-10 00:00:00,A024-BAT,Battery,76.215,2.862,74.31,51.862,1873.178,145.805,23.073,78.922,714,52.347,37.489,Normal,0,1
A024,2025-01-10 04:00:00,A024-BAT,Battery,86.547,6.802,70.424,53.349,1615.22,131.335,23.744,82.932,535,46.959,25.672,Warning,1,0
A024,2025-01-10 07:00:00,A024-BAT,Battery,83.426,2.612,73.866,53.65,1771.387,149.986,23.389,83.085,373,58.37,34.27,Normal,0,0
A024,2025-01-10 12:00:00,A024-BAT,Battery,79.9,2.976,75.282,54.345,1756.895,150.995,23.731,82.197,494,66.792,45.946,Normal,0,0
A024,2025-01-10 14:00:00,A024-BAT,Battery,77.24,2.798,75.622,50.993,1734.076,142.797,22.905,80.56,376,52.364,27.604,Normal,0,0
A024,2025-01-10 15:00:00,A024-BAT,Battery,78.427,2.717,75.642,52.941,1828.212,147.917,23.918,77.806,432,74.65,36.105,Normal,0,0
A024,2025-01-10 17:00:00,A024-BAT,Battery,92.507,7.118,70.729,53.757,1688.722,123.731,23.485,79.942,345,65.078,27.936,Warning,1,1
A024,2025-01-10 22:00:00,A024-BAT,Battery,76.403,2.935,74.335,52.653,1846.691,144.958,23.318,81.594,687,87.152,38.029,Normal,0,1
A024,2025-01-11 03:00:00,A024-BAT,Battery,80.992,2.633,75.289,53.658,1694.416,149.014,23.586,79.951,433,59.963,28.029,Normal,0,0
A024,2025-01-11 08:00:00,A024-BAT,Battery,74.469,3.624,76.794,51.618,1808.735,144.464,23.303,84.554,564,66.268,28.417,Normal,0,0
A024,2025-01-11 11:00:00,A024-BAT,Battery,77.661,3.595,76.83,49.525,1613.345,142.816,23.238,83.541,638,59.427,28.361,Normal,0,0
A024,2025-01-11 13:00:00,A024-BAT,Battery,73.492,2.777,77.968,53.545,1809.996,143.604,22.737,81.454,660,65.221,22.804,Normal,0,0
A024,2025-01-11 16:00:00,A024-BAT,Battery,75.458,2.962,72.169,53.178,1855.999,148.401,23.31,82.866,414,82.08,27.801,Normal,0,0
A024,2025-01-11 18:00:00,A024-BAT,Battery,80.752,2.56,74.666,51.905,1711.533,141.489,22.925,82.177,688,66.22,34.028,Normal,0,1
A024,2025-01-11 19:00:00,A024-BAT,Battery,79.931,3.088,72.504,50.243,1692.578,142.914,23.051,82.767,557,70.598,35.331,Normal,0,0
A024,2025-01-11 20:00:00,A024-BAT,Battery,77.244,2.452,76.88,56.69,1769.211,155.602,22.408,79.292,485,60.578,33.24,Normal,0,0
A024,2025-01-11 23:00:00,A024-BAT,Battery,77.845,2.946,73.687,55.859,1795.885,143.86,22.997,80.086,686,69.581,35.459,Normal,0,0
A024,2025-01-12 03:00:00,A024-BAT,Battery,79.164,3.244,75.072,51.241,1741.786,150.612,23.695,80.099,700,61.332,28.702,Normal,0,0
A024,2025-01-12 08:00:00,A024-BAT,Battery,96.955,5.821,60.997,51.182,1973.769,134.849,22.814,80.06,677,53.628,20.962,Warning,1,1
A024,2025-01-12 09:00:00,A024-BAT,Battery,78.235,3.035,73.666,53.678,1663.805,142.667,23.001,82.868,386,60.652,31.031,Normal,0,0
A024,2025-01-12 14:00:00,A024-BAT,Battery,78.652,3.43,70.643,47.568,1774.01,147.475,23.085,82.451,557,64.693,27.867,Normal,0,1
A024,2025-01-12 16:00:00,A024-BAT,Battery,79.601,3.531,73.262,54.264,1869.112,147.085,23.09,83.441,718,60.823,27.157,Normal,0,0
A024,2025-01-12 19:00:00,A024-BAT,Battery,77.843,3.124,74.235,50.351,1868.966,149.024,23.269,78.88,567,70.207,32.028,Normal,0,0
A024,2025-01-12 22:00:00,A024-BAT,Battery,76.259,2.478,78.077,51.791,1876.586,149.862,22.769,81.274,533,70.933,28.991,Normal,0,0
A024,2025-01-13 06:00:00,A024-BAT,Battery,77.919,3.297,76.848,52.909,1801.926,144.788,22.916,79.92,412,60.046,29.34,Normal,0,0
A024,2025-01-13 11:00:00,A024-BAT,Battery,83.793,3.241,76.52,50.767,1840.79,145.245,23.093,81.847,472,78.236,27.601,Normal,0,1
A024,2025-01-13 14:00:00,A024-BAT,Battery,80.029,2.951,72.602,56.173,1717.525,147.096,23.303,81.381,520,61.093,26.458,Normal,0,0
A024,2025-01-13 16:00:00,A024-BAT,Battery,78.68,3.61,72.946,56.099,1983.664,146.062,23.834,81.898,641,67.394,31.794,Normal,0,0
A024,2025-01-13 18:00:00,A024-BAT,Battery,80.313,2.978,74.997,50.789,1765.116,152.948,23.25,81.914,661,54.583,36.217,Normal,0,1
A024,2025-01-13 20:00:00,A024-BAT,Battery,78.616,2.952,74.573,51.402,1863.653,144.205,23.015,82.678,771,60.484,30.513,Normal,0,1
A024,2025-01-13 21:00:00,A024-BAT,Battery,89.588,5.433,69.157,52.098,1732.085,131.315,23.594,80.75,586,86.22,30.649,Warning,1,1
A024,2025-01-14 02:00:00,A024-BAT,Battery,81.408,2.72,75.03,52.227,1785.024,148.543,23.37,83.03,636,65.979,27.476,Normal,0,1
A024,2025-01-14 05:00:00,A024-BAT,Battery,81.285,2.906,74.916,49.496,1770.515,147.292,22.798,83.067,784,74.796,26.003,Normal,0,0
A024,2025-01-14 08:00:00,A024-BAT,Battery,77.114,3.402,74.353,51.22,1670.893,144.102,23.204,82.962,688,68.49,28.326,Normal,0,1
A024,2025-01-14 10:00:00,A024-BAT,Battery,81.842,2.734,69.649,55.72,1713.884,153.393,22.55,82.289,790,68.029,28.194,Normal,0,0
A024,2025-01-14 12:00:00,A024-BAT,Battery,87.375,6.966,71.136,50.964,1824.817,135.351,23.522,83.89,721,63.624,33.995,Warning,1,1
A024,2025-01-14 15:00:00,A024-BAT,Battery,78.796,3.49,70.318,54.922,1745.169,145.345,23.145,83.997,756,59.085,20.145,Normal,0,0
A024,2025-01-14 16:00:00,A024-BAT,Battery,76.754,3.284,68.787,47.761,1997.715,143.895,23.074,84.749,444,81.25,28.908,Warning,1,0
A024,2025-01-14 19:00:00,A024-BAT,Battery,79.412,2.913,73.872,51.291,1735.472,145.18,23.134,85.333,825,68.851,31.347,Normal,0,0
A024,2025-01-14 20:00:00,A024-BAT,Battery,80.936,2.9,70.431,54.446,1805.926,134.785,23.175,83.405,572,68.726,29.884,Warning,1,1
A024,2025-01-14 22:00:00,A024-BAT,Battery,83.051,2.855,71.211,49.141,1895.902,147.316,23.131,83.362,492,69.408,31.423,Normal,0,1
A024,2025-01-15 08:00:00,A024-BAT,Battery,80.338,3.033,78.067,53.559,1871.338,138.998,22.404,82.874,615,72.632,30.143,Normal,0,1
A024,2025-01-15 12:00:00,A024-BAT,Battery,80.44,3.38,71.564,54.31,1873.243,148.511,22.888,82.211,676,78.28,25.509,Warning,1,0
A024,2025-01-15 14:00:00,A024-BAT,Battery,76.079,3.327,74.837,54.528,1799.863,153.434,22.902,84.134,545,80.416,29.332,Warning,1,1
A024,2025-01-15 16:00:00,A024-BAT,Battery,78.879,3.543,70.981,50.905,1624.594,149.572,22.677,85.027,625,57.777,26.344,Normal,0,1
A024,2025-01-15 17:00:00,A024-BAT,Battery,79.935,3.034,73.574,49.216,1745.523,142.577,23.472,82.524,727,69.868,23.482,Normal,0,0
A024,2025-01-15 18:00:00,A024-BAT,Battery,83.626,3.901,71.329,54.593,1799.232,140.177,23.07,82.814,633,58.283,31.119,Warning,1,1
A024,2025-01-15 20:00:00,A024-BAT,Battery,82.154,3.721,69.658,52.579,1818.782,148.348,22.929,82.206,525,68.21,29.865,Warning,1,1
A024,2025-01-15 22:00:00,A024-BAT,Battery,73.859,3.426,68.069,51.871,1914.814,147.963,22.608,84.179,812,79.243,28.639,Warning,1,1
A024,2025-01-16 00:00:00,A024-BAT,Battery,84.608,3.367,71.109,54.404,1738.777,151.584,23.282,87.913,644,65.307,25.316,Warning,1,1
A024,2025-01-16 07:00:00,A024-BAT,Battery,83.256,3.275,72.151,50.367,1940.602,147.079,22.445,83.007,541,64.176,28.978,Warning,1,1
A024,2025-01-16 11:00:00,A024-BAT,Battery,79.899,3.426,73.365,49.922,1855.712,147.0,22.415,83.076,796,67.553,35.602,Warning,1,1
A024,2025-01-16 18:00:00,A024-BAT,Battery,82.216,3.426,70.563,54.352,1869.153,149.883,22.477,83.151,584,66.998,31.72,Warning,1,0
A024,2025-01-17 00:00:00,A024-BAT,Battery,83.954,3.113,71.164,51.601,1779.298,149.404,22.875,87.901,768,80.335,29.494,Warning,1,0
A024,2025-01-17 01:00:00,A024-BAT,Battery,81.577,3.662,73.255,50.385,1833.267,150.033,23.078,85.319,866,77.156,18.753,Warning,1,0
A024,2025-01-17 02:00:00,A024-BAT,Battery,82.702,3.559,71.642,52.874,1821.905,143.585,22.913,85.017,572,65.849,35.125,Warning,1,0
A024,2025-01-17 10:00:00,A024-BAT,Battery,89.34,3.319,66.209,54.374,1804.367,150.427,22.425,88.871,600,66.317,29.022,Warning,1,1
A024,2025-01-17 11:00:00,A024-BAT,Battery,78.072,3.776,70.478,46.716,1765.57,146.213,22.925,88.305,879,72.604,28.753,Warning,1,0
A024,2025-01-17 12:00:00,A024-BAT,Battery,81.28,3.819,72.109,49.849,1821.781,152.15,22.782,84.038,874,71.167,29.019,Warning,1,0
A025,2025-01-01 00:00:00,A025-BAT,Battery,91.623,4.292,60.957,54.005,1782.019,135.305,23.881,74.25,491,64.002,31.476,Warning,1,0
A025,2025-01-01 08:00:00,A025-BAT,Battery,75.206,2.645,72.629,56.744,1763.567,147.471,25.077,74.4,370,55.272,33.435,Normal,0,0
A025,2025-01-01 09:00:00,A025-BAT,Battery,75.571,3.091,76.189,53.491,1836.63,145.314,23.552,74.074,493,58.261,30.663,Normal,0,0
A025,2025-01-01 11:00:00,A025-BAT,Battery,78.206,3.127,75.517,56.075,1641.943,145.44,24.158,73.213,119,60.479,28.141,Normal,0,0
A025,2025-01-01 14:00:00,A025-BAT,Battery,74.878,2.519,75.311,57.835,1782.316,152.036,24.804,71.01,366,67.202,26.055,Normal,0,0
A025,2025-01-01 19:00:00,A025-BAT,Battery,72.746,2.917,72.267,55.722,1696.544,152.652,23.864,79.038,161,73.223,35.444,Normal,0,0
A025,2025-01-02 01:00:00,A025-BAT,Battery,76.396,3.095,71.58,54.677,1834.98,150.381,24.181,75.503,268,49.361,16.665,Normal,0,0
A025,2025-01-02 08:00:00,A025-BAT,Battery,71.467,2.488,73.799,54.819,1741.445,148.537,24.225,73.493,492,56.448,26.389,Normal,0,0
A025,2025-01-02 09:00:00,A025-BAT,Battery,75.137,2.902,77.759,55.638,1973.717,147.522,24.211,78.67,193,51.411,22.996,Normal,0,1
A025,2025-01-02 10:00:00,A025-BAT,Battery,76.561,2.809,75.739,55.033,1676.981,140.495,24.342,71.041,519,57.487,27.082,Normal,0,0
A025,2025-01-02 12:00:00,A025-BAT,Battery,73.794,3.167,74.778,51.442,1768.641,147.926,23.886,76.141,219,56.482,45.194,Normal,0,0
A025,2025-01-02 18:00:00,A025-BAT,Battery,87.791,4.381,58.08,54.031,1797.412,149.372,23.881,78.194,202,56.933,25.222,Warning,1,1
A025,2025-01-02 19:00:00,A025-BAT,Battery,77.778,2.506,75.682,53.183,1947.858,144.667,24.195,71.763,433,69.102,28.886,Normal,0,0
A025,2025-01-02 21:00:00,A025-BAT,Battery,75.273,2.437,71.468,55.965,1780.132,147.53,23.022,75.681,430,83.177,33.12,Normal,0,1
A025,2025-01-03 04:00:00,A025-BAT,Battery,75.625,3.156,70.901,54.609,1820.849,151.267,23.411,75.149,494,61.944,25.977,Normal,0,0
A025,2025-01-03 08:00:00,A025-BAT,Battery,77.489,2.215,71.589,54.429,1915.208,155.07,24.269,75.3,525,60.876,34.914,Normal,0,0
A025,2025-01-03 18:00:00,A025-BAT,Battery,77.193,3.333,76.951,51.14,1755.325,149.542,23.405,77.594,439,68.464,28.087,Normal,0,0
A025,2025-01-04 00:00:00,A025-BAT,Battery,76.587,3.244,71.762,56.551,1688.231,150.131,23.502,79.27,191,62.332,30.216,Normal,0,0
A025,2025-01-04 01:00:00,A025-BAT,Battery,73.189,2.953,76.05,54.605,1632.971,149.603,23.778,78.082,289,70.668,26.142,Normal,0,0
A025,2025-01-04 08:00:00,A025-BAT,Battery,78.642,3.159,75.349,57.422,1766.934,154.294,23.766,75.812,484,57.927,32.908,Normal,0,0
A025,2025-01-04 09:00:00,A025-BAT,Battery,75.941,3.647,71.961,54.471,1634.523,154.603,24.261,76.653,357,64.191,23.464,Normal,0,0
A025,2025-01-04 13:00:00,A025-BAT,Battery,75.167,3.025,72.603,55.834,1773.811,156.184,23.563,77.839,408,53.478,29.103,Normal,0,0
A025,2025-01-04 19:00:00,A025-BAT,Battery,77.222,3.45,72.496,53.269,1863.948,150.384,24.212,76.713,537,60.934,26.54,Normal,0,0
A025,2025-01-05 12:00:00,A025-BAT,Battery,77.115,2.885,68.098,54.642,1725.531,141.48,23.252,80.255,495,64.345,30.976,Normal,0,1
A025,2025-01-05 13:00:00,A025-BAT,Battery,77.741,3.515,73.031,54.82,1785.197,145.424,24.066,77.195,598,69.835,31.431,Normal,0,0
A025,2025-01-05 16:00:00,A025-BAT,Battery,83.284,3.323,72.706,55.0,1774.85,148.441,23.658,81.278,254,48.493,26.382,Normal,0,0
A025,2025-01-05 23:00:00,A025-BAT,Battery,74.959,3.806,73.709,50.905,1748.303,146.093,23.559,80.903,559,68.763,29.274,Normal,0,1
A025,2025-01-06 02:00:00,A025-BAT,Battery,84.498,2.799,66.958,54.158,1744.141,147.044,23.238,80.617,596,63.155,32.436,Normal,0,0
A025,2025-01-06 03:00:00,A025-BAT,Battery,78.141,3.192,74.076,54.085,1808.533,146.618,23.703,78.736,383,71.462,21.674,Normal,0,1
A025,2025-01-06 08:00:00,A025-BAT,Battery,75.829,3.296,70.6,51.826,1682.352,144.57,23.415,75.835,377,68.769,29.058,Normal,0,0
A025,2025-01-06 10:00:00,A025-BAT,Battery,79.575,3.248,68.749,52.729,1724.209,155.759,23.646,76.211,514,73.488,27.901,Normal,0,1
A025,2025-01-06 15:00:00,A025-BAT,Battery,79.661,2.577,72.805,53.488,1682.271,155.071,22.995,80.097,372,59.805,23.87,Normal,0,0
A025,2025-01-06 17:00:00,A025-BAT,Battery,75.909,3.22,69.833,51.849,1946.476,147.066,23.144,79.129,355,63.925,30.089,Normal,0,0
A025,2025-01-06 23:00:00,A025-BAT,Battery,72.416,3.522,73.518,53.442,1777.787,146.52,24.156,77.153,362,66.368,20.146,Normal,0,0
A025,2025-01-07 10:00:00,A025-BAT,Battery,81.306,3.346,72.895,50.83,1872.628,146.102,23.683,78.463,642,60.166,38.471,Normal,0,0
A025,2025-01-07 14:00:00,A025-BAT,Battery,77.895,2.315,74.215,51.225,1863.618,144.278,23.534,78.2,510,65.312,20.994,Normal,0,0
A025,2025-01-07 16:00:00,A025-BAT,Battery,78.374,3.759,68.783,55.095,1913.1,147.556,23.602,78.538,500,58.549,30.184,Normal,0,0
A025,2025-01-07 17:00:00,A025-BAT,Battery,79.657,3.201,73.367,52.336,1561.593,143.93,23.354,76.679,296,79.518,22.207,Normal,0,0
A025,2025-01-07 19:00:00,A025-BAT,Battery,75.938,3.192,69.815,53.304,1919.551,142.156,23.104,80.263,451,62.09,35.222,Normal,0,0
A025,2025-01-07 21:00:00,A025-BAT,Battery,83.424,3.333,70.047,54.264,1917.916,149.64,23.332,79.143,653,70.338,38.084,Warning,1,1
A025,2025-01-07 23:00:00,A025-BAT,Battery,83.742,3.054,74.075,53.637,1692.873,152.237,23.731,77.747,322,59.929,30.572,Normal,0,0
A025,2025-01-08 01:00:00,A025-BAT,Battery,79.021,3.558,71.8,51.819,1835.299,144.231,23.768,79.128,658,69.726,34.23,Normal,0,0
A025,2025-01-08 03:00:00,A025-BAT,Battery,80.557,3.193,71.824,50.695,1853.056,148.976,23.549,78.67,388,82.066,27.452,Warning,1,1
A025,2025-01-08 05:00:00,A025-BAT,Battery,75.049,3.323,75.107,52.179,1769.029,147.693,23.331,81.785,620,64.987,30.275,Normal,0,1
A025,2025-01-08 08:00:00,A025-BAT,Battery,83.0,4.015,72.223,53.746,1842.087,151.397,23.833,79.564,517,66.297,25.822,Warning,1,1
A025,2025-01-08 09:00:00,A025-BAT,Battery,79.924,4.262,75.229,57.734,1873.414,154.002,23.238,81.723,620,74.194,35.487,Warning,1,1
A025,2025-01-08 10:00:00,A025-BAT,Battery,84.095,3.115,72.521,53.216,1900.54,141.933,23.258,76.454,406,65.889,34.066,Normal,0,0
A025,2025-01-08 17:00:00,A025-BAT,Battery,78.88,3.303,68.594,51.877,1874.451,150.728,23.736,77.359,514,79.205,28.049,Warning,1,1
A025,2025-01-08 20:00:00,A025-BAT,Battery,77.797,3.435,69.314,51.403,1860.53,145.311,22.912,79.789,364,68.024,32.074,Normal,0,0
A025,2025-01-09 06:00:00,A025-BAT,Battery,80.678,2.984,71.076,53.661,1645.17,144.942,23.76,82.833,558,81.986,35.756,Warning,1,0
A025,2025-01-09 12:00:00,A025-BAT,Battery,81.335,3.529,70.545,53.778,1998.188,150.692,23.457,76.74,403,75.264,24.75,Warning,1,1
A025,2025-01-09 14:00:00,A025-BAT,Battery,88.737,5.091,58.137,52.417,1799.548,130.925,23.367,80.864,431,69.732,30.417,Warning,1,1
A025,2025-01-09 23:00:00,A025-BAT,Battery,85.237,3.504,69.163,51.403,1693.873,150.329,23.088,81.137,340,69.696,34.774,Warning,1,1
A025,2025-01-10 10:00:00,A025-BAT,Battery,79.2,3.299,69.511,54.076,1855.021,148.939,22.202,81.34,390,70.17,32.948,Warning,1,1
A025,2025-01-10 11:00:00,A025-BAT,Battery,91.506,6.703,62.734,55.564,1773.559,136.451,23.026,82.443,458,78.738,31.353,Warning,1,1
A025,2025-01-10 14:00:00,A025-BAT,Battery,79.513,4.187,76.568,54.076,1847.316,146.768,23.331,79.115,449,65.527,32.213,Warning,1,1
A025,2025-01-10 18:00:00,A025-BAT,Battery,84.342,3.63,71.794,51.878,1734.779,146.008,22.921,82.203,543,76.617,23.294,Warning,1,0
A025,2025-01-10 22:00:00,A025-BAT,Battery,82.453,3.515,68.533,51.728,1782.303,141.413,23.007,83.129,462,65.571,29.569,Warning,1,0
A025,2025-01-11 02:00:00,A025-BAT,Battery,79.777,3.535,71.642,52.513,1724.978,153.2,23.449,79.343,348,76.25,30.722,Warning,1,1
A025,2025-01-11 06:00:00,A025-BAT,Battery,79.664,3.762,70.995,52.079,1806.113,146.076,23.397,80.756,697,76.531,27.399,Warning,1,0
A025,2025-01-11 09:00:00,A025-BAT,Battery,79.38,4.319,71.56,54.059,1853.895,148.788,23.321,80.788,529,66.367,38.53,Warning,1,1
A025,2025-01-11 12:00:00,A025-BAT,Battery,79.315,3.545,72.26,53.7,1860.474,138.02,23.014,82.18,479,72.085,30.189,Warning,1,1
A025,2025-01-11 18:00:00,A025-BAT,Battery,84.666,3.245,68.022,55.455,1878.049,145.586,23.298,83.375,633,78.074,35.004,Warning,1,0
A025,2025-01-11 19:00:00,A025-BAT,Battery,80.201,4.421,75.208,52.022,1766.534,149.654,23.178,81.435,743,86.609,23.977,Warning,1,1
A025,2025-01-12 00:00:00,A025-BAT,Battery,81.698,3.518,69.04,52.535,1940.764,144.964,22.808,82.482,637,75.014,29.269,Warning,1,0
A025,2025-01-12 06:00:00,A025-BAT,Battery,77.658,3.572,71.521,54.088,1753.798,148.088,23.634,80.278,513,64.571,30.101,Warning,1,1
A025,2025-01-12 09:00:00,A025-BAT,Battery,84.436,3.829,68.1,53.253,1865.73,151.513,23.567,81.021,487,55.303,23.986,Warning,1,1
A025,2025-01-12 12:00:00,A025-BAT,Battery,82.669,3.876,74.043,54.694,1724.91,140.459,23.396,79.354,732,79.893,33.694,Warning,1,1
A025,2025-01-12 13:00:00,A025-BAT,Battery,85.822,3.717,67.414,52.886,1808.24,150.295,23.191,82.532,399,82.076,29.125,Warning,1,0
A025,2025-01-12 16:00:00,A025-BAT,Battery,84.369,3.446,69.023,51.717,1850.198,144.127,22.859,82.954,522,75.293,19.026,Warning,1,1
A025,2025-01-13 04:00:00,A025-BAT,Battery,85.371,3.422,69.097,54.285,1522.206,147.594,23.184,86.561,421,77.595,37.413,Warning,1,0
A025,2025-01-13 06:00:00,A025-BAT,Battery,86.32,3.752,65.938,54.987,1901.219,144.78,23.27,81.245,628,66.481,31.877,Warning,1,1
A025,2025-01-13 10:00:00,A025-BAT,Battery,89.066,3.428,69.657,52.629,1804.313,141.215,22.847,79.703,471,66.681,28.356,Warning,1,1
A025,2025-01-13 13:00:00,A025-BAT,Battery,100.928,6.242,54.415,54.856,1812.84,127.56,23.092,80.05,660,74.967,31.351,Warning,1,1
A025,2025-01-13 14:00:00,A025-BAT,Battery,83.114,3.606,71.766,50.026,1882.453,140.597,23.294,82.234,593,78.948,31.427,Warning,1,1
A025,2025-01-13 18:00:00,A025-BAT,Battery,83.69,3.207,69.667,52.345,1660.331,143.766,23.347,81.911,531,78.356,31.235,Warning,1,1
A025,2025-01-14 15:00:00,A025-BAT,Battery,85.473,4.015,66.981,53.69,1843.561,145.419,22.961,81.229,821,67.003,34.276,Warning,1,1
A025,2025-01-14 16:00:00,A025-BAT,Battery,85.457,4.035,73.677,49.894,1776.995,145.761,23.206,82.964,494,73.779,22.906,Warning,1,1
A025,2025-01-15 00:00:00,A025-BAT,Battery,78.852,4.179,65.659,48.865,2060.381,142.931,23.177,85.143,566,83.873,15.737,Warning,1,1
A025,2025-01-15 01:00:00,A025-BAT,Battery,83.067,3.712,66.343,50.871,1744.753,150.667,22.837,84.498,637,75.706,32.007,Warning,1,1
A025,2025-01-15 07:00:00,A025-BAT,Battery,81.666,4.155,67.344,50.246,1637.398,143.426,22.918,85.635,586,80.574,30.842,Warning,1,0
A025,2025-01-15 08:00:00,A025-BAT,Battery,84.542,4.176,66.29,53.839,1925.512,138.133,22.906,87.165,765,66.357,25.975,Warning,1,0
A025,2025-01-15 15:00:00,A025-BAT,Battery,82.896,4.124,66.737,50.432,1786.228,149.143,23.579,81.959,505,76.124,35.304,Warning,1,1
A025,2025-01-15 21:00:00,A025-BAT,Battery,87.737,3.591,70.089,50.901,1869.548,138.798,22.864,84.613,780,74.112,36.588,Warning,1,1
A025,2025-01-16 06:00:00,A025-BAT,Battery,82.761,3.676,67.911,52.049,1650.299,140.695,22.611,85.777,550,74.988,29.375,Warning,1,1
A025,2025-01-16 14:00:00,A025-BAT,Battery,82.745,4.226,66.957,49.675,1761.412,148.743,23.597,81.335,478,73.149,39.483,Warning,1,1
A025,2025-01-17 05:00:00,A025-BAT,Battery,90.078,4.854,67.49,47.624,1619.105,145.777,22.596,84.104,868,90.736,21.737,Warning,1,1
A025,2025-01-17 06:00:00,A025-BAT,Battery,88.707,4.354,63.083,53.22,1549.085,142.146,23.274,82.154,833,86.275,32.72,Warning,1,1
A025,2025-01-17 10:00:00,A025-BAT,Battery,85.363,3.81,71.039,52.93,1749.242,138.019,23.651,84.371,831,87.124,25.297,Warning,1,1
A025,2025-01-17 11:00:00,A025-BAT,Battery,99.232,7.412,58.206,54.154,1788.933,138.058,22.578,82.983,715,76.581,26.223,Warning,1,1
A025,2025-01-17 13:00:00,A025-BAT,Battery,86.868,4.239,67.448,52.429,1644.673,144.099,22.858,82.887,664,94.05,27.081,Warning,1,0
A026,2025-01-01 00:00:00,A026-BAT,Battery,71.839,2.411,73.851,52.201,1617.942,149.42,24.125,70.502,202,71.212,24.624,Normal,0,0
A026,2025-01-01 08:00:00,A026-BAT,Battery,69.36,2.486,76.264,50.677,1801.456,153.011,23.485,73.829,410,37.606,27.325,Normal,0,0
A026,2025-01-01 12:00:00,A026-BAT,Battery,76.583,2.144,74.966,53.32,1691.143,149.619,23.797,74.896,354,56.902,27.96,Normal,0,0
A026,2025-01-02 04:00:00,A026-BAT,Battery,75.584,2.149,78.645,55.589,1785.659,141.956,24.13,75.692,473,48.558,31.385,Normal,0,0
A026,2025-01-02 05:00:00,A026-BAT,Battery,71.429,3.025,72.453,52.873,1866.203,154.521,24.15,75.296,276,62.709,35.834,Normal,0,0
A026,2025-01-02 07:00:00,A026-BAT,Battery,71.83,2.55,74.759,53.428,1884.358,149.697,24.815,75.917,299,53.05,34.138,Normal,0,0
A026,2025-01-02 08:00:00,A026-BAT,Battery,73.623,2.778,75.544,57.123,1698.889,153.25,24.617,77.604,422,65.306,30.405,Normal,0,0
A026,2025-01-02 15:00:00,A026-BAT,Battery,72.322,2.779,73.066,57.725,1752.12,138.843,24.243,79.277,404,56.634,29.85,Normal,0,0
A026,2025-01-02 16:00:00,A026-BAT,Battery,71.72,2.484,77.814,57.004,1876.309,147.982,24.004,73.374,181,55.652,25.888,Normal,0,0
A026,2025-01-02 19:00:00,A026-BAT,Battery,72.194,2.346,73.498,58.027,1737.03,154.219,23.8,74.986,294,63.909,29.706,Normal,0,1
A026,2025-01-02 21:00:00,A026-BAT,Battery,79.33,2.407,78.503,55.519,1748.291,151.408,23.326,77.456,184,56.871,29.616,Normal,0,0
A026,2025-01-03 02:00:00,A026-BAT,Battery,73.415,2.012,73.131,53.934,1836.345,150.76,23.44,78.239,302,46.291,42.455,Normal,0,0
A026,2025-01-03 03:00:00,A026-BAT,Battery,72.536,2.426,77.289,56.7,1766.692,148.546,23.413,78.379,392,54.365,34.808,Normal,0,0
A026,2025-01-03 06:00:00,A026-BAT,Battery,80.313,2.682,76.004,55.679,1783.252,149.109,24.109,73.576,239,71.146,31.74,Normal,0,0
A026,2025-01-03 09:00:00,A026-BAT,Battery,76.247,2.553,74.15,54.066,1835.983,147.805,24.239,77.907,252,68.583,31.718,Normal,0,0
A026,2025-01-03 10:00:00,A026-BAT,Battery,71.12,2.901,76.785,55.319,1873.982,150.46,23.78,79.012,364,50.189,33.716,Normal,0,0
A026,2025-01-03 12:00:00,A026-BAT,Battery,77.406,2.55,76.286,53.287,1740.475,153.173,24.338,74.729,388,67.453,34.597,Normal,0,0
A026,2025-01-03 22:00:00,A026-BAT,Battery,76.356,3.019,78.41,57.368,1790.769,142.757,23.777,79.354,495,58.894,37.903,Normal,0,1
A026,2025-01-04 04:00:00,A026-BAT,Battery,72.92,2.458,78.877,50.032,1887.908,146.149,23.723,76.608,483,72.083,28.268,Normal,0,0
A026,2025-01-04 13:00:00,A026-BAT,Battery,79.205,2.552,74.583,53.345,1860.871,154.814,24.002,75.51,477,62.81,34.349,Normal,0,0
A026,2025-01-05 05:00:00,A026-BAT,Battery,75.785,3.094,73.833,53.804,1808.975,147.071,23.452,75.539,277,69.325,29.219,Normal,0,0
A026,2025-01-05 12:00:00,A026-BAT,Battery,77.929,2.887,72.404,56.387,1936.515,148.891,23.538,79.876,515,55.253,32.146,Normal,0,1
A026,2025-01-05 16:00:00,A026-BAT,Battery,77.991,3.202,74.546,54.13,1843.493,149.449,23.391,79.81,366,57.09,35.453,Normal,0,0
A026,2025-01-05 19:00:00,A026-BAT,Battery,79.744,3.122,76.759,58.496,1818.507,153.739,23.551,77.725,459,65.776,30.771,Normal,0,0
A026,2025-01-05 22:00:00,A026-BAT,Battery,73.656,3.574,75.277,55.781,1830.689,146.388,23.534,74.255,465,57.969,26.273,Normal,0,0
A026,2025-01-05 23:00:00,A026-BAT,Battery,96.863,7.099,67.948,56.416,1828.764,129.952,23.458,80.432,289,55.138,29.856,Warning,1,1
A026,2025-01-06 01:00:00,A026-BAT,Battery,73.495,2.628,71.667,54.967,1843.066,149.057,23.126,77.794,335,48.92,31.039,Normal,0,0
A026,2025-01-06 03:00:00,A026-BAT,Battery,77.765,2.807,75.125,55.882,1886.832,150.241,23.609,79.645,528,57.159,34.672,Normal,0,0
A026,2025-01-06 07:00:00,A026-BAT,Battery,77.177,2.932,72.583,52.712,1729.972,143.057,23.751,80.633,352,67.246,38.23,Normal,0,0
A026,2025-01-06 11:00:00,A026-BAT,Battery,85.214,2.902,77.072,50.01,1549.327,154.225,23.703,80.087,454,68.391,22.121,Normal,0,1
A026,2025-01-06 13:00:00,A026-BAT,Battery,79.162,2.945,77.924,55.337,1910.758,143.187,23.467,76.919,233,63.366,28.281,Normal,0,1
A026,2025-01-06 14:00:00,A026-BAT,Battery,79.496,2.619,73.441,54.374,1761.084,146.373,23.702,76.601,572,65.884,27.642,Normal,0,0
A026,2025-01-06 16:00:00,A026-BAT,Battery,76.415,3.595,75.036,54.617,1794.993,157.539,23.368,80.121,470,71.16,34.046,Normal,0,0
A026,2025-01-06 19:00:00,A026-BAT,Battery,81.93,3.012,73.321,53.422,1755.805,138.173,23.923,82.651,273,60.27,30.643,Normal,0,1
A026,2025-01-06 21:00:00,A026-BAT,Battery,79.184,3.49,71.573,52.412,1757.312,142.309,24.016,77.491,465,51.264,18.26,Normal,0,1
A026,2025-01-07 03:00:00,A026-BAT,Battery,76.048,3.643,71.475,53.021,1795.973,143.654,23.414,79.584,437,74.177,30.91,Normal,0,0
A026,2025-01-07 06:00:00,A026-BAT,Battery,77.313,3.342,72.475,53.21,1880.101,144.134,23.587,76.265,616,72.333,31.507,Normal,0,1
A026,2025-01-07 07:00:00,A026-BAT,Battery,74.824,2.968,72.049,57.793,1839.995,151.119,24.104,80.069,599,67.538,35.126,Normal,0,0
A026,2025-01-07 08:00:00,A026-BAT,Battery,80.628,3.16,73.862,50.257,1907.815,155.049,23.077,75.064,343,71.624,34.934,Normal,0,1
A026,2025-01-07 15:00:00,A026-BAT,Battery,80.561,3.185,73.288,53.132,1771.909,148.349,23.039,75.902,562,64.181,30.869,Normal,0,0
A026,2025-01-07 16:00:00,A026-BAT,Battery,80.034,3.116,71.625,52.026,1868.665,144.412,24.001,80.26,377,64.046,26.293,Normal,0,0
A026,2025-01-07 19:00:00,A026-BAT,Battery,78.654,3.712,67.324,51.85,1886.511,144.627,23.73,77.612,642,57.007,32.579,Normal,0,1
A026,2025-01-07 22:00:00,A026-BAT,Battery,77.854,3.469,76.827,53.36,1783.506,142.731,22.856,81.126,439,65.103,32.761,Normal,0,0
A026,2025-01-08 00:00:00,A026-BAT,Battery,80.772,2.919,73.962,54.612,1868.008,147.587,23.606,79.179,354,67.134,36.9,Normal,0,0
A026,2025-01-08 03:00:00,A026-BAT,Battery,74.31,3.194,76.146,54.306,1904.232,148.453,23.921,79.836,538,53.253,25.199,Normal,0,1
A026,2025-01-08 04:00:00,A026-BAT,Battery,79.506,3.15,71.943,54.619,1793.033,151.254,23.099,78.246,292,79.989,38.298,Normal,0,0
A026,2025-01-08 06:00:00,A026-BAT,Battery,77.551,3.68,75.019,55.009,1890.579,153.756,22.888,79.944,278,58.521,26.502,Normal,0,0
A026,2025-01-08 15:00:00,A026-BAT,Battery,80.138,3.557,73.468,53.141,1783.381,144.753,23.419,77.38,396,63.247,26.311,Normal,0,0
A026,2025-01-08 20:00:00,A026-BAT,Battery,80.005,3.045,73.185,53.164,1852.291,150.539,23.758,79.46,393,74.565,36.134,Normal,0,0
A026,2025-01-08 23:00:00,A026-BAT,Battery,81.157,3.379,74.61,53.854,1717.255,146.671,22.968,80.989,609,71.902,34.015,Normal,0,0
A026,2025-01-09 00:00:00,A026-BAT,Battery,78.634,3.095,72.688,51.324,1908.184,140.251,22.925,77.463,691,71.993,26.233,Normal,0,0
A026,2025-01-09 01:00:00,A026-BAT,Battery,80.012,3.413,69.819,53.651,1608.466,157.938,23.781,81.655,374,65.219,29.267,Normal,0,0
A026,2025-01-09 05:00:00,A026-BAT,Battery,81.071,3.046,71.881,57.138,1859.068,152.974,23.479,78.611,686,73.379,27.838,Normal,0,0
A026,2025-01-09 09:00:00,A026-BAT,Battery,92.597,5.17,66.221,53.949,1870.908,137.483,23.09,80.272,553,62.463,25.115,Warning,1,0
A026,2025-01-09 10:00:00,A026-BAT,Battery,75.986,3.6,68.305,56.586,1846.259,144.283,23.537,78.021,486,66.781,29.634,Normal,0,1
A026,2025-01-09 16:00:00,A026-BAT,Battery,95.075,5.55,58.557,51.574,1891.097,137.686,23.191,82.076,361,67.807,32.117,Warning,1,1
A026,2025-01-09 18:00:00,A026-BAT,Battery,79.312,3.667,72.95,50.726,1869.955,150.715,23.194,77.282,376,67.277,26.929,Normal,0,1
A026,2025-01-09 19:00:00,A026-BAT,Battery,81.887,3.543,71.884,55.849,1720.126,144.68,23.54,84.603,490,67.428,35.571,Normal,0,0
A026,2025-01-09 20:00:00,A026-BAT,Battery,81.969,3.267,70.734,51.199,1786.354,154.09,23.264,85.29,675,69.025,34.259,Normal,0,1
A026,2025-01-09 21:00:00,A026-BAT,Battery,80.115,3.297,72.598,50.425,1723.346,143.187,23.366,81.534,617,64.456,42.539,Normal,0,1
A026,2025-01-09 22:00:00,A026-BAT,Battery,79.038,2.659,73.382,54.093,1819.92,147.161,23.353,83.704,703,77.217,33.748,Normal,0,0
A026,2025-01-09 23:00:00,A026-BAT,Battery,72.035,4.258,72.316,55.76,1882.566,150.544,23.248,83.029,467,75.641,24.31,Normal,0,1
A026,2025-01-10 01:00:00,A026-BAT,Battery,76.188,3.339,65.295,52.453,1807.896,150.958,24.275,80.81,375,71.477,22.032,Normal,0,1
A026,2025-01-10 04:00:00,A026-BAT,Battery,78.854,3.845,71.554,53.981,1789.111,146.009,23.411,77.885,607,61.659,24.471,Normal,0,0
A026,2025-01-10 11:00:00,A026-BAT,Battery,76.094,3.633,69.631,53.944,1769.541,147.546,23.494,82.463,585,73.693,30.713,Warning,1,1
A026,2025-01-10 13:00:00,A026-BAT,Battery,85.445,7.26,59.314,53.226,1870.509,125.128,22.959,80.743,626,69.767,23.805,Warning,1,1
A026,2025-01-10 17:00:00,A026-BAT,Battery,74.351,3.601,71.279,53.935,1834.083,143.923,23.259,81.93,411,64.877,33.076,Normal,0,0
A026,2025-01-10 22:00:00,A026-BAT,Battery,83.223,3.536,68.574,52.323,1652.209,149.397,23.201,82.952,602,72.921,32.277,Warning,1,0
A026,2025-01-11 00:00:00,A026-BAT,Battery,83.314,3.347,71.969,52.412,1778.697,145.38,22.839,84.6,678,73.177,38.902,Warning,1,1
A026,2025-01-11 02:00:00,A026-BAT,Battery,78.557,3.692,70.392,53.265,1749.709,146.384,23.901,85.694,634,72.777,24.949,Warning,1,0
A026,2025-01-11 04:00:00,A026-BAT,Battery,82.345,3.839,67.415,54.998,1900.909,147.843,23.566,77.141,447,77.613,24.0,Warning,1,1
A026,2025-01-11 06:00:00,A026-BAT,Battery,81.48,3.172,72.27,56.636,1843.161,139.31,23.371,82.103,358,72.045,17.09,Warning,1,1
A026,2025-01-11 12:00:00,A026-BAT,Battery,79.14,2.956,68.538,53.209,1693.811,143.372,22.511,81.873,710,77.292,25.585,Warning,1,0
A026,2025-01-11 21:00:00,A026-BAT,Battery,82.934,3.516,76.29,55.776,1838.968,147.061,23.256,81.542,682,71.011,21.102,Warning,1,1
A026,2025-01-12 00:00:00,A026-BAT,Battery,82.823,3.523,71.903,52.177,1907.935,143.317,23.089,84.711,372,72.958,33.727,Warning,1,0
A026,2025-01-12 04:00:00,A026-BAT,Battery,80.391,3.642,71.505,55.685,1686.48,146.854,23.271,80.939,446,72.694,28.67,Warning,1,1
A026,2025-01-12 05:00:00,A026-BAT,Battery,87.16,3.505,73.021,51.61,1794.975,145.305,23.215,83.205,403,72.027,31.64,Warning,1,0
A026,2025-01-12 10:00:00,A026-BAT,Battery,82.082,3.611,71.636,54.836,1914.185,159.867,23.593,81.386,600,67.556,34.56,Warning,1,1
A026,2025-01-12 11:00:00,A026-BAT,Battery,81.267,3.067,72.63,50.53,1878.37,152.019,23.116,77.926,553,87.419,30.241,Warning,1,0
A026,2025-01-12 15:00:00,A026-BAT,Battery,81.833,3.371,68.204,50.634,1834.126,143.027,23.654,83.862,576,74.613,30.5,Warning,1,0
A026,2025-01-12 17:00:00,A026-BAT,Battery,78.334,4.464,69.123,52.668,1809.377,147.917,23.203,81.144,721,66.772,27.551,Warning,1,0
A026,2025-01-13 02:00:00,A026-BAT,Battery,84.927,3.657,70.897,51.168,1860.462,142.425,23.625,83.089,697,62.245,31.702,Warning,1,1
A026,2025-01-13 06:00:00,A026-BAT,Battery,80.993,3.932,69.726,52.499,1794.133,140.971,22.99,82.184,396,69.379,26.93,Warning,1,0
A026,2025-01-13 07:00:00,A026-BAT,Battery,85.926,3.565,71.736,54.211,1899.539,146.277,23.45,83.724,428,69.264,25.449,Warning,1,0
A026,2025-01-13 09:00:00,A026-BAT,Battery,82.436,3.571,67.097,51.703,1761.332,143.144,23.582,84.523,448,72.441,31.809,Warning,1,0
A026,2025-01-13 10:00:00,A026-BAT,Battery,79.923,3.516,70.692,50.678,1829.151,150.885,23.361,83.968,451,67.876,29.844,Warning,1,1
A026,2025-01-13 12:00:00,A026-BAT,Battery,84.945,3.847,71.58,54.441,1803.443,155.055,23.335,81.503,719,70.179,25.992,Warning,1,1
A026,2025-01-13 14:00:00,A026-BAT,Battery,84.623,3.431,71.934,54.94,1612.313,143.537,22.515,84.387,754,79.455,29.265,Warning,1,0
A026,2025-01-13 15:00:00,A026-BAT,Battery,88.604,3.619,70.749,53.971,1885.455,146.762,23.21,82.53,708,72.39,44.524,Warning,1,0
A026,2025-01-13 21:00:00,A026-BAT,Battery,80.961,3.093,69.599,55.072,1800.625,140.802,22.71,87.403,741,76.52,31.267,Warning,1,0
A026,2025-01-13 23:00:00,A026-BAT,Battery,85.13,3.747,72.4,47.01,1812.946,148.783,22.69,85.09,426,57.789,20.872,Warning,1,1
A026,2025-01-14 00:00:00,A026-BAT,Battery,86.128,3.727,68.446,54.664,1600.589,147.841,23.054,79.717,706,71.605,30.114,Warning,1,1
A026,2025-01-14 03:00:00,A026-BAT,Battery,93.997,6.781,60.981,55.115,1822.267,127.402,22.881,86.268,634,81.475,31.441,Warning,1,1
A026,2025-01-14 04:00:00,A026-BAT,Battery,81.564,4.46,71.082,52.049,1753.979,147.977,22.815,81.162,564,76.734,31.263,Warning,1,1
A026,2025-01-14 05:00:00,A026-BAT,Battery,85.32,3.765,74.644,52.942,1780.56,139.643,22.731,81.099,537,77.313,22.348,Warning,1,1
A026,2025-01-14 10:00:00,A026-BAT,Battery,84.922,3.65,67.441,54.081,1829.211,142.866,23.248,80.994,530,89.472,28.351,Warning,1,1
A026,2025-01-14 12:00:00,A026-BAT,Battery,81.923,4.252,70.347,49.058,1638.481,139.386,22.383,84.68,453,71.827,30.98,Warning,1,1
A026,2025-01-14 16:00:00,A026-BAT,Battery,94.677,6.023,65.733,53.895,1744.627,136.615,23.903,80.635,523,58.053,19.723,Warning,1,1
A026,2025-01-15 01:00:00,A026-BAT,Battery,83.321,4.12,69.885,52.907,1765.672,146.262,22.833,81.297,438,72.871,28.394,Warning,1,0
A026,2025-01-15 03:00:00,A026-BAT,Battery,84.013,3.925,70.874,53.821,1690.225,146.973,23.1,82.111,671,80.23,30.765,Warning,1,1
A026,2025-01-15 09:00:00,A026-BAT,Battery,80.945,3.11,75.302,51.815,1985.229,147.38,23.216,81.031,774,92.974,29.793,Warning,1,1
A026,2025-01-15 15:00:00,A026-BAT,Battery,83.363,3.133,66.923,48.844,1785.515,142.738,23.003,85.015,523,73.864,26.641,Warning,1,1
A026,2025-01-15 16:00:00,A026-BAT,Battery,81.785,4.206,71.348,54.396,1852.425,143.947,22.265,83.876,475,90.848,31.186,Warning,1,0
A026,2025-01-15 20:00:00,A026-BAT,Battery,89.142,4.457,65.45,53.595,1741.873,139.702,22.537,83.898,558,76.196,32.864,Warning,1,1
A026,2025-01-15 21:00:00,A026-BAT,Battery,86.03,3.934,68.371,52.553,1967.964,145.796,22.563,83.072,582,73.389,34.26,Warning,1,0
A026,2025-01-15 22:00:00,A026-BAT,Battery,104.057,6.288,59.044,53.81,1685.901,125.423,22.93,89.186,460,85.159,33.276,Warning,1,1
A026,2025-01-16 00:00:00,A026-BAT,Battery,83.284,3.912,71.443,52.781,1789.832,146.948,23.59,83.88,657,81.021,27.726,Warning,1,1
A026,2025-01-16 01:00:00,A026-BAT,Battery,82.168,3.336,66.989,55.254,1783.121,138.406,22.278,84.93,653,63.971,22.971,Warning,1,1
A026,2025-01-16 02:00:00,A026-BAT,Battery,80.873,4.146,72.373,50.294,1835.748,150.046,23.188,80.297,843,72.06,28.465,Warning,1,1
A026,2025-01-16 04:00:00,A026-BAT,Battery,84.339,4.208,69.026,53.873,1860.279,139.025,23.275,83.631,716,83.833,30.83,Warning,1,1
A026,2025-01-16 06:00:00,A026-BAT,Battery,82.521,3.326,69.468,51.075,1559.239,143.435,23.235,84.214,512,67.338,32.264,Warning,1,1
A026,2025-01-16 11:00:00,A026-BAT,Battery,86.186,4.143,68.749,50.126,1983.118,141.955,23.024,82.777,755,74.591,27.177,Warning,1,0
A026,2025-01-16 15:00:00,A026-BAT,Battery,85.368,4.024,67.446,55.735,1822.215,145.815,22.851,81.72,697,88.485,33.312,Warning,1,1
A026,2025-01-16 18:00:00,A026-BAT,Battery,85.608,4.076,71.504,51.05,1868.607,140.161,22.386,79.342,669,74.737,25.399,Warning,1,0
A026,2025-01-16 19:00:00,A026-BAT,Battery,86.866,4.157,65.992,48.044,1793.6,141.21,23.22,85.592,694,74.78,31.876,Warning,1,1
A026,2025-01-16 21:00:00,A026-BAT,Battery,84.46,3.081,71.935,51.599,1746.872,149.377,23.488,81.862,487,89.608,23.783,Warning,1,1
A026,2025-01-16 22:00:00,A026-BAT,Battery,82.8,4.443,62.144,54.989,1680.742,146.549,22.381,84.364,727,74.26,27.572,Warning,1,1
A026,2025-01-17 00:00:00,A026-BAT,Battery,86.47,3.295,70.238,49.352,1797.9,152.546,22.971,83.507,621,65.747,31.321,Warning,1,1
A026,2025-01-17 03:00:00,A026-BAT,Battery,89.641,4.251,69.38,54.06,1745.24,145.292,23.454,84.998,576,80.297,29.78,Warning,1,1
A026,2025-01-17 10:00:00,A026-BAT,Battery,88.555,3.848,65.321,47.19,1895.917,146.266,21.894,84.889,888,67.655,41.012,Warning,1,1
A026,2025-01-17 13:00:00,A026-BAT,Battery,87.098,3.958,65.936,53.549,1824.97,143.595,22.995,82.664,508,75.27,28.098,Warning,1,1
A026,2025-01-17 15:00:00,A026-BAT,Battery,83.324,3.568,67.407,51.628,1727.342,144.084,22.691,87.721,779,67.408,30.149,Warning,1,0
A027,2025-01-01 03:00:00,A027-BAT,Battery,71.652,2.3,75.589,54.656,1866.506,139.495,24.289,74.325,104,49.702,27.802,Normal,0,0
A027,2025-01-01 04:00:00,A027-BAT,Battery,69.312,2.544,81.599,54.143,1748.278,149.374,23.587,75.805,341,50.097,19.18,Normal,0,0
A027,2025-01-01 06:00:00,A027-BAT,Battery,74.131,2.425,75.879,51.954,1757.022,150.914,24.37,74.268,293,37.285,36.976,Normal,0,0
A027,2025-01-01 12:00:00,A027-BAT,Battery,69.217,3.008,77.336,52.386,1937.364,152.383,23.953,75.268,339,52.073,35.408,Normal,0,0
A027,2025-01-01 13:00:00,A027-BAT,Battery,70.818,2.381,75.834,53.15,1844.895,155.998,23.964,74.639,283,41.819,37.447,Normal,0,0
A027,2025-01-01 16:00:00,A027-BAT,Battery,72.259,2.83,75.274,55.402,1705.401,148.777,23.697,76.611,323,54.315,32.32,Normal,0,0
A027,2025-01-01 17:00:00,A027-BAT,Battery,73.227,1.939,79.711,56.283,1886.217,151.498,23.629,75.475,331,41.139,33.131,Normal,0,0
A027,2025-01-01 20:00:00,A027-BAT,Battery,75.36,2.252,77.09,53.902,1901.927,154.706,23.972,76.058,128,65.334,33.29,Normal,0,0
A027,2025-01-01 21:00:00,A027-BAT,Battery,87.26,5.595,71.27,57.305,1757.826,133.034,24.802,74.622,396,53.567,31.879,Warning,1,1
A027,2025-01-02 02:00:00,A027-BAT,Battery,74.16,2.638,73.751,52.239,1837.138,155.958,24.455,77.98,308,51.231,27.893,Normal,0,0
A027,2025-01-02 04:00:00,A027-BAT,Battery,74.184,2.127,78.244,54.424,1782.578,154.569,24.163,71.963,346,45.986,27.404,Normal,0,0
A027,2025-01-02 10:00:00,A027-BAT,Battery,68.675,2.592,75.438,56.735,1737.657,147.923,24.683,76.044,510,53.235,30.625,Normal,0,1
A027,2025-01-02 11:00:00,A027-BAT,Battery,76.19,2.323,76.173,53.519,1616.967,147.93,24.183,75.786,378,43.955,33.062,Normal,0,0
A027,2025-01-02 16:00:00,A027-BAT,Battery,76.371,2.394,73.604,52.158,1712.78,152.911,23.741,77.139,445,67.183,33.711,Normal,0,0
A027,2025-01-02 20:00:00,A027-BAT,Battery,74.478,2.244,76.221,58.16,1881.369,149.74,23.851,77.802,411,63.299,32.219,Normal,0,0
A027,2025-01-02 23:00:00,A027-BAT,Battery,73.011,2.219,78.876,55.901,1812.998,145.14,23.981,75.588,280,38.813,32.732,Normal,0,0
A027,2025-01-03 10:00:00,A027-BAT,Battery,67.779,2.076,80.331,54.093,1856.359,145.441,24.021,76.727,310,65.337,30.444,Normal,0,0
A027,2025-01-03 11:00:00,A027-BAT,Battery,74.947,2.704,73.849,57.367,1700.161,148.387,23.782,76.127,372,55.414,25.391,Normal,0,0
A027,2025-01-03 13:00:00,A027-BAT,Battery,77.34,2.396,76.224,53.389,1939.254,147.975,23.944,78.817,370,39.226,30.209,Normal,0,0
A027,2025-01-03 14:00:00,A027-BAT,Battery,68.707,3.164,75.223,51.96,1667.157,150.781,23.929,77.718,354,53.383,40.173,Normal,0,0
A027,2025-01-03 19:00:00,A027-BAT,Battery,74.127,2.717,77.475,53.449,1867.482,149.654,23.789,76.167,199,60.045,29.344,Normal,0,0
A027,2025-01-03 22:00:00,A027-BAT,Battery,70.117,2.808,77.865,56.874,1775.414,150.554,24.069,74.887,399,65.03,21.913,Normal,0,0
A027,2025-01-04 00:00:00,A027-BAT,Battery,75.266,1.925,76.935,56.128,1768.454,150.604,24.608,73.776,245,45.328,26.559,Normal,0,0
A027,2025-01-04 03:00:00,A027-BAT,Battery,74.615,3.265,79.689,56.317,1706.249,146.224,23.852,78.068,542,70.562,27.225,Normal,0,0
A027,2025-01-04 07:00:00,A027-BAT,Battery,74.715,2.885,75.253,51.778,1909.265,146.88,24.168,78.311,470,52.572,26.779,Normal,0,0
A027,2025-01-04 10:00:00,A027-BAT,Battery,80.942,2.766,80.004,56.093,1693.527,147.112,23.77,83.108,286,58.801,23.93,Normal,0,0
A027,2025-01-04 17:00:00,A027-BAT,Battery,74.038,2.569,76.022,53.598,1769.55,143.276,23.478,74.034,356,64.886,32.339,Normal,0,0
A027,2025-01-04 18:00:00,A027-BAT,Battery,73.524,2.388,71.901,54.25,1740.848,149.031,23.384,74.472,255,56.432,19.535,Normal,0,0
A027,2025-01-04 21:00:00,A027-BAT,Battery,73.051,2.655,76.121,57.332,1837.383,140.176,23.474,75.624,269,72.101,37.206,Normal,0,0
A027,2025-01-05 00:00:00,A027-BAT,Battery,86.733,6.466,66.753,58.722,1901.012,133.293,23.628,76.19,463,43.896,28.6,Warning,1,0
A027,2025-01-05 02:00:00,A027-BAT,Battery,76.056,2.747,78.966,53.755,1748.219,159.335,24.051,75.909,565,65.003,40.106,Normal,0,0
A027,2025-01-05 04:00:00,A027-BAT,Battery,75.175,3.026,74.273,56.561,1754.81,143.94,23.809,80.294,260,73.81,22.978,Normal,0,0
A027,2025-01-05 11:00:00,A027-BAT,Battery,70.84,2.29,75.57,53.336,1897.869,150.825,23.542,75.483,437,46.461,34.42,Normal,0,0
A027,2025-01-05 13:00:00,A027-BAT,Battery,75.811,2.797,75.465,56.327,1875.451,147.816,23.591,78.358,570,56.368,36.556,Normal,0,0
A027,2025-01-05 15:00:00,A027-BAT,Battery,75.059,2.415,77.543,52.136,1842.098,140.573,23.397,77.904,489,57.091,33.696,Normal,0,0
A027,2025-01-05 20:00:00,A027-BAT,Battery,77.094,2.415,79.275,54.265,1796.246,149.34,23.786,79.746,597,68.036,21.447,Normal,0,0
A027,2025-01-05 23:00:00,A027-BAT,Battery,75.774,3.254,76.278,52.433,1867.763,155.99,23.673,81.268,452,63.046,39.894,Normal,0,0
A027,2025-01-06 00:00:00,A027-BAT,Battery,76.067,2.432,77.614,54.585,1864.453,150.782,23.82,79.769,555,66.535,32.266,Normal,0,0
A027,2025-01-06 01:00:00,A027-BAT,Battery,73.555,2.713,75.816,51.517,1690.594,145.632,23.82,78.761,590,54.208,36.893,Normal,0,1
A027,2025-01-06 02:00:00,A027-BAT,Battery,74.024,3.71,70.514,54.757,1733.743,143.663,23.624,81.269,360,63.254,22.136,Normal,0,0
A027,2025-01-06 07:00:00,A027-BAT,Battery,75.259,3.107,79.184,50.602,1913.356,147.151,24.009,76.533,317,51.949,33.957,Normal,0,0
A027,2025-01-06 09:00:00,A027-BAT,Battery,78.446,2.808,76.888,57.031,1798.005,158.578,24.136,78.157,301,53.942,24.983,Normal,0,0
A027,2025-01-06 18:00:00,A027-BAT,Battery,77.544,2.927,73.626,50.982,1664.108,144.405,23.76,79.674,258,61.148,28.378,Normal,0,0
A027,2025-01-06 20:00:00,A027-BAT,Battery,80.91,2.538,74.876,55.743,1699.122,145.963,23.546,77.901,529,66.049,37.618,Normal,0,1
A027,2025-01-06 23:00:00,A027-BAT,Battery,81.808,4.942,67.833,53.014,1803.451,136.729,23.112,79.356,397,45.342,23.843,Warning,1,1
A027,2025-01-07 01:00:00,A027-BAT,Battery,78.859,2.851,76.256,55.844,1692.053,148.29,23.786,78.845,261,72.986,25.836,Normal,0,0
A027,2025-01-07 04:00:00,A027-BAT,Battery,78.558,2.763,73.788,58.243,1838.492,156.715,23.585,79.732,581,65.723,36.15,Normal,0,1
A027,2025-01-07 05:00:00,A027-BAT,Battery,80.5,3.228,74.232,54.956,2052.151,149.475,23.51,80.484,319,59.741,31.915,Normal,0,1
A027,2025-01-07 11:00:00,A027-BAT,Battery,80.166,2.493,69.831,48.621,1670.609,142.643,23.728,78.483,348,58.073,23.503,Normal,0,0
A027,2025-01-07 20:00:00,A027-BAT,Battery,74.699,3.665,71.826,54.829,1736.926,147.753,23.958,77.524,525,75.334,33.753,Normal,0,0
A027,2025-01-07 21:00:00,A027-BAT,Battery,77.404,2.59,73.175,51.278,1938.271,140.92,22.898,77.421,473,56.596,26.758,Normal,0,1
A027,2025-01-08 03:00:00,A027-BAT,Battery,78.739,2.818,73.234,53.862,1856.376,144.423,23.821,80.04,344,64.746,26.328,Normal,0,0
A027,2025-01-08 05:00:00,A027-BAT,Battery,74.374,2.768,72.896,57.001,1692.537,150.25,23.886,78.995,416,51.365,36.46,Normal,0,1
A027,2025-01-08 10:00:00,A027-BAT,Battery,81.734,2.899,72.368,49.858,1805.445,147.872,23.98,80.312,504,46.42,27.256,Normal,0,0
A027,2025-01-08 13:00:00,A027-BAT,Battery,77.258,2.961,73.708,54.446,1833.874,149.402,23.279,78.42,566,73.505,33.022,Normal,0,0
A027,2025-01-08 15:00:00,A027-BAT,Battery,77.589,3.377,74.164,51.523,1797.227,146.874,23.315,83.0,382,67.091,26.615,Normal,0,1
A027,2025-01-08 21:00:00,A027-BAT,Battery,74.962,3.098,70.131,51.749,1711.301,155.993,23.118,78.28,549,64.247,26.674,Normal,0,0
A027,2025-01-09 00:00:00,A027-BAT,Battery,83.661,3.25,72.998,51.136,1921.463,142.093,22.927,80.62,586,53.45,24.224,Normal,0,0
A027,2025-01-09 01:00:00,A027-BAT,Battery,79.285,2.428,74.59,51.01,1839.817,147.769,23.219,78.315,402,63.453,26.832,Normal,0,0
A027,2025-01-09 02:00:00,A027-BAT,Battery,74.269,2.817,77.113,52.597,2016.953,152.324,23.211,77.99,399,68.564,40.82,Normal,0,0
A027,2025-01-09 04:00:00,A027-BAT,Battery,79.954,2.994,75.752,54.531,1860.114,151.69,23.613,83.841,637,65.733,26.517,Normal,0,1
A027,2025-01-09 07:00:00,A027-BAT,Battery,94.704,6.042,67.546,54.901,1721.031,127.522,23.312,81.991,470,60.747,23.575,Warning,1,1
A027,2025-01-09 08:00:00,A027-BAT,Battery,79.011,2.949,77.729,50.6,1658.799,145.06,23.284,80.006,345,66.352,35.159,Normal,0,0
A027,2025-01-09 15:00:00,A027-BAT,Battery,74.201,2.571,72.502,52.004,1880.066,152.061,23.979,82.924,498,68.617,24.675,Normal,0,0
A027,2025-01-09 23:00:00,A027-BAT,Battery,73.574,3.375,72.997,54.273,1793.504,149.904,23.608,77.671,680,65.992,26.055,Normal,0,1
A027,2025-01-10 00:00:00,A027-BAT,Battery,78.018,2.737,76.213,51.372,1645.722,142.494,24.098,82.856,663,71.383,27.842,Normal,0,0
A027,2025-01-10 13:00:00,A027-BAT,Battery,77.895,3.374,73.068,51.667,1779.622,144.958,23.168,80.536,698,64.966,22.393,Normal,0,0
A027,2025-01-10 15:00:00,A027-BAT,Battery,80.171,2.889,74.652,54.479,1829.55,139.38,23.342,77.941,686,55.011,24.4,Normal,0,0
A027,2025-01-10 17:00:00,A027-BAT,Battery,81.368,3.478,72.734,51.009,1850.803,144.436,23.479,82.068,466,61.314,37.991,Normal,0,1
A027,2025-01-10 21:00:00,A027-BAT,Battery,77.804,3.507,74.499,56.257,1833.442,144.338,23.064,83.936,406,81.373,25.49,Normal,0,1
A027,2025-01-10 22:00:00,A027-BAT,Battery,75.972,2.921,71.804,49.932,1869.559,146.057,23.445,79.595,649,66.866,29.391,Normal,0,0
A027,2025-01-11 02:00:00,A027-BAT,Battery,79.419,2.804,73.468,52.37,1868.268,146.691,23.726,83.856,591,52.332,32.251,Normal,0,0
A027,2025-01-11 04:00:00,A027-BAT,Battery,77.378,2.679,71.328,54.007,1772.679,142.319,23.577,81.174,374,58.567,37.542,Normal,0,1
A027,2025-01-11 08:00:00,A027-BAT,Battery,94.148,5.652,67.554,50.763,1854.844,130.658,23.916,86.772,565,73.525,29.69,Warning,1,0
A027,2025-01-11 14:00:00,A027-BAT,Battery,82.139,3.444,72.101,53.223,1743.308,146.96,23.4,81.673,623,83.413,29.037,Warning,1,1
A027,2025-01-11 16:00:00,A027-BAT,Battery,84.345,3.178,74.869,51.093,1826.767,147.948,23.236,82.906,729,67.464,29.362,Normal,0,1
A027,2025-01-11 18:00:00,A027-BAT,Battery,78.042,3.043,68.498,54.575,1808.776,147.728,23.352,82.306,545,66.32,29.255,Normal,0,1
A027,2025-01-11 21:00:00,A027-BAT,Battery,101.29,7.415,64.861,53.631,1771.092,150.642,23.206,80.183,502,59.635,39.391,Warning,1,1
A027,2025-01-11 23:00:00,A027-BAT,Battery,74.909,3.121,71.625,56.122,1826.558,143.255,23.252,78.657,623,79.894,32.028,Normal,0,0
A027,2025-01-12 12:00:00,A027-BAT,Battery,81.808,3.563,72.053,50.649,1741.404,146.609,22.709,79.292,649,65.72,22.236,Normal,0,0
A027,2025-01-12 14:00:00,A027-BAT,Battery,80.801,3.355,75.728,53.076,1833.887,150.551,23.78,81.949,575,81.172,30.131,Warning,1,0
A027,2025-01-12 18:00:00,A027-BAT,Battery,80.346,3.71,70.994,51.843,1904.835,146.201,23.394,84.538,596,61.797,25.991,Normal,0,0
A027,2025-01-12 21:00:00,A027-BAT,Battery,84.098,3.543,70.338,49.544,1629.025,149.949,22.74,85.429,433,76.826,16.834,Warning,1,0
A027,2025-01-12 22:00:00,A027-BAT,Battery,80.787,3.308,73.132,50.389,1877.054,140.004,23.029,81.514,648,80.925,24.428,Warning,1,1
A027,2025-01-13 00:00:00,A027-BAT,Battery,82.478,2.974,73.859,54.51,1827.043,142.765,23.025,78.993,565,57.809,34.11,Normal,0,0
A027,2025-01-13 05:00:00,A027-BAT,Battery,77.554,3.227,72.859,52.846,1731.875,148.223,23.307,83.852,541,67.983,36.009,Normal,0,0
A027,2025-01-13 10:00:00,A027-BAT,Battery,81.318,3.502,73.746,53.126,1740.456,147.579,22.812,82.892,453,63.8,42.479,Normal,0,1
A027,2025-01-13 11:00:00,A027-BAT,Battery,80.989,2.878,73.064,50.816,1755.07,141.741,22.34,80.743,537,70.29,16.825,Normal,0,1
A027,2025-01-13 12:00:00,A027-BAT,Battery,83.045,3.166,78.88,53.418,1792.095,142.538,23.022,82.108,633,67.16,22.69,Normal,0,1
A027,2025-01-13 18:00:00,A027-BAT,Battery,79.876,3.215,71.594,53.304,1977.349,147.481,23.13,82.197,575,58.665,31.632,Normal,0,1
A027,2025-01-13 23:00:00,A027-BAT,Battery,78.951,3.111,68.837,49.783,1797.725,143.588,22.484,81.098,774,71.791,32.247,Warning,1,0
A027,2025-01-14 11:00:00,A027-BAT,Battery,78.789,3.802,70.93,52.313,1890.648,148.133,22.587,82.613,801,68.042,34.044,Warning,1,0
A027,2025-01-14 16:00:00,A027-BAT,Battery,81.01,3.326,71.856,53.597,1826.322,148.248,22.716,82.62,594,77.028,32.413,Warning,1,0
A027,2025-01-14 21:00:00,A027-BAT,Battery,78.385,3.852,73.405,53.203,1730.433,147.718,22.742,80.543,648,79.751,30.863,Warning,1,0
A027,2025-01-15 00:00:00,A027-BAT,Battery,79.468,3.411,71.704,51.801,1869.278,149.639,22.628,82.57,453,69.664,28.891,Warning,1,0
A027,2025-01-15 09:00:00,A027-BAT,Battery,83.584,4.277,69.601,50.627,2051.975,140.748,22.909,82.369,688,65.187,27.756,Warning,1,1
A027,2025-01-15 15:00:00,A027-BAT,Battery,87.651,3.968,72.169,54.382,1831.213,149.128,23.226,80.058,506,72.768,29.923,Warning,1,1
A027,2025-01-15 16:00:00,A027-BAT,Battery,82.296,4.195,73.394,51.836,1904.119,144.336,22.201,83.346,633,82.544,39.055,Warning,1,0
A027,2025-01-15 18:00:00,A027-BAT,Battery,82.796,3.823,72.249,55.259,1748.435,145.49,22.955,81.671,660,68.262,28.653,Warning,1,0
A027,2025-01-15 19:00:00,A027-BAT,Battery,83.237,3.882,69.905,50.239,1845.677,133.545,23.03,79.244,623,80.135,20.542,Warning,1,0
A027,2025-01-15 23:00:00,A027-BAT,Battery,83.278,4.056,72.301,52.813,1738.75,146.739,22.353,85.327,645,62.347,30.2,Warning,1,0
A027,2025-01-16 02:00:00,A027-BAT,Battery,81.033,3.412,70.348,54.178,1847.992,150.933,22.453,83.132,582,66.7,25.707,Warning,1,0
A027,2025-01-16 03:00:00,A027-BAT,Battery,84.479,3.208,73.028,51.06,1902.728,150.03,22.513,83.855,732,70.692,27.534,Warning,1,0
A027,2025-01-16 05:00:00,A027-BAT,Battery,87.449,3.386,63.828,55.492,1841.737,145.469,22.788,81.366,780,85.585,28.588,Warning,1,0
A027,2025-01-16 12:00:00,A027-BAT,Battery,84.567,4.145,71.944,52.261,1621.808,141.596,22.593,86.649,508,60.871,41.514,Warning,1,0
A027,2025-01-16 19:00:00,A027-BAT,Battery,79.109,3.44,71.377,54.936,1711.818,148.789,22.441,87.709,780,62.505,20.539,Warning,1,1
A027,2025-01-16 22:00:00,A027-BAT,Battery,80.032,4.068,69.499,53.899,1706.953,141.972,22.986,86.707,767,79.743,21.055,Warning,1,1
A027,2025-01-17 01:00:00,A027-BAT,Battery,83.148,3.352,70.964,52.111,1914.966,144.752,23.131,84.232,753,77.527,24.355,Warning,1,1
A027,2025-01-17 04:00:00,A027-BAT,Battery,87.658,3.716,68.646,51.336,1651.756,153.938,23.415,84.225,597,76.964,24.762,Warning,1,1
A027,2025-01-17 05:00:00,A027-BAT,Battery,84.533,3.733,72.041,48.181,1827.842,152.618,23.125,81.733,569,77.92,27.872,Warning,1,0
A027,2025-01-17 06:00:00,A027-BAT,Battery,89.134,3.948,70.657,54.787,1737.256,146.689,22.739,83.694,793,82.567,30.434,Warning,1,1
A027,2025-01-17 07:00:00,A027-BAT,Battery,83.644,3.97,69.753,53.375,1722.527,148.291,22.485,81.768,864,61.285,37.277,Warning,1,1
A027,2025-01-17 08:00:00,A027-BAT,Battery,85.765,3.516,68.08,52.34,1837.916,141.927,23.187,82.658,809,75.679,33.227,Warning,1,0
A027,2025-01-17 11:00:00,A027-BAT,Battery,84.474,3.51,73.601,50.579,1786.864,145.081,23.069,88.243,700,76.757,33.302,Warning,1,1
A027,2025-01-17 13:00:00,A027-BAT,Battery,83.912,3.819,69.84,53.662,1766.398,146.117,23.103,86.225,771,56.612,30.344,Warning,1,0
A027,2025-01-17 15:00:00,A027-BAT,Battery,86.874,3.86,70.615,51.371,1754.939,141.095,22.396,85.711,798,67.893,28.819,Warning,1,1
A028,2025-01-01 02:00:00,A028-BAT,Battery,71.506,2.57,73.446,54.927,1853.45,149.852,23.658,75.134,153,41.253,29.113,Normal,0,0
A028,2025-01-01 10:00:00,A028-BAT,Battery,71.077,2.454,76.45,55.015,1926.136,153.401,23.586,73.401,473,57.926,22.847,Normal,0,0
A028,2025-01-01 12:00:00,A028-BAT,Battery,71.946,2.743,80.251,55.605,1809.462,141.583,23.923,75.059,474,54.46,37.24,Normal,0,0
A028,2025-01-01 15:00:00,A028-BAT,Battery,68.521,3.227,77.532,53.146,1957.344,150.262,23.465,72.159,341,62.958,27.799,Normal,0,1
A028,2025-01-01 16:00:00,A028-BAT,Battery,75.065,2.371,76.566,56.803,1719.722,149.447,24.362,74.65,436,45.105,22.367,Normal,0,0
A028,2025-01-01 19:00:00,A028-BAT,Battery,71.536,2.459,80.179,52.658,1891.04,154.968,24.162,78.652,378,62.203,22.73,Normal,0,0
A028,2025-01-01 23:00:00,A028-BAT,Battery,72.985,2.344,77.981,56.09,1811.85,141.58,23.893,74.314,417,42.738,15.097,Normal,0,0
A028,2025-01-02 01:00:00,A028-BAT,Battery,74.245,2.621,74.346,50.681,1895.941,149.597,23.873,74.805,269,51.512,34.159,Normal,0,0
A028,2025-01-02 09:00:00,A028-BAT,Battery,73.815,2.205,75.178,53.417,2088.194,152.935,24.639,74.601,239,46.936,23.992,Normal,0,0
A028,2025-01-02 12:00:00,A028-BAT,Battery,73.021,2.597,80.059,52.806,1816.139,150.403,23.768,76.243,513,61.463,25.875,Normal,0,0
A028,2025-01-02 16:00:00,A028-BAT,Battery,72.866,2.364,77.011,51.12,1894.396,145.09,23.668,74.602,238,39.615,34.335,Normal,0,0
A028,2025-01-02 18:00:00,A028-BAT,Battery,73.836,2.432,75.046,56.624,1974.217,153.005,23.614,73.951,451,43.532,29.344,Normal,0,0
A028,2025-01-02 20:00:00,A028-BAT,Battery,73.148,2.634,80.506,57.207,1795.504,158.234,23.759,73.713,242,43.976,32.643,Normal,0,0
A028,2025-01-02 21:00:00,A028-BAT,Battery,74.23,2.56,76.942,53.832,1902.207,151.668,23.531,71.466,505,67.84,34.496,Normal,0,0
A028,2025-01-03 03:00:00,A028-BAT,Battery,75.848,2.694,74.941,54.33,1770.143,146.82,23.637,75.947,297,52.91,28.53,Normal,0,0
A028,2025-01-03 04:00:00,A028-BAT,Battery,75.729,2.764,75.4,52.653,1785.709,150.346,23.634,73.189,438,64.837,29.21,Normal,0,0
A028,2025-01-03 05:00:00,A028-BAT,Battery,75.073,2.955,78.337,54.296,1799.485,156.21,23.743,77.21,459,59.512,33.435,Normal,0,0
A028,2025-01-03 07:00:00,A028-BAT,Battery,68.21,2.898,75.108,52.886,1811.933,154.621,24.047,75.809,383,60.386,32.255,Normal,0,0
A028,2025-01-03 10:00:00,A028-BAT,Battery,76.352,1.963,76.973,59.864,1861.071,151.789,24.175,75.408,401,51.939,23.85,Normal,0,0
A028,2025-01-03 20:00:00,A028-BAT,Battery,78.729,2.248,80.277,53.317,1698.053,151.509,23.32,76.243,265,44.17,42.117,Normal,0,0
A028,2025-01-03 21:00:00,A028-BAT,Battery,75.896,2.482,77.176,58.612,1793.871,146.792,23.483,77.171,203,53.153,27.358,Normal,0,0
A028,2025-01-04 01:00:00,A028-BAT,Battery,75.078,2.196,79.734,54.009,1928.942,153.442,23.715,76.816,219,55.881,29.857,Normal,0,1
A028,2025-01-04 06:00:00,A028-BAT,Battery,73.042,2.226,70.921,56.047,1790.976,139.543,23.889,77.224,372,71.214,42.166,Normal,0,0
A028,2025-01-04 17:00:00,A028-BAT,Battery,71.26,3.17,79.982,49.245,1661.77,155.38,23.525,74.984,560,62.078,24.931,Normal,0,0
A028,2025-01-04 21:00:00,A028-BAT,Battery,73.563,2.479,74.1,56.477,1807.088,155.386,23.807,79.405,572,66.728,29.367,Normal,0,0
A028,2025-01-05 02:00:00,A028-BAT,Battery,76.936,2.377,78.352,53.024,1676.5,143.303,23.169,75.039,511,53.825,34.717,Normal,0,0
A028,2025-01-05 03:00:00,A028-BAT,Battery,74.093,2.931,76.953,52.844,1756.654,152.924,24.229,74.314,324,67.505,20.737,Normal,0,0
A028,2025-01-05 07:00:00,A028-BAT,Battery,73.222,2.927,79.098,54.869,1704.724,146.896,23.554,76.024,438,44.604,39.476,Normal,0,0
A028,2025-01-05 10:00:00,A028-BAT,Battery,74.362,2.951,76.174,53.861,1934.037,147.377,23.955,79.719,592,65.956,28.389,Normal,0,0
A028,2025-01-05 11:00:00,A028-BAT,Battery,76.151,2.513,75.777,56.151,1704.211,145.672,23.104,76.699,403,63.516,27.669,Normal,0,0
A028,2025-01-05 14:00:00,A028-BAT,Battery,75.854,3.054,83.088,55.808,1921.957,152.859,23.697,74.064,337,55.705,30.446,Normal,0,0
A028,2025-01-06 00:00:00,A028-BAT,Battery,73.022,2.287,75.239,56.502,1769.345,150.864,23.575,78.381,525,70.197,30.06,Normal,0,0
A028,2025-01-06 05:00:00,A028-BAT,Battery,76.605,3.27,74.279,55.062,1858.681,154.998,23.904,75.293,268,70.682,28.984,Normal,0,0
A028,2025-01-06 11:00:00,A028-BAT,Battery,84.624,4.531,60.123,54.836,1970.408,131.512,23.136,78.317,258,64.351,23.106,Warning,1,1
A028,2025-01-06 13:00:00,A028-BAT,Battery,77.118,1.906,78.542,52.586,1951.138,140.708,24.249,78.015,367,56.479,28.396,Normal,0,1
A028,2025-01-06 14:00:00,A028-BAT,Battery,78.823,2.86,74.017,53.824,1761.319,143.958,23.796,79.774,520,58.809,28.505,Normal,0,0
A028,2025-01-06 22:00:00,A028-BAT,Battery,75.364,2.842,76.628,51.414,1712.437,146.083,23.162,75.51,528,62.256,32.005,Normal,0,0
A028,2025-01-06 23:00:00,A028-BAT,Battery,76.174,3.005,76.723,54.267,1889.019,144.783,23.626,82.321,289,54.304,25.49,Normal,0,1
A028,2025-01-07 04:00:00,A028-BAT,Battery,76.993,3.119,77.625,55.631,1857.207,152.228,23.423,80.679,268,53.185,27.851,Normal,0,0
A028,2025-01-07 10:00:00,A028-BAT,Battery,76.651,2.67,79.48,53.882,1722.275,150.137,22.957,80.059,465,59.845,20.294,Normal,0,0
A028,2025-01-07 12:00:00,A028-BAT,Battery,80.247,2.463,76.094,53.783,1772.548,148.555,23.608,78.958,359,52.296,26.575,Normal,0,0
A028,2025-01-07 14:00:00,A028-BAT,Battery,89.947,6.034,64.782,54.468,1854.249,130.816,23.319,84.84,501,69.183,35.141,Warning,1,0
A028,2025-01-07 23:00:00,A028-BAT,Battery,78.067,3.298,72.498,53.968,1707.774,143.343,23.772,79.002,629,67.011,28.779,Normal,0,1
A028,2025-01-08 13:00:00,A028-BAT,Battery,76.58,3.215,73.99,56.258,1936.696,141.905,23.342,84.409,676,67.749,34.149,Normal,0,0
A028,2025-01-08 16:00:00,A028-BAT,Battery,80.803,3.19,75.671,56.414,1640.934,141.072,23.633,74.706,656,62.212,30.912,Normal,0,0
A028,2025-01-08 20:00:00,A028-BAT,Battery,81.105,3.577,79.071,52.758,1913.782,145.187,22.943,77.348,525,57.26,21.896,Normal,0,0
A028,2025-01-09 04:00:00,A028-BAT,Battery,75.452,2.929,73.693,56.831,1823.056,155.828,23.767,80.684,323,81.373,32.414,Normal,0,0
A028,2025-01-09 06:00:00,A028-BAT,Battery,78.992,2.724,74.635,52.635,1940.549,140.961,22.746,82.034,494,65.78,35.945,Normal,0,0
A028,2025-01-09 15:00:00,A028-BAT,Battery,77.909,3.157,72.829,50.847,1818.328,149.904,24.093,79.953,384,57.563,28.76,Normal,0,1
A028,2025-01-09 21:00:00,A028-BAT,Battery,78.349,3.042,70.468,54.239,1712.35,150.845,23.089,83.947,331,68.998,23.014,Normal,0,0
A028,2025-01-10 01:00:00,A028-BAT,Battery,79.891,3.096,73.405,51.946,1856.63,141.37,23.716,84.512,650,49.94,33.201,Normal,0,0
A028,2025-01-10 02:00:00,A028-BAT,Battery,76.606,3.311,74.797,51.287,1876.219,148.02,22.548,81.464,531,49.714,27.433,Normal,0,1
A028,2025-01-10 04:00:00,A028-BAT,Battery,76.574,3.519,74.348,55.529,1832.817,151.478,23.508,81.732,366,52.157,36.77,Normal,0,0
A028,2025-01-11 01:00:00,A028-BAT,Battery,77.24,3.03,72.462,50.194,1911.94,146.534,23.126,81.249,690,72.088,26.234,Normal,0,1
A028,2025-01-11 02:00:00,A028-BAT,Battery,75.676,3.066,68.68,50.328,1713.077,152.676,23.73,81.205,660,61.85,34.062,Normal,0,0
A028,2025-01-11 05:00:00,A028-BAT,Battery,76.449,3.213,71.735,53.483,1881.215,144.329,23.169,81.88,514,50.825,33.762,Normal,0,1
A028,2025-01-11 06:00:00,A028-BAT,Battery,80.864,3.573,70.494,52.032,1767.261,148.546,23.507,82.292,487,68.484,30.304,Normal,0,1
A028,2025-01-11 09:00:00,A028-BAT,Battery,77.909,3.721,65.913,52.809,1827.641,150.178,23.426,75.728,450,77.453,24.974,Warning,1,1
A028,2025-01-11 11:00:00,A028-BAT,Battery,82.447,3.28,76.985,54.025,1730.635,150.813,23.355,80.181,485,65.115,26.072,Normal,0,0
A028,2025-01-11 12:00:00,A028-BAT,Battery,80.958,3.27,72.079,53.589,1835.979,142.708,23.159,82.055,662,60.322,37.562,Normal,0,1
A028,2025-01-11 16:00:00,A028-BAT,Battery,77.892,3.79,71.833,56.336,1714.444,144.433,22.696,80.219,605,96.483,28.78,Warning,1,1
A028,2025-01-11 17:00:00,A028-BAT,Battery,80.309,3.636,71.74,55.169,1734.006,146.271,23.1,82.199,468,70.538,37.954,Warning,1,1
A028,2025-01-11 19:00:00,A028-BAT,Battery,79.587,3.113,71.014,55.437,1831.031,142.961,23.359,83.049,527,90.284,24.497,Warning,1,1
A028,2025-01-11 22:00:00,A028-BAT,Battery,77.608,3.518,71.964,52.694,1674.182,151.208,23.112,80.944,699,54.747,36.256,Normal,0,0
A028,2025-01-11 23:00:00,A028-BAT,Battery,79.902,3.068,72.563,54.917,1814.04,146.631,23.362,82.423,625,66.871,32.941,Normal,0,0
A028,2025-01-12 00:00:00,A028-BAT,Battery,85.705,3.662,72.247,51.135,1757.288,143.53,23.079,84.221,636,78.546,39.483,Warning,1,1
A028,2025-01-12 04:00:00,A028-BAT,Battery,80.437,3.612,76.185,53.577,1787.642,142.008,22.769,83.303,688,70.704,33.975,Normal,0,1
A028,2025-01-12 07:00:00,A028-BAT,Battery,81.695,3.659,78.624,49.193,1841.64,152.461,22.798,80.951,713,61.437,24.373,Normal,0,1
A028,2025-01-12 08:00:00,A028-BAT,Battery,81.486,3.295,72.205,52.717,1931.382,144.83,23.455,88.882,682,70.514,21.988,Normal,0,0
A028,2025-01-12 16:00:00,A028-BAT,Battery,79.951,3.749,71.588,54.793,1854.634,144.737,22.91,83.611,522,73.42,28.588,Warning,1,0
A028,2025-01-12 18:00:00,A028-BAT,Battery,79.976,3.853,74.369,51.392,1849.292,149.444,22.976,80.231,479,75.612,30.779,Warning,1,0
A028,2025-01-12 21:00:00,A028-BAT,Battery,81.542,3.977,74.271,51.499,1929.702,145.338,22.846,82.203,763,63.404,25.214,Warning,1,0
A028,2025-01-13 01:00:00,A028-BAT,Battery,80.882,3.605,74.334,52.328,1928.751,153.091,23.176,86.11,640,59.482,24.979,Normal,0,1
A028,2025-01-13 02:00:00,A028-BAT,Battery,83.295,4.001,70.202,50.771,1817.684,143.359,22.348,84.037,534,70.27,27.386,Warning,1,0
A028,2025-01-13 05:00:00,A028-BAT,Battery,77.433,3.579,74.023,53.88,1740.893,147.47,22.936,83.047,755,63.896,35.689,Normal,0,1
A028,2025-01-13 06:00:00,A028-BAT,Battery,77.459,4.31,72.924,52.3,1758.75,142.117,23.422,83.243,506,66.414,32.1,Warning,1,1
A028,2025-01-13 09:00:00,A028-BAT,Battery,80.069,3.23,75.268,49.832,1866.722,143.385,23.201,85.097,679,70.487,32.858,Normal,0,0
A028,2025-01-13 12:00:00,A028-BAT,Battery,85.231,4.066,73.47,55.157,1805.061,149.507,22.656,85.201,537,72.541,24.762,Warning,1,0
A028,2025-01-13 22:00:00,A028-BAT,Battery,81.339,2.743,73.275,50.308,1828.663,150.446,22.813,81.584,515,78.49,30.491,Warning,1,1
A028,2025-01-13 23:00:00,A028-BAT,Battery,81.049,3.564,74.304,53.817,1692.541,140.148,23.248,77.423,622,59.439,24.946,Normal,0,0
A028,2025-01-14 02:00:00,A028-BAT,Battery,82.828,3.678,72.231,57.881,1885.439,146.385,22.418,83.529,692,86.067,18.388,Warning,1,0
A028,2025-01-14 03:00:00,A028-BAT,Battery,79.966,3.402,73.46,52.825,1864.806,149.194,23.073,87.855,531,67.317,32.635,Warning,1,0
A028,2025-01-14 04:00:00,A028-BAT,Battery,93.919,6.267,59.612,53.983,1897.867,136.864,23.377,83.033,511,65.868,28.545,Warning,1,0
A028,2025-01-14 05:00:00,A028-BAT,Battery,82.314,3.867,73.671,53.358,1727.317,143.979,23.536,80.515,503,69.306,34.942,Warning,1,1
A028,2025-01-14 18:00:00,A028-BAT,Battery,80.978,3.473,68.124,50.632,1916.213,152.46,22.814,84.705,491,73.022,26.67,Warning,1,0
A028,2025-01-14 19:00:00,A028-BAT,Battery,81.576,3.834,70.404,53.8,1691.986,140.953,23.289,83.583,795,69.623,31.536,Warning,1,1
A028,2025-01-14 21:00:00,A028-BAT,Battery,82.174,3.511,69.664,52.398,1704.299,145.974,23.138,82.683,618,73.616,30.202,Warning,1,1
A028,2025-01-14 22:00:00,A028-BAT,Battery,78.718,3.81,73.067,51.7,1879.81,143.225,22.758,84.067,453,77.902,29.972,Warning,1,0
A028,2025-01-14 23:00:00,A028-BAT,Battery,82.56,3.833,73.621,55.142,1845.696,146.381,23.125,83.878,564,51.952,32.823,Warning,1,0
A028,2025-01-15 01:00:00,A028-BAT,Battery,80.313,3.041,72.467,54.412,1815.729,145.707,22.783,85.565,742,81.941,37.938,Warning,1,0
A028,2025-01-15 03:00:00,A028-BAT,Battery,84.953,3.268,68.642,50.511,1795.37,150.522,22.771,83.183,621,68.86,32.886,Warning,1,1
A028,2025-01-15 05:00:00,A028-BAT,Battery,77.312,3.993,71.509,52.062,1878.168,145.706,22.282,83.174,800,73.325,28.68,Warning,1,1
A028,2025-01-15 07:00:00,A028-BAT,Battery,78.779,3.771,71.598,48.951,1803.846,141.229,23.584,81.098,623,85.327,28.671,Warning,1,0
A028,2025-01-15 08:00:00,A028-BAT,Battery,81.269,3.516,66.756,51.955,1802.863,140.54,23.444,81.855,824,62.274,35.134,Warning,1,1
A028,2025-01-15 15:00:00,A028-BAT,Battery,81.963,4.447,66.954,53.01,1829.478,147.132,22.948,84.727,709,62.853,27.552,Warning,1,0
A028,2025-01-15 23:00:00,A028-BAT,Battery,88.702,3.574,69.612,49.704,1807.452,143.411,22.748,85.133,486,69.327,27.782,Warning,1,1
A028,2025-01-16 05:00:00,A028-BAT,Battery,78.316,3.482,70.729,52.426,1736.609,151.771,22.582,80.112,697,80.931,33.571,Warning,1,0
A028,2025-01-16 06:00:00,A028-BAT,Battery,82.38,4.032,70.721,50.724,1882.752,150.514,22.936,84.111,470,83.085,38.811,Warning,1,1
A028,2025-01-16 07:00:00,A028-BAT,Battery,82.925,3.802,78.163,51.568,1900.734,142.206,22.759,77.99,518,74.795,23.344,Warning,1,1
A028,2025-01-16 09:00:00,A028-BAT,Battery,84.518,3.335,73.421,49.871,1819.005,144.54,23.128,83.656,562,66.109,26.874,Warning,1,0
A028,2025-01-16 10:00:00,A028-BAT,Battery,80.632,4.037,71.676,50.669,1721.194,144.273,22.69,85.904,635,75.689,24.946,Warning,1,0
A028,2025-01-16 18:00:00,A028-BAT,Battery,85.132,3.698,76.003,53.256,1947.927,134.582,22.811,83.008,626,81.687,31.776,Warning,1,1
A028,2025-01-17 02:00:00,A028-BAT,Battery,80.348,3.951,70.997,51.961,1857.337,152.657,22.637,85.151,875,67.728,32.662,Warning,1,0
A028,2025-01-17 03:00:00,A028-BAT,Battery,82.177,2.924,69.85,51.323,1810.635,144.911,23.053,87.986,844,68.888,33.339,Warning,1,1
A028,2025-01-17 13:00:00,A028-BAT,Battery,83.621,4.098,71.774,51.503,1915.484,139.669,22.647,84.885,593,83.522,37.195,Warning,1,1
A028,2025-01-17 14:00:00,A028-BAT,Battery,83.512,4.038,71.107,52.499,1743.146,144.632,22.644,85.138,675,72.948,26.556,Warning,1,1
A029,2025-01-01 00:00:00,A029-BAT,Battery,77.234,2.393,72.035,54.92,1839.411,152.357,23.944,75.159,313,54.547,32.551,Normal,0,0
A029,2025-01-01 06:00:00,A029-BAT,Battery,71.612,3.179,78.595,54.632,1911.603,147.784,24.009,77.161,440,52.777,24.604,Normal,0,0
A029,2025-01-01 09:00:00,A029-BAT,Battery,71.939,2.899,73.051,54.476,1733.676,152.735,24.113,75.82,370,72.617,33.622,Normal,0,0
A029,2025-01-01 21:00:00,A029-BAT,Battery,75.281,2.577,71.789,53.46,1726.868,152.051,24.522,76.121,394,61.799,25.886,Normal,0,0
A029,2025-01-02 08:00:00,A029-BAT,Battery,75.751,2.472,77.626,54.108,1790.584,153.203,23.723,74.859,182,59.303,35.041,Normal,0,0
A029,2025-01-02 09:00:00,A029-BAT,Battery,77.532,2.456,75.479,57.791,1736.396,153.088,23.831,72.736,455,66.19,28.698,Normal,0,0
A029,2025-01-02 11:00:00,A029-BAT,Battery,72.546,2.653,80.66,54.176,1922.311,153.755,24.006,77.959,244,63.378,23.746,Normal,0,0
A029,2025-01-02 12:00:00,A029-BAT,Battery,75.598,2.787,75.727,60.032,1950.818,150.422,24.249,75.081,141,54.443,33.913,Normal,0,0
A029,2025-01-02 13:00:00,A029-BAT,Battery,75.446,3.043,77.849,53.634,1957.209,151.025,23.912,76.577,345,60.955,31.561,Normal,0,0
A029,2025-01-02 20:00:00,A029-BAT,Battery,74.203,2.704,74.661,53.33,1856.241,145.181,23.961,77.769,412,52.341,22.062,Normal,0,0
A029,2025-01-03 00:00:00,A029-BAT,Battery,78.02,2.75,76.541,53.544,1928.27,149.448,23.775,74.861,193,61.213,37.653,Normal,0,0
A029,2025-01-03 02:00:00,A029-BAT,Battery,80.494,3.626,72.747,53.594,1649.639,150.039,24.11,74.415,188,57.424,36.934,Normal,0,0
A029,2025-01-03 14:00:00,A029-BAT,Battery,79.77,2.586,75.612,57.447,1896.982,140.636,23.846,78.041,326,67.664,37.448,Normal,0,0
A029,2025-01-03 21:00:00,A029-BAT,Battery,77.008,2.402,79.098,56.752,1585.533,155.244,23.907,77.285,543,58.702,33.359,Normal,0,1
A029,2025-01-03 22:00:00,A029-BAT,Battery,75.037,2.91,75.065,49.727,1843.963,148.502,24.034,77.118,496,45.712,30.981,Normal,0,0
A029,2025-01-04 01:00:00,A029-BAT,Battery,72.72,2.693,72.418,52.838,2042.881,148.064,24.004,74.809,416,64.711,23.127,Normal,0,0
A029,2025-01-04 12:00:00,A029-BAT,Battery,90.71,6.263,67.855,55.147,1944.807,129.897,23.768,77.91,535,69.074,27.89,Warning,1,1
A029,2025-01-04 16:00:00,A029-BAT,Battery,74.158,2.899,73.194,55.21,1608.118,151.141,23.656,77.999,321,54.237,22.041,Normal,0,0
A029,2025-01-05 09:00:00,A029-BAT,Battery,77.205,3.822,69.616,55.27,1697.132,152.52,24.072,76.082,235,78.293,21.26,Normal,0,1
A029,2025-01-05 10:00:00,A029-BAT,Battery,79.905,3.182,74.821,52.009,1729.302,147.539,24.079,78.745,579,66.067,17.262,Normal,0,1
A029,2025-01-05 11:00:00,A029-BAT,Battery,76.74,3.376,74.005,51.204,1753.835,149.942,23.965,76.291,217,71.721,18.845,Normal,0,1
A029,2025-01-05 12:00:00,A029-BAT,Battery,79.219,2.911,71.47,52.57,1918.825,152.0,23.665,74.406,398,49.313,26.814,Normal,0,0
A029,2025-01-05 13:00:00,A029-BAT,Battery,76.552,2.984,71.431,57.835,1770.688,140.975,23.869,78.718,354,71.549,28.172,Normal,0,1
A029,2025-01-05 19:00:00,A029-BAT,Battery,78.374,3.594,78.527,46.64,1784.257,146.356,23.989,79.98,425,52.169,29.837,Normal,0,0
A029,2025-01-06 00:00:00,A029-BAT,Battery,75.163,2.912,73.913,55.013,1682.712,148.97,24.291,76.37,443,68.01,28.504,Normal,0,0
A029,2025-01-06 06:00:00,A029-BAT,Battery,80.685,3.382,75.538,59.265,1847.015,148.654,23.625,77.298,489,58.327,22.45,Normal,0,1
A029,2025-01-06 12:00:00,A029-BAT,Battery,80.115,3.281,74.346,53.649,1744.853,147.898,23.366,77.478,279,73.453,25.573,Normal,0,0
A029,2025-01-06 13:00:00,A029-BAT,Battery,81.535,3.19,70.55,53.743,1777.87,146.521,23.753,77.58,266,67.218,26.255,Normal,0,1
A029,2025-01-06 18:00:00,A029-BAT,Battery,77.422,3.112,71.34,51.977,1687.885,149.377,23.48,76.648,382,58.674,26.436,Normal,0,1
A029,2025-01-06 20:00:00,A029-BAT,Battery,80.34,3.195,73.099,51.821,1823.536,143.581,23.558,78.93,513,78.336,20.554,Normal,0,0
A029,2025-01-07 03:00:00,A029-BAT,Battery,84.392,3.148,71.711,52.208,1797.575,149.789,23.603,78.752,308,61.772,30.461,Normal,0,1
A029,2025-01-07 06:00:00,A029-BAT,Battery,75.279,2.972,71.342,54.9,1821.985,148.946,22.955,79.077,635,63.061,24.952,Normal,0,0
A029,2025-01-07 07:00:00,A029-BAT,Battery,79.819,2.681,76.727,50.078,1869.562,147.508,24.15,75.601,295,76.06,34.831,Normal,0,1
A029,2025-01-07 09:00:00,A029-BAT,Battery,73.941,3.19,74.737,57.755,1596.924,147.149,23.791,78.103,346,55.415,28.544,Normal,0,0
A029,2025-01-07 17:00:00,A029-BAT,Battery,81.503,3.515,72.026,55.575,1672.251,142.664,23.474,78.832,346,68.19,18.626,Normal,0,0
A029,2025-01-07 18:00:00,A029-BAT,Battery,73.697,3.667,73.683,54.719,1804.216,151.12,23.9,76.038,605,52.953,34.614,Normal,0,1
A029,2025-01-07 19:00:00,A029-BAT,Battery,82.453,3.497,75.523,54.509,1730.961,151.352,22.833,81.589,479,63.787,34.087,Normal,0,0
A029,2025-01-08 03:00:00,A029-BAT,Battery,77.0,2.815,71.94,54.66,1742.96,146.406,23.993,78.476,292,73.077,20.548,Normal,0,0
A029,2025-01-08 05:00:00,A029-BAT,Battery,75.072,3.59,68.068,53.701,1874.96,148.77,22.741,78.648,351,78.157,32.761,Normal,0,1
A029,2025-01-08 08:00:00,A029-BAT,Battery,80.498,2.793,71.279,54.83,1758.599,144.738,23.391,77.03,648,53.806,29.122,Normal,0,0
A029,2025-01-08 13:00:00,A029-BAT,Battery,79.042,3.198,70.837,51.921,1831.081,153.271,23.319,80.783,491,77.046,37.053,Normal,0,0
A029,2025-01-09 00:00:00,A029-BAT,Battery,78.486,3.524,72.139,52.08,1822.967,139.322,23.788,78.251,480,53.733,35.262,Normal,0,1
A029,2025-01-09 01:00:00,A029-BAT,Battery,82.486,3.85,73.028,58.004,1846.658,142.227,22.884,81.62,363,62.655,31.093,Normal,0,0
A029,2025-01-09 04:00:00,A029-BAT,Battery,80.133,3.855,70.938,53.285,1875.317,154.033,23.674,77.101,501,81.653,26.928,Warning,1,1
A029,2025-01-09 07:00:00,A029-BAT,Battery,76.224,3.085,74.718,51.472,1631.475,147.349,22.635,82.474,418,65.46,27.016,Normal,0,1
A029,2025-01-09 08:00:00,A029-BAT,Battery,74.148,3.096,73.403,51.015,1753.784,147.449,23.101,80.685,420,64.008,38.023,Normal,0,0
A029,2025-01-09 10:00:00,A029-BAT,Battery,84.426,3.084,74.033,50.429,1776.356,146.112,23.674,80.275,422,76.649,30.658,Warning,1,0
A029,2025-01-09 16:00:00,A029-BAT,Battery,83.368,3.155,69.449,56.611,1847.03,140.329,23.246,79.746,467,55.451,21.775,Normal,0,0
A029,2025-01-09 20:00:00,A029-BAT,Battery,100.715,5.04,64.879,49.623,1643.199,136.394,23.693,79.569,645,63.3,31.666,Warning,1,1
A029,2025-01-09 21:00:00,A029-BAT,Battery,100.189,4.747,64.751,51.229,1771.064,128.865,23.381,83.637,319,68.535,30.746,Warning,1,0
A029,2025-01-10 00:00:00,A029-BAT,Battery,81.725,3.653,67.36,57.284,1704.152,138.582,23.413,76.427,593,71.993,28.513,Warning,1,0
A029,2025-01-10 01:00:00,A029-BAT,Battery,83.759,3.188,74.301,55.271,1765.361,144.459,22.977,80.774,377,66.357,28.935,Normal,0,0
A029,2025-01-10 03:00:00,A029-BAT,Battery,80.956,3.111,71.728,50.196,1713.424,143.038,23.15,79.637,498,55.773,26.234,Normal,0,1
A029,2025-01-10 06:00:00,A029-BAT,Battery,80.963,3.753,73.783,53.82,1792.735,151.759,23.34,82.893,461,81.187,29.006,Warning,1,0
A029,2025-01-10 08:00:00,A029-BAT,Battery,82.1,3.373,72.879,53.205,1940.238,149.238,23.836,79.439,457,73.206,35.397,Warning,1,1
A029,2025-01-10 10:00:00,A029-BAT,Battery,78.515,3.923,77.922,52.344,1569.942,147.977,23.467,80.574,575,79.0,29.798,Warning,1,0
A029,2025-01-10 11:00:00,A029-BAT,Battery,80.315,3.347,71.139,51.016,1960.557,145.349,22.959,81.224,505,67.301,28.237,Warning,1,0
A029,2025-01-10 12:00:00,A029-BAT,Battery,82.648,3.475,69.913,56.332,1847.155,142.945,23.115,79.668,532,79.024,26.554,Warning,1,0
A029,2025-01-10 15:00:00,A029-BAT,Battery,82.9,3.344,71.434,51.659,1851.931,155.874,24.175,79.114,653,71.3,35.161,Warning,1,1
A029,2025-01-10 21:00:00,A029-BAT,Battery,84.372,3.722,71.995,53.522,1908.205,142.244,22.524,78.38,727,67.405,30.762,Warning,1,0
A029,2025-01-11 00:00:00,A029-BAT,Battery,79.703,3.5,71.312,49.4,1904.578,142.868,23.482,80.351,450,75.782,22.289,Warning,1,0
A029,2025-01-11 01:00:00,A029-BAT,Battery,77.809,3.634,70.863,52.057,1870.449,144.536,22.99,82.328,527,67.425,25.911,Warning,1,0
A029,2025-01-11 06:00:00,A029-BAT,Battery,83.707,3.246,68.182,54.403,1508.899,141.932,22.909,82.219,630,70.195,21.654,Warning,1,0
A029,2025-01-11 08:00:00,A029-BAT,Battery,87.54,3.508,73.542,55.472,1920.811,152.476,23.326,81.381,618,72.462,31.234,Warning,1,1
A029,2025-01-11 11:00:00,A029-BAT,Battery,82.965,4.062,73.243,51.939,1738.535,149.294,23.359,83.303,480,73.508,32.207,Warning,1,1
A029,2025-01-11 12:00:00,A029-BAT,Battery,84.379,3.594,71.478,52.097,1841.056,146.857,23.101,82.551,446,68.156,32.644,Warning,1,1
A029,2025-01-11 16:00:00,A029-BAT,Battery,82.412,2.837,68.122,54.932,1771.661,146.867,23.015,80.181,446,70.346,37.061,Warning,1,0
A029,2025-01-11 17:00:00,A029-BAT,Battery,85.163,3.512,66.857,55.662,1690.989,140.542,23.395,80.306,477,83.953,23.924,Warning,1,1
A029,2025-01-11 22:00:00,A029-BAT,Battery,82.172,3.058,68.338,55.176,1872.291,140.208,23.051,79.383,616,72.887,28.459,Warning,1,0
A029,2025-01-12 12:00:00,A029-BAT,Battery,81.627,3.755,72.833,52.515,1834.957,152.552,22.899,82.863,550,84.109,26.094,Warning,1,1
A029,2025-01-12 13:00:00,A029-BAT,Battery,79.414,3.566,67.97,52.014,1800.047,152.25,23.353,82.273,683,63.944,20.885,Warning,1,0
A029,2025-01-12 16:00:00,A029-BAT,Battery,76.533,3.865,68.743,55.747,1716.171,149.249,22.965,78.682,760,73.878,33.09,Warning,1,0
A029,2025-01-12 20:00:00,A029-BAT,Battery,76.758,3.792,71.087,53.946,1691.066,149.459,22.389,81.203,409,73.073,37.702,Warning,1,0
A029,2025-01-12 21:00:00,A029-BAT,Battery,89.207,3.578,69.573,55.31,1886.266,149.78,23.361,82.226,725,63.831,23.213,Warning,1,0
A029,2025-01-12 23:00:00,A029-BAT,Battery,90.115,5.745,64.24,49.881,1716.28,137.113,23.097,83.469,485,63.371,38.167,Warning,1,1
A029,2025-01-13 03:00:00,A029-BAT,Battery,87.619,4.182,70.897,50.874,1770.248,147.227,22.991,80.387,691,74.457,27.583,Warning,1,1
A029,2025-01-13 05:00:00,A029-BAT,Battery,82.034,3.211,68.484,52.151,1811.806,153.801,22.028,83.538,722,70.705,28.368,Warning,1,0
A029,2025-01-13 09:00:00,A029-BAT,Battery,79.943,4.097,68.312,53.177,1711.74,143.413,23.571,82.05,585,80.131,30.136,Warning,1,0
A029,2025-01-13 16:00:00,A029-BAT,Battery,86.414,3.77,68.628,54.398,1942.068,140.058,23.46,79.849,791,87.826,21.161,Warning,1,1
A029,2025-01-13 18:00:00,A029-BAT,Battery,86.305,4.085,66.884,54.395,2003.02,146.345,23.357,81.989,767,55.999,26.705,Warning,1,1
A029,2025-01-14 02:00:00,A029-BAT,Battery,82.453,3.132,71.038,52.96,1785.011,146.309,22.716,78.351,720,75.359,28.331,Warning,1,1
A029,2025-01-14 03:00:00,A029-BAT,Battery,91.387,7.803,64.57,50.741,1923.236,142.163,22.515,85.249,722,73.403,27.905,Warning,1,1
A029,2025-01-14 10:00:00,A029-BAT,Battery,82.224,3.602,72.583,56.436,1899.657,141.161,22.59,84.467,680,70.378,25.789,Warning,1,1
A029,2025-01-14 16:00:00,A029-BAT,Battery,82.363,3.918,71.281,51.53,1784.088,149.495,22.994,82.952,627,67.266,30.297,Warning,1,1
A029,2025-01-14 19:00:00,A029-BAT,Battery,80.432,3.859,68.674,54.231,1594.707,152.95,23.003,83.96,503,63.146,28.396,Warning,1,1
A029,2025-01-14 21:00:00,A029-BAT,Battery,84.65,4.032,69.699,50.884,1736.675,146.902,22.727,82.351,715,83.565,34.738,Warning,1,0
A029,2025-01-14 22:00:00,A029-BAT,Battery,83.135,4.132,70.481,52.315,1753.398,141.289,22.458,83.646,436,65.843,33.318,Warning,1,1
A029,2025-01-14 23:00:00,A029-BAT,Battery,86.892,2.977,67.618,48.559,1825.382,142.957,22.633,79.969,801,80.089,29.147,Warning,1,1
A029,2025-01-15 00:00:00,A029-BAT,Battery,84.438,4.108,65.443,55.656,1956.477,143.308,23.462,82.187,672,81.622,19.564,Warning,1,1
A029,2025-01-15 01:00:00,A029-BAT,Battery,83.896,3.47,69.881,49.639,1710.684,143.862,23.133,81.451,670,74.682,30.698,Warning,1,1
A029,2025-01-15 02:00:00,A029-BAT,Battery,92.864,5.825,59.551,52.897,1774.92,133.408,23.22,85.807,682,73.374,23.941,Warning,1,1
A029,2025-01-15 03:00:00,A029-BAT,Battery,80.994,4.106,65.772,50.829,1696.218,146.272,23.208,87.298,813,80.695,28.62,Warning,1,0
A029,2025-01-15 04:00:00,A029-BAT,Battery,82.192,4.518,70.722,50.982,1800.205,138.731,23.137,81.15,808,79.012,29.247,Warning,1,1
A029,2025-01-15 06:00:00,A029-BAT,Battery,100.56,6.597,55.536,55.408,1859.385,133.803,22.852,81.563,562,88.479,29.823,Warning,1,1
A029,2025-01-15 10:00:00,A029-BAT,Battery,83.261,4.152,68.811,52.311,1817.351,146.581,22.994,83.51,663,85.587,40.755,Warning,1,1
A029,2025-01-15 13:00:00,A029-BAT,Battery,85.468,3.955,64.13,49.529,1886.755,147.469,23.074,85.774,463,82.591,25.681,Warning,1,1
A029,2025-01-15 17:00:00,A029-BAT,Battery,87.278,3.988,67.968,51.844,1852.153,147.615,23.235,84.591,739,85.12,34.892,Warning,1,1
A029,2025-01-15 20:00:00,A029-BAT,Battery,76.914,3.637,67.891,51.35,1762.709,139.167,23.048,83.057,782,71.447,24.501,Warning,1,1
A029,2025-01-15 21:00:00,A029-BAT,Battery,102.651,7.033,56.188,52.639,1695.56,119.527,22.945,83.88,546,73.955,35.909,Warning,1,1
A029,2025-01-16 05:00:00,A029-BAT,Battery,85.891,3.957,70.917,53.61,1834.719,143.1,22.54,85.53,528,100.0,30.792,Warning,1,1
A029,2025-01-16 17:00:00,A029-BAT,Battery,84.323,3.928,69.299,47.184,1816.617,146.092,23.421,83.566,793,83.106,28.694,Warning,1,1
A029,2025-01-17 06:00:00,A029-BAT,Battery,83.734,4.311,67.561,51.993,1856.982,149.596,23.025,87.85,608,68.848,25.177,Warning,1,0
A029,2025-01-17 08:00:00,A029-BAT,Battery,87.1,3.664,71.943,52.333,1802.903,145.578,22.834,84.711,734,93.16,32.173,Warning,1,1
A029,2025-01-17 11:00:00,A029-BAT,Battery,91.987,3.846,71.721,50.677,1831.626,140.696,22.883,86.063,847,89.131,34.113,Warning,1,1
A029,2025-01-17 13:00:00,A029-BAT,Battery,83.36,4.288,67.801,50.423,1680.889,146.506,23.487,86.441,529,87.991,28.079,Warning,1,1
A029,2025-01-17 14:00:00,A029-BAT,Battery,87.454,3.764,67.442,50.359,1779.795,141.27,22.117,85.803,683,82.228,34.005,Warning,1,1
A030,2025-01-01 00:00:00,A030-BAT,Battery,73.998,2.28,79.075,57.056,1809.452,146.196,24.377,76.872,144,62.515,34.499,Normal,0,0
A030,2025-01-01 02:00:00,A030-BAT,Battery,77.181,2.592,80.73,54.122,1829.398,151.932,24.264,72.864,497,62.409,33.127,Normal,0,0
A030,2025-01-01 06:00:00,A030-BAT,Battery,75.219,2.625,77.685,61.146,2115.759,152.411,23.844,75.203,171,62.894,25.224,Normal,0,0
A030,2025-01-01 10:00:00,A030-BAT,Battery,77.037,2.727,75.832,52.471,1922.985,150.278,24.34,75.353,324,71.665,31.2,Normal,0,0
A030,2025-01-01 12:00:00,A030-BAT,Battery,70.625,2.348,75.802,52.51,1701.056,150.988,23.793,76.284,297,61.553,27.194,Normal,0,0
A030,2025-01-01 17:00:00,A030-BAT,Battery,77.831,2.556,72.949,54.859,1854.907,147.697,23.282,73.796,239,76.902,32.18,Normal,0,0
A030,2025-01-01 18:00:00,A030-BAT,Battery,78.576,2.77,78.478,55.348,1731.02,149.308,23.994,75.321,211,51.444,28.74,Normal,0,0
A030,2025-01-01 22:00:00,A030-BAT,Battery,74.824,2.858,77.369,54.055,1786.945,154.462,23.673,75.776,234,39.692,33.443,Normal,0,0
A030,2025-01-02 00:00:00,A030-BAT,Battery,75.784,2.261,79.418,53.277,1761.038,145.535,24.54,71.501,269,59.479,29.117,Normal,0,0
A030,2025-01-02 08:00:00,A030-BAT,Battery,74.594,3.137,76.184,54.044,1916.858,153.353,24.652,77.916,380,58.342,30.5,Normal,0,1
A030,2025-01-02 12:00:00,A030-BAT,Battery,72.147,2.54,74.948,55.079,1894.949,150.609,23.544,77.403,271,60.985,32.279,Normal,0,0
A030,2025-01-02 16:00:00,A030-BAT,Battery,71.615,2.933,77.629,54.723,1646.64,150.607,23.854,78.658,169,57.612,24.897,Normal,0,0
A030,2025-01-02 17:00:00,A030-BAT,Battery,73.598,2.595,74.915,53.742,1868.925,144.62,23.904,74.851,402,53.169,34.341,Normal,0,0
A030,2025-01-02 18:00:00,A030-BAT,Battery,79.115,2.991,75.993,56.561,1697.778,147.146,23.858,76.476,505,48.451,22.167,Normal,0,0
A030,2025-01-02 19:00:00,A030-BAT,Battery,74.694,2.871,75.608,59.644,1839.34,145.422,24.046,76.31,502,55.93,26.638,Normal,0,1
A030,2025-01-02 21:00:00,A030-BAT,Battery,70.941,2.5,77.63,55.566,1763.49,147.911,23.583,75.306,323,54.99,29.624,Normal,0,0
A030,2025-01-04 10:00:00,A030-BAT,Battery,76.192,3.027,72.951,53.279,1804.02,142.948,24.153,73.383,554,50.353,32.049,Normal,0,0
A030,2025-01-04 12:00:00,A030-BAT,Battery,79.604,2.303,73.397,54.324,1963.89,144.055,23.999,77.643,318,51.178,28.36,Normal,0,0
A030,2025-01-04 14:00:00,A030-BAT,Battery,73.929,2.771,74.855,59.419,1837.236,143.957,24.125,78.79,253,69.598,22.071,Normal,0,1
A030,2025-01-04 19:00:00,A030-BAT,Battery,72.299,3.62,75.525,54.786,1840.559,141.886,22.922,76.575,489,55.598,28.576,Normal,0,1
A030,2025-01-05 00:00:00,A030-BAT,Battery,74.773,3.34,78.754,56.284,1707.276,144.928,24.063,78.453,198,55.495,26.781,Normal,0,0
A030,2025-01-05 02:00:00,A030-BAT,Battery,75.757,3.034,73.722,52.552,1830.781,144.697,23.669,75.604,453,56.838,26.162,Normal,0,0
A030,2025-01-05 05:00:00,A030-BAT,Battery,75.47,2.811,76.803,57.283,1931.25,143.131,23.198,75.559,482,67.833,32.393,Normal,0,0
A030,2025-01-05 09:00:00,A030-BAT,Battery,77.302,3.207,77.751,56.101,1920.178,148.417,23.39,77.873,564,52.903,30.927,Normal,0,0
A030,2025-01-05 10:00:00,A030-BAT,Battery,76.821,2.497,72.312,54.638,1805.228,140.005,23.573,77.087,224,60.005,28.328,Normal,0,1
A030,2025-01-05 11:00:00,A030-BAT,Battery,71.256,2.811,76.814,60.071,1860.385,148.876,23.967,76.432,303,67.386,31.715,Normal,0,0
A030,2025-01-05 17:00:00,A030-BAT,Battery,77.881,2.977,74.052,55.193,1827.715,143.59,24.39,77.823,427,66.837,37.672,Normal,0,0
A030,2025-01-05 21:00:00,A030-BAT,Battery,77.321,3.424,67.908,54.982,1804.749,150.233,24.168,76.92,431,65.509,28.385,Normal,0,0
A030,2025-01-06 02:00:00,A030-BAT,Battery,81.138,3.202,68.185,57.583,1879.447,154.367,24.019,76.301,328,57.751,24.816,Normal,0,0
A030,2025-01-06 07:00:00,A030-BAT,Battery,79.365,3.032,73.725,51.51,1798.579,151.844,23.603,81.925,347,67.744,39.059,Normal,0,0
A030,2025-01-06 08:00:00,A030-BAT,Battery,75.473,2.873,74.532,54.756,1747.178,149.268,23.254,77.799,570,59.081,26.367,Normal,0,0
A030,2025-01-06 09:00:00,A030-BAT,Battery,75.506,3.081,75.043,56.14,1757.916,143.865,23.593,75.153,593,69.256,29.178,Normal,0,0
A030,2025-01-06 10:00:00,A030-BAT,Battery,74.788,3.272,77.875,56.131,1835.433,148.221,23.331,80.104,551,68.827,38.412,Normal,0,1
A030,2025-01-06 17:00:00,A030-BAT,Battery,78.981,3.311,74.355,53.622,1709.476,147.641,23.846,76.218,311,46.739,27.355,Normal,0,0
A030,2025-01-06 18:00:00,A030-BAT,Battery,81.947,3.453,75.232,54.544,1588.61,153.023,23.087,76.966,585,61.108,30.647,Normal,0,0
A030,2025-01-07 01:00:00,A030-BAT,Battery,79.006,3.711,73.178,54.58,1726.097,141.123,23.571,77.344,260,56.876,21.623,Normal,0,0
A030,2025-01-07 08:00:00,A030-BAT,Battery,79.387,2.982,73.199,54.774,1765.546,147.55,23.559,80.845,490,64.186,21.839,Normal,0,0
A030,2025-01-07 23:00:00,A030-BAT,Battery,78.971,3.591,72.008,55.953,1829.618,152.974,23.689,78.537,326,65.464,26.907,Normal,0,0
A030,2025-01-08 06:00:00,A030-BAT,Battery,81.81,3.419,79.048,53.934,1994.737,150.035,23.752,79.589,284,71.372,35.165,Normal,0,0
A030,2025-01-08 08:00:00,A030-BAT,Battery,80.138,3.759,73.683,51.829,1667.063,154.713,23.521,77.342,639,64.131,40.217,Normal,0,0
A030,2025-01-08 11:00:00,A030-BAT,Battery,82.383,2.912,71.593,51.525,1698.695,149.562,24.163,80.889,675,52.623,34.648,Normal,0,0
A030,2025-01-08 13:00:00,A030-BAT,Battery,79.431,3.601,70.531,56.04,1828.201,148.843,23.57,79.571,393,75.946,25.629,Normal,0,1
A030,2025-01-08 19:00:00,A030-BAT,Battery,79.297,3.161,70.581,53.174,1843.867,151.467,23.433,79.348,414,68.277,26.207,Normal,0,1
A030,2025-01-08 23:00:00,A030-BAT,Battery,81.644,3.394,76.403,50.031,1795.004,147.74,23.602,79.447,556,69.574,34.203,Normal,0,0
A030,2025-01-09 00:00:00,A030-BAT,Battery,79.651,2.705,69.25,52.184,1675.025,146.599,23.811,79.431,675,69.22,39.955,Normal,0,1
A030,2025-01-09 05:00:00,A030-BAT,Battery,78.887,3.678,72.046,55.126,1742.795,146.745,23.366,85.118,544,77.287,32.95,Warning,1,0
A030,2025-01-09 06:00:00,A030-BAT,Battery,73.498,3.42,71.594,51.953,1863.46,138.821,23.764,82.931,327,58.723,38.692,Normal,0,1
A030,2025-01-09 08:00:00,A030-BAT,Battery,75.53,2.647,75.248,52.876,1882.104,161.084,23.278,79.185,504,70.13,22.495,Normal,0,0
A030,2025-01-09 13:00:00,A030-BAT,Battery,80.074,3.441,72.117,55.118,1872.927,149.892,23.172,78.887,310,66.71,33.493,Normal,0,0
A030,2025-01-09 16:00:00,A030-BAT,Battery,81.931,3.559,72.199,55.987,1898.943,141.336,23.698,78.631,558,58.606,31.661,Normal,0,1
A030,2025-01-09 20:00:00,A030-BAT,Battery,79.661,3.643,70.511,50.089,1751.9,142.146,23.315,79.529,391,79.129,25.738,Warning,1,0
A030,2025-01-09 22:00:00,A030-BAT,Battery,82.776,2.978,73.978,53.367,1855.509,150.773,22.899,77.444,542,71.126,20.571,Normal,0,0
A030,2025-01-10 00:00:00,A030-BAT,Battery,78.545,3.587,70.111,56.05,1581.928,152.317,23.073,77.406,558,85.23,27.509,Warning,1,1
A030,2025-01-10 03:00:00,A030-BAT,Battery,79.122,3.918,66.514,53.404,1838.745,147.114,22.759,79.59,546,63.163,39.294,Warning,1,0
A030,2025-01-10 05:00:00,A030-BAT,Battery,84.216,3.353,68.493,52.354,1722.546,143.426,23.53,83.842,603,76.941,24.086,Warning,1,0
A030,2025-01-10 08:00:00,A030-BAT,Battery,101.847,6.719,66.255,53.426,1794.408,124.405,22.743,79.86,438,75.604,30.348,Warning,1,1
A030,2025-01-10 11:00:00,A030-BAT,Battery,81.232,3.015,76.133,52.654,1674.883,144.107,22.966,79.34,330,73.461,35.564,Normal,0,0
A030,2025-01-10 12:00:00,A030-BAT,Battery,81.506,3.03,71.7,50.801,1789.471,146.021,23.246,79.818,676,58.164,35.083,Normal,0,1
A030,2025-01-10 13:00:00,A030-BAT,Battery,96.071,4.878,64.563,51.818,1803.405,138.645,22.891,81.273,573,75.832,38.55,Warning,1,0
A030,2025-01-10 21:00:00,A030-BAT,Battery,78.787,3.342,72.809,54.124,1771.361,140.474,23.175,80.985,518,53.094,27.929,Normal,0,0
A030,2025-01-11 13:00:00,A030-BAT,Battery,79.944,3.705,72.78,54.222,1803.097,152.606,23.427,79.612,520,69.121,30.516,Warning,1,0
A030,2025-01-11 14:00:00,A030-BAT,Battery,78.594,3.36,70.419,53.64,1850.891,145.592,23.55,79.379,380,64.309,39.414,Normal,0,0
A030,2025-01-11 15:00:00,A030-BAT,Battery,82.303,3.08,70.729,51.27,1772.182,145.021,23.478,80.664,368,69.153,29.841,Warning,1,1
A030,2025-01-11 20:00:00,A030-BAT,Battery,81.048,3.84,73.526,52.602,1964.944,147.998,22.56,80.153,396,61.694,24.471,Warning,1,0
A030,2025-01-12 01:00:00,A030-BAT,Battery,82.566,3.905,67.766,55.675,1795.262,149.474,23.755,82.484,618,70.424,29.511,Warning,1,1
A030,2025-01-12 02:00:00,A030-BAT,Battery,85.239,3.784,65.73,55.996,1820.844,150.577,23.338,78.305,520,56.283,25.833,Warning,1,1
A030,2025-01-12 03:00:00,A030-BAT,Battery,80.025,3.705,72.591,52.873,1727.669,145.472,23.001,80.157,735,63.983,33.74,Warning,1,0
A030,2025-01-12 06:00:00,A030-BAT,Battery,80.56,3.744,74.697,50.551,1928.518,144.845,23.444,81.259,515,61.769,35.643,Warning,1,1
A030,2025-01-12 10:00:00,A030-BAT,Battery,83.318,4.009,67.913,48.743,1806.087,144.471,23.576,81.556,645,89.57,36.772,Warning,1,0
A030,2025-01-12 12:00:00,A030-BAT,Battery,79.261,3.561,74.787,56.089,1764.257,142.769,23.863,79.501,768,78.903,28.142,Warning,1,0
A030,2025-01-12 13:00:00,A030-BAT,Battery,89.904,4.972,57.007,51.454,1788.139,138.673,22.993,81.312,643,67.213,32.04,Warning,1,0
A030,2025-01-12 15:00:00,A030-BAT,Battery,82.758,3.386,67.687,52.355,1955.311,146.327,23.499,82.037,706,70.63,36.153,Warning,1,1
A030,2025-01-12 17:00:00,A030-BAT,Battery,79.28,3.765,71.157,51.673,1795.753,142.789,23.35,83.533,480,83.18,38.535,Warning,1,1
A030,2025-01-12 19:00:00,A030-BAT,Battery,84.625,3.539,71.094,53.187,1811.525,153.683,23.107,82.378,527,68.992,31.608,Warning,1,0
A030,2025-01-13 03:00:00,A030-BAT,Battery,82.427,3.219,68.375,53.051,1664.433,141.75,23.187,82.363,663,69.568,28.841,Warning,1,1
A030,2025-01-13 07:00:00,A030-BAT,Battery,80.131,3.615,71.192,53.513,1873.822,144.591,22.906,80.32,532,77.535,33.997,Warning,1,0
A030,2025-01-13 09:00:00,A030-BAT,Battery,80.867,3.682,71.672,52.421,1743.821,153.307,23.262,82.288,477,80.248,35.561,Warning,1,0
A030,2025-01-13 20:00:00,A030-BAT,Battery,80.381,3.7,70.166,52.482,1828.882,154.817,23.356,83.987,807,75.212,30.304,Warning,1,0
A030,2025-01-14 01:00:00,A030-BAT,Battery,80.303,3.349,66.572,53.797,1698.128,141.981,22.295,81.542,464,61.538,22.002,Warning,1,1
A030,2025-01-14 03:00:00,A030-BAT,Battery,76.808,3.775,63.477,52.052,1796.64,140.142,23.112,82.5,754,60.572,25.362,Warning,1,1
A030,2025-01-14 05:00:00,A030-BAT,Battery,85.508,3.821,73.899,53.773,1622.19,139.996,23.577,84.081,581,75.771,40.32,Warning,1,0
A030,2025-01-14 07:00:00,A030-BAT,Battery,82.178,3.628,67.094,52.069,1845.669,145.399,23.889,81.965,461,74.213,35.642,Warning,1,0
A030,2025-01-14 12:00:00,A030-BAT,Battery,83.219,3.328,70.504,53.58,1746.035,148.047,23.373,84.62,531,86.714,24.311,Warning,1,1
A030,2025-01-14 16:00:00,A030-BAT,Battery,88.171,3.422,68.817,56.359,1988.14,146.314,23.595,85.361,521,79.52,31.342,Warning,1,1
A030,2025-01-14 18:00:00,A030-BAT,Battery,84.627,4.125,70.279,54.423,1914.248,140.528,23.218,83.602,615,66.131,29.401,Warning,1,0
A030,2025-01-14 23:00:00,A030-BAT,Battery,82.836,3.7,70.883,53.0,1825.974,145.52,23.142,80.583,746,79.132,27.317,Warning,1,1
A030,2025-01-15 02:00:00,A030-BAT,Battery,87.977,4.355,70.417,51.217,1802.722,142.608,23.013,84.062,440,87.911,29.027,Warning,1,0
A030,2025-01-15 03:00:00,A030-BAT,Battery,79.154,4.302,71.166,50.584,1712.594,140.516,23.232,85.589,542,79.744,35.023,Warning,1,1
A030,2025-01-15 08:00:00,A030-BAT,Battery,82.016,4.022,67.75,53.616,1705.418,148.662,22.916,82.674,692,62.9,29.809,Warning,1,0
A030,2025-01-15 10:00:00,A030-BAT,Battery,81.162,3.813,69.661,51.16,1835.93,142.477,22.946,82.697,538,87.086,34.635,Warning,1,1
A030,2025-01-15 13:00:00,A030-BAT,Battery,82.804,3.484,70.242,50.671,1860.952,151.065,22.268,81.492,472,67.088,16.879,Warning,1,0
A030,2025-01-15 14:00:00,A030-BAT,Battery,80.945,3.543,68.866,52.129,1773.569,145.71,23.204,84.797,770,75.99,28.794,Warning,1,1
A030,2025-01-15 17:00:00,A030-BAT,Battery,81.288,4.681,71.75,53.982,1909.296,151.342,22.734,85.31,670,71.474,26.97,Warning,1,0
A030,2025-01-15 18:00:00,A030-BAT,Battery,83.545,3.8,71.082,51.698,1766.253,143.487,23.153,82.027,698,71.96,28.225,Warning,1,1
A030,2025-01-15 19:00:00,A030-BAT,Battery,82.468,3.685,71.241,53.271,1871.738,144.605,23.129,82.376,555,76.603,34.276,Warning,1,0
A030,2025-01-16 01:00:00,A030-BAT,Battery,86.087,4.246,66.722,51.733,1855.733,140.282,22.774,83.837,814,71.857,23.072,Warning,1,1
A030,2025-01-16 02:00:00,A030-BAT,Battery,85.866,4.045,68.913,51.385,1936.921,147.949,22.958,85.28,773,81.996,29.142,Warning,1,1
A030,2025-01-16 08:00:00,A030-BAT,Battery,83.087,4.662,69.426,50.884,1847.681,150.868,22.659,85.55,481,79.678,20.233,Warning,1,1
A030,2025-01-16 11:00:00,A030-BAT,Battery,80.091,3.6,70.204,52.131,1716.965,147.642,23.114,82.17,778,73.602,30.321,Warning,1,0
A030,2025-01-16 17:00:00,A030-BAT,Battery,81.509,4.161,75.212,50.972,1717.339,145.995,22.752,84.998,761,74.024,24.458,Warning,1,0
A030,2025-01-16 18:00:00,A030-BAT,Battery,87.198,4.181,70.538,53.569,1740.348,137.416,22.803,81.206,527,80.645,29.319,Warning,1,1
A030,2025-01-17 02:00:00,A030-BAT,Battery,95.205,6.288,64.445,55.84,1570.073,128.492,22.234,83.709,660,76.193,36.917,Warning,1,0
A030,2025-01-17 07:00:00,A030-BAT,Battery,82.501,3.946,64.877,48.813,1730.844,151.235,22.293,84.185,630,83.017,30.548,Warning,1,1
A030,2025-01-17 09:00:00,A030-BAT,Battery,87.955,4.226,65.603,51.478,1838.943,143.98,22.401,85.025,713,95.753,30.236,Warning,1,1
A031,2025-01-01 07:00:00,A031-BAT,Battery,75.608,2.68,78.483,54.309,1926.223,150.627,24.183,71.135,453,45.288,27.857,Normal,0,0
A031,2025-01-01 09:00:00,A031-BAT,Battery,74.78,2.454,75.065,53.615,1767.225,151.79,23.834,77.446,354,53.017,24.104,Normal,0,0
A031,2025-01-01 11:00:00,A031-BAT,Battery,71.552,2.226,78.182,55.36,1904.438,148.151,24.127,73.622,485,56.687,23.988,Normal,0,0
A031,2025-01-01 14:00:00,A031-BAT,Battery,72.698,3.335,76.377,57.127,1762.383,143.273,23.703,75.112,171,53.385,31.322,Normal,0,0
A031,2025-01-01 18:00:00,A031-BAT,Battery,71.484,2.551,76.258,56.601,1883.788,152.525,23.802,77.236,245,58.449,22.297,Normal,0,0
A031,2025-01-01 20:00:00,A031-BAT,Battery,74.353,2.874,73.759,52.2,1737.798,151.479,24.136,78.911,273,60.469,29.295,Normal,0,0
A031,2025-01-01 21:00:00,A031-BAT,Battery,73.305,2.474,77.425,55.156,1939.188,147.608,24.085,74.854,422,52.653,30.297,Normal,0,0
A031,2025-01-02 01:00:00,A031-BAT,Battery,73.007,2.591,72.458,53.9,1870.198,158.417,23.65,76.81,405,52.511,32.981,Normal,0,0
A031,2025-01-02 07:00:00,A031-BAT,Battery,74.144,2.277,78.818,57.428,1757.994,154.73,23.885,77.173,526,55.374,28.843,Normal,0,0
A031,2025-01-02 09:00:00,A031-BAT,Battery,75.118,2.241,76.164,56.938,1876.532,153.639,23.799,75.683,225,59.788,28.454,Normal,0,0
A031,2025-01-02 14:00:00,A031-BAT,Battery,70.352,2.993,75.929,50.969,1673.355,144.562,23.325,75.182,234,63.221,30.811,Normal,0,0
A031,2025-01-03 03:00:00,A031-BAT,Battery,73.196,2.792,75.035,56.834,1915.421,151.862,23.777,78.928,362,58.263,40.202,Normal,0,0
A031,2025-01-03 07:00:00,A031-BAT,Battery,76.339,2.92,78.374,52.81,1732.086,151.419,23.14,77.027,504,67.224,26.265,Normal,0,0
A031,2025-01-03 17:00:00,A031-BAT,Battery,74.235,2.881,79.875,51.699,1574.137,147.423,23.559,76.157,293,69.595,26.784,Normal,0,1
A031,2025-01-03 20:00:00,A031-BAT,Battery,76.161,2.63,76.764,54.148,1672.063,147.232,24.034,77.163,341,40.88,34.671,Normal,0,0
A031,2025-01-03 22:00:00,A031-BAT,Battery,76.382,2.556,76.161,54.651,1836.151,154.899,23.461,77.435,366,65.639,27.278,Normal,0,0
A031,2025-01-04 01:00:00,A031-BAT,Battery,72.909,3.242,74.314,52.354,1812.449,145.82,23.491,78.523,344,54.91,34.355,Normal,0,0
A031,2025-01-04 02:00:00,A031-BAT,Battery,75.9,2.578,74.027,55.075,1865.937,151.807,24.291,77.07,425,72.499,30.364,Normal,0,0
A031,2025-01-04 05:00:00,A031-BAT,Battery,76.165,3.195,75.915,54.32,1712.549,155.806,23.287,74.446,378,63.391,29.469,Normal,0,0
A031,2025-01-04 06:00:00,A031-BAT,Battery,71.609,2.183,81.157,52.28,1761.149,153.407,24.111,75.436,179,54.548,29.556,Normal,0,0
A031,2025-01-04 13:00:00,A031-BAT,Battery,73.888,2.872,74.873,53.993,1857.635,147.989,23.805,79.544,270,70.287,39.624,Normal,0,0
A031,2025-01-04 14:00:00,A031-BAT,Battery,77.202,2.975,74.765,56.002,1708.649,151.813,24.099,73.889,532,60.33,31.238,Normal,0,0
A031,2025-01-04 19:00:00,A031-BAT,Battery,76.136,2.19,70.079,56.592,1620.173,143.322,23.337,78.094,458,78.972,29.777,Normal,0,0
A031,2025-01-04 21:00:00,A031-BAT,Battery,75.845,2.791,78.838,52.024,1813.614,146.986,24.425,75.602,313,60.709,29.767,Normal,0,0
A031,2025-01-04 22:00:00,A031-BAT,Battery,76.135,3.107,75.353,51.586,1829.5,160.352,24.008,75.506,420,45.779,25.828,Normal,0,0
A031,2025-01-05 03:00:00,A031-BAT,Battery,76.112,2.758,73.641,55.907,1797.251,153.442,23.944,78.959,350,49.093,30.065,Normal,0,0
A031,2025-01-05 06:00:00,A031-BAT,Battery,88.117,4.673,68.037,56.046,1769.584,131.072,22.887,78.043,387,56.792,22.678,Warning,1,0
A031,2025-01-05 11:00:00,A031-BAT,Battery,77.446,3.521,74.895,56.194,1847.727,148.43,23.434,78.077,592,78.761,19.499,Normal,0,0
A031,2025-01-05 13:00:00,A031-BAT,Battery,76.505,2.885,72.366,57.717,1593.401,149.391,24.017,77.639,399,51.689,23.883,Normal,0,0
A031,2025-01-05 20:00:00,A031-BAT,Battery,79.665,2.971,72.419,51.474,1678.04,157.167,23.678,78.917,249,56.39,33.953,Normal,0,0
A031,2025-01-05 21:00:00,A031-BAT,Battery,73.417,3.168,78.97,54.779,1788.963,145.2,23.558,76.406,421,48.139,28.508,Normal,0,0
A031,2025-01-06 07:00:00,A031-BAT,Battery,78.665,3.292,74.597,54.185,1619.079,147.722,23.732,79.651,625,67.753,35.087,Normal,0,0
A031,2025-01-06 09:00:00,A031-BAT,Battery,77.051,3.691,77.908,53.798,1859.605,150.133,23.921,76.664,481,74.76,36.325,Normal,0,0
A031,2025-01-06 10:00:00,A031-BAT,Battery,80.253,3.562,75.564,54.163,1941.334,146.494,23.599,78.138,468,59.717,32.14,Normal,0,1
A031,2025-01-06 13:00:00,A031-BAT,Battery,78.07,2.685,70.644,53.216,1861.191,156.451,23.191,75.537,346,74.956,27.122,Normal,0,0
A031,2025-01-06 14:00:00,A031-BAT,Battery,75.89,3.193,72.236,55.392,1709.517,141.749,23.578,77.772,277,65.884,26.245,Normal,0,0
A031,2025-01-06 16:00:00,A031-BAT,Battery,78.927,2.827,79.255,49.714,1682.527,150.139,23.229,79.871,550,59.438,27.329,Normal,0,1
A031,2025-01-06 20:00:00,A031-BAT,Battery,83.748,5.681,63.628,54.459,1767.056,142.06,24.164,78.559,575,67.429,29.22,Warning,1,0
A031,2025-01-06 21:00:00,A031-BAT,Battery,76.556,3.17,75.477,55.385,1698.921,142.72,23.678,75.861,487,63.283,33.929,Normal,0,0
A031,2025-01-07 06:00:00,A031-BAT,Battery,80.67,2.268,73.333,56.299,1672.136,152.477,24.001,79.783,430,56.832,25.305,Normal,0,0
A031,2025-01-07 17:00:00,A031-BAT,Battery,78.357,3.067,73.052,53.386,1807.468,144.492,23.238,80.822,627,66.719,29.442,Normal,0,0
A031,2025-01-07 18:00:00,A031-BAT,Battery,77.703,3.153,73.648,53.939,1813.21,147.228,23.219,78.958,522,69.18,32.463,Normal,0,1
A031,2025-01-07 21:00:00,A031-BAT,Battery,76.449,3.277,77.248,52.245,1881.558,141.891,24.176,79.086,403,61.819,28.476,Normal,0,0
A031,2025-01-07 22:00:00,A031-BAT,Battery,82.18,3.505,72.484,52.122,1810.109,149.257,23.358,78.914,493,68.984,35.575,Normal,0,0
A031,2025-01-08 09:00:00,A031-BAT,Battery,81.804,2.745,73.801,57.79,1711.274,152.13,23.943,83.115,602,55.437,28.536,Normal,0,0
A031,2025-01-08 13:00:00,A031-BAT,Battery,76.876,2.818,73.482,52.31,1894.147,152.457,23.838,80.686,519,57.553,30.876,Normal,0,0
A031,2025-01-08 18:00:00,A031-BAT,Battery,76.536,3.154,75.923,54.154,1650.927,149.552,23.283,79.143,535,61.428,25.199,Normal,0,0
A031,2025-01-08 20:00:00,A031-BAT,Battery,78.877,2.924,77.645,50.689,1679.919,149.587,23.55,83.705,455,68.199,30.535,Normal,0,0
A031,2025-01-09 00:00:00,A031-BAT,Battery,82.132,3.497,69.766,52.983,2012.255,154.399,23.479,82.118,359,62.951,35.095,Normal,0,1
A031,2025-01-09 01:00:00,A031-BAT,Battery,80.262,2.959,74.888,54.457,1647.48,148.833,23.686,83.335,485,62.728,20.317,Normal,0,0
A031,2025-01-09 05:00:00,A031-BAT,Battery,79.701,3.661,74.892,56.882,1851.717,145.084,24.252,82.753,500,68.098,33.166,Normal,0,0
A031,2025-01-09 14:00:00,A031-BAT,Battery,80.998,3.19,75.361,53.538,1926.746,144.873,23.003,77.766,575,64.225,19.81,Normal,0,0
A031,2025-01-09 20:00:00,A031-BAT,Battery,77.32,3.508,71.436,52.468,1820.362,143.717,23.564,84.713,610,56.045,24.657,Normal,0,0
A031,2025-01-09 21:00:00,A031-BAT,Battery,75.738,3.814,74.585,53.898,1797.68,145.016,23.286,81.485,430,58.857,37.749,Normal,0,1
A031,2025-01-09 22:00:00,A031-BAT,Battery,81.715,3.932,71.082,55.368,1672.083,148.388,23.457,81.663,693,57.503,28.629,Normal,0,0
A031,2025-01-10 01:00:00,A031-BAT,Battery,77.975,2.796,72.1,52.7,1634.014,141.449,23.269,81.754,470,52.6,26.775,Normal,0,0
A031,2025-01-10 04:00:00,A031-BAT,Battery,78.454,2.938,71.977,52.352,1801.212,158.819,23.556,78.952,573,62.801,36.783,Normal,0,0
A031,2025-01-10 05:00:00,A031-BAT,Battery,78.985,3.21,74.905,53.796,1839.032,149.977,23.309,81.751,348,67.309,37.342,Normal,0,1
A031,2025-01-10 09:00:00,A031-BAT,Battery,83.143,2.859,75.468,56.696,1732.475,143.513,23.005,82.184,512,82.625,27.249,Normal,0,0
A031,2025-01-10 10:00:00,A031-BAT,Battery,78.445,3.334,72.837,51.763,1772.577,148.534,23.369,85.139,548,61.447,38.351,Normal,0,0
A031,2025-01-10 12:00:00,A031-BAT,Battery,78.756,3.869,69.971,51.857,1648.989,144.988,23.294,82.483,348,67.083,33.539,Normal,0,0
A031,2025-01-10 14:00:00,A031-BAT,Battery,80.809,3.496,70.552,53.651,1813.553,144.849,23.506,83.099,369,61.114,26.264,Normal,0,0
A031,2025-01-10 16:00:00,A031-BAT,Battery,92.593,5.782,60.511,51.994,1663.444,140.236,23.143,80.829,633,76.645,28.599,Warning,1,0
A031,2025-01-10 17:00:00,A031-BAT,Battery,89.367,5.861,67.093,53.448,1849.771,141.666,23.415,81.43,568,63.953,35.397,Warning,1,1
A031,2025-01-10 20:00:00,A031-BAT,Battery,77.381,3.754,67.166,55.298,1686.516,147.964,23.768,81.198,402,70.588,25.711,Warning,1,1
A031,2025-01-11 01:00:00,A031-BAT,Battery,83.58,3.572,72.748,52.233,1836.642,143.688,23.281,78.501,623,76.679,28.53,Warning,1,0
A031,2025-01-11 04:00:00,A031-BAT,Battery,79.752,3.467,75.482,53.801,1886.34,150.554,23.789,80.115,598,67.622,33.689,Normal,0,1
A031,2025-01-11 06:00:00,A031-BAT,Battery,81.496,3.09,70.932,50.597,1697.605,146.735,23.106,79.016,557,65.679,20.578,Normal,0,1
A031,2025-01-11 14:00:00,A031-BAT,Battery,82.034,3.791,70.347,52.87,1824.299,150.179,23.199,79.655,752,59.242,26.305,Warning,1,1
A031,2025-01-11 16:00:00,A031-BAT,Battery,85.924,3.787,71.961,51.789,1779.752,151.818,23.123,82.289,373,73.576,34.477,Warning,1,0
A031,2025-01-12 00:00:00,A031-BAT,Battery,82.451,3.709,68.944,52.989,1660.539,144.34,23.197,82.94,380,77.573,26.07,Warning,1,0
A031,2025-01-12 01:00:00,A031-BAT,Battery,79.837,3.17,74.489,54.145,1870.431,150.154,23.068,81.752,732,65.633,33.8,Normal,0,0
A031,2025-01-12 02:00:00,A031-BAT,Battery,78.509,3.327,72.464,55.66,1829.06,146.778,22.929,81.684,502,75.115,33.498,Warning,1,0
A031,2025-01-12 07:00:00,A031-BAT,Battery,81.434,3.802,71.477,52.527,1806.547,147.138,22.652,83.99,672,64.633,25.859,Warning,1,1
A031,2025-01-12 08:00:00,A031-BAT,Battery,82.067,3.351,75.438,52.39,1842.02,138.816,22.654,79.964,731,65.894,29.288,Normal,0,0
A031,2025-01-12 11:00:00,A031-BAT,Battery,78.451,3.771,74.258,56.191,1723.042,143.842,23.259,84.581,498,70.311,28.325,Warning,1,0
A031,2025-01-12 13:00:00,A031-BAT,Battery,91.892,7.403,56.416,54.82,1623.872,136.127,22.914,79.229,689,73.587,26.839,Warning,1,1
A031,2025-01-12 20:00:00,A031-BAT,Battery,81.481,3.375,75.594,52.039,1887.646,153.111,23.226,82.868,617,63.017,23.173,Normal,0,1
A031,2025-01-13 00:00:00,A031-BAT,Battery,81.783,3.085,69.372,52.043,1880.853,145.416,22.855,82.407,439,76.434,26.662,Warning,1,1
A031,2025-01-13 02:00:00,A031-BAT,Battery,76.977,3.621,70.361,49.216,1862.911,142.294,22.679,83.502,604,67.121,35.869,Warning,1,0
A031,2025-01-13 05:00:00,A031-BAT,Battery,79.844,3.176,75.567,51.145,1915.527,144.741,24.008,84.517,553,73.663,27.115,Warning,1,1
A031,2025-01-13 08:00:00,A031-BAT,Battery,82.402,3.87,69.09,52.652,1875.722,144.535,22.786,83.476,445,77.193,27.294,Warning,1,1
A031,2025-01-13 20:00:00,A031-BAT,Battery,87.801,3.467,68.744,52.29,1897.823,145.455,22.937,82.647,463,77.542,24.781,Warning,1,0
A031,2025-01-14 04:00:00,A031-BAT,Battery,83.172,4.308,65.955,52.502,1739.842,145.214,22.614,81.304,632,81.663,35.203,Warning,1,1
A031,2025-01-14 05:00:00,A031-BAT,Battery,87.21,3.501,77.034,53.245,1791.818,145.686,22.877,82.251,694,82.024,37.939,Warning,1,0
A031,2025-01-14 07:00:00,A031-BAT,Battery,87.167,3.162,67.05,49.844,1824.609,140.98,23.025,83.864,429,62.659,30.513,Warning,1,1
A031,2025-01-14 08:00:00,A031-BAT,Battery,79.813,3.66,67.953,58.961,1841.94,144.857,23.078,82.226,712,70.689,27.433,Warning,1,0
A031,2025-01-14 10:00:00,A031-BAT,Battery,81.421,3.494,67.143,53.111,1846.001,141.74,23.114,82.416,493,72.595,28.155,Warning,1,0
A031,2025-01-14 12:00:00,A031-BAT,Battery,82.324,4.166,69.204,49.545,1803.349,152.291,23.306,80.872,715,67.988,20.726,Warning,1,0
A031,2025-01-14 16:00:00,A031-BAT,Battery,85.045,3.5,66.799,53.004,1779.157,144.278,23.556,85.391,494,76.449,24.956,Warning,1,1
A031,2025-01-15 00:00:00,A031-BAT,Battery,84.987,3.844,70.277,52.754,1901.911,142.415,22.92,84.915,723,55.16,31.516,Warning,1,1
A031,2025-01-15 01:00:00,A031-BAT,Battery,85.248,3.206,68.083,52.632,1716.025,145.521,22.604,82.529,620,81.118,31.321,Warning,1,1
A031,2025-01-15 02:00:00,A031-BAT,Battery,84.558,4.469,77.324,53.481,1741.296,143.319,23.297,82.471,613,77.085,24.285,Warning,1,0
A031,2025-01-15 03:00:00,A031-BAT,Battery,86.306,3.914,72.162,53.237,1679.266,148.257,22.676,82.187,797,70.345,38.75,Warning,1,1
A031,2025-01-15 06:00:00,A031-BAT,Battery,103.008,7.043,63.223,49.517,1908.884,137.996,22.917,82.835,739,74.283,30.877,Warning,1,1
A031,2025-01-15 07:00:00,A031-BAT,Battery,80.28,3.728,69.332,50.529,1806.94,148.912,22.877,83.974,842,76.018,31.637,Warning,1,1
A031,2025-01-15 14:00:00,A031-BAT,Battery,81.034,4.396,68.586,55.469,1712.82,142.777,23.008,82.723,706,74.066,20.554,Warning,1,0
A031,2025-01-15 16:00:00,A031-BAT,Battery,101.679,6.073,61.339,51.492,1885.888,134.329,22.723,87.373,584,72.778,21.581,Warning,1,1
A031,2025-01-15 18:00:00,A031-BAT,Battery,87.955,3.653,69.741,52.622,1798.43,142.9,22.612,79.991,635,78.54,37.694,Warning,1,1
A031,2025-01-15 19:00:00,A031-BAT,Battery,84.958,4.064,68.025,49.965,1709.74,147.466,22.449,82.127,687,75.561,38.431,Warning,1,1
A031,2025-01-16 01:00:00,A031-BAT,Battery,84.322,3.783,74.212,50.971,1748.687,141.896,23.599,87.328,708,81.919,27.376,Warning,1,0
A031,2025-01-16 12:00:00,A031-BAT,Battery,94.006,7.023,59.548,55.426,1750.891,127.69,22.95,85.405,739,84.33,28.443,Warning,1,1
A031,2025-01-16 18:00:00,A031-BAT,Battery,83.125,4.267,69.812,55.656,1844.328,152.017,23.404,83.448,846,86.584,33.723,Warning,1,1
A031,2025-01-16 21:00:00,A031-BAT,Battery,84.941,4.37,66.851,53.459,1748.419,137.896,22.15,82.031,865,70.58,22.31,Warning,1,0
A031,2025-01-17 00:00:00,A031-BAT,Battery,81.366,3.768,71.622,50.409,1708.754,148.993,23.003,83.391,647,95.395,19.35,Warning,1,0
A031,2025-01-17 03:00:00,A031-BAT,Battery,79.643,4.037,67.965,52.896,1856.031,148.776,21.574,87.816,549,72.25,22.597,Warning,1,0
A032,2025-01-01 04:00:00,A032-BAT,Battery,66.854,1.271,82.034,56.836,1746.681,147.157,23.716,74.28,122,41.207,32.114,Normal,0,0
A032,2025-01-01 06:00:00,A032-BAT,Battery,65.385,1.715,78.471,54.615,1843.047,144.168,24.257,74.432,351,47.15,31.843,Normal,0,0
A032,2025-01-01 08:00:00,A032-BAT,Battery,76.424,2.231,77.91,56.669,1978.363,147.642,23.925,75.21,424,49.775,29.33,Normal,0,0
A032,2025-01-01 11:00:00,A032-BAT,Battery,70.107,1.989,82.16,54.22,1870.039,150.518,23.496,75.97,287,46.132,22.51,Normal,0,0
A032,2025-01-01 12:00:00,A032-BAT,Battery,66.38,2.715,81.314,51.613,1734.755,153.957,24.237,77.032,342,24.759,35.494,Normal,0,0
A032,2025-01-01 14:00:00,A032-BAT,Battery,73.112,2.422,81.975,56.519,1962.94,157.204,23.727,70.03,345,42.801,38.922,Normal,0,1
A032,2025-01-01 17:00:00,A032-BAT,Battery,76.827,2.106,76.592,53.641,1814.604,149.805,23.456,75.944,134,31.185,36.928,Normal,0,0
A032,2025-01-01 19:00:00,A032-BAT,Battery,66.712,2.08,85.273,55.029,1900.881,156.15,23.983,76.55,126,42.209,24.321,Normal,0,0
A032,2025-01-01 22:00:00,A032-BAT,Battery,71.854,2.315,80.959,53.726,1796.387,154.087,23.95,73.334,496,40.123,25.962,Normal,0,0
A032,2025-01-01 23:00:00,A032-BAT,Battery,70.357,2.657,82.199,52.499,1760.832,146.167,24.143,75.788,195,34.339,28.553,Normal,0,0
A032,2025-01-02 00:00:00,A032-BAT,Battery,69.367,2.128,79.821,52.874,1790.544,148.022,24.199,75.017,231,50.941,34.119,Normal,0,0
A032,2025-01-02 01:00:00,A032-BAT,Battery,67.756,1.678,80.68,58.787,1741.474,155.191,23.44,75.813,156,34.263,26.389,Normal,0,0
A032,2025-01-02 03:00:00,A032-BAT,Battery,70.652,2.079,82.353,56.371,1838.861,142.647,24.655,77.175,132,52.655,36.471,Normal,0,0
A032,2025-01-02 06:00:00,A032-BAT,Battery,74.141,2.29,77.898,56.561,1803.037,150.978,23.636,75.155,328,37.381,33.813,Normal,0,0
A032,2025-01-02 08:00:00,A032-BAT,Battery,71.088,2.582,83.618,54.657,1742.61,145.488,23.745,74.355,429,59.302,25.105,Normal,0,0
A032,2025-01-02 09:00:00,A032-BAT,Battery,69.101,2.332,81.242,52.424,1804.466,149.944,24.097,77.546,196,42.02,28.309,Normal,0,1
A032,2025-01-02 13:00:00,A032-BAT,Battery,82.016,5.553,71.855,54.563,1803.253,138.088,24.03,75.673,514,38.871,29.728,Warning,1,0
A032,2025-01-02 18:00:00,A032-BAT,Battery,71.621,1.833,78.526,53.133,1836.714,153.864,24.435,76.545,182,44.051,21.311,Normal,0,1
A032,2025-01-02 21:00:00,A032-BAT,Battery,69.714,3.019,76.083,52.838,1752.645,152.47,23.705,80.009,268,47.242,33.213,Normal,0,0
A032,2025-01-02 23:00:00,A032-BAT,Battery,69.804,1.872,81.956,57.327,1712.87,148.062,24.124,73.11,399,43.746,29.021,Normal,0,1
A032,2025-01-03 05:00:00,A032-BAT,Battery,68.109,2.797,81.327,53.926,1679.283,143.579,23.938,78.033,238,48.345,26.696,Normal,0,0
A032,2025-01-03 09:00:00,A032-BAT,Battery,73.358,2.189,78.971,50.907,1643.688,158.019,23.654,72.078,468,55.271,37.273,Normal,0,0
A032,2025-01-03 12:00:00,A032-BAT,Battery,68.281,2.48,82.879,61.844,1859.932,142.12,24.335,76.402,277,51.065,27.935,Normal,0,0
A032,2025-01-03 14:00:00,A032-BAT,Battery,72.213,2.292,77.331,54.533,1825.08,145.735,24.065,75.743,466,72.505,34.658,Normal,0,0
A032,2025-01-03 16:00:00,A032-BAT,Battery,74.061,2.111,79.129,55.062,1812.989,149.871,24.354,75.529,178,62.936,39.824,Normal,0,0
A032,2025-01-03 17:00:00,A032-BAT,Battery,67.67,1.917,77.155,55.243,1730.279,147.108,24.427,79.594,434,51.749,41.124,Normal,0,0
A032,2025-01-03 22:00:00,A032-BAT,Battery,69.74,2.42,78.379,52.454,1924.699,151.906,23.563,74.129,445,52.584,34.384,Normal,0,0
A032,2025-01-04 10:00:00,A032-BAT,Battery,75.911,2.451,77.838,56.604,1752.231,148.467,23.777,75.184,338,50.206,28.308,Normal,0,0
A032,2025-01-04 16:00:00,A032-BAT,Battery,74.041,2.413,77.595,53.638,1808.691,153.033,23.644,78.928,476,48.457,25.093,Normal,0,0
A032,2025-01-04 18:00:00,A032-BAT,Battery,74.997,2.242,80.51,52.895,1589.608,153.083,23.552,75.863,221,48.939,37.509,Normal,0,1
A032,2025-01-04 19:00:00,A032-BAT,Battery,69.015,2.907,75.742,54.426,1695.889,147.32,23.508,77.682,240,53.98,30.282,Normal,0,0
A032,2025-01-04 21:00:00,A032-BAT,Battery,71.175,2.622,77.456,54.627,1873.024,157.322,24.173,73.889,351,46.695,27.127,Normal,0,0
A032,2025-01-04 23:00:00,A032-BAT,Battery,69.909,2.818,77.527,48.587,2084.817,147.482,24.066,77.357,475,46.719,28.34,Normal,0,0
A032,2025-01-05 05:00:00,A032-BAT,Battery,73.487,2.735,80.931,53.729,1841.035,149.6,23.283,78.046,289,63.328,34.622,Normal,0,0
A032,2025-01-05 14:00:00,A032-BAT,Battery,75.243,2.822,77.964,55.123,1892.672,150.39,23.897,76.851,272,47.701,29.045,Normal,0,0
A032,2025-01-05 16:00:00,A032-BAT,Battery,74.112,2.654,80.996,59.913,1924.403,157.949,23.291,80.31,529,56.488,36.586,Normal,0,0
A032,2025-01-05 23:00:00,A032-BAT,Battery,75.9,1.864,73.527,53.812,1758.911,150.317,23.514,73.932,577,26.894,28.292,Normal,0,0
A032,2025-01-06 00:00:00,A032-BAT,Battery,72.686,2.229,78.224,54.861,1763.799,145.246,23.615,76.836,457,53.502,26.217,Normal,0,0
A032,2025-01-06 02:00:00,A032-BAT,Battery,72.494,2.285,74.812,51.337,1871.953,147.418,23.621,81.015,449,33.444,26.586,Normal,0,0
A032,2025-01-06 04:00:00,A032-BAT,Battery,70.795,2.406,74.971,51.781,1761.13,139.118,23.443,76.937,486,39.665,31.947,Normal,0,0
A032,2025-01-06 10:00:00,A032-BAT,Battery,71.226,2.296,79.579,54.063,1950.004,147.852,23.36,76.548,490,61.819,33.148,Normal,0,0
A032,2025-01-06 16:00:00,A032-BAT,Battery,76.068,2.922,73.184,58.855,1617.335,142.298,23.902,78.26,355,54.725,30.421,Normal,0,1
A032,2025-01-06 17:00:00,A032-BAT,Battery,72.503,2.21,80.16,53.796,1809.838,143.739,24.406,80.123,576,44.714,29.706,Normal,0,0
A032,2025-01-06 20:00:00,A032-BAT,Battery,75.69,2.157,74.445,51.859,1849.238,151.039,23.603,76.67,252,55.914,29.252,Normal,0,0
A032,2025-01-07 02:00:00,A032-BAT,Battery,74.748,2.955,74.401,54.496,1857.511,149.68,23.796,78.104,594,37.474,36.84,Normal,0,0
A032,2025-01-07 04:00:00,A032-BAT,Battery,74.571,2.671,78.605,56.546,1808.223,148.708,23.488,76.115,426,45.329,26.037,Normal,0,0
A032,2025-01-07 05:00:00,A032-BAT,Battery,74.343,2.43,76.156,55.209,1799.926,154.257,23.101,81.767,340,45.299,27.858,Normal,0,0
A032,2025-01-07 08:00:00,A032-BAT,Battery,72.702,2.529,74.985,57.433,1875.656,153.094,23.443,79.19,496,60.577,35.144,Normal,0,0
A032,2025-01-07 09:00:00,A032-BAT,Battery,82.814,2.39,79.329,51.462,1811.65,144.969,24.354,80.403,286,47.248,32.927,Normal,0,0
A032,2025-01-07 14:00:00,A032-BAT,Battery,75.642,2.87,75.688,55.208,1830.501,152.024,23.204,82.661,472,49.972,28.359,Normal,0,0
A032,2025-01-07 18:00:00,A032-BAT,Battery,77.779,2.735,71.935,54.456,1911.06,145.513,23.289,80.346,420,60.837,29.68,Normal,0,0
A032,2025-01-07 20:00:00,A032-BAT,Battery,70.945,2.581,79.143,56.368,1919.216,145.582,22.793,78.621,393,42.513,27.914,Normal,0,0
A032,2025-01-07 21:00:00,A032-BAT,Battery,80.678,3.694,73.415,58.213,1859.342,146.938,23.338,78.058,305,47.395,28.663,Normal,0,0
A032,2025-01-07 22:00:00,A032-BAT,Battery,77.193,2.584,75.577,54.08,1885.217,146.839,23.637,79.98,631,61.043,31.277,Normal,0,0
A032,2025-01-08 02:00:00,A032-BAT,Battery,92.61,4.509,69.434,48.764,1809.352,137.223,23.226,81.041,442,51.125,32.292,Warning,1,1
A032,2025-01-08 04:00:00,A032-BAT,Battery,73.718,2.88,77.171,53.865,1858.369,149.022,23.876,81.349,386,49.851,35.422,Normal,0,0
A032,2025-01-08 09:00:00,A032-BAT,Battery,74.859,2.869,75.528,54.489,1830.789,148.425,24.189,82.609,595,47.771,29.152,Normal,0,0
A032,2025-01-08 12:00:00,A032-BAT,Battery,77.091,2.458,76.0,55.0,1829.195,151.47,23.533,77.13,462,60.128,23.716,Normal,0,0
A032,2025-01-08 17:00:00,A032-BAT,Battery,78.57,2.93,77.762,53.865,1910.348,144.719,23.65,82.208,419,63.403,34.453,Normal,0,0
A032,2025-01-09 01:00:00,A032-BAT,Battery,78.681,2.637,77.103,50.901,1824.556,144.53,23.315,79.208,352,50.721,32.471,Normal,0,0
A032,2025-01-09 05:00:00,A032-BAT,Battery,76.973,2.893,76.346,50.923,1743.131,148.599,23.039,82.688,445,68.668,23.945,Normal,0,0
A032,2025-01-09 17:00:00,A032-BAT,Battery,77.298,2.142,73.585,53.302,1729.175,149.816,23.697,79.737,482,53.126,22.239,Normal,0,0
A032,2025-01-10 02:00:00,A032-BAT,Battery,78.759,2.809,71.588,50.992,1786.528,149.532,23.198,79.009,368,51.281,33.675,Normal,0,0
A032,2025-01-10 05:00:00,A032-BAT,Battery,92.568,6.187,60.526,55.534,1885.37,129.843,23.405,79.397,516,59.032,29.814,Warning,1,1
A032,2025-01-10 10:00:00,A032-BAT,Battery,75.359,3.069,74.664,55.422,1702.212,138.967,23.364,83.374,691,57.772,31.426,Normal,0,0
A032,2025-01-10 11:00:00,A032-BAT,Battery,89.183,5.511,60.634,52.868,1738.93,130.656,23.203,81.049,510,68.975,33.178,Warning,1,1
A032,2025-01-10 16:00:00,A032-BAT,Battery,79.151,2.713,75.644,53.688,1860.612,142.136,23.073,81.357,452,66.374,34.557,Normal,0,0
A032,2025-01-10 23:00:00,A032-BAT,Battery,76.155,3.053,72.486,53.752,1852.002,146.476,23.129,78.222,399,64.8,25.494,Normal,0,0
A032,2025-01-11 01:00:00,A032-BAT,Battery,76.07,3.2,77.969,50.543,1823.814,150.074,23.507,82.354,689,52.803,38.9,Normal,0,0
A032,2025-01-11 08:00:00,A032-BAT,Battery,81.057,2.959,72.922,49.155,1695.332,149.979,22.933,82.361,653,52.585,23.469,Normal,0,0
A032,2025-01-11 09:00:00,A032-BAT,Battery,79.051,3.533,73.5,53.056,1754.005,148.915,23.314,80.388,653,76.063,22.483,Normal,0,0
A032,2025-01-12 03:00:00,A032-BAT,Battery,77.285,2.704,74.724,55.467,1991.43,149.646,22.846,80.962,665,58.475,25.744,Normal,0,0
A032,2025-01-12 16:00:00,A032-BAT,Battery,79.493,3.008,73.131,50.388,1611.52,150.99,23.033,82.329,436,62.661,17.652,Normal,0,1
A032,2025-01-13 01:00:00,A032-BAT,Battery,77.465,3.653,76.447,52.594,1890.375,140.01,23.058,82.055,474,59.158,24.837,Normal,0,1
A032,2025-01-13 04:00:00,A032-BAT,Battery,79.616,2.68,73.268,50.364,1647.554,152.252,22.866,80.822,453,54.868,27.834,Normal,0,0
A032,2025-01-13 06:00:00,A032-BAT,Battery,81.922,3.551,73.732,55.405,1727.001,142.274,23.05,82.058,627,70.135,32.001,Normal,0,1
A032,2025-01-13 07:00:00,A032-BAT,Battery,79.692,2.839,75.839,52.978,1662.942,145.562,23.181,83.118,514,72.972,33.266,Normal,0,0
A032,2025-01-13 09:00:00,A032-BAT,Battery,81.891,3.121,72.573,50.124,1817.091,139.436,23.233,79.433,452,61.225,30.899,Normal,0,1
A032,2025-01-13 14:00:00,A032-BAT,Battery,79.221,3.433,74.557,52.591,1814.695,151.191,22.813,84.006,672,67.413,33.291,Normal,0,0
A032,2025-01-13 15:00:00,A032-BAT,Battery,83.323,3.285,74.805,52.862,1718.456,141.884,22.923,84.387,421,81.994,25.981,Normal,0,1
A032,2025-01-13 23:00:00,A032-BAT,Battery,80.03,3.004,68.279,53.124,1792.262,144.547,23.016,83.871,442,45.125,34.232,Normal,0,0
A032,2025-01-14 05:00:00,A032-BAT,Battery,79.974,3.128,72.079,52.037,1831.641,145.19,23.184,83.929,498,71.288,34.451,Normal,0,1
A032,2025-01-14 06:00:00,A032-BAT,Battery,80.103,2.955,71.215,54.672,1878.198,147.074,23.059,84.834,810,72.963,26.335,Normal,0,0
A032,2025-01-14 07:00:00,A032-BAT,Battery,77.076,2.634,74.811,51.303,1804.751,146.566,23.195,82.775,576,65.608,24.658,Normal,0,1
A032,2025-01-14 08:00:00,A032-BAT,Battery,78.297,3.768,74.653,52.788,1822.786,147.563,23.373,85.247,689,76.585,28.254,Normal,0,0
A032,2025-01-14 15:00:00,A032-BAT,Battery,78.731,3.209,70.56,52.949,1614.046,148.326,23.139,84.148,460,58.43,34.325,Normal,0,0
A032,2025-01-14 18:00:00,A032-BAT,Battery,90.589,6.662,59.421,49.122,1825.365,144.474,22.982,81.38,477,67.215,31.617,Warning,1,1
A032,2025-01-14 21:00:00,A032-BAT,Battery,87.233,2.653,70.693,54.41,1869.204,140.143,23.173,81.924,773,56.599,35.241,Normal,0,0
A032,2025-01-15 09:00:00,A032-BAT,Battery,77.399,3.361,70.738,53.771,1743.229,149.069,23.281,83.133,749,65.389,29.204,Normal,0,0
A032,2025-01-15 10:00:00,A032-BAT,Battery,84.203,3.523,74.589,52.547,1821.743,144.163,23.262,83.928,792,72.213,38.38,Warning,1,1
A032,2025-01-15 13:00:00,A032-BAT,Battery,81.195,3.814,72.437,55.319,1887.486,144.02,23.264,86.487,621,93.071,31.182,Warning,1,0
A032,2025-01-15 15:00:00,A032-BAT,Battery,74.739,2.872,74.849,53.478,1817.452,142.766,22.602,82.39,480,60.898,32.882,Normal,0,0
A032,2025-01-15 19:00:00,A032-BAT,Battery,79.087,3.068,71.054,53.237,1753.071,140.732,22.649,84.337,553,69.127,31.559,Normal,0,1
A032,2025-01-15 22:00:00,A032-BAT,Battery,81.149,3.556,71.359,51.032,1585.943,142.842,23.294,83.849,518,66.136,31.362,Warning,1,0
A032,2025-01-16 02:00:00,A032-BAT,Battery,77.418,3.095,70.268,52.049,1910.15,146.574,23.102,85.117,772,61.431,23.036,Normal,0,0
A032,2025-01-17 00:00:00,A032-BAT,Battery,91.116,7.677,60.615,49.55,1690.766,133.101,22.591,84.144,513,88.631,25.546,Warning,1,1
A032,2025-01-17 07:00:00,A032-BAT,Battery,81.708,3.686,67.339,48.833,1730.856,140.711,23.203,87.44,817,70.826,32.214,Warning,1,0
A033,2025-01-01 02:00:00,A033-BAT,Battery,77.733,3.115,74.449,53.93,1808.735,147.586,24.166,76.291,226,67.975,24.086,Normal,0,0
A033,2025-01-01 05:00:00,A033-BAT,Battery,75.471,3.068,76.413,54.734,1771.53,154.563,24.088,74.995,283,59.261,30.607,Normal,0,0
A033,2025-01-01 17:00:00,A033-BAT,Battery,76.379,2.976,78.738,54.678,1763.469,147.416,24.587,77.984,416,51.031,37.577,Normal,0,0
A033,2025-01-01 18:00:00,A033-BAT,Battery,78.305,2.742,76.075,51.922,1818.016,142.51,23.958,74.51,468,52.245,33.506,Normal,0,0
A033,2025-01-01 19:00:00,A033-BAT,Battery,75.089,3.561,76.941,56.551,1780.453,150.175,23.39,74.098,242,57.223,31.14,Normal,0,0
A033,2025-01-02 01:00:00,A033-BAT,Battery,78.545,2.86,72.145,49.812,1812.586,153.04,24.122,76.047,441,63.87,28.243,Normal,0,0
A033,2025-01-02 04:00:00,A033-BAT,Battery,81.258,3.129,73.754,55.233,1741.779,152.15,24.154,76.251,274,64.537,25.745,Normal,0,0
A033,2025-01-02 17:00:00,A033-BAT,Battery,78.008,2.673,74.46,52.396,1802.151,147.966,24.136,76.878,460,55.238,29.597,Normal,0,0
A033,2025-01-03 02:00:00,A033-BAT,Battery,75.946,2.773,73.896,55.577,1840.519,141.894,24.021,78.504,288,59.875,25.327,Normal,0,0
A033,2025-01-03 05:00:00,A033-BAT,Battery,75.5,2.993,71.665,56.204,1830.049,151.712,23.665,76.412,521,44.275,26.974,Normal,0,0
A033,2025-01-03 06:00:00,A033-BAT,Battery,77.827,2.863,76.812,50.618,1854.894,152.099,24.377,72.807,366,49.631,31.506,Normal,0,0
A033,2025-01-03 07:00:00,A033-BAT,Battery,78.108,3.216,77.144,55.383,1700.469,156.207,24.58,76.278,506,63.619,34.355,Normal,0,0
A033,2025-01-03 12:00:00,A033-BAT,Battery,76.091,3.138,72.246,51.737,1840.741,156.875,24.043,76.075,505,61.604,29.96,Normal,0,0
A033,2025-01-03 15:00:00,A033-BAT,Battery,73.685,3.108,71.885,53.408,1801.236,142.689,23.944,74.159,455,61.986,29.332,Normal,0,0
A033,2025-01-03 16:00:00,A033-BAT,Battery,71.277,3.451,74.297,58.568,1809.93,146.711,24.591,75.266,537,60.392,40.909,Normal,0,0
A033,2025-01-03 23:00:00,A033-BAT,Battery,76.065,2.947,71.486,53.529,1735.343,147.263,23.172,77.541,459,65.415,26.675,Normal,0,0
A033,2025-01-04 04:00:00,A033-BAT,Battery,74.597,2.675,73.307,55.092,1730.753,152.486,23.141,77.238,264,58.262,30.386,Normal,0,0
A033,2025-01-04 15:00:00,A033-BAT,Battery,73.118,3.483,73.299,52.057,1822.348,151.245,24.413,74.277,577,61.027,37.356,Normal,0,0
A033,2025-01-04 16:00:00,A033-BAT,Battery,72.066,2.471,78.264,55.105,1900.132,147.23,23.367,76.08,526,45.562,18.056,Normal,0,0
A033,2025-01-04 17:00:00,A033-BAT,Battery,74.746,3.542,71.004,55.919,1728.869,154.05,23.973,74.538,531,60.487,24.566,Normal,0,0
A033,2025-01-04 18:00:00,A033-BAT,Battery,78.511,2.865,71.549,54.373,1740.895,145.29,24.136,79.047,443,66.561,31.992,Normal,0,0
A033,2025-01-04 21:00:00,A033-BAT,Battery,75.314,3.28,71.483,52.001,1859.029,152.855,23.437,76.197,418,66.621,27.638,Normal,0,0
A033,2025-01-05 03:00:00,A033-BAT,Battery,79.589,3.644,67.14,55.237,1867.257,152.039,24.149,75.354,275,64.147,33.282,Normal,0,0
A033,2025-01-05 05:00:00,A033-BAT,Battery,85.711,5.38,62.922,58.244,1839.829,145.493,23.701,79.159,252,54.374,32.988,Warning,1,1
A033,2025-01-05 10:00:00,A033-BAT,Battery,75.554,3.197,72.278,54.509,1719.726,154.071,23.438,76.339,349,74.228,37.335,Normal,0,0
A033,2025-01-05 16:00:00,A033-BAT,Battery,81.21,3.509,75.683,52.924,1714.266,154.454,24.057,79.219,394,63.417,36.876,Normal,0,0
A033,2025-01-05 17:00:00,A033-BAT,Battery,82.778,2.893,72.975,52.934,1731.123,151.935,23.335,76.937,460,64.877,43.608,Normal,0,0
A033,2025-01-05 19:00:00,A033-BAT,Battery,85.63,7.247,65.943,55.014,1666.419,130.72,23.885,76.155,463,77.502,33.218,Warning,1,1
A033,2025-01-06 01:00:00,A033-BAT,Battery,82.475,3.417,73.255,55.33,1768.376,154.406,23.515,76.141,611,66.214,24.913,Normal,0,1
A033,2025-01-06 07:00:00,A033-BAT,Battery,76.707,3.816,73.706,54.953,1702.863,143.026,24.049,73.165,611,72.755,40.747,Normal,0,0
A033,2025-01-06 13:00:00,A033-BAT,Battery,76.965,3.223,72.041,54.835,1848.793,148.816,23.806,80.494,300,55.786,24.305,Normal,0,0
A033,2025-01-06 16:00:00,A033-BAT,Battery,76.364,3.687,71.662,56.134,1809.099,143.985,24.061,79.17,548,57.103,34.032,Normal,0,0
A033,2025-01-07 06:00:00,A033-BAT,Battery,79.076,2.845,76.041,51.048,1753.591,140.867,23.722,77.477,284,72.245,28.702,Normal,0,1
A033,2025-01-07 09:00:00,A033-BAT,Battery,78.913,3.454,70.477,53.75,1822.55,145.768,23.9,78.617,290,64.25,26.192,Normal,0,0
A033,2025-01-07 10:00:00,A033-BAT,Battery,80.163,3.331,71.753,50.994,1858.133,144.808,23.085,80.934,381,69.41,17.887,Normal,0,0
A033,2025-01-07 14:00:00,A033-BAT,Battery,74.897,3.3,69.235,53.179,1765.973,149.597,23.163,79.513,653,70.891,29.577,Normal,0,1
A033,2025-01-07 16:00:00,A033-BAT,Battery,79.998,3.715,74.638,53.556,1822.961,146.885,23.23,82.115,511,81.595,32.497,Warning,1,1
A033,2025-01-07 17:00:00,A033-BAT,Battery,76.079,3.556,75.852,54.909,1813.839,143.5,23.202,81.613,375,78.85,23.153,Normal,0,1
A033,2025-01-07 21:00:00,A033-BAT,Battery,80.161,3.287,68.51,54.027,1746.591,147.282,23.963,77.356,566,82.445,29.469,Warning,1,0
A033,2025-01-08 05:00:00,A033-BAT,Battery,76.218,3.5,69.937,54.143,1802.275,146.776,24.096,78.301,598,61.156,28.136,Normal,0,0
A033,2025-01-08 06:00:00,A033-BAT,Battery,78.393,3.814,69.391,52.325,1914.464,143.55,23.588,77.115,380,81.831,29.956,Warning,1,0
A033,2025-01-08 12:00:00,A033-BAT,Battery,75.055,3.542,73.737,55.195,1820.634,159.457,23.033,79.18,404,74.371,27.505,Normal,0,1
A033,2025-01-08 13:00:00,A033-BAT,Battery,85.236,2.425,73.641,55.09,2024.145,151.8,23.942,79.298,449,72.258,39.062,Normal,0,0
A033,2025-01-08 16:00:00,A033-BAT,Battery,80.491,3.079,74.821,54.32,1688.722,146.19,23.019,75.993,593,60.733,33.817,Normal,0,1
A033,2025-01-08 17:00:00,A033-BAT,Battery,80.91,3.659,74.929,50.576,2062.611,154.458,23.072,79.302,376,76.057,39.626,Warning,1,0
A033,2025-01-08 18:00:00,A033-BAT,Battery,81.25,3.546,66.816,51.142,1865.936,144.551,23.325,81.015,421,67.247,32.505,Warning,1,1
A033,2025-01-08 20:00:00,A033-BAT,Battery,82.169,4.164,71.054,52.692,1829.274,149.251,23.33,77.444,362,62.259,27.755,Warning,1,0
A033,2025-01-08 22:00:00,A033-BAT,Battery,80.785,3.343,74.75,51.365,1918.385,149.78,23.19,80.003,295,80.19,33.289,Warning,1,0
A033,2025-01-09 12:00:00,A033-BAT,Battery,79.307,3.14,67.038,53.583,1872.385,147.951,23.098,81.994,425,56.995,28.204,Normal,0,0
A033,2025-01-09 18:00:00,A033-BAT,Battery,79.541,3.74,71.913,53.143,1710.451,138.428,23.083,79.377,520,77.841,30.875,Warning,1,0
A033,2025-01-09 22:00:00,A033-BAT,Battery,82.021,3.804,70.05,54.558,1745.375,150.438,23.387,80.093,669,83.641,18.723,Warning,1,0
A033,2025-01-10 04:00:00,A033-BAT,Battery,84.432,3.746,69.898,52.68,1718.748,139.178,23.18,80.92,342,67.037,25.578,Warning,1,1
A033,2025-01-10 06:00:00,A033-BAT,Battery,78.988,3.851,74.787,51.363,1707.246,159.816,23.617,79.357,576,80.184,37.172,Warning,1,0
A033,2025-01-10 07:00:00,A033-BAT,Battery,92.745,6.012,57.159,51.69,1791.139,136.083,23.475,76.035,509,74.792,32.525,Warning,1,1
A033,2025-01-10 10:00:00,A033-BAT,Battery,74.636,3.394,66.819,56.877,1763.073,142.688,23.629,82.654,328,70.56,35.634,Warning,1,0
A033,2025-01-10 12:00:00,A033-BAT,Battery,80.227,3.497,73.564,53.966,1638.948,151.269,22.993,79.641,475,76.022,40.592,Warning,1,0
A033,2025-01-10 13:00:00,A033-BAT,Battery,83.284,3.225,73.802,50.146,2001.225,140.995,23.258,82.698,560,82.291,28.804,Warning,1,0
A033,2025-01-11 00:00:00,A033-BAT,Battery,85.348,4.163,68.77,54.826,1939.058,143.852,23.178,81.072,382,88.035,19.078,Warning,1,1
A033,2025-01-11 01:00:00,A033-BAT,Battery,79.969,3.402,67.41,54.893,1841.992,138.16,23.587,81.61,383,80.616,33.875,Warning,1,1
A033,2025-01-11 03:00:00,A033-BAT,Battery,83.823,3.547,72.503,55.21,1675.644,147.788,23.176,82.011,517,95.641,29.72,Warning,1,1
A033,2025-01-11 06:00:00,A033-BAT,Battery,81.768,3.627,69.899,54.115,1933.962,152.705,23.157,81.671,454,75.101,29.857,Warning,1,1
A033,2025-01-11 07:00:00,A033-BAT,Battery,81.117,4.411,72.422,56.079,1743.775,147.242,22.668,79.45,557,84.213,34.813,Warning,1,1
A033,2025-01-11 08:00:00,A033-BAT,Battery,81.301,3.454,68.851,54.064,1792.09,139.67,23.54,80.833,422,81.423,31.48,Warning,1,1
A033,2025-01-11 10:00:00,A033-BAT,Battery,84.919,3.142,68.918,55.667,1781.48,146.341,23.775,81.902,686,87.243,35.262,Warning,1,0
A033,2025-01-11 13:00:00,A033-BAT,Battery,84.699,3.665,69.177,55.342,1746.74,156.816,23.108,81.411,423,74.455,20.188,Warning,1,1
A033,2025-01-11 15:00:00,A033-BAT,Battery,84.898,3.815,68.094,53.527,1816.558,147.607,23.597,82.514,445,82.5,41.118,Warning,1,1
A033,2025-01-11 21:00:00,A033-BAT,Battery,80.446,3.329,66.249,54.862,1776.579,144.307,23.032,85.375,558,76.627,31.12,Warning,1,0
A033,2025-01-12 04:00:00,A033-BAT,Battery,80.695,3.727,66.114,53.634,1720.278,145.986,22.911,79.266,388,80.114,30.721,Warning,1,1
A033,2025-01-12 05:00:00,A033-BAT,Battery,86.692,4.011,70.687,53.559,1763.142,150.736,23.382,80.225,702,75.131,22.815,Warning,1,1
A033,2025-01-12 15:00:00,A033-BAT,Battery,83.774,4.015,70.001,52.016,1768.305,143.652,23.595,83.164,629,79.215,27.02,Warning,1,1
A033,2025-01-12 17:00:00,A033-BAT,Battery,84.734,3.938,71.112,55.054,1842.968,145.087,23.12,79.34,767,76.185,35.787,Warning,1,1
A033,2025-01-13 01:00:00,A033-BAT,Battery,83.181,3.621,66.684,51.32,1760.592,146.305,22.951,81.927,407,74.651,31.57,Warning,1,0
A033,2025-01-13 02:00:00,A033-BAT,Battery,85.926,3.604,73.674,54.186,1771.499,142.419,22.855,84.598,734,68.694,28.753,Warning,1,0
A033,2025-01-13 18:00:00,A033-BAT,Battery,83.757,3.859,68.659,52.4,1843.715,143.486,22.923,86.517,536,85.03,30.016,Warning,1,1
A033,2025-01-13 19:00:00,A033-BAT,Battery,80.303,4.305,74.018,49.821,1772.485,147.044,22.926,83.426,532,82.939,32.019,Warning,1,1
A033,2025-01-13 20:00:00,A033-BAT,Battery,82.0,3.576,68.905,48.822,1701.144,155.65,22.974,79.112,463,96.091,30.633,Warning,1,0
A033,2025-01-13 23:00:00,A033-BAT,Battery,83.937,4.227,68.108,50.797,1871.782,153.532,22.518,81.599,708,84.472,31.74,Warning,1,1
A033,2025-01-14 08:00:00,A033-BAT,Battery,100.004,6.618,66.535,53.318,1676.976,131.785,22.189,83.799,510,94.6,29.544,Warning,1,1
A033,2025-01-14 09:00:00,A033-BAT,Battery,90.375,3.969,73.297,53.04,1794.935,139.059,23.565,80.589,677,78.378,29.242,Warning,1,1
A033,2025-01-14 10:00:00,A033-BAT,Battery,83.487,4.209,69.766,51.593,1864.401,153.285,23.481,84.513,640,78.258,15.075,Warning,1,1
A033,2025-01-14 12:00:00,A033-BAT,Battery,85.882,4.249,68.159,52.691,1818.447,144.52,22.731,85.478,712,81.081,32.236,Warning,1,1
A033,2025-01-14 19:00:00,A033-BAT,Battery,81.541,3.99,69.023,54.075,1716.076,153.556,22.936,82.064,661,72.092,29.119,Warning,1,1
A033,2025-01-14 21:00:00,A033-BAT,Battery,83.891,4.222,68.407,51.157,1813.094,149.391,22.646,85.114,664,69.168,31.159,Warning,1,1
A033,2025-01-15 03:00:00,A033-BAT,Battery,83.405,3.948,69.117,52.663,1726.973,143.811,23.445,83.168,747,79.492,26.196,Warning,1,1
A033,2025-01-15 09:00:00,A033-BAT,Battery,85.497,3.551,64.894,52.806,1770.396,142.073,22.83,83.462,737,81.837,31.385,Warning,1,1
A033,2025-01-15 17:00:00,A033-BAT,Battery,88.939,3.14,71.961,52.597,1623.552,139.631,22.954,86.708,555,82.74,29.763,Warning,1,0
A033,2025-01-15 21:00:00,A033-BAT,Battery,84.394,3.95,74.168,49.237,1711.368,142.385,23.068,88.17,848,81.2,30.318,Warning,1,1
A033,2025-01-15 22:00:00,A033-BAT,Battery,84.148,3.926,70.226,51.239,1818.135,145.381,22.684,85.502,722,72.203,35.876,Warning,1,0
A033,2025-01-16 02:00:00,A033-BAT,Battery,86.086,4.411,67.612,52.308,1766.285,147.234,22.888,85.464,723,80.635,29.705,Warning,1,1
A033,2025-01-16 03:00:00,A033-BAT,Battery,86.495,3.365,67.661,51.365,1752.846,142.048,22.468,82.875,603,77.745,46.093,Warning,1,1
A033,2025-01-16 05:00:00,A033-BAT,Battery,87.359,3.539,69.351,56.135,1757.555,150.769,23.373,83.1,825,68.127,32.323,Warning,1,1
A033,2025-01-16 12:00:00,A033-BAT,Battery,86.604,4.216,66.653,52.79,1724.124,145.408,22.494,80.16,659,85.979,30.735,Warning,1,1
A033,2025-01-16 16:00:00,A033-BAT,Battery,96.975,6.455,58.815,48.084,1796.919,124.075,23.441,83.338,497,87.794,31.536,Warning,1,1
A033,2025-01-16 19:00:00,A033-BAT,Battery,105.354,7.949,55.723,54.195,1763.43,123.608,22.721,86.982,867,77.909,37.17,Warning,1,1
A033,2025-01-16 20:00:00,A033-BAT,Battery,84.682,3.886,63.564,52.544,1835.789,149.787,22.87,85.979,578,80.512,32.449,Warning,1,1
A033,2025-01-16 21:00:00,A033-BAT,Battery,97.32,5.457,56.853,50.16,1841.96,136.249,22.313,81.892,611,90.849,34.378,Warning,1,1
A033,2025-01-17 00:00:00,A033-BAT,Battery,86.147,4.758,68.013,51.164,1822.108,148.905,22.402,84.049,654,83.839,35.843,Warning,1,1
A033,2025-01-17 10:00:00,A033-BAT,Battery,87.173,4.358,68.473,51.458,1740.006,146.975,22.871,89.688,527,82.83,32.063,Warning,1,0
A033,2025-01-17 13:00:00,A033-BAT,Battery,99.933,6.736,54.958,52.144,1915.925,138.302,22.53,86.125,571,94.529,25.736,Warning,1,1
A033,2025-01-17 15:00:00,A033-BAT,Battery,90.129,7.466,55.466,54.532,1850.21,126.831,22.752,85.416,606,91.292,28.857,Warning,1,1
A034,2025-01-01 00:00:00,A034-BAT,Battery,75.687,2.22,74.955,53.224,1798.442,149.502,23.758,69.732,180,55.692,37.058,Normal,0,0
A034,2025-01-01 04:00:00,A034-BAT,Battery,70.365,1.957,78.932,57.357,1721.547,152.895,24.348,75.526,268,54.829,31.208,Normal,0,0
A034,2025-01-01 07:00:00,A034-BAT,Battery,72.642,1.542,81.412,53.49,1810.815,148.853,24.312,75.566,350,43.883,30.814,Normal,0,0
A034,2025-01-01 09:00:00,A034-BAT,Battery,69.274,2.225,76.151,54.266,1733.221,150.021,23.857,75.638,158,55.745,37.203,Normal,0,0
A034,2025-01-01 15:00:00,A034-BAT,Battery,72.702,2.718,75.667,56.554,1818.075,153.26,23.843,77.327,292,58.38,28.317,Normal,0,0
A034,2025-01-02 10:00:00,A034-BAT,Battery,72.531,2.615,77.118,52.622,1634.545,152.195,24.23,75.864,411,54.13,30.108,Normal,0,0
A034,2025-01-02 12:00:00,A034-BAT,Battery,73.771,2.542,80.828,57.66,1821.01,146.672,23.888,73.653,449,54.425,38.224,Normal,0,0
A034,2025-01-02 15:00:00,A034-BAT,Battery,72.89,2.173,78.242,52.491,1879.812,149.119,24.203,75.739,517,60.903,31.025,Normal,0,0
A034,2025-01-03 03:00:00,A034-BAT,Battery,74.988,2.637,74.128,56.787,1914.672,152.432,23.984,79.644,337,45.365,30.467,Normal,0,0
A034,2025-01-03 08:00:00,A034-BAT,Battery,70.808,2.151,77.082,54.497,1825.225,152.306,23.76,77.351,221,64.805,27.184,Normal,0,1
A034,2025-01-03 10:00:00,A034-BAT,Battery,73.944,2.141,77.512,55.709,1837.76,148.893,23.671,77.284,168,62.726,29.631,Normal,0,0
A034,2025-01-03 15:00:00,A034-BAT,Battery,76.491,2.714,74.291,54.129,1949.472,152.737,24.546,79.355,333,32.809,35.788,Normal,0,0
A034,2025-01-03 20:00:00,A034-BAT,Battery,73.092,2.492,78.115,56.537,1765.524,146.746,24.312,74.929,183,47.107,36.385,Normal,0,0
A034,2025-01-04 01:00:00,A034-BAT,Battery,78.235,2.688,78.525,53.303,1722.445,140.274,23.66,77.205,337,52.63,29.955,Normal,0,1
A034,2025-01-04 09:00:00,A034-BAT,Battery,73.446,2.61,78.254,58.21,1856.098,149.269,23.617,75.38,395,53.811,27.916,Normal,0,0
A034,2025-01-04 12:00:00,A034-BAT,Battery,71.695,2.168,80.691,53.011,1759.287,150.582,23.995,77.616,341,57.234,34.002,Normal,0,1
A034,2025-01-04 14:00:00,A034-BAT,Battery,77.884,2.806,76.599,52.454,1705.029,147.94,23.784,73.299,452,62.945,31.574,Normal,0,0
A034,2025-01-04 19:00:00,A034-BAT,Battery,71.211,2.496,78.491,50.398,1876.373,154.646,23.185,79.025,407,62.505,40.973,Normal,0,0
A034,2025-01-05 02:00:00,A034-BAT,Battery,77.291,2.643,77.857,52.839,1717.372,143.003,23.348,78.696,312,52.119,34.291,Normal,0,0
A034,2025-01-05 06:00:00,A034-BAT,Battery,78.36,2.344,74.537,54.515,1814.864,155.014,24.009,77.546,350,52.503,18.082,Normal,0,0
A034,2025-01-05 08:00:00,A034-BAT,Battery,70.796,2.368,77.972,54.665,1735.217,151.998,23.769,80.167,318,65.218,28.187,Normal,0,0
A034,2025-01-05 15:00:00,A034-BAT,Battery,72.824,2.092,77.1,55.169,1824.115,150.982,23.86,75.371,442,69.202,12.431,Normal,0,0
A034,2025-01-05 19:00:00,A034-BAT,Battery,76.631,3.17,75.686,50.723,1741.58,139.109,23.314,78.287,530,66.89,26.3,Normal,0,0
A034,2025-01-06 06:00:00,A034-BAT,Battery,75.759,2.763,76.28,54.801,1646.151,156.239,23.575,78.804,415,54.207,35.568,Normal,0,0
A034,2025-01-06 07:00:00,A034-BAT,Battery,74.876,2.59,76.399,55.45,1888.903,145.707,23.976,76.441,606,65.985,29.362,Normal,0,0
A034,2025-01-07 00:00:00,A034-BAT,Battery,75.932,2.458,76.374,55.211,1890.809,146.056,23.981,78.099,619,56.936,25.032,Normal,0,1
A034,2025-01-07 05:00:00,A034-BAT,Battery,93.914,6.623,69.846,53.493,1844.613,144.818,23.906,77.38,583,43.02,25.633,Warning,1,0
A034,2025-01-07 07:00:00,A034-BAT,Battery,77.904,2.896,76.125,54.467,1692.444,143.85,23.914,79.725,468,53.937,28.636,Normal,0,0
A034,2025-01-07 11:00:00,A034-BAT,Battery,73.37,2.454,73.721,53.668,1783.819,145.433,23.828,77.926,620,53.973,24.784,Normal,0,0
A034,2025-01-07 15:00:00,A034-BAT,Battery,77.057,2.867,77.802,57.869,1707.031,152.283,23.966,75.445,567,63.386,38.089,Normal,0,1
A034,2025-01-07 18:00:00,A034-BAT,Battery,92.27,5.233,62.966,55.436,1901.458,127.455,24.133,78.683,361,57.842,30.228,Warning,1,0
A034,2025-01-07 23:00:00,A034-BAT,Battery,75.28,2.221,76.42,55.212,1782.782,145.941,23.782,79.787,398,62.27,20.005,Normal,0,0
A034,2025-01-08 00:00:00,A034-BAT,Battery,78.492,3.036,76.746,52.628,1779.26,144.062,23.221,80.236,318,43.479,28.624,Normal,0,0
A034,2025-01-08 04:00:00,A034-BAT,Battery,77.677,3.101,77.867,52.473,1772.18,144.639,23.195,82.193,360,56.061,26.48,Normal,0,0
A034,2025-01-08 09:00:00,A034-BAT,Battery,75.502,2.519,75.582,54.751,1769.56,147.687,23.685,78.317,439,52.662,43.08,Normal,0,0
A034,2025-01-08 11:00:00,A034-BAT,Battery,75.582,2.717,73.699,52.637,1800.819,145.094,23.204,78.403,671,65.742,25.754,Normal,0,0
A034,2025-01-08 12:00:00,A034-BAT,Battery,78.275,2.625,78.452,56.768,1828.024,145.301,23.423,81.011,652,52.743,32.308,Normal,0,0
A034,2025-01-08 14:00:00,A034-BAT,Battery,77.44,2.727,70.429,52.677,1754.906,141.987,23.897,77.937,317,58.193,38.078,Normal,0,0
A034,2025-01-08 18:00:00,A034-BAT,Battery,77.441,3.279,76.132,54.505,1685.629,150.941,22.81,78.563,366,66.017,34.713,Normal,0,1
A034,2025-01-08 21:00:00,A034-BAT,Battery,84.63,5.818,66.505,52.362,1767.012,147.345,23.418,80.946,489,56.706,23.908,Warning,1,1
A034,2025-01-08 22:00:00,A034-BAT,Battery,84.121,5.188,62.039,50.024,1772.308,128.43,23.542,80.27,321,62.219,25.372,Warning,1,0
A034,2025-01-08 23:00:00,A034-BAT,Battery,81.015,3.443,74.671,56.341,1717.106,145.81,22.831,81.748,527,53.554,27.004,Normal,0,0
A034,2025-01-09 07:00:00,A034-BAT,Battery,75.62,3.56,74.295,56.574,1753.738,148.814,23.603,80.786,667,62.211,28.771,Normal,0,0
A034,2025-01-09 10:00:00,A034-BAT,Battery,78.406,2.726,73.816,52.101,1592.672,150.345,23.455,79.497,519,70.118,30.564,Normal,0,1
A034,2025-01-09 11:00:00,A034-BAT,Battery,77.253,2.935,77.194,52.886,1897.88,143.54,23.813,79.86,694,67.452,29.758,Normal,0,0
A034,2025-01-09 14:00:00,A034-BAT,Battery,77.304,2.709,77.427,56.661,1799.282,147.952,23.379,79.582,417,63.255,35.562,Normal,0,0
A034,2025-01-09 18:00:00,A034-BAT,Battery,75.544,2.55,75.716,56.031,1790.102,142.346,23.877,76.415,411,64.137,28.093,Normal,0,0
A034,2025-01-09 22:00:00,A034-BAT,Battery,81.495,2.809,70.787,51.894,1843.169,149.706,23.791,79.711,324,73.047,28.712,Normal,0,0
A034,2025-01-10 01:00:00,A034-BAT,Battery,82.355,3.511,71.247,55.183,1761.186,150.983,23.654,79.688,547,53.9,28.387,Normal,0,0
A034,2025-01-10 03:00:00,A034-BAT,Battery,79.784,3.758,77.536,55.945,1866.289,146.901,23.814,81.773,428,81.753,31.706,Normal,0,0
A034,2025-01-10 04:00:00,A034-BAT,Battery,75.766,3.64,73.431,54.907,1590.472,147.465,23.411,81.097,631,50.959,30.757,Normal,0,1
A034,2025-01-10 06:00:00,A034-BAT,Battery,80.356,3.68,72.18,54.556,1875.799,148.378,23.753,80.542,400,57.974,23.241,Normal,0,0
A034,2025-01-10 10:00:00,A034-BAT,Battery,81.195,1.954,71.138,55.037,1680.741,148.198,23.138,78.66,606,51.747,27.132,Normal,0,0
A034,2025-01-10 17:00:00,A034-BAT,Battery,74.233,2.89,74.992,55.567,1830.959,151.421,23.57,80.652,726,52.922,31.1,Normal,0,1
A034,2025-01-10 18:00:00,A034-BAT,Battery,81.119,2.467,78.032,53.95,1737.357,148.589,23.791,82.744,407,62.814,37.562,Normal,0,1
A034,2025-01-10 21:00:00,A034-BAT,Battery,77.69,3.429,73.735,53.956,1794.375,150.443,23.954,78.784,686,67.022,35.736,Normal,0,0
A034,2025-01-11 06:00:00,A034-BAT,Battery,79.074,3.387,71.914,52.206,1904.118,146.233,23.135,81.942,508,64.457,27.481,Normal,0,0
A034,2025-01-11 09:00:00,A034-BAT,Battery,76.816,2.737,73.478,53.242,1835.514,147.236,23.33,80.465,440,66.156,32.643,Normal,0,0
A034,2025-01-11 10:00:00,A034-BAT,Battery,79.913,3.594,75.986,51.535,1898.548,146.911,23.115,80.307,612,57.134,33.706,Normal,0,0
A034,2025-01-11 14:00:00,A034-BAT,Battery,80.369,3.315,75.871,54.039,1720.972,146.136,22.686,81.132,742,61.063,33.506,Normal,0,1
A034,2025-01-11 16:00:00,A034-BAT,Battery,79.782,3.186,74.155,53.876,1844.728,150.768,23.809,82.816,726,54.479,39.189,Normal,0,0
A034,2025-01-11 20:00:00,A034-BAT,Battery,73.743,3.303,71.206,54.275,1737.792,151.321,22.753,84.602,622,67.557,25.884,Normal,0,0
A034,2025-01-12 00:00:00,A034-BAT,Battery,82.977,3.348,78.203,53.524,1892.267,151.428,23.188,80.694,673,63.75,41.742,Normal,0,1
A034,2025-01-12 14:00:00,A034-BAT,Battery,82.761,2.686,74.387,53.241,1740.615,143.283,24.061,82.15,757,73.888,30.581,Normal,0,0
A034,2025-01-12 17:00:00,A034-BAT,Battery,79.885,2.806,78.808,52.244,1854.413,142.696,22.703,78.959,714,62.367,32.64,Normal,0,0
A034,2025-01-12 21:00:00,A034-BAT,Battery,81.69,3.334,72.431,54.472,1850.983,153.066,22.774,81.186,688,59.199,31.694,Normal,0,1
A034,2025-01-12 22:00:00,A034-BAT,Battery,83.237,3.033,75.592,53.146,1859.543,150.005,23.079,80.306,451,58.894,38.378,Normal,0,0
A034,2025-01-13 00:00:00,A034-BAT,Battery,82.562,3.517,74.898,52.597,1718.013,146.4,22.964,88.135,435,62.446,36.693,Normal,0,0
A034,2025-01-13 13:00:00,A034-BAT,Battery,82.641,3.443,68.407,55.819,1664.109,143.232,23.511,83.018,499,51.043,30.403,Normal,0,0
A034,2025-01-13 16:00:00,A034-BAT,Battery,82.842,4.442,68.321,52.87,1873.829,149.595,23.456,80.951,612,64.227,35.278,Warning,1,1
A034,2025-01-13 22:00:00,A034-BAT,Battery,81.304,3.593,68.828,51.317,1769.856,149.017,22.979,82.195,617,81.89,32.777,Warning,1,0
A034,2025-01-14 01:00:00,A034-BAT,Battery,79.137,3.717,68.043,53.568,1949.429,147.839,23.18,83.987,439,66.76,31.171,Warning,1,1
A034,2025-01-14 02:00:00,A034-BAT,Battery,81.877,3.045,70.535,51.388,1761.717,145.993,22.409,85.154,473,72.953,29.499,Warning,1,0
A034,2025-01-14 04:00:00,A034-BAT,Battery,84.564,3.813,69.946,49.873,1822.668,138.224,22.983,86.01,433,58.693,21.684,Warning,1,0
A034,2025-01-14 06:00:00,A034-BAT,Battery,77.896,4.086,72.045,54.876,1783.693,147.854,23.657,87.432,697,73.262,26.707,Warning,1,0
A034,2025-01-14 07:00:00,A034-BAT,Battery,82.766,3.369,71.524,50.808,1902.555,145.319,23.227,82.0,665,66.211,32.408,Warning,1,0
A034,2025-01-14 08:00:00,A034-BAT,Battery,77.415,3.518,70.916,51.225,2027.306,145.509,22.529,82.681,633,66.386,28.769,Normal,0,1
A034,2025-01-14 10:00:00,A034-BAT,Battery,83.828,3.752,70.598,52.99,1851.468,143.734,23.243,85.984,452,65.26,28.073,Warning,1,1
A034,2025-01-14 11:00:00,A034-BAT,Battery,83.235,3.394,72.892,48.583,1813.454,151.671,22.895,83.899,705,65.589,35.754,Warning,1,0
A034,2025-01-14 14:00:00,A034-BAT,Battery,80.506,3.563,76.272,53.324,1843.378,148.247,22.891,85.959,487,78.164,37.396,Warning,1,0
A034,2025-01-14 19:00:00,A034-BAT,Battery,81.582,3.322,71.775,53.426,1803.272,152.152,23.48,80.975,593,66.911,25.832,Warning,1,0
A034,2025-01-14 20:00:00,A034-BAT,Battery,85.041,3.37,78.499,54.049,1872.504,137.056,22.607,85.971,737,68.951,30.301,Warning,1,1
A034,2025-01-14 21:00:00,A034-BAT,Battery,83.488,3.46,69.813,53.642,1778.487,145.564,23.181,85.36,489,76.688,38.013,Warning,1,1
A034,2025-01-15 01:00:00,A034-BAT,Battery,86.212,3.359,72.601,49.975,1845.182,148.173,22.776,83.598,809,72.343,36.697,Warning,1,0
A034,2025-01-15 05:00:00,A034-BAT,Battery,81.499,3.864,71.815,55.26,1802.665,146.392,23.072,80.61,513,57.261,33.839,Warning,1,0
A034,2025-01-15 08:00:00,A034-BAT,Battery,82.738,3.299,69.462,53.75,1933.087,151.881,22.766,83.727,659,79.67,24.564,Warning,1,1
A034,2025-01-15 10:00:00,A034-BAT,Battery,82.254,3.802,73.757,51.929,1864.79,144.952,23.024,86.104,453,67.451,23.224,Warning,1,0
A034,2025-01-15 11:00:00,A034-BAT,Battery,86.155,3.696,70.464,53.163,1841.624,143.395,22.623,81.537,581,59.771,21.921,Warning,1,1
A034,2025-01-16 00:00:00,A034-BAT,Battery,79.53,3.477,70.697,50.325,1751.29,144.796,23.462,88.149,775,77.503,24.911,Warning,1,1
A034,2025-01-16 09:00:00,A034-BAT,Battery,82.146,4.138,71.686,53.572,1630.106,144.237,22.498,82.934,717,71.582,30.688,Warning,1,1
A034,2025-01-16 10:00:00,A034-BAT,Battery,82.493,3.872,69.59,54.752,1895.027,141.625,22.976,86.055,630,74.634,35.629,Warning,1,1
A034,2025-01-16 18:00:00,A034-BAT,Battery,81.842,3.581,68.743,50.514,1826.573,146.059,22.239,85.308,851,76.885,33.443,Warning,1,1
A034,2025-01-16 19:00:00,A034-BAT,Battery,81.661,2.554,71.401,53.693,1705.009,147.304,22.894,84.223,568,67.936,38.343,Warning,1,0
A034,2025-01-17 00:00:00,A034-BAT,Battery,81.758,3.572,68.489,52.412,1705.21,145.247,22.206,85.506,524,76.563,35.734,Warning,1,1
A034,2025-01-17 03:00:00,A034-BAT,Battery,85.242,2.998,72.186,54.31,1733.828,141.408,22.655,81.826,694,77.542,28.335,Warning,1,0
A034,2025-01-17 05:00:00,A034-BAT,Battery,83.839,3.499,68.909,51.917,1826.349,144.036,23.337,81.148,856,65.516,22.974,Warning,1,0
A034,2025-01-17 06:00:00,A034-BAT,Battery,81.908,3.376,70.163,50.03,1852.473,144.271,22.748,82.668,702,64.597,27.431,Warning,1,1
A034,2025-01-17 11:00:00,A034-BAT,Battery,83.05,3.535,73.128,52.632,1848.09,147.849,23.387,82.125,720,65.147,29.423,Warning,1,1
A034,2025-01-17 14:00:00,A034-BAT,Battery,83.474,3.603,74.357,53.664,1762.394,144.339,22.83,84.398,557,74.616,33.188,Warning,1,1
A035,2025-01-01 07:00:00,A035-BAT,Battery,71.881,2.82,81.888,55.95,1746.735,145.223,23.784,73.814,166,68.785,29.081,Normal,0,0
A035,2025-01-01 09:00:00,A035-BAT,Battery,73.813,2.006,77.905,54.948,1850.715,154.742,23.95,73.492,134,49.786,34.477,Normal,0,0
A035,2025-01-01 16:00:00,A035-BAT,Battery,75.542,1.76,79.671,57.129,1786.259,149.67,24.078,74.682,302,50.854,35.593,Normal,0,0
A035,2025-01-01 22:00:00,A035-BAT,Battery,74.433,2.697,76.76,51.664,1766.028,152.157,24.011,75.383,335,56.19,26.091,Normal,0,0
A035,2025-01-02 05:00:00,A035-BAT,Battery,77.846,2.845,75.38,53.516,1772.002,154.297,24.354,77.349,405,54.341,31.523,Normal,0,0
A035,2025-01-02 14:00:00,A035-BAT,Battery,74.594,2.33,78.704,57.342,1617.362,149.442,24.308,74.261,366,43.196,26.043,Normal,0,0
A035,2025-01-02 17:00:00,A035-BAT,Battery,68.972,2.319,76.638,52.738,1833.704,147.835,23.321,79.117,303,42.947,21.432,Normal,0,0
A035,2025-01-02 22:00:00,A035-BAT,Battery,72.45,2.427,80.998,54.429,1839.93,150.774,24.166,77.458,395,54.032,27.727,Normal,0,0
A035,2025-01-03 07:00:00,A035-BAT,Battery,74.3,3.067,80.43,54.295,1979.689,151.252,23.27,76.236,380,58.088,28.124,Normal,0,0
A035,2025-01-03 10:00:00,A035-BAT,Battery,69.929,2.395,78.243,56.07,1781.94,138.256,23.568,79.154,328,49.936,27.775,Normal,0,0
A035,2025-01-03 23:00:00,A035-BAT,Battery,68.734,2.215,76.265,56.669,1773.394,153.635,23.281,75.671,517,60.232,36.673,Normal,0,0
A035,2025-01-04 03:00:00,A035-BAT,Battery,75.45,2.729,71.674,54.804,1721.828,146.095,23.462,77.571,532,59.667,20.17,Normal,0,0
A035,2025-01-04 07:00:00,A035-BAT,Battery,73.899,2.923,77.979,55.616,1582.369,152.912,23.946,79.278,191,64.114,23.0,Normal,0,1
A035,2025-01-04 08:00:00,A035-BAT,Battery,73.994,3.396,72.572,53.586,1822.497,149.906,23.659,78.178,562,76.942,27.879,Normal,0,0
A035,2025-01-04 09:00:00,A035-BAT,Battery,76.725,2.963,77.938,58.8,1655.876,151.644,23.396,77.424,239,52.565,31.956,Normal,0,0
A035,2025-01-04 13:00:00,A035-BAT,Battery,75.574,2.325,74.271,54.215,1891.627,154.463,24.02,82.044,487,55.919,27.05,Normal,0,0
A035,2025-01-04 21:00:00,A035-BAT,Battery,77.287,3.427,76.281,54.875,1929.593,149.082,23.851,77.589,259,48.793,30.22,Normal,0,0
A035,2025-01-05 07:00:00,A035-BAT,Battery,78.959,2.879,76.567,48.972,1753.235,154.089,23.285,76.144,478,62.216,33.843,Normal,0,0
A035,2025-01-05 09:00:00,A035-BAT,Battery,75.724,3.112,72.772,52.308,1827.75,144.283,22.807,76.654,238,51.81,32.771,Normal,0,0
A035,2025-01-05 13:00:00,A035-BAT,Battery,84.854,5.792,61.929,55.862,1902.635,134.168,23.758,81.133,447,53.056,28.772,Warning,1,0
A035,2025-01-05 23:00:00,A035-BAT,Battery,73.812,2.63,77.24,53.954,1869.06,146.803,23.975,75.348,378,66.63,21.894,Normal,0,0
A035,2025-01-06 02:00:00,A035-BAT,Battery,80.031,2.512,73.156,53.204,1775.884,145.107,23.794,79.142,442,56.696,29.946,Normal,0,0
A035,2025-01-06 07:00:00,A035-BAT,Battery,71.072,2.549,76.478,51.955,1899.01,144.538,23.731,75.898,501,61.633,21.0,Normal,0,0
A035,2025-01-06 08:00:00,A035-BAT,Battery,78.348,2.838,77.522,52.711,1900.313,152.314,23.714,79.69,231,55.315,30.299,Normal,0,1
A035,2025-01-06 09:00:00,A035-BAT,Battery,76.626,2.216,76.184,51.869,1669.055,147.769,23.929,77.461,534,60.82,32.375,Normal,0,0
A035,2025-01-06 14:00:00,A035-BAT,Battery,73.276,2.514,71.0,55.682,1627.408,148.525,23.996,72.974,360,48.594,24.702,Normal,0,0
A035,2025-01-06 21:00:00,A035-BAT,Battery,80.568,2.759,72.718,56.639,1904.522,151.513,23.221,80.773,409,57.929,25.742,Normal,0,0
A035,2025-01-07 01:00:00,A035-BAT,Battery,72.383,2.994,76.678,53.641,1931.182,146.324,23.006,79.774,277,63.784,24.572,Normal,0,0
A035,2025-01-07 02:00:00,A035-BAT,Battery,76.467,2.916,78.288,58.157,1793.369,142.386,24.059,76.747,263,68.895,32.362,Normal,0,0
A035,2025-01-07 03:00:00,A035-BAT,Battery,79.361,2.839,79.876,55.417,1807.102,145.701,23.937,77.935,328,52.622,31.577,Normal,0,0
A035,2025-01-07 08:00:00,A035-BAT,Battery,74.336,3.552,75.951,55.285,1829.998,149.339,23.78,79.602,576,67.823,23.358,Normal,0,0
A035,2025-01-07 09:00:00,A035-BAT,Battery,76.196,2.911,74.443,54.012,1912.443,153.702,23.464,74.782,448,52.362,37.827,Normal,0,0
A035,2025-01-07 10:00:00,A035-BAT,Battery,76.55,2.423,75.568,52.673,1888.439,144.309,23.687,76.66,296,68.825,24.896,Normal,0,1
A035,2025-01-07 16:00:00,A035-BAT,Battery,77.54,2.927,76.764,51.988,1785.658,148.451,23.669,80.682,389,48.983,32.657,Normal,0,1
A035,2025-01-07 17:00:00,A035-BAT,Battery,73.873,2.998,73.19,53.196,1755.351,144.538,22.851,78.678,628,59.557,32.263,Normal,0,0
A035,2025-01-07 20:00:00,A035-BAT,Battery,74.842,2.897,73.844,56.418,1749.228,152.612,23.51,79.08,340,72.47,27.267,Normal,0,1
A035,2025-01-07 21:00:00,A035-BAT,Battery,76.107,3.42,72.825,55.453,1937.452,150.046,23.69,77.344,458,50.89,31.169,Normal,0,0
A035,2025-01-08 02:00:00,A035-BAT,Battery,87.161,6.614,62.814,54.572,1653.794,131.063,24.553,74.865,368,54.792,35.085,Warning,1,1
A035,2025-01-08 07:00:00,A035-BAT,Battery,94.862,5.2,65.023,50.789,1890.474,143.615,23.91,81.254,276,66.18,33.091,Warning,1,1
A035,2025-01-08 08:00:00,A035-BAT,Battery,75.067,3.3,73.875,55.008,1809.78,146.565,24.028,79.371,398,68.324,26.219,Normal,0,0
A035,2025-01-08 09:00:00,A035-BAT,Battery,73.61,2.946,75.056,52.072,1770.337,149.353,22.923,78.879,610,65.437,35.869,Normal,0,0
A035,2025-01-08 10:00:00,A035-BAT,Battery,77.072,2.494,72.645,57.732,1906.569,153.846,23.635,78.659,381,52.071,30.008,Normal,0,0
A035,2025-01-08 11:00:00,A035-BAT,Battery,81.218,2.685,74.901,52.082,1832.251,153.47,24.008,81.551,320,52.411,31.982,Normal,0,0
A035,2025-01-08 17:00:00,A035-BAT,Battery,76.552,2.787,77.054,54.166,1848.8,140.964,23.062,79.094,495,59.263,26.441,Normal,0,0
A035,2025-01-08 22:00:00,A035-BAT,Battery,78.152,3.291,77.964,51.232,1736.765,146.656,23.253,82.789,377,59.291,25.519,Normal,0,0
A035,2025-01-09 02:00:00,A035-BAT,Battery,77.473,2.301,75.861,54.344,1929.01,144.804,23.569,79.584,387,65.449,28.297,Normal,0,0
A035,2025-01-09 04:00:00,A035-BAT,Battery,79.144,3.416,74.815,53.945,1819.353,144.731,23.336,79.858,473,47.856,30.25,Normal,0,0
A035,2025-01-09 05:00:00,A035-BAT,Battery,80.569,2.507,72.295,55.513,1685.24,151.645,23.065,79.933,638,49.775,38.025,Normal,0,0
A035,2025-01-09 06:00:00,A035-BAT,Battery,74.741,3.157,74.951,52.359,1878.567,143.849,23.229,77.371,475,60.547,34.354,Normal,0,0
A035,2025-01-09 16:00:00,A035-BAT,Battery,81.283,2.962,76.318,54.426,1798.315,148.085,23.403,80.891,445,65.744,32.712,Normal,0,0
A035,2025-01-10 01:00:00,A035-BAT,Battery,77.505,3.267,73.377,55.282,1692.293,153.118,23.735,82.004,564,63.635,26.008,Normal,0,0
A035,2025-01-10 05:00:00,A035-BAT,Battery,75.893,2.87,73.426,53.323,1768.107,152.737,23.556,84.91,470,78.127,23.446,Normal,0,0
A035,2025-01-10 13:00:00,A035-BAT,Battery,80.09,3.549,75.052,58.966,1842.642,135.699,22.917,78.325,630,45.786,31.024,Normal,0,0
A035,2025-01-10 16:00:00,A035-BAT,Battery,86.343,3.249,73.124,54.936,1751.579,144.598,22.929,82.625,583,84.037,19.088,Warning,1,0
A035,2025-01-10 17:00:00,A035-BAT,Battery,77.511,2.878,75.933,51.238,1628.041,144.879,23.076,81.13,521,60.112,28.355,Normal,0,1
A035,2025-01-10 22:00:00,A035-BAT,Battery,78.415,2.648,71.204,51.819,1891.991,148.415,23.681,81.114,449,55.574,33.442,Normal,0,0
A035,2025-01-11 06:00:00,A035-BAT,Battery,79.729,3.654,75.254,53.662,1856.091,151.337,22.596,81.623,348,62.314,35.008,Normal,0,0
A035,2025-01-11 08:00:00,A035-BAT,Battery,81.763,3.706,74.78,56.186,1701.333,149.467,23.797,76.833,687,68.2,27.46,Normal,0,0
A035,2025-01-11 21:00:00,A035-BAT,Battery,79.561,3.379,73.042,50.671,2048.142,150.378,23.42,82.385,372,78.477,34.671,Warning,1,0
A035,2025-01-11 22:00:00,A035-BAT,Battery,81.648,3.615,73.837,51.413,1765.339,151.282,23.285,82.218,713,85.333,33.292,Warning,1,0
A035,2025-01-12 01:00:00,A035-BAT,Battery,80.094,2.567,75.394,51.131,1750.217,138.323,23.251,86.747,707,67.118,25.995,Normal,0,1
A035,2025-01-12 09:00:00,A035-BAT,Battery,82.802,3.651,70.008,53.692,1972.302,149.746,23.234,83.624,724,56.148,25.732,Normal,0,1
A035,2025-01-12 13:00:00,A035-BAT,Battery,82.701,3.595,74.423,53.546,1694.415,145.984,23.422,81.528,583,66.744,22.041,Normal,0,0
A035,2025-01-12 20:00:00,A035-BAT,Battery,79.798,3.921,70.531,55.05,1829.711,139.608,22.885,82.158,720,55.299,30.167,Normal,0,0
A035,2025-01-12 23:00:00,A035-BAT,Battery,82.295,3.48,70.421,51.43,1811.223,145.969,22.989,82.054,754,64.7,31.817,Warning,1,1
A035,2025-01-13 00:00:00,A035-BAT,Battery,78.319,3.095,68.03,55.652,1814.27,143.388,22.884,78.91,500,54.288,31.855,Normal,0,1
A035,2025-01-13 01:00:00,A035-BAT,Battery,78.737,3.346,66.579,52.407,1766.46,140.078,22.503,83.015,419,57.203,39.693,Normal,0,0
A035,2025-01-13 07:00:00,A035-BAT,Battery,79.729,3.568,74.975,50.576,1944.161,147.812,22.849,81.063,548,73.982,27.044,Warning,1,0
A035,2025-01-13 09:00:00,A035-BAT,Battery,82.716,2.875,65.241,50.516,1729.921,145.649,22.956,83.643,545,62.86,29.451,Warning,1,0
A035,2025-01-13 17:00:00,A035-BAT,Battery,80.553,3.38,76.028,55.598,1766.719,151.49,23.053,83.997,581,66.515,36.847,Normal,0,1
A035,2025-01-14 00:00:00,A035-BAT,Battery,79.58,3.743,67.466,56.356,1635.905,141.612,23.067,81.801,781,65.579,26.479,Warning,1,1
A035,2025-01-14 04:00:00,A035-BAT,Battery,88.067,3.12,71.151,54.262,1844.375,140.68,22.625,81.153,688,59.879,26.951,Warning,1,0
A035,2025-01-14 05:00:00,A035-BAT,Battery,79.538,3.076,70.603,50.235,1815.801,150.749,23.024,80.987,532,66.976,26.169,Warning,1,1
A035,2025-01-14 07:00:00,A035-BAT,Battery,78.407,2.892,72.406,55.492,1933.23,143.751,22.907,80.784,451,71.817,36.007,Normal,0,1
A035,2025-01-14 16:00:00,A035-BAT,Battery,82.509,3.452,69.251,50.888,1884.211,145.937,23.161,85.26,790,58.8,35.147,Warning,1,0
A035,2025-01-14 17:00:00,A035-BAT,Battery,81.965,3.509,68.269,57.672,1755.006,138.109,22.958,81.693,813,74.978,25.483,Warning,1,1
A035,2025-01-15 00:00:00,A035-BAT,Battery,78.654,3.496,75.318,50.538,1669.416,148.034,23.158,84.955,553,78.388,32.252,Warning,1,1
A035,2025-01-15 02:00:00,A035-BAT,Battery,83.719,3.912,71.263,55.262,1989.211,151.23,23.382,80.208,670,79.73,26.468,Warning,1,1
A035,2025-01-15 09:00:00,A035-BAT,Battery,80.73,3.685,70.887,51.824,1792.511,142.63,22.591,84.777,495,74.397,26.964,Warning,1,0
A035,2025-01-15 11:00:00,A035-BAT,Battery,82.908,4.029,67.957,52.416,1871.799,140.403,22.79,82.798,503,76.3,34.374,Warning,1,0
A035,2025-01-15 23:00:00,A035-BAT,Battery,82.363,3.687,69.929,51.944,1944.13,147.234,22.528,81.293,664,82.931,25.753,Warning,1,0
A035,2025-01-16 00:00:00,A035-BAT,Battery,81.274,3.649,69.566,54.43,1767.358,146.218,22.337,82.901,836,75.113,24.847,Warning,1,1
A035,2025-01-16 03:00:00,A035-BAT,Battery,84.481,3.991,72.082,51.99,1790.104,146.882,22.286,86.127,814,77.699,35.795,Warning,1,1
A035,2025-01-16 04:00:00,A035-BAT,Battery,83.207,3.683,70.359,51.546,1714.176,145.927,22.948,85.224,757,80.052,33.405,Warning,1,0
A035,2025-01-16 05:00:00,A035-BAT,Battery,81.394,4.374,72.267,54.23,1914.073,147.924,23.046,84.813,574,66.649,33.572,Warning,1,0
A035,2025-01-16 07:00:00,A035-BAT,Battery,85.264,3.251,73.765,52.119,1817.363,143.534,22.734,82.019,844,81.795,29.304,Warning,1,1
A035,2025-01-16 14:00:00,A035-BAT,Battery,83.487,3.432,67.397,55.651,1841.521,143.551,23.72,84.675,612,70.356,22.918,Warning,1,0
A035,2025-01-16 17:00:00,A035-BAT,Battery,102.627,5.707,68.102,54.299,1858.197,133.069,22.466,83.719,484,66.452,19.601,Warning,1,1
A035,2025-01-16 23:00:00,A035-BAT,Battery,83.528,3.211,65.523,52.494,1814.535,143.825,23.181,83.381,631,77.583,33.727,Warning,1,1
A035,2025-01-17 02:00:00,A035-BAT,Battery,78.887,3.885,68.14,53.955,1799.174,136.101,22.755,83.584,826,82.727,30.722,Warning,1,1
A035,2025-01-17 03:00:00,A035-BAT,Battery,81.457,3.473,67.763,50.863,1671.622,144.468,22.557,84.573,680,79.905,30.665,Warning,1,0
A035,2025-01-17 07:00:00,A035-BAT,Battery,80.154,3.872,66.282,52.174,1794.585,146.612,22.835,84.676,685,64.055,46.655,Warning,1,1
A036,2025-01-01 06:00:00,A036-BAT,Battery,75.592,2.309,76.016,54.385,1731.339,148.436,23.84,73.653,164,53.195,18.655,Normal,0,0
A036,2025-01-01 11:00:00,A036-BAT,Battery,67.084,2.339,77.761,55.437,1828.288,156.166,24.281,75.183,265,51.047,24.709,Normal,0,0
A036,2025-01-01 13:00:00,A036-BAT,Battery,69.354,2.045,81.823,54.897,1731.011,158.326,23.405,73.761,340,63.769,22.477,Normal,0,0
A036,2025-01-01 16:00:00,A036-BAT,Battery,76.072,2.478,78.294,55.086,1615.095,151.173,23.815,73.969,411,44.174,24.279,Normal,0,0
A036,2025-01-01 17:00:00,A036-BAT,Battery,69.341,2.053,80.578,54.374,1695.146,145.667,23.701,71.457,376,46.053,20.455,Normal,0,0
A036,2025-01-01 22:00:00,A036-BAT,Battery,74.14,2.2,78.631,52.312,1701.668,155.059,24.43,72.744,132,57.517,34.981,Normal,0,0
A036,2025-01-02 05:00:00,A036-BAT,Battery,72.664,2.466,75.801,52.991,1701.6,149.247,23.985,75.828,219,43.413,23.156,Normal,0,0
A036,2025-01-02 07:00:00,A036-BAT,Battery,69.552,2.658,76.095,54.762,1742.038,150.784,24.258,77.085,154,52.616,23.355,Normal,0,0
A036,2025-01-02 13:00:00,A036-BAT,Battery,68.942,2.012,79.783,49.351,1768.327,154.789,23.785,82.323,311,48.22,29.037,Normal,0,1
A036,2025-01-02 19:00:00,A036-BAT,Battery,75.619,2.728,80.523,57.623,1691.272,157.259,24.297,73.599,524,62.514,35.695,Normal,0,0
A036,2025-01-03 00:00:00,A036-BAT,Battery,72.848,1.989,81.052,52.406,1883.49,146.21,23.312,74.282,456,50.108,22.727,Normal,0,0
A036,2025-01-03 05:00:00,A036-BAT,Battery,69.788,2.371,78.684,53.918,1818.069,152.962,24.181,76.69,499,55.28,36.296,Normal,0,0
A036,2025-01-03 06:00:00,A036-BAT,Battery,76.206,2.098,73.909,54.249,1732.494,145.678,23.686,73.955,307,43.885,32.663,Normal,0,0
A036,2025-01-03 12:00:00,A036-BAT,Battery,73.535,2.336,81.491,53.446,1919.529,148.586,24.088,74.546,302,64.381,28.792,Normal,0,0
A036,2025-01-03 14:00:00,A036-BAT,Battery,74.907,1.828,79.179,55.106,1879.887,155.543,24.222,77.798,353,51.973,31.624,Normal,0,0
A036,2025-01-03 20:00:00,A036-BAT,Battery,72.417,2.255,73.384,54.729,1801.482,149.23,24.021,77.256,443,49.222,35.985,Normal,0,0
A036,2025-01-03 23:00:00,A036-BAT,Battery,71.672,2.242,78.319,52.336,1701.404,145.172,23.881,77.785,215,42.634,30.24,Normal,0,0
A036,2025-01-04 05:00:00,A036-BAT,Battery,69.23,1.817,77.524,54.522,1925.465,143.74,24.026,77.693,221,55.044,23.194,Normal,0,0
A036,2025-01-04 07:00:00,A036-BAT,Battery,69.006,2.154,81.363,54.241,1790.232,146.292,23.911,74.673,399,42.54,28.709,Normal,0,1
A036,2025-01-04 08:00:00,A036-BAT,Battery,72.333,2.136,76.669,58.18,1840.403,145.945,24.097,77.22,185,58.2,35.914,Normal,0,0
A036,2025-01-04 09:00:00,A036-BAT,Battery,72.306,2.344,78.288,56.145,1986.081,151.208,23.221,78.632,327,52.198,35.071,Normal,0,0
A036,2025-01-04 12:00:00,A036-BAT,Battery,74.269,2.614,76.489,59.707,1919.807,143.942,23.845,73.821,311,55.179,35.415,Normal,0,0
A036,2025-01-04 19:00:00,A036-BAT,Battery,72.02,3.067,80.751,53.6,1910.605,150.2,23.694,76.99,543,51.25,37.923,Normal,0,0
A036,2025-01-04 20:00:00,A036-BAT,Battery,76.557,1.959,79.474,55.113,1851.865,145.252,23.46,77.912,478,69.048,24.262,Normal,0,0
A036,2025-01-05 00:00:00,A036-BAT,Battery,70.724,2.768,76.437,54.096,1801.53,142.76,23.335,78.916,302,55.85,27.676,Normal,0,0
A036,2025-01-05 04:00:00,A036-BAT,Battery,71.184,1.941,78.016,58.261,1905.634,152.867,23.24,81.051,238,39.139,25.568,Normal,0,0
A036,2025-01-05 11:00:00,A036-BAT,Battery,69.367,2.909,76.664,53.85,1655.85,149.786,23.025,80.778,486,46.512,32.795,Normal,0,1
A036,2025-01-05 12:00:00,A036-BAT,Battery,71.377,3.196,73.887,55.343,1725.901,142.884,23.662,78.707,553,43.967,30.611,Normal,0,0
A036,2025-01-05 15:00:00,A036-BAT,Battery,75.397,3.061,81.77,52.906,1818.913,151.16,23.651,75.778,232,39.899,27.282,Normal,0,0
A036,2025-01-05 21:00:00,A036-BAT,Battery,77.78,2.643,78.912,53.817,1778.21,149.479,23.502,76.566,392,63.714,28.025,Normal,0,0
A036,2025-01-05 23:00:00,A036-BAT,Battery,74.026,2.936,76.359,52.05,1926.867,144.951,24.085,76.569,598,53.134,30.751,Normal,0,0
A036,2025-01-06 01:00:00,A036-BAT,Battery,72.786,2.238,74.377,51.548,1915.972,153.747,23.857,76.421,349,32.324,31.253,Normal,0,0
A036,2025-01-06 05:00:00,A036-BAT,Battery,75.329,2.363,79.724,53.926,1792.269,148.845,23.974,75.748,317,51.879,32.624,Normal,0,0
A036,2025-01-06 11:00:00,A036-BAT,Battery,75.407,2.343,77.569,56.598,1761.1,153.509,23.653,79.973,313,42.835,29.29,Normal,0,0
A036,2025-01-06 12:00:00,A036-BAT,Battery,73.713,2.428,78.337,54.635,1775.335,152.425,23.735,77.804,306,55.899,31.982,Normal,0,0
A036,2025-01-06 18:00:00,A036-BAT,Battery,75.659,2.843,75.735,56.382,1595.882,144.48,23.776,78.944,394,59.596,29.222,Normal,0,0
A036,2025-01-06 19:00:00,A036-BAT,Battery,71.18,2.676,78.285,53.016,1746.666,144.614,23.821,79.626,281,40.436,35.222,Normal,0,0
A036,2025-01-06 20:00:00,A036-BAT,Battery,69.619,2.976,83.292,55.395,1791.743,148.366,23.791,78.455,316,58.914,27.533,Normal,0,0
A036,2025-01-06 21:00:00,A036-BAT,Battery,74.741,3.198,80.933,54.568,1746.809,150.918,23.689,78.957,322,44.402,33.317,Normal,0,1
A036,2025-01-07 16:00:00,A036-BAT,Battery,73.962,2.262,76.721,51.204,1892.339,148.138,24.062,77.78,520,62.001,30.743,Normal,0,0
A036,2025-01-07 17:00:00,A036-BAT,Battery,77.53,2.966,75.065,52.77,2050.017,150.016,23.741,79.804,306,63.619,30.78,Normal,0,0
A036,2025-01-08 00:00:00,A036-BAT,Battery,68.81,3.383,79.191,50.388,1680.715,147.251,23.599,80.726,443,61.417,23.924,Normal,0,1
A036,2025-01-08 03:00:00,A036-BAT,Battery,73.018,2.936,71.819,54.947,1773.812,144.235,23.444,77.512,639,45.976,28.963,Normal,0,0
A036,2025-01-08 08:00:00,A036-BAT,Battery,80.044,2.791,74.188,51.268,1919.824,141.445,23.498,80.42,585,43.703,24.182,Normal,0,1
A036,2025-01-08 11:00:00,A036-BAT,Battery,72.806,2.637,72.456,50.801,1915.027,150.955,23.187,81.056,506,44.331,30.554,Normal,0,0
A036,2025-01-08 14:00:00,A036-BAT,Battery,77.47,2.796,74.991,51.328,1887.407,142.46,23.78,78.464,360,70.006,35.094,Normal,0,1
A036,2025-01-08 15:00:00,A036-BAT,Battery,76.179,2.762,78.6,53.791,1819.599,154.253,24.026,75.998,535,38.045,35.368,Normal,0,0
A036,2025-01-09 02:00:00,A036-BAT,Battery,89.203,5.535,65.911,48.68,1739.894,134.65,23.609,82.244,683,68.987,31.813,Warning,1,0
A036,2025-01-09 05:00:00,A036-BAT,Battery,75.813,2.549,75.532,55.247,1836.341,148.237,24.015,80.67,548,74.536,34.089,Normal,0,0
A036,2025-01-09 13:00:00,A036-BAT,Battery,79.228,2.914,72.202,52.097,1736.532,147.869,23.051,81.927,513,61.822,28.232,Normal,0,0
A036,2025-01-09 16:00:00,A036-BAT,Battery,78.781,3.067,79.913,50.917,1985.006,153.515,23.778,80.561,325,68.931,31.861,Normal,0,1
A036,2025-01-09 17:00:00,A036-BAT,Battery,74.726,2.882,72.927,51.96,1813.368,148.628,24.009,78.795,352,63.101,21.993,Normal,0,0
A036,2025-01-10 00:00:00,A036-BAT,Battery,78.192,2.737,74.065,55.853,1739.596,150.249,24.035,81.447,339,55.49,34.254,Normal,0,0
A036,2025-01-10 01:00:00,A036-BAT,Battery,76.485,2.151,77.96,50.712,1808.261,149.01,23.611,78.358,669,58.71,29.907,Normal,0,0
A036,2025-01-10 04:00:00,A036-BAT,Battery,75.918,2.902,74.165,56.046,1877.682,157.523,23.338,84.938,451,53.616,36.174,Normal,0,1
A036,2025-01-10 05:00:00,A036-BAT,Battery,79.109,2.938,70.031,52.877,1793.766,147.855,23.658,80.308,445,55.492,35.509,Normal,0,0
A036,2025-01-10 08:00:00,A036-BAT,Battery,73.358,2.609,82.971,54.943,1771.125,146.026,23.016,83.055,455,54.66,30.549,Normal,0,0
A036,2025-01-10 11:00:00,A036-BAT,Battery,75.75,2.702,72.529,54.985,1817.193,148.471,22.36,78.875,614,59.138,43.536,Normal,0,0
A036,2025-01-10 15:00:00,A036-BAT,Battery,79.383,3.316,73.986,55.338,1885.157,152.668,23.37,81.227,498,45.476,32.737,Normal,0,0
A036,2025-01-10 21:00:00,A036-BAT,Battery,73.783,2.995,70.133,51.9,1883.965,147.697,23.003,81.114,533,60.323,34.66,Normal,0,1
A036,2025-01-10 22:00:00,A036-BAT,Battery,74.829,2.784,69.683,58.354,1703.802,145.693,22.628,82.473,588,54.296,31.206,Normal,0,0
A036,2025-01-11 00:00:00,A036-BAT,Battery,79.635,3.348,68.998,52.404,1830.66,147.035,23.253,80.55,351,63.941,35.584,Normal,0,0
A036,2025-01-11 07:00:00,A036-BAT,Battery,79.285,2.712,75.759,51.163,1759.04,144.729,23.06,81.405,615,63.889,26.906,Normal,0,0
A036,2025-01-11 15:00:00,A036-BAT,Battery,79.71,3.838,74.146,51.057,1785.449,145.743,23.44,85.484,529,64.329,37.446,Normal,0,0
A036,2025-01-11 16:00:00,A036-BAT,Battery,79.131,3.484,77.581,52.118,1894.83,147.887,23.158,82.422,496,52.4,15.821,Normal,0,0
A036,2025-01-11 17:00:00,A036-BAT,Battery,77.65,2.426,73.728,54.888,1728.803,148.971,22.998,82.962,532,46.828,38.829,Normal,0,0
A036,2025-01-11 18:00:00,A036-BAT,Battery,76.472,3.31,74.382,52.269,1766.764,144.28,23.447,83.233,534,65.123,28.825,Normal,0,0
A036,2025-01-11 20:00:00,A036-BAT,Battery,80.765,3.177,72.114,52.201,1683.432,147.947,23.568,80.208,708,69.015,32.426,Normal,0,0
A036,2025-01-11 21:00:00,A036-BAT,Battery,78.956,3.38,75.141,50.692,1819.95,146.473,23.615,79.741,555,46.262,37.205,Normal,0,1
A036,2025-01-12 03:00:00,A036-BAT,Battery,73.873,2.566,72.059,52.936,1915.534,152.906,22.693,81.735,548,57.523,26.738,Normal,0,0
A036,2025-01-12 15:00:00,A036-BAT,Battery,76.211,3.212,75.071,50.66,1842.937,143.751,23.009,84.563,413,47.223,30.733,Normal,0,0
A036,2025-01-12 16:00:00,A036-BAT,Battery,87.945,6.302,59.32,52.564,1933.257,127.468,23.389,81.424,645,60.198,30.351,Warning,1,1
A036,2025-01-12 18:00:00,A036-BAT,Battery,78.314,3.715,73.41,50.946,1865.869,146.065,23.168,82.541,411,48.866,38.833,Normal,0,1
A036,2025-01-12 20:00:00,A036-BAT,Battery,75.442,2.586,78.234,54.512,1831.798,153.279,23.178,84.81,420,76.59,31.902,Normal,0,0
A036,2025-01-12 21:00:00,A036-BAT,Battery,77.792,3.064,73.101,52.493,1777.895,145.905,23.561,78.403,435,59.687,34.207,Normal,0,0
A036,2025-01-13 02:00:00,A036-BAT,Battery,81.05,3.105,72.674,50.629,1723.055,149.112,23.205,81.946,579,60.588,30.056,Normal,0,0
A036,2025-01-13 10:00:00,A036-BAT,Battery,78.3,3.394,71.388,50.57,1864.58,142.341,22.801,83.66,653,78.179,16.799,Normal,0,0
A036,2025-01-13 12:00:00,A036-BAT,Battery,76.655,2.905,70.586,50.055,1705.394,131.434,23.321,81.217,441,70.211,32.767,Normal,0,0
A036,2025-01-13 15:00:00,A036-BAT,Battery,83.077,3.718,72.941,52.267,1896.679,138.217,22.924,81.68,406,49.844,37.328,Normal,0,0
A036,2025-01-13 18:00:00,A036-BAT,Battery,79.55,3.055,70.174,50.747,1748.738,144.199,23.427,82.172,425,72.042,36.778,Normal,0,0
A036,2025-01-14 05:00:00,A036-BAT,Battery,76.382,3.079,75.696,50.741,1903.297,142.519,22.909,82.346,472,69.801,34.909,Normal,0,0
A036,2025-01-14 06:00:00,A036-BAT,Battery,80.939,4.312,74.233,55.001,1820.79,147.732,22.639,82.966,423,56.513,23.042,Normal,0,0
A036,2025-01-14 14:00:00,A036-BAT,Battery,78.552,3.651,73.448,53.016,1832.057,136.677,22.331,83.684,811,62.547,24.246,Normal,0,1
A036,2025-01-14 15:00:00,A036-BAT,Battery,77.212,3.934,73.753,48.819,1836.094,142.421,23.022,84.611,476,77.945,17.945,Warning,1,1
A036,2025-01-14 20:00:00,A036-BAT,Battery,80.728,2.57,70.511,52.323,1702.941,151.916,23.532,82.848,459,73.011,35.057,Normal,0,0
A036,2025-01-14 21:00:00,A036-BAT,Battery,78.834,3.458,72.889,52.072,1859.202,147.943,22.705,80.941,475,58.33,35.901,Normal,0,1
A036,2025-01-14 22:00:00,A036-BAT,Battery,81.92,3.219,71.499,52.964,1697.29,143.8,22.908,77.729,833,69.955,29.952,Normal,0,1
A036,2025-01-14 23:00:00,A036-BAT,Battery,81.075,3.029,73.849,56.153,1785.707,143.525,23.405,83.311,759,63.687,39.91,Normal,0,1
A036,2025-01-15 00:00:00,A036-BAT,Battery,80.888,3.452,72.852,55.519,1742.315,139.344,22.9,79.761,599,73.8,31.809,Warning,1,0
A036,2025-01-15 04:00:00,A036-BAT,Battery,74.998,3.262,72.366,51.857,1781.002,147.287,22.604,84.806,655,69.282,31.012,Normal,0,0
A036,2025-01-15 06:00:00,A036-BAT,Battery,82.574,3.439,69.942,49.093,1819.475,139.177,23.235,85.592,672,76.736,26.214,Warning,1,0
A036,2025-01-15 12:00:00,A036-BAT,Battery,79.502,3.267,70.133,50.537,1909.426,150.447,22.634,82.783,701,59.161,29.177,Normal,0,0
A036,2025-01-15 16:00:00,A036-BAT,Battery,77.157,4.052,75.821,53.53,1981.65,141.122,23.554,81.677,595,79.023,19.696,Warning,1,0
A036,2025-01-15 17:00:00,A036-BAT,Battery,83.098,3.106,74.891,50.96,1786.421,153.767,22.996,82.867,725,61.787,27.221,Normal,0,0
A036,2025-01-15 18:00:00,A036-BAT,Battery,76.314,3.67,68.905,49.577,1736.879,147.185,23.806,84.14,802,72.372,32.479,Warning,1,1
A036,2025-01-15 20:00:00,A036-BAT,Battery,81.312,3.641,67.985,56.316,1740.767,148.187,22.903,82.899,626,69.05,32.748,Warning,1,0
A036,2025-01-16 03:00:00,A036-BAT,Battery,81.001,3.301,71.963,51.13,1715.888,149.852,23.68,87.553,611,64.695,25.572,Normal,0,0
A036,2025-01-16 05:00:00,A036-BAT,Battery,80.218,3.519,75.306,50.039,1867.531,143.768,22.268,82.139,542,80.871,31.285,Warning,1,1
A036,2025-01-16 08:00:00,A036-BAT,Battery,87.28,3.092,71.04,54.334,1717.018,145.79,22.791,86.121,621,69.11,36.034,Warning,1,0
A036,2025-01-16 09:00:00,A036-BAT,Battery,84.572,3.196,71.422,51.65,1878.025,139.603,23.068,84.446,630,76.32,25.149,Warning,1,0
A036,2025-01-16 11:00:00,A036-BAT,Battery,79.764,3.359,68.205,50.602,1799.727,144.516,22.608,86.496,509,85.333,30.986,Warning,1,1
A036,2025-01-16 13:00:00,A036-BAT,Battery,77.08,3.394,72.587,52.48,1793.898,142.412,23.184,85.021,705,79.515,31.334,Warning,1,1
A036,2025-01-16 21:00:00,A036-BAT,Battery,80.617,3.768,70.19,56.38,1913.651,143.254,22.617,83.911,769,72.647,35.252,Warning,1,1
A036,2025-01-16 22:00:00,A036-BAT,Battery,97.878,6.018,57.568,50.753,1875.034,131.322,22.866,83.477,777,56.883,33.254,Warning,1,0
A036,2025-01-17 02:00:00,A036-BAT,Battery,81.119,3.905,70.169,55.233,1675.501,139.671,22.779,84.63,745,76.702,31.742,Warning,1,1
A036,2025-01-17 03:00:00,A036-BAT,Battery,80.458,2.714,65.343,51.569,1916.204,140.999,22.537,89.936,671,64.378,26.865,Warning,1,1
A036,2025-01-17 06:00:00,A036-BAT,Battery,94.43,5.622,62.858,51.136,1858.137,135.018,22.931,86.214,783,60.605,30.06,Warning,1,1
A036,2025-01-17 08:00:00,A036-BAT,Battery,79.891,3.902,74.765,50.4,1833.754,148.461,23.055,85.509,698,63.372,28.087,Warning,1,0
A036,2025-01-17 11:00:00,A036-BAT,Battery,80.965,3.499,69.458,51.947,1888.051,139.558,22.825,86.588,574,65.817,27.679,Warning,1,1
A037,2025-01-01 00:00:00,A037-BAT,Battery,69.765,2.862,75.962,57.762,1788.164,157.412,23.557,75.302,434,50.972,30.384,Normal,0,0
A037,2025-01-01 02:00:00,A037-BAT,Battery,73.637,2.246,75.018,56.921,1952.164,149.235,24.144,73.165,438,59.108,35.306,Normal,0,0
A037,2025-01-01 11:00:00,A037-BAT,Battery,70.472,2.612,74.511,52.756,1829.593,157.047,24.407,74.695,273,58.5,28.688,Normal,0,0
A037,2025-01-01 13:00:00,A037-BAT,Battery,72.541,3.268,80.216,54.963,1588.672,147.68,24.068,74.176,122,73.968,22.382,Normal,0,0
A037,2025-01-01 16:00:00,A037-BAT,Battery,75.656,2.361,75.952,54.597,1765.879,144.812,24.405,73.925,193,52.798,27.391,Normal,0,0
A037,2025-01-01 18:00:00,A037-BAT,Battery,73.098,2.74,76.922,50.835,1902.76,142.902,23.281,75.288,504,42.584,31.28,Normal,0,0
A037,2025-01-01 20:00:00,A037-BAT,Battery,87.926,4.999,70.954,54.891,1884.102,137.248,23.999,72.773,435,54.82,43.148,Warning,1,0
A037,2025-01-01 22:00:00,A037-BAT,Battery,72.469,2.602,73.652,54.365,1767.753,152.737,24.084,75.824,400,63.879,29.653,Normal,0,0
A037,2025-01-01 23:00:00,A037-BAT,Battery,76.503,2.407,75.328,55.972,1819.887,143.687,23.629,74.421,240,69.983,29.504,Normal,0,0
A037,2025-01-02 00:00:00,A037-BAT,Battery,79.664,2.403,76.648,56.928,1670.59,140.879,23.482,77.475,441,54.217,30.328,Normal,0,0
A037,2025-01-02 11:00:00,A037-BAT,Battery,73.47,2.275,75.218,52.254,1688.696,148.414,24.121,73.451,436,45.377,30.666,Normal,0,0
A037,2025-01-02 12:00:00,A037-BAT,Battery,69.565,3.097,76.013,55.56,1756.835,152.218,23.836,77.328,251,42.665,26.344,Normal,0,0
A037,2025-01-02 15:00:00,A037-BAT,Battery,72.539,3.309,71.354,56.927,1975.355,151.358,24.639,77.126,292,44.359,30.844,Normal,0,0
A037,2025-01-02 18:00:00,A037-BAT,Battery,76.083,2.712,73.256,55.921,1824.681,151.305,23.98,74.762,457,48.484,23.802,Normal,0,0
A037,2025-01-02 21:00:00,A037-BAT,Battery,79.769,2.669,72.666,53.282,1711.535,147.453,23.872,78.5,540,72.18,27.682,Normal,0,0
A037,2025-01-02 23:00:00,A037-BAT,Battery,73.34,2.791,81.046,53.758,1751.624,149.517,23.354,77.171,514,58.445,24.127,Normal,0,0
A037,2025-01-03 04:00:00,A037-BAT,Battery,79.91,2.923,78.023,53.455,1697.832,149.598,23.613,77.482,426,59.571,37.176,Normal,0,1
A037,2025-01-03 06:00:00,A037-BAT,Battery,69.34,2.782,71.263,55.023,1740.758,146.093,23.77,76.49,280,60.718,19.132,Normal,0,0
A037,2025-01-03 11:00:00,A037-BAT,Battery,73.59,2.458,75.538,51.438,1853.658,155.411,23.409,77.05,205,57.058,26.267,Normal,0,0
A037,2025-01-03 18:00:00,A037-BAT,Battery,72.721,3.299,76.933,52.443,1822.492,150.591,23.577,75.327,535,60.909,15.988,Normal,0,0
A037,2025-01-03 23:00:00,A037-BAT,Battery,78.045,2.402,78.603,54.105,1797.365,155.76,24.031,76.16,302,49.298,34.001,Normal,0,0
A037,2025-01-04 00:00:00,A037-BAT,Battery,72.272,3.223,79.09,58.349,1843.213,148.077,23.475,75.461,474,59.391,21.856,Normal,0,0
A037,2025-01-04 03:00:00,A037-BAT,Battery,82.956,3.603,76.659,56.588,1830.159,137.27,24.103,80.615,515,59.881,25.399,Normal,0,0
A037,2025-01-04 04:00:00,A037-BAT,Battery,76.859,2.849,79.596,56.43,1763.158,144.038,23.864,79.183,287,59.231,33.328,Normal,0,0
A037,2025-01-04 07:00:00,A037-BAT,Battery,77.988,3.246,74.57,59.78,2005.871,144.029,23.163,76.717,189,63.933,34.471,Normal,0,0
A037,2025-01-04 10:00:00,A037-BAT,Battery,83.042,2.771,80.476,57.709,1727.637,147.142,23.376,74.993,454,59.279,21.374,Normal,0,1
A037,2025-01-04 13:00:00,A037-BAT,Battery,75.338,2.912,78.92,53.074,1785.207,146.881,23.458,76.343,367,56.871,28.706,Normal,0,0
A037,2025-01-04 18:00:00,A037-BAT,Battery,93.367,6.017,60.89,49.317,1751.878,142.944,23.693,77.847,272,67.648,35.207,Warning,1,1
A037,2025-01-04 20:00:00,A037-BAT,Battery,72.392,2.766,77.64,54.845,1747.079,149.835,24.025,77.785,420,60.151,27.691,Normal,0,0
A037,2025-01-05 01:00:00,A037-BAT,Battery,75.708,3.097,77.047,50.812,1798.316,150.694,23.129,78.04,270,61.867,33.813,Normal,0,0
A037,2025-01-05 04:00:00,A037-BAT,Battery,75.532,3.333,70.723,53.252,1901.795,159.725,23.802,81.941,276,68.125,27.312,Normal,0,0
A037,2025-01-05 15:00:00,A037-BAT,Battery,73.301,2.703,72.977,55.388,1837.038,149.479,23.269,81.706,456,73.951,34.501,Normal,0,0
A037,2025-01-06 01:00:00,A037-BAT,Battery,75.987,3.17,75.52,55.254,1854.555,145.869,23.356,76.786,242,54.418,26.017,Normal,0,0
A037,2025-01-06 06:00:00,A037-BAT,Battery,75.455,3.612,77.101,52.769,1744.034,149.153,24.009,77.222,609,55.65,26.687,Normal,0,0
A037,2025-01-06 08:00:00,A037-BAT,Battery,80.301,2.873,77.42,50.181,1826.757,150.526,23.256,78.793,461,65.515,25.691,Normal,0,1
A037,2025-01-06 10:00:00,A037-BAT,Battery,79.548,2.524,75.265,53.775,1652.214,146.92,23.957,78.785,387,53.567,34.619,Normal,0,0
A037,2025-01-06 16:00:00,A037-BAT,Battery,73.778,2.838,71.693,52.75,1833.762,147.902,23.445,81.06,447,46.254,39.798,Normal,0,0
A037,2025-01-06 21:00:00,A037-BAT,Battery,78.896,3.377,70.404,54.725,1745.512,147.87,23.397,78.883,286,58.524,24.659,Normal,0,0
A037,2025-01-06 23:00:00,A037-BAT,Battery,77.835,3.786,70.834,53.85,1967.178,149.837,23.712,80.283,556,84.591,31.935,Normal,0,1
A037,2025-01-07 00:00:00,A037-BAT,Battery,77.683,3.255,73.977,51.69,1772.624,151.986,23.005,81.308,282,61.477,31.265,Normal,0,0
A037,2025-01-07 02:00:00,A037-BAT,Battery,75.089,4.178,73.861,55.131,1800.671,142.106,23.429,75.902,449,61.66,38.589,Normal,0,0
A037,2025-01-07 03:00:00,A037-BAT,Battery,80.415,3.523,78.667,52.93,1842.054,144.077,23.077,81.195,554,71.486,25.29,Normal,0,0
A037,2025-01-07 06:00:00,A037-BAT,Battery,77.502,3.224,67.84,58.074,1833.616,146.761,23.387,76.037,254,68.264,35.128,Normal,0,0
A037,2025-01-07 12:00:00,A037-BAT,Battery,75.743,3.436,70.589,55.183,1824.425,149.033,23.212,79.507,445,62.136,27.209,Normal,0,0
A037,2025-01-08 07:00:00,A037-BAT,Battery,83.533,3.286,72.554,54.536,1721.55,146.177,23.953,80.796,426,74.663,28.547,Normal,0,1
A037,2025-01-08 09:00:00,A037-BAT,Battery,75.625,3.126,65.642,55.84,1733.078,154.133,23.565,79.584,670,69.011,27.36,Normal,0,0
A037,2025-01-08 10:00:00,A037-BAT,Battery,79.81,3.23,74.698,51.408,1909.016,149.059,23.268,79.513,602,68.609,34.842,Normal,0,0
A037,2025-01-08 14:00:00,A037-BAT,Battery,78.987,3.549,78.687,54.401,1768.393,150.419,23.686,75.665,450,68.899,22.276,Normal,0,0
A037,2025-01-08 15:00:00,A037-BAT,Battery,85.519,3.032,74.564,52.861,1845.279,141.623,22.996,80.3,308,77.433,34.429,Normal,0,0
A037,2025-01-08 17:00:00,A037-BAT,Battery,81.448,3.51,74.731,52.677,1830.262,146.865,23.914,83.049,594,66.718,26.506,Normal,0,0
A037,2025-01-08 18:00:00,A037-BAT,Battery,79.782,3.349,71.625,55.882,1823.176,142.894,23.51,77.579,521,71.348,22.796,Normal,0,0
A037,2025-01-09 04:00:00,A037-BAT,Battery,88.731,4.566,58.594,53.526,1824.048,124.023,23.877,79.997,556,64.301,30.157,Warning,1,0
A037,2025-01-09 06:00:00,A037-BAT,Battery,89.272,5.545,58.984,54.996,1807.998,129.906,23.037,77.261,671,80.557,33.922,Warning,1,0
A037,2025-01-09 09:00:00,A037-BAT,Battery,77.167,3.014,73.143,54.619,1657.508,144.92,23.597,79.303,476,75.636,24.077,Normal,0,0
A037,2025-01-09 14:00:00,A037-BAT,Battery,77.033,4.193,70.924,52.184,1816.035,148.114,22.768,80.855,491,74.499,33.037,Warning,1,0
A037,2025-01-09 17:00:00,A037-BAT,Battery,76.299,3.572,76.106,52.567,1770.128,139.483,23.509,79.797,476,73.801,24.515,Normal,0,1
A037,2025-01-09 20:00:00,A037-BAT,Battery,78.804,4.018,64.939,53.541,1727.959,142.266,23.249,75.681,324,66.676,28.161,Warning,1,1
A037,2025-01-09 23:00:00,A037-BAT,Battery,82.169,3.232,74.905,48.703,1728.499,142.309,24.035,79.661,372,65.772,25.35,Normal,0,0
A037,2025-01-10 02:00:00,A037-BAT,Battery,83.225,3.367,69.808,52.981,1880.312,145.802,23.699,80.127,469,66.011,30.885,Normal,0,0
A037,2025-01-10 10:00:00,A037-BAT,Battery,83.404,3.279,70.669,55.107,1797.022,148.275,23.304,79.713,372,55.276,34.502,Normal,0,0
A037,2025-01-10 21:00:00,A037-BAT,Battery,81.583,3.777,73.727,52.599,1814.807,144.078,23.274,78.226,615,58.182,29.193,Normal,0,0
A037,2025-01-11 03:00:00,A037-BAT,Battery,81.07,3.618,74.454,53.598,1718.259,150.327,23.081,80.627,437,57.931,23.65,Normal,0,0
A037,2025-01-11 08:00:00,A037-BAT,Battery,82.313,3.447,70.992,52.731,1960.496,152.39,23.406,79.914,664,80.075,26.471,Warning,1,0
A037,2025-01-11 11:00:00,A037-BAT,Battery,85.264,2.982,72.747,51.899,1794.196,144.634,23.927,78.901,381,78.232,30.594,Warning,1,1
A037,2025-01-11 13:00:00,A037-BAT,Battery,81.897,3.496,72.636,55.12,1925.35,150.229,22.688,80.773,369,53.536,31.287,Normal,0,0
A037,2025-01-11 15:00:00,A037-BAT,Battery,77.706,3.821,72.741,52.219,1892.226,146.946,23.321,83.22,553,74.201,24.054,Warning,1,0
A037,2025-01-11 18:00:00,A037-BAT,Battery,81.193,3.376,72.39,52.271,1723.283,147.105,23.454,81.81,449,87.441,28.977,Warning,1,0
A037,2025-01-12 00:00:00,A037-BAT,Battery,83.263,4.187,71.227,53.324,1801.52,156.581,22.929,79.579,619,76.032,34.06,Warning,1,1
A037,2025-01-12 02:00:00,A037-BAT,Battery,79.137,3.346,72.36,53.05,1842.867,146.043,22.91,84.024,390,74.718,26.352,Warning,1,0
A037,2025-01-12 09:00:00,A037-BAT,Battery,73.358,2.85,69.761,58.686,1770.256,141.777,23.236,84.181,684,70.217,30.601,Normal,0,0
A037,2025-01-12 23:00:00,A037-BAT,Battery,82.122,2.977,71.889,53.011,1817.825,142.568,23.159,85.946,623,75.507,26.861,Warning,1,0
A037,2025-01-13 04:00:00,A037-BAT,Battery,82.226,4.035,69.268,54.296,1807.543,152.201,22.431,81.376,432,75.721,31.308,Warning,1,1
A037,2025-01-13 08:00:00,A037-BAT,Battery,78.442,3.894,72.235,50.677,1819.916,144.927,22.542,81.702,561,69.113,30.609,Warning,1,1
A037,2025-01-13 12:00:00,A037-BAT,Battery,83.399,3.211,71.445,52.792,1865.622,142.548,23.556,84.818,441,74.88,30.989,Warning,1,0
A037,2025-01-13 16:00:00,A037-BAT,Battery,86.507,4.08,68.591,55.163,1732.344,148.031,23.176,82.249,644,78.785,32.655,Warning,1,1
A037,2025-01-13 18:00:00,A037-BAT,Battery,80.444,3.58,69.412,46.477,1813.651,144.788,23.55,84.136,465,61.345,29.53,Warning,1,0
A037,2025-01-13 19:00:00,A037-BAT,Battery,82.006,3.311,73.097,52.375,1817.033,143.8,23.949,80.232,725,70.452,34.562,Warning,1,1
A037,2025-01-13 20:00:00,A037-BAT,Battery,83.236,3.86,71.181,51.325,1705.637,145.397,22.791,77.296,673,70.91,28.399,Warning,1,0
A037,2025-01-13 21:00:00,A037-BAT,Battery,82.345,3.827,69.569,54.021,1830.679,146.12,23.265,80.788,681,67.875,31.549,Warning,1,0
A037,2025-01-14 07:00:00,A037-BAT,Battery,83.697,4.208,78.304,49.357,1707.959,141.753,23.865,82.665,504,88.54,29.932,Warning,1,1
A037,2025-01-14 09:00:00,A037-BAT,Battery,82.858,4.199,70.114,50.154,1668.646,147.025,22.602,83.416,576,78.397,35.144,Warning,1,0
A037,2025-01-14 11:00:00,A037-BAT,Battery,84.529,4.329,67.708,54.912,1658.993,143.317,23.126,85.988,640,68.256,31.23,Warning,1,1
A037,2025-01-14 18:00:00,A037-BAT,Battery,82.696,3.449,72.292,57.216,1774.828,145.32,23.09,82.689,603,67.304,29.437,Warning,1,0
A037,2025-01-15 06:00:00,A037-BAT,Battery,83.612,4.063,70.146,50.681,1765.379,146.607,22.933,84.815,641,74.474,31.277,Warning,1,0
A037,2025-01-15 12:00:00,A037-BAT,Battery,81.318,3.801,67.781,53.231,1863.628,142.075,22.967,82.399,766,61.399,28.422,Warning,1,0
A037,2025-01-15 16:00:00,A037-BAT,Battery,85.515,3.908,69.656,53.35,1912.297,140.944,22.492,85.062,486,76.372,38.242,Warning,1,0
A037,2025-01-15 22:00:00,A037-BAT,Battery,84.536,3.535,68.327,50.951,1967.716,146.26,22.837,80.212,606,71.042,36.56,Warning,1,0
A037,2025-01-16 17:00:00,A037-BAT,Battery,89.598,4.002,66.294,55.026,1912.628,151.845,22.951,83.647,696,72.029,28.098,Warning,1,0
A037,2025-01-16 23:00:00,A037-BAT,Battery,86.92,4.141,64.832,49.872,1889.96,142.674,22.952,83.791,671,85.164,20.277,Warning,1,0
A037,2025-01-17 08:00:00,A037-BAT,Battery,90.623,7.673,58.503,52.529,1836.056,135.22,22.366,80.016,846,82.446,37.67,Warning,1,1
A037,2025-01-17 10:00:00,A037-BAT,Battery,83.612,4.405,67.095,52.652,1809.33,144.268,22.228,83.852,536,82.954,25.597,Warning,1,0
A037,2025-01-17 11:00:00,A037-BAT,Battery,86.553,4.035,63.268,51.025,1655.254,144.709,23.02,87.101,816,86.35,33.061,Warning,1,1
A037,2025-01-17 12:00:00,A037-BAT,Battery,89.011,4.155,69.158,53.552,1881.583,151.354,22.626,84.046,755,86.107,24.496,Warning,1,1
A037,2025-01-17 14:00:00,A037-BAT,Battery,88.904,3.54,68.63,55.399,1906.328,152.391,22.676,85.136,838,62.231,33.565,Warning,1,1
A037,2025-01-17 15:00:00,A037-BAT,Battery,87.744,4.046,67.429,52.144,1790.976,147.856,22.528,86.041,733,92.091,27.65,Warning,1,1
A038,2025-01-01 06:00:00,A038-BAT,Battery,70.957,2.793,81.902,56.309,1804.456,146.33,23.592,72.415,327,60.838,27.261,Normal,0,0
A038,2025-01-01 09:00:00,A038-BAT,Battery,70.678,1.821,75.935,53.618,1721.463,149.757,23.842,75.754,177,57.861,27.34,Normal,0,0
A038,2025-01-01 13:00:00,A038-BAT,Battery,72.689,3.136,76.037,54.601,1683.316,150.729,23.467,78.243,272,52.861,30.408,Normal,0,0
A038,2025-01-01 17:00:00,A038-BAT,Battery,73.382,3.278,74.309,53.993,1722.844,151.507,23.656,76.473,510,62.631,27.084,Normal,0,0
A038,2025-01-01 19:00:00,A038-BAT,Battery,78.198,2.961,76.166,56.144,1761.941,144.22,23.741,76.175,177,54.088,30.327,Normal,0,0
A038,2025-01-01 22:00:00,A038-BAT,Battery,73.343,2.976,78.168,55.848,1858.9,148.489,24.011,74.748,506,55.463,30.033,Normal,0,0
A038,2025-01-01 23:00:00,A038-BAT,Battery,74.626,2.586,79.485,54.948,1702.293,150.03,23.95,76.928,503,70.625,25.469,Normal,0,0
A038,2025-01-02 00:00:00,A038-BAT,Battery,77.715,3.4,72.578,56.89,1769.772,148.235,23.788,75.134,283,56.355,28.081,Normal,0,1
A038,2025-01-02 03:00:00,A038-BAT,Battery,72.556,3.159,74.416,54.113,1661.015,146.214,24.28,78.043,141,66.069,33.615,Normal,0,0
A038,2025-01-02 04:00:00,A038-BAT,Battery,72.666,2.733,76.869,53.99,1670.111,156.11,24.007,73.622,343,59.304,28.93,Normal,0,0
A038,2025-01-02 06:00:00,A038-BAT,Battery,76.964,2.434,74.792,56.591,1812.447,142.7,24.262,77.058,271,56.518,25.967,Normal,0,0
A038,2025-01-02 08:00:00,A038-BAT,Battery,74.39,3.177,75.39,52.762,1840.362,145.524,23.303,73.646,407,64.785,29.272,Normal,0,1
A038,2025-01-02 21:00:00,A038-BAT,Battery,73.453,2.999,75.911,52.088,1820.962,141.766,23.306,77.631,375,53.152,25.881,Normal,0,0
A038,2025-01-03 03:00:00,A038-BAT,Battery,75.633,2.532,72.36,54.888,1816.946,148.346,22.733,81.249,252,64.103,30.068,Normal,0,0
A038,2025-01-03 04:00:00,A038-BAT,Battery,78.663,2.967,74.341,56.522,1735.777,151.773,23.824,75.551,238,52.56,28.816,Normal,0,1
A038,2025-01-03 07:00:00,A038-BAT,Battery,78.576,2.62,73.865,56.564,1822.466,154.497,24.129,79.515,335,61.581,29.358,Normal,0,0
A038,2025-01-03 10:00:00,A038-BAT,Battery,78.766,2.699,77.237,53.467,1816.006,143.876,23.581,75.685,326,44.495,38.045,Normal,0,0
A038,2025-01-03 16:00:00,A038-BAT,Battery,80.251,2.909,76.336,52.191,1875.808,152.11,24.077,77.176,389,62.436,28.722,Normal,0,1
A038,2025-01-04 00:00:00,A038-BAT,Battery,76.993,4.051,70.359,53.999,1846.742,153.278,23.278,80.354,497,57.008,26.425,Normal,0,0
A038,2025-01-04 03:00:00,A038-BAT,Battery,78.649,3.459,74.712,51.495,1806.561,147.377,23.742,76.785,217,60.139,31.674,Normal,0,0
A038,2025-01-04 13:00:00,A038-BAT,Battery,75.349,3.347,73.635,54.018,1802.007,154.664,24.02,77.114,346,66.977,28.789,Normal,0,0
A038,2025-01-04 17:00:00,A038-BAT,Battery,75.533,2.974,76.52,55.892,1619.248,148.589,23.899,77.241,332,85.485,32.411,Normal,0,1
A038,2025-01-04 18:00:00,A038-BAT,Battery,75.071,2.577,74.36,52.627,1641.114,152.649,23.75,77.329,383,57.574,31.335,Normal,0,0
A038,2025-01-04 21:00:00,A038-BAT,Battery,85.807,6.607,58.831,56.724,1831.589,146.605,23.485,75.359,510,71.329,32.121,Warning,1,1
A038,2025-01-05 03:00:00,A038-BAT,Battery,79.809,3.054,71.482,54.185,1804.809,144.592,23.989,77.236,212,67.953,28.293,Normal,0,0
A038,2025-01-05 06:00:00,A038-BAT,Battery,74.991,3.121,70.93,56.38,1647.285,150.781,23.654,76.893,520,50.119,29.619,Normal,0,1
A038,2025-01-05 07:00:00,A038-BAT,Battery,77.588,2.952,70.599,53.818,1943.829,145.627,23.659,79.405,218,66.735,28.907,Normal,0,1
A038,2025-01-05 12:00:00,A038-BAT,Battery,79.681,2.935,73.373,52.613,1876.816,153.175,23.913,80.136,535,76.019,34.009,Normal,0,0
A038,2025-01-05 13:00:00,A038-BAT,Battery,78.218,3.287,69.829,58.115,1853.184,147.673,23.948,78.159,588,68.796,34.406,Normal,0,0
A038,2025-01-05 17:00:00,A038-BAT,Battery,77.747,2.94,77.458,58.135,1980.917,145.739,23.466,76.305,216,66.84,31.706,Normal,0,1
A038,2025-01-06 03:00:00,A038-BAT,Battery,76.825,3.42,70.226,53.458,1885.969,144.744,24.015,75.331,473,60.939,27.029,Normal,0,0
A038,2025-01-06 04:00:00,A038-BAT,Battery,80.766,2.788,69.546,53.09,1637.897,141.073,24.084,81.155,261,71.397,35.934,Normal,0,1
A038,2025-01-06 05:00:00,A038-BAT,Battery,74.625,3.926,73.75,56.463,1955.698,149.047,23.065,79.235,359,70.11,31.836,Normal,0,0
A038,2025-01-06 07:00:00,A038-BAT,Battery,82.416,3.023,71.781,52.987,1823.415,145.127,23.541,81.352,279,71.801,29.709,Normal,0,1
A038,2025-01-06 08:00:00,A038-BAT,Battery,72.816,3.188,77.472,54.751,1940.654,149.784,23.09,78.115,289,68.673,31.965,Normal,0,0
A038,2025-01-06 10:00:00,A038-BAT,Battery,74.798,3.142,71.156,53.184,1791.693,148.047,23.71,76.191,360,67.535,29.995,Normal,0,0
A038,2025-01-06 12:00:00,A038-BAT,Battery,77.543,3.124,71.171,52.526,1680.186,148.34,23.612,75.43,304,64.942,42.016,Normal,0,0
A038,2025-01-06 17:00:00,A038-BAT,Battery,77.984,2.747,69.425,54.67,1852.554,147.763,23.526,78.476,305,60.714,32.898,Normal,0,1
A038,2025-01-06 18:00:00,A038-BAT,Battery,79.36,3.889,73.195,49.927,1676.921,149.216,23.435,75.447,614,52.777,34.19,Normal,0,1
A038,2025-01-06 22:00:00,A038-BAT,Battery,75.693,2.966,72.587,56.636,1732.444,143.32,23.838,77.265,632,71.836,36.093,Normal,0,1
A038,2025-01-06 23:00:00,A038-BAT,Battery,75.668,3.315,72.482,50.665,1840.216,149.337,23.646,78.559,556,67.728,33.887,Normal,0,0
A038,2025-01-07 00:00:00,A038-BAT,Battery,79.809,3.093,76.851,54.856,1829.676,150.577,23.52,79.908,364,70.852,30.255,Normal,0,0
A038,2025-01-07 03:00:00,A038-BAT,Battery,76.76,3.873,77.041,56.006,1934.31,150.627,24.618,78.648,428,70.199,31.014,Normal,0,1
A038,2025-01-07 09:00:00,A038-BAT,Battery,75.999,2.44,70.927,55.429,1814.838,143.686,23.349,80.406,574,56.079,26.122,Normal,0,0
A038,2025-01-07 11:00:00,A038-BAT,Battery,81.144,3.228,72.276,53.795,1838.57,147.476,23.953,77.464,480,70.832,33.077,Normal,0,0
A038,2025-01-07 14:00:00,A038-BAT,Battery,78.076,3.443,72.954,52.806,1818.875,150.073,23.787,78.545,643,61.752,32.811,Normal,0,1
A038,2025-01-07 17:00:00,A038-BAT,Battery,76.203,3.729,72.842,59.188,1790.57,145.098,23.543,79.131,352,63.17,21.993,Normal,0,0
A038,2025-01-07 20:00:00,A038-BAT,Battery,76.3,3.198,68.754,52.494,1718.731,145.389,23.548,80.161,413,81.704,30.932,Normal,0,1
A038,2025-01-07 23:00:00,A038-BAT,Battery,77.969,3.528,73.664,52.205,1900.448,154.961,23.822,76.244,291,62.026,34.664,Normal,0,0
A038,2025-01-08 09:00:00,A038-BAT,Battery,80.721,3.499,73.783,53.597,1791.944,149.55,24.098,78.352,527,73.864,34.998,Normal,0,0
A038,2025-01-08 10:00:00,A038-BAT,Battery,83.092,2.721,73.113,57.502,1712.601,150.817,24.155,75.49,653,71.668,25.127,Normal,0,0
A038,2025-01-08 15:00:00,A038-BAT,Battery,84.12,3.161,73.844,53.917,1727.068,149.593,23.518,81.107,310,73.146,30.918,Normal,0,0
A038,2025-01-08 19:00:00,A038-BAT,Battery,83.936,2.917,71.674,54.632,1873.035,147.805,23.71,79.349,494,70.99,32.09,Normal,0,0
A038,2025-01-08 20:00:00,A038-BAT,Battery,78.868,3.226,69.895,53.811,1806.301,144.544,23.392,77.156,298,59.55,40.551,Normal,0,0
A038,2025-01-08 23:00:00,A038-BAT,Battery,84.819,3.716,72.991,52.93,1855.1,149.961,23.361,84.162,610,73.98,23.347,Warning,1,0
A038,2025-01-09 01:00:00,A038-BAT,Battery,79.407,3.33,74.435,54.164,1842.961,151.373,23.441,79.826,316,74.798,28.181,Normal,0,0
A038,2025-01-09 02:00:00,A038-BAT,Battery,78.318,3.225,71.312,53.812,1646.402,152.253,23.557,79.566,347,61.805,22.858,Normal,0,0
A038,2025-01-09 08:00:00,A038-BAT,Battery,83.948,3.778,80.081,52.501,1869.952,146.285,23.561,80.061,330,64.863,35.25,Normal,0,0
A038,2025-01-09 11:00:00,A038-BAT,Battery,77.502,3.207,75.3,52.529,1857.543,139.674,23.103,79.308,455,82.813,28.279,Warning,1,0
A038,2025-01-09 14:00:00,A038-BAT,Battery,78.648,3.911,72.777,52.569,1763.678,148.478,23.34,76.535,666,89.524,25.517,Warning,1,1
A038,2025-01-09 19:00:00,A038-BAT,Battery,78.972,3.342,68.51,53.557,1916.322,149.529,22.877,83.295,686,69.144,32.597,Warning,1,0
A038,2025-01-09 21:00:00,A038-BAT,Battery,79.51,3.343,67.758,52.039,1914.248,143.741,23.963,81.747,402,66.535,34.271,Warning,1,1
A038,2025-01-09 22:00:00,A038-BAT,Battery,83.393,3.814,74.213,53.442,1763.634,151.776,22.709,82.911,561,66.125,29.646,Warning,1,1
A038,2025-01-10 01:00:00,A038-BAT,Battery,82.908,3.075,70.988,50.99,1728.062,143.11,23.378,84.147,455,73.315,27.82,Warning,1,1
A038,2025-01-10 02:00:00,A038-BAT,Battery,77.835,3.848,72.366,56.345,1841.247,147.664,23.23,81.663,537,66.712,38.449,Warning,1,1
A038,2025-01-10 11:00:00,A038-BAT,Battery,82.348,3.518,74.85,53.413,1815.533,145.545,22.922,82.302,495,71.403,32.563,Warning,1,1
A038,2025-01-10 17:00:00,A038-BAT,Battery,80.592,3.651,72.352,52.687,1768.049,148.864,23.644,82.068,702,76.058,27.549,Warning,1,1
A038,2025-01-10 22:00:00,A038-BAT,Battery,80.033,3.446,67.389,56.448,1659.022,144.398,23.743,80.579,448,77.217,26.041,Warning,1,0
A038,2025-01-10 23:00:00,A038-BAT,Battery,78.077,3.519,69.28,53.805,1797.515,146.708,23.035,83.356,543,81.983,26.726,Warning,1,0
A038,2025-01-11 06:00:00,A038-BAT,Battery,82.596,3.832,73.9,51.26,1784.186,142.791,23.808,79.876,396,80.665,34.267,Warning,1,1
A038,2025-01-11 08:00:00,A038-BAT,Battery,81.49,4.013,70.928,55.522,1802.636,148.313,23.483,81.615,678,76.904,31.116,Warning,1,1
A038,2025-01-11 09:00:00,A038-BAT,Battery,80.83,3.846,70.229,50.263,1753.296,144.655,23.172,77.35,392,71.937,22.628,Warning,1,0
A038,2025-01-11 12:00:00,A038-BAT,Battery,81.144,3.149,70.034,55.018,1744.528,149.618,22.615,78.619,559,76.275,28.594,Warning,1,0
A038,2025-01-11 14:00:00,A038-BAT,Battery,82.303,3.388,69.043,51.221,1668.796,149.433,22.526,84.892,528,80.701,36.928,Warning,1,1
A038,2025-01-11 16:00:00,A038-BAT,Battery,80.599,3.574,72.626,54.648,1849.815,148.529,23.451,81.995,399,59.608,33.75,Warning,1,0
A038,2025-01-11 20:00:00,A038-BAT,Battery,78.356,3.842,71.802,53.808,1843.698,153.61,23.333,81.63,423,67.919,32.333,Warning,1,0
A038,2025-01-11 21:00:00,A038-BAT,Battery,84.546,3.284,70.092,53.701,1748.063,148.048,23.357,84.494,598,63.346,38.233,Warning,1,0
A038,2025-01-12 04:00:00,A038-BAT,Battery,84.379,3.789,73.03,48.427,1864.845,141.263,22.152,82.622,644,67.918,25.78,Warning,1,0
A038,2025-01-12 06:00:00,A038-BAT,Battery,83.576,3.961,69.969,51.025,1806.335,145.374,22.888,85.745,438,90.543,38.351,Warning,1,1
A038,2025-01-12 08:00:00,A038-BAT,Battery,81.759,3.796,71.542,57.062,1643.232,146.335,23.198,80.626,677,69.892,36.958,Warning,1,1
A038,2025-01-12 10:00:00,A038-BAT,Battery,84.869,3.981,71.294,54.525,1812.331,147.511,22.481,81.493,641,63.612,34.614,Warning,1,0
A038,2025-01-12 12:00:00,A038-BAT,Battery,82.265,3.992,70.08,50.572,1680.402,140.605,23.842,82.301,667,77.954,27.744,Warning,1,1
A038,2025-01-12 14:00:00,A038-BAT,Battery,82.616,3.383,70.873,54.387,1687.012,150.194,22.622,81.282,398,84.467,23.82,Warning,1,1
A038,2025-01-13 06:00:00,A038-BAT,Battery,83.403,4.152,74.705,52.092,1777.804,148.582,22.895,85.623,563,76.39,31.097,Warning,1,1
A038,2025-01-13 10:00:00,A038-BAT,Battery,85.246,4.17,72.498,53.208,1773.468,153.777,22.966,81.698,580,71.696,35.722,Warning,1,0
A038,2025-01-13 12:00:00,A038-BAT,Battery,79.99,4.169,64.594,51.518,1685.373,138.745,23.244,85.315,410,72.535,25.792,Warning,1,1
A038,2025-01-13 23:00:00,A038-BAT,Battery,82.843,3.476,69.638,51.992,1672.729,155.996,22.919,82.458,504,73.277,34.511,Warning,1,1
A038,2025-01-14 05:00:00,A038-BAT,Battery,82.241,3.707,68.055,51.447,1721.61,149.604,23.05,85.228,645,71.647,37.751,Warning,1,0
A038,2025-01-14 12:00:00,A038-BAT,Battery,80.443,3.498,64.494,51.799,1798.833,140.385,22.677,86.567,481,79.18,27.145,Warning,1,0
A038,2025-01-14 18:00:00,A038-BAT,Battery,84.255,4.319,69.541,56.188,1814.722,146.047,22.92,82.53,727,75.968,28.424,Warning,1,0
A038,2025-01-15 00:00:00,A038-BAT,Battery,83.739,3.276,65.475,50.313,1838.202,140.191,23.211,89.079,701,71.625,32.612,Warning,1,1
A038,2025-01-15 03:00:00,A038-BAT,Battery,79.575,3.781,64.111,50.165,1996.027,146.068,23.286,79.207,593,71.686,35.176,Warning,1,1
A038,2025-01-15 04:00:00,A038-BAT,Battery,83.124,4.071,68.088,52.703,1876.978,149.848,23.225,87.306,519,83.31,39.548,Warning,1,1
A038,2025-01-15 10:00:00,A038-BAT,Battery,81.831,3.167,65.744,52.111,1783.229,142.932,22.901,84.842,558,73.984,35.22,Warning,1,1
A038,2025-01-15 19:00:00,A038-BAT,Battery,79.372,4.506,63.127,50.319,1890.433,143.895,23.164,84.901,575,74.298,34.243,Warning,1,1
A038,2025-01-15 23:00:00,A038-BAT,Battery,84.005,4.445,66.746,54.531,1698.418,143.231,22.826,83.761,703,77.203,36.892,Warning,1,1
A038,2025-01-16 00:00:00,A038-BAT,Battery,87.578,4.525,69.443,48.951,1847.364,139.373,23.091,81.792,679,82.196,28.354,Warning,1,1
A038,2025-01-16 06:00:00,A038-BAT,Battery,88.15,4.177,68.654,51.689,1612.581,149.973,22.749,85.007,760,64.59,30.319,Warning,1,0
A038,2025-01-16 09:00:00,A038-BAT,Battery,84.368,4.27,73.231,50.944,1861.848,139.944,23.121,83.558,547,72.077,25.976,Warning,1,1
A038,2025-01-16 14:00:00,A038-BAT,Battery,87.774,4.073,66.993,52.368,1689.101,147.821,22.423,84.335,869,77.162,29.206,Warning,1,0
A038,2025-01-16 16:00:00,A038-BAT,Battery,82.974,4.424,67.813,52.578,1763.699,144.026,22.938,85.171,839,66.6,30.871,Warning,1,1
A038,2025-01-16 17:00:00,A038-BAT,Battery,84.269,4.13,68.137,53.106,1835.323,145.216,22.883,83.718,688,75.631,29.66,Warning,1,1
A038,2025-01-16 21:00:00,A038-BAT,Battery,85.778,4.619,66.71,48.561,1786.469,145.301,22.796,83.18,879,72.37,26.807,Warning,1,0
A038,2025-01-16 23:00:00,A038-BAT,Battery,87.559,4.565,71.515,53.078,1741.51,151.179,22.709,83.08,744,83.929,31.76,Warning,1,0
A038,2025-01-17 00:00:00,A038-BAT,Battery,89.09,3.576,67.221,53.788,1653.673,144.597,22.742,83.15,654,73.969,30.485,Warning,1,1
A038,2025-01-17 01:00:00,A038-BAT,Battery,83.796,4.421,69.215,51.921,1602.315,149.541,22.878,86.04,525,79.059,28.911,Warning,1,1
A038,2025-01-17 04:00:00,A038-BAT,Battery,87.355,4.064,65.947,50.715,1816.853,146.031,21.402,86.438,674,89.536,32.543,Warning,1,1
A038,2025-01-17 08:00:00,A038-BAT,Battery,86.954,4.192,62.975,56.373,1685.532,145.553,22.249,83.707,827,75.787,45.923,Warning,1,0
A038,2025-01-17 09:00:00,A038-BAT,Battery,87.548,3.854,68.223,52.853,1806.112,145.051,22.984,86.695,834,88.218,34.636,Warning,1,1
A038,2025-01-17 10:00:00,A038-BAT,Battery,82.81,3.534,70.774,53.664,1673.912,140.178,23.021,82.201,708,89.091,20.972,Warning,1,1
A038,2025-01-17 15:00:00,A038-BAT,Battery,88.186,4.569,71.954,54.431,1809.479,146.44,22.756,82.546,687,84.329,24.925,Warning,1,1
A039,2025-01-01 04:00:00,A039-BAT,Battery,79.476,3.043,78.614,54.819,1698.754,147.536,24.416,74.187,160,53.24,27.043,Normal,0,0
A039,2025-01-01 06:00:00,A039-BAT,Battery,69.715,1.372,78.136,53.38,1754.644,155.18,24.45,74.788,270,48.029,24.564,Normal,0,0
A039,2025-01-01 08:00:00,A039-BAT,Battery,74.379,2.008,74.658,54.347,1960.57,150.283,24.861,71.519,134,58.879,30.616,Normal,0,0
A039,2025-01-01 12:00:00,A039-BAT,Battery,72.274,1.943,75.311,55.789,1647.934,151.246,23.595,75.39,511,59.506,29.378,Normal,0,0
A039,2025-01-01 16:00:00,A039-BAT,Battery,75.874,2.196,77.153,55.447,1813.579,145.548,23.696,73.261,254,57.222,26.056,Normal,0,0
A039,2025-01-02 02:00:00,A039-BAT,Battery,71.795,2.611,73.424,56.025,1761.694,146.323,23.732,73.932,445,47.438,30.515,Normal,0,0
A039,2025-01-02 08:00:00,A039-BAT,Battery,78.057,2.816,79.089,54.632,1798.265,145.2,23.708,74.076,424,59.965,29.087,Normal,0,1
A039,2025-01-02 11:00:00,A039-BAT,Battery,74.098,2.574,71.018,60.9,1911.56,150.257,23.675,76.232,357,49.424,29.559,Normal,0,0
A039,2025-01-02 15:00:00,A039-BAT,Battery,71.37,2.772,75.714,53.6,1793.32,144.377,24.051,74.792,480,39.357,24.712,Normal,0,0
A039,2025-01-02 22:00:00,A039-BAT,Battery,72.511,2.606,75.017,57.027,1671.974,155.828,23.987,77.515,255,33.706,29.252,Normal,0,0
A039,2025-01-03 07:00:00,A039-BAT,Battery,71.482,2.591,75.445,53.109,1686.757,148.619,23.633,74.672,195,55.224,31.011,Normal,0,0
A039,2025-01-03 08:00:00,A039-BAT,Battery,77.853,2.884,79.764,59.857,1770.563,155.027,23.72,78.613,507,64.099,31.834,Normal,0,1
A039,2025-01-03 11:00:00,A039-BAT,Battery,75.632,2.37,80.098,55.784,1705.339,151.253,24.282,74.271,311,37.183,24.369,Normal,0,0
A039,2025-01-03 12:00:00,A039-BAT,Battery,74.149,3.443,79.358,55.334,1765.005,153.433,23.169,75.042,181,58.78,21.595,Normal,0,1
A039,2025-01-03 14:00:00,A039-BAT,Battery,78.054,2.56,77.64,53.724,1739.108,144.278,24.034,77.702,204,51.681,27.137,Normal,0,0
A039,2025-01-03 16:00:00,A039-BAT,Battery,76.234,2.58,78.316,55.013,1848.011,151.956,24.104,79.433,422,56.444,22.703,Normal,0,0
A039,2025-01-03 19:00:00,A039-BAT,Battery,75.053,2.635,77.788,56.054,1698.339,147.784,23.796,76.872,475,71.2,28.304,Normal,0,0
A039,2025-01-03 20:00:00,A039-BAT,Battery,70.453,2.601,77.279,55.837,1852.546,147.662,23.686,77.011,362,56.527,29.5,Normal,0,0
A039,2025-01-03 22:00:00,A039-BAT,Battery,73.151,3.513,75.634,53.002,1766.324,143.517,23.444,73.653,243,65.559,29.886,Normal,0,0
A039,2025-01-03 23:00:00,A039-BAT,Battery,70.805,2.367,73.957,56.359,1750.705,154.353,23.342,75.364,467,60.265,29.205,Normal,0,0
A039,2025-01-04 02:00:00,A039-BAT,Battery,73.307,2.706,76.443,55.557,1861.935,153.885,23.681,77.766,379,42.748,30.921,Normal,0,0
A039,2025-01-04 05:00:00,A039-BAT,Battery,72.728,3.301,75.021,54.905,1771.753,153.294,23.579,74.991,298,61.227,26.57,Normal,0,0
A039,2025-01-04 07:00:00,A039-BAT,Battery,74.127,3.312,73.89,54.577,1657.795,146.233,23.323,74.883,549,60.681,33.559,Normal,0,1
A039,2025-01-04 12:00:00,A039-BAT,Battery,69.46,3.001,73.184,54.101,1780.415,138.239,24.082,79.197,400,59.495,23.776,Normal,0,0
A039,2025-01-04 14:00:00,A039-BAT,Battery,74.609,2.6,72.501,56.434,1864.447,151.23,23.689,80.059,415,61.656,23.657,Normal,0,1
A039,2025-01-04 15:00:00,A039-BAT,Battery,79.285,2.602,72.746,54.913,1839.172,147.057,23.162,75.734,257,62.953,35.684,Normal,0,0
A039,2025-01-04 18:00:00,A039-BAT,Battery,74.311,2.676,74.966,52.468,1891.799,152.631,23.671,79.602,418,54.389,25.979,Normal,0,0
A039,2025-01-04 21:00:00,A039-BAT,Battery,78.616,2.716,74.261,60.021,1974.003,148.759,23.78,76.532,321,62.374,23.076,Normal,0,0
A039,2025-01-05 00:00:00,A039-BAT,Battery,86.445,6.035,56.293,56.472,1809.277,129.995,23.915,78.277,293,66.202,33.342,Warning,1,1
A039,2025-01-05 03:00:00,A039-BAT,Battery,78.038,2.817,72.679,54.466,1812.786,151.275,23.804,78.007,319,77.882,30.544,Normal,0,0
A039,2025-01-05 06:00:00,A039-BAT,Battery,76.695,3.084,73.689,53.982,1791.291,155.226,24.251,76.967,209,44.476,20.302,Normal,0,0
A039,2025-01-05 10:00:00,A039-BAT,Battery,74.43,2.531,75.438,51.527,1751.236,147.523,23.713,79.519,284,78.581,30.872,Normal,0,0
A039,2025-01-05 15:00:00,A039-BAT,Battery,74.118,2.216,73.945,53.746,1604.022,146.61,23.588,73.733,480,70.178,34.741,Normal,0,0
A039,2025-01-05 17:00:00,A039-BAT,Battery,75.243,3.359,71.439,53.185,1863.982,151.48,23.348,78.712,544,68.507,33.428,Normal,0,0
A039,2025-01-05 21:00:00,A039-BAT,Battery,73.848,3.035,75.685,55.308,1682.925,152.255,23.271,79.191,239,69.131,27.136,Normal,0,0
A039,2025-01-05 22:00:00,A039-BAT,Battery,78.204,2.712,74.581,56.232,1781.053,149.009,24.364,79.466,429,64.68,29.479,Normal,0,0
A039,2025-01-06 00:00:00,A039-BAT,Battery,75.973,2.665,75.355,53.915,1878.015,151.567,23.873,81.635,554,79.204,32.114,Normal,0,0
A039,2025-01-06 02:00:00,A039-BAT,Battery,80.581,2.265,72.778,53.588,1735.117,143.268,23.23,77.32,547,56.499,36.03,Normal,0,0
A039,2025-01-06 07:00:00,A039-BAT,Battery,80.034,3.139,77.817,51.553,1918.839,151.174,24.33,80.242,355,54.436,33.575,Normal,0,0
A039,2025-01-06 10:00:00,A039-BAT,Battery,78.526,2.982,74.033,52.67,1713.894,142.84,23.841,81.251,252,61.295,34.621,Normal,0,0
A039,2025-01-06 12:00:00,A039-BAT,Battery,77.116,2.701,73.728,50.178,1830.972,149.913,23.695,78.915,585,64.1,17.619,Normal,0,1
A039,2025-01-06 21:00:00,A039-BAT,Battery,76.44,2.875,73.391,51.328,1843.746,146.742,23.606,73.29,542,60.832,27.886,Normal,0,0
A039,2025-01-07 00:00:00,A039-BAT,Battery,74.752,2.443,76.783,53.811,1984.94,147.793,23.554,79.446,400,54.86,33.722,Normal,0,1
A039,2025-01-07 01:00:00,A039-BAT,Battery,80.222,2.24,73.044,56.783,1749.587,150.021,23.742,77.583,537,53.007,22.844,Normal,0,0
A039,2025-01-07 13:00:00,A039-BAT,Battery,76.9,2.697,75.262,49.893,1759.532,150.664,23.355,77.585,653,60.13,34.728,Normal,0,0
A039,2025-01-07 14:00:00,A039-BAT,Battery,78.084,2.639,77.383,52.495,1700.884,150.246,23.816,80.884,410,63.846,28.208,Normal,0,1
A039,2025-01-07 15:00:00,A039-BAT,Battery,78.15,3.001,79.374,55.728,1684.184,150.107,23.842,79.501,450,59.412,36.137,Normal,0,0
A039,2025-01-07 17:00:00,A039-BAT,Battery,79.116,2.888,75.494,54.615,1768.373,152.368,23.402,80.323,509,68.878,25.347,Normal,0,1
A039,2025-01-07 20:00:00,A039-BAT,Battery,75.162,2.919,77.598,55.355,1888.237,149.179,24.162,79.827,471,65.078,25.418,Normal,0,1
A039,2025-01-07 23:00:00,A039-BAT,Battery,93.359,6.39,60.389,54.871,1716.272,143.045,23.246,78.881,381,56.426,29.906,Warning,1,0
A039,2025-01-08 06:00:00,A039-BAT,Battery,75.96,2.246,72.317,58.651,1768.709,151.247,23.367,83.688,432,48.043,30.302,Normal,0,0
A039,2025-01-08 13:00:00,A039-BAT,Battery,84.931,3.363,68.813,52.857,1697.669,155.816,23.473,79.303,449,74.582,28.347,Normal,0,0
A039,2025-01-08 14:00:00,A039-BAT,Battery,81.318,2.748,78.246,54.308,1767.414,144.659,23.782,80.426,598,58.329,37.523,Normal,0,0
A039,2025-01-08 15:00:00,A039-BAT,Battery,78.767,3.097,71.266,55.114,1822.464,146.964,23.212,80.462,576,75.177,36.904,Normal,0,0
A039,2025-01-08 16:00:00,A039-BAT,Battery,76.471,3.246,72.707,50.793,1707.572,155.818,23.034,79.199,492,68.955,30.49,Normal,0,0
A039,2025-01-08 18:00:00,A039-BAT,Battery,81.072,2.961,73.72,52.346,1727.023,146.062,23.376,82.418,485,62.034,32.462,Normal,0,1
A039,2025-01-08 21:00:00,A039-BAT,Battery,78.051,3.832,76.888,51.461,1732.385,151.62,23.677,81.475,540,67.15,33.762,Normal,0,0
A039,2025-01-08 22:00:00,A039-BAT,Battery,82.832,2.973,76.479,50.898,1913.561,142.273,23.122,79.794,501,61.204,26.925,Normal,0,0
A039,2025-01-09 04:00:00,A039-BAT,Battery,80.832,3.581,78.85,56.187,1815.248,144.312,23.486,81.878,448,71.483,28.64,Normal,0,0
A039,2025-01-09 07:00:00,A039-BAT,Battery,83.56,3.073,69.092,54.832,1782.206,145.845,23.657,76.783,535,75.146,32.973,Normal,0,0
A039,2025-01-09 08:00:00,A039-BAT,Battery,79.443,3.521,71.378,55.007,1800.885,140.802,24.323,81.835,447,69.109,29.553,Normal,0,1
A039,2025-01-09 11:00:00,A039-BAT,Battery,78.87,3.021,76.311,52.356,1715.959,147.641,22.888,79.661,598,65.074,30.943,Normal,0,0
A039,2025-01-10 05:00:00,A039-BAT,Battery,76.102,3.749,70.04,52.392,1732.454,147.919,23.288,81.449,666,73.741,28.604,Normal,0,1
A039,2025-01-10 06:00:00,A039-BAT,Battery,77.757,2.76,72.632,56.56,1779.984,141.117,22.855,82.437,454,76.174,34.214,Normal,0,0
A039,2025-01-10 08:00:00,A039-BAT,Battery,76.039,3.14,73.022,51.253,1716.054,149.521,23.88,82.057,689,61.814,33.105,Normal,0,0
A039,2025-01-10 17:00:00,A039-BAT,Battery,79.975,2.818,73.36,52.321,1738.627,151.12,23.034,78.224,529,62.215,27.503,Normal,0,0
A039,2025-01-10 18:00:00,A039-BAT,Battery,81.784,3.473,70.061,50.976,1782.711,147.173,23.278,77.149,441,68.883,33.035,Normal,0,0
A039,2025-01-10 22:00:00,A039-BAT,Battery,76.79,3.544,69.946,53.726,1817.84,147.496,23.135,83.051,399,64.576,30.507,Normal,0,1
A039,2025-01-11 02:00:00,A039-BAT,Battery,80.045,2.987,71.172,53.126,1900.057,148.41,22.77,85.011,368,65.363,30.25,Normal,0,1
A039,2025-01-11 04:00:00,A039-BAT,Battery,79.956,3.722,72.941,53.106,1807.983,148.888,23.331,78.548,581,63.582,34.922,Normal,0,1
A039,2025-01-11 14:00:00,A039-BAT,Battery,78.394,3.042,70.297,52.556,1824.387,144.744,23.255,79.682,564,74.494,32.609,Normal,0,1
A039,2025-01-11 16:00:00,A039-BAT,Battery,80.405,3.94,72.363,52.089,1781.032,147.887,23.711,79.287,522,59.4,35.744,Normal,0,1
A039,2025-01-11 19:00:00,A039-BAT,Battery,78.529,3.897,76.775,52.995,1833.807,147.091,22.637,80.764,714,62.323,30.199,Normal,0,0
A039,2025-01-12 02:00:00,A039-BAT,Battery,79.432,3.274,72.508,51.269,1656.128,152.977,23.309,80.802,661,52.209,18.405,Normal,0,1
A039,2025-01-12 07:00:00,A039-BAT,Battery,81.711,2.474,73.424,53.215,1919.109,143.6,23.137,80.264,728,78.269,32.393,Normal,0,1
A039,2025-01-12 09:00:00,A039-BAT,Battery,81.564,3.523,68.316,50.149,1826.912,146.113,22.886,85.063,553,66.038,41.605,Warning,1,0
A039,2025-01-12 14:00:00,A039-BAT,Battery,90.338,5.948,59.233,52.224,1745.992,134.908,23.463,78.489,638,74.545,36.173,Warning,1,1
A039,2025-01-12 21:00:00,A039-BAT,Battery,78.33,3.492,69.201,56.918,1836.927,152.67,23.59,75.839,437,70.485,37.434,Warning,1,1
A039,2025-01-12 23:00:00,A039-BAT,Battery,81.793,3.566,74.019,52.754,1922.93,144.73,23.061,83.078,734,72.645,30.611,Warning,1,0
A039,2025-01-13 01:00:00,A039-BAT,Battery,79.379,3.441,69.362,51.148,1791.976,149.138,23.119,86.672,510,69.178,33.508,Warning,1,0
A039,2025-01-13 07:00:00,A039-BAT,Battery,91.212,6.601,58.09,47.406,2001.646,133.506,22.933,78.168,449,62.309,25.404,Warning,1,1
A039,2025-01-13 10:00:00,A039-BAT,Battery,77.718,4.05,70.034,52.02,1769.8,147.126,23.657,81.265,697,68.115,29.021,Warning,1,1
A039,2025-01-13 13:00:00,A039-BAT,Battery,88.159,5.194,52.858,51.159,1744.479,138.163,23.518,82.007,708,67.307,46.472,Warning,1,0
A039,2025-01-13 16:00:00,A039-BAT,Battery,77.629,3.641,70.855,51.089,1768.296,148.766,22.969,83.556,443,64.01,30.155,Warning,1,1
A039,2025-01-13 21:00:00,A039-BAT,Battery,97.039,7.362,68.468,48.046,1806.865,125.041,22.65,82.093,779,73.35,36.587,Warning,1,1
A039,2025-01-13 22:00:00,A039-BAT,Battery,80.311,3.478,65.625,54.966,1803.196,143.44,22.947,83.524,769,82.553,28.016,Warning,1,0
A039,2025-01-14 00:00:00,A039-BAT,Battery,83.264,3.716,71.077,51.466,1675.236,150.513,23.283,79.207,463,67.603,22.443,Warning,1,0
A039,2025-01-14 06:00:00,A039-BAT,Battery,76.632,4.006,69.789,51.297,1801.69,148.737,22.708,85.612,520,84.445,31.355,Warning,1,0
A039,2025-01-14 18:00:00,A039-BAT,Battery,82.886,3.909,71.643,47.94,1792.893,147.724,23.431,80.896,724,71.289,32.242,Warning,1,1
A039,2025-01-15 03:00:00,A039-BAT,Battery,84.578,3.985,71.503,54.034,1776.005,141.958,22.902,83.548,476,65.157,27.834,Warning,1,0
A039,2025-01-15 06:00:00,A039-BAT,Battery,80.171,4.055,73.629,56.327,1841.868,139.545,22.212,84.073,649,76.437,29.195,Warning,1,0
A039,2025-01-15 08:00:00,A039-BAT,Battery,83.315,3.748,67.712,51.849,1691.909,151.572,21.978,81.436,799,83.952,29.67,Warning,1,0
A039,2025-01-15 20:00:00,A039-BAT,Battery,86.407,4.182,66.884,51.952,1931.034,142.414,22.481,83.922,787,74.727,30.725,Warning,1,1
A039,2025-01-16 00:00:00,A039-BAT,Battery,81.967,3.953,69.806,53.237,1814.023,148.968,23.191,83.425,485,71.769,33.294,Warning,1,1
A039,2025-01-16 02:00:00,A039-BAT,Battery,80.751,3.676,69.681,54.078,1782.405,144.303,23.275,82.596,668,73.566,19.096,Warning,1,1
A039,2025-01-16 08:00:00,A039-BAT,Battery,85.018,3.87,70.242,54.894,1647.728,138.487,23.053,83.664,751,72.577,39.018,Warning,1,1
A039,2025-01-16 13:00:00,A039-BAT,Battery,100.352,5.643,65.247,51.321,1640.233,129.195,22.891,84.551,854,74.916,22.915,Warning,1,1
A039,2025-01-16 17:00:00,A039-BAT,Battery,86.898,3.778,70.316,58.222,1741.175,147.632,23.672,83.824,655,71.567,30.423,Warning,1,0
A039,2025-01-16 21:00:00,A039-BAT,Battery,83.689,3.701,68.773,48.74,1832.755,147.896,22.746,87.549,770,73.4,34.395,Warning,1,1
A039,2025-01-17 03:00:00,A039-BAT,Battery,80.237,3.823,68.902,55.656,1887.111,147.53,22.412,83.384,767,86.715,30.502,Warning,1,1
A039,2025-01-17 05:00:00,A039-BAT,Battery,85.673,3.649,66.299,51.943,1807.302,153.394,22.203,82.654,587,75.574,27.279,Warning,1,1
A039,2025-01-17 06:00:00,A039-BAT,Battery,82.23,3.541,66.893,48.93,1548.566,149.161,23.346,85.044,763,87.658,24.25,Warning,1,0
A039,2025-01-17 07:00:00,A039-BAT,Battery,82.788,3.642,67.448,48.923,1887.765,142.86,22.878,85.842,505,74.369,31.878,Warning,1,0
A040,2025-01-01 02:00:00,A040-BAT,Battery,69.689,1.661,77.687,53.491,1808.552,155.247,23.857,74.134,411,52.123,34.258,Normal,0,0
A040,2025-01-01 05:00:00,A040-BAT,Battery,68.273,2.351,79.404,57.413,1713.573,145.959,23.178,76.936,430,43.324,29.954,Normal,0,0
A040,2025-01-01 06:00:00,A040-BAT,Battery,69.428,2.45,75.935,54.568,1905.822,145.265,23.684,74.918,387,50.822,31.445,Normal,0,0
A040,2025-01-01 08:00:00,A040-BAT,Battery,66.499,2.337,80.223,57.47,1706.39,150.57,24.63,73.53,138,40.258,38.083,Normal,0,0
A040,2025-01-01 09:00:00,A040-BAT,Battery,68.539,1.632,84.328,54.619,1725.436,150.364,23.635,74.453,114,46.399,25.153,Normal,0,0
A040,2025-01-01 10:00:00,A040-BAT,Battery,67.844,2.482,77.257,55.275,1814.629,143.96,23.655,73.861,484,43.526,33.569,Normal,0,0
A040,2025-01-01 13:00:00,A040-BAT,Battery,69.257,2.083,78.887,58.771,1826.514,149.341,23.921,77.331,446,56.729,33.751,Normal,0,0
A040,2025-01-01 16:00:00,A040-BAT,Battery,73.667,2.3,83.277,54.722,1900.407,150.637,24.271,74.391,302,60.043,31.67,Normal,0,0
A040,2025-01-01 20:00:00,A040-BAT,Battery,68.509,1.758,77.8,53.176,1709.838,144.795,23.218,76.526,134,42.883,28.455,Normal,0,0
A040,2025-01-01 23:00:00,A040-BAT,Battery,64.291,2.557,80.633,56.114,2036.095,148.958,24.256,76.907,164,41.472,25.744,Normal,0,0
A040,2025-01-02 13:00:00,A040-BAT,Battery,72.484,2.016,81.17,54.265,1707.23,147.782,23.228,77.518,196,56.23,22.932,Normal,0,0
A040,2025-01-02 17:00:00,A040-BAT,Battery,71.331,2.636,78.658,57.272,1828.187,148.599,23.716,76.028,208,49.557,29.042,Normal,0,0
A040,2025-01-02 18:00:00,A040-BAT,Battery,71.852,2.28,83.866,54.044,2004.444,144.33,24.497,73.454,174,59.712,29.874,Normal,0,0
A040,2025-01-02 20:00:00,A040-BAT,Battery,73.326,2.522,80.683,55.111,1950.726,147.51,23.708,74.649,225,47.601,27.121,Normal,0,0
A040,2025-01-03 04:00:00,A040-BAT,Battery,67.364,2.091,79.632,58.128,1796.485,150.96,23.866,78.491,542,43.783,33.302,Normal,0,0
A040,2025-01-03 05:00:00,A040-BAT,Battery,72.045,2.556,77.839,54.917,1781.828,149.608,23.941,76.777,196,45.63,31.062,Normal,0,0
A040,2025-01-03 17:00:00,A040-BAT,Battery,74.706,2.88,82.031,52.809,1860.226,147.301,23.879,78.215,417,50.688,33.825,Normal,0,0
A040,2025-01-04 02:00:00,A040-BAT,Battery,71.67,2.656,76.536,54.725,1538.098,153.546,23.587,75.309,219,52.533,29.356,Normal,0,0
A040,2025-01-04 10:00:00,A040-BAT,Battery,74.663,2.526,73.926,51.873,1908.098,150.223,24.352,77.397,482,56.01,32.26,Normal,0,0
A040,2025-01-04 14:00:00,A040-BAT,Battery,72.267,2.566,78.888,53.333,1803.02,141.902,23.366,77.877,530,59.077,32.372,Normal,0,0
A040,2025-01-04 16:00:00,A040-BAT,Battery,77.877,2.258,75.814,54.577,1759.179,144.781,23.488,76.04,306,33.273,39.495,Normal,0,0
A040,2025-01-04 20:00:00,A040-BAT,Battery,70.392,2.76,80.083,55.284,1774.602,150.851,23.785,78.547,493,42.562,34.51,Normal,0,0
A040,2025-01-04 22:00:00,A040-BAT,Battery,70.941,2.56,76.748,55.769,1827.702,152.916,23.609,76.378,428,58.223,32.775,Normal,0,0
A040,2025-01-04 23:00:00,A040-BAT,Battery,72.273,2.221,76.951,56.746,1738.688,151.523,24.013,75.683,540,58.481,23.531,Normal,0,0
A040,2025-01-05 07:00:00,A040-BAT,Battery,72.137,2.505,79.352,53.514,1755.176,149.442,23.699,77.687,326,43.258,25.004,Normal,0,0
A040,2025-01-05 11:00:00,A040-BAT,Battery,73.736,2.436,81.895,52.602,1937.947,146.299,23.702,77.03,485,55.474,24.793,Normal,0,0
A040,2025-01-05 17:00:00,A040-BAT,Battery,71.581,2.047,77.473,56.256,1885.082,155.388,24.055,77.245,356,56.068,36.003,Normal,0,0
A040,2025-01-05 20:00:00,A040-BAT,Battery,71.766,1.4,81.047,52.286,1710.581,147.459,23.145,74.846,255,41.841,27.428,Normal,0,0
A040,2025-01-05 22:00:00,A040-BAT,Battery,75.502,2.444,72.662,53.27,1737.908,147.443,23.555,76.878,398,39.844,32.07,Normal,0,0
A040,2025-01-06 05:00:00,A040-BAT,Battery,76.075,2.801,74.312,57.025,1923.827,149.211,23.383,73.923,531,55.688,25.367,Normal,0,1
A040,2025-01-06 08:00:00,A040-BAT,Battery,74.091,2.509,79.738,55.161,1761.236,149.075,23.252,75.504,300,65.744,27.024,Normal,0,0
A040,2025-01-06 09:00:00,A040-BAT,Battery,78.33,2.473,75.826,51.495,1727.554,148.59,23.174,79.664,532,57.599,24.721,Normal,0,0
A040,2025-01-06 10:00:00,A040-BAT,Battery,76.251,3.027,77.11,54.93,1740.019,155.05,23.606,82.865,335,49.539,32.095,Normal,0,0
A040,2025-01-06 12:00:00,A040-BAT,Battery,72.25,2.471,76.083,52.456,1840.098,148.893,24.065,78.839,602,51.287,29.868,Normal,0,1
A040,2025-01-06 17:00:00,A040-BAT,Battery,73.191,2.815,76.955,54.199,1791.363,150.317,23.312,80.2,566,50.046,30.833,Normal,0,0
A040,2025-01-06 20:00:00,A040-BAT,Battery,77.681,2.348,75.357,57.397,1917.276,155.178,22.927,78.444,625,58.359,25.81,Normal,0,0
A040,2025-01-07 01:00:00,A040-BAT,Battery,75.833,2.42,75.836,52.676,1809.358,141.575,23.428,79.098,396,56.172,30.518,Normal,0,0
A040,2025-01-07 02:00:00,A040-BAT,Battery,71.254,2.518,79.129,53.906,1639.45,148.544,23.584,78.711,440,57.539,25.937,Normal,0,0
A040,2025-01-07 09:00:00,A040-BAT,Battery,69.78,2.69,72.172,53.39,1811.69,142.491,24.292,78.431,455,56.487,24.284,Normal,0,0
A040,2025-01-07 11:00:00,A040-BAT,Battery,70.714,2.276,74.507,47.867,1889.69,146.91,23.089,78.063,553,69.134,31.119,Normal,0,0
A040,2025-01-07 12:00:00,A040-BAT,Battery,79.301,2.231,73.22,50.846,1927.525,149.154,23.519,83.485,627,39.023,21.09,Normal,0,0
A040,2025-01-07 15:00:00,A040-BAT,Battery,80.788,2.277,77.775,54.666,1811.953,145.944,22.728,77.264,459,55.68,33.587,Normal,0,0
A040,2025-01-07 22:00:00,A040-BAT,Battery,72.733,2.803,75.503,52.064,1875.699,149.35,22.833,81.049,268,64.939,24.774,Normal,0,0
A040,2025-01-07 23:00:00,A040-BAT,Battery,75.004,2.241,75.13,50.719,1777.104,146.549,23.436,78.807,555,49.37,29.571,Normal,0,0
A040,2025-01-08 00:00:00,A040-BAT,Battery,75.171,2.717,73.51,57.039,1563.92,151.643,23.568,81.342,517,49.63,29.105,Normal,0,0
A040,2025-01-08 01:00:00,A040-BAT,Battery,73.902,2.888,76.23,51.473,1675.225,148.265,23.633,76.809,404,41.843,40.157,Normal,0,0
A040,2025-01-08 07:00:00,A040-BAT,Battery,78.443,2.561,80.077,51.292,2025.562,151.023,24.102,79.89,466,51.408,20.75,Normal,0,1
A040,2025-01-08 09:00:00,A040-BAT,Battery,75.479,2.786,74.947,55.443,1721.844,146.784,23.235,78.291,657,54.034,29.678,Normal,0,0
A040,2025-01-08 14:00:00,A040-BAT,Battery,72.786,2.573,77.621,53.072,1797.715,144.675,23.72,77.061,401,57.976,27.5,Normal,0,0
A040,2025-01-08 17:00:00,A040-BAT,Battery,71.35,3.092,71.218,52.662,1756.339,156.691,23.928,79.547,397,63.497,19.64,Normal,0,0
A040,2025-01-08 22:00:00,A040-BAT,Battery,77.092,3.043,73.642,53.681,1686.95,147.26,23.389,78.205,412,66.756,31.135,Normal,0,0
A040,2025-01-09 00:00:00,A040-BAT,Battery,75.104,3.213,76.23,51.404,1901.112,144.271,23.224,78.883,395,65.48,22.038,Normal,0,0
A040,2025-01-09 05:00:00,A040-BAT,Battery,82.551,6.365,66.443,57.578,1927.157,134.457,23.268,78.024,471,63.409,35.174,Warning,1,0
A040,2025-01-09 08:00:00,A040-BAT,Battery,75.997,2.707,77.892,52.254,1799.534,147.659,23.637,86.015,679,58.856,40.098,Normal,0,1
A040,2025-01-09 09:00:00,A040-BAT,Battery,75.633,2.967,75.697,53.118,1765.811,142.356,23.186,82.017,682,56.503,28.257,Normal,0,0
A040,2025-01-09 10:00:00,A040-BAT,Battery,75.072,2.604,76.203,54.543,1754.007,153.097,23.161,80.423,617,63.136,33.256,Normal,0,0
A040,2025-01-09 18:00:00,A040-BAT,Battery,76.974,3.266,75.582,50.285,1807.982,148.182,23.512,81.148,521,70.927,36.093,Normal,0,0
A040,2025-01-09 19:00:00,A040-BAT,Battery,73.209,1.811,76.95,51.124,1796.367,140.724,23.612,77.707,488,74.133,31.5,Normal,0,0
A040,2025-01-09 22:00:00,A040-BAT,Battery,77.039,2.626,75.236,54.112,1860.276,142.736,23.366,80.443,571,60.078,29.281,Normal,0,0
A040,2025-01-10 01:00:00,A040-BAT,Battery,76.481,2.94,72.825,54.009,1878.338,150.102,22.791,82.22,498,49.012,40.562,Normal,0,0
A040,2025-01-10 06:00:00,A040-BAT,Battery,72.712,2.926,75.377,53.74,1884.957,151.696,23.41,81.101,388,70.734,31.697,Normal,0,0
A040,2025-01-10 07:00:00,A040-BAT,Battery,77.636,2.712,77.037,53.292,1590.721,148.8,23.439,80.453,387,71.689,29.923,Normal,0,1
A040,2025-01-10 10:00:00,A040-BAT,Battery,75.389,2.249,75.318,53.543,1761.073,139.724,22.873,82.395,722,61.448,19.723,Normal,0,1
A040,2025-01-10 11:00:00,A040-BAT,Battery,76.047,2.708,78.422,55.848,1902.285,146.008,23.745,81.554,427,52.722,32.736,Normal,0,0
A040,2025-01-10 23:00:00,A040-BAT,Battery,78.02,3.141,70.248,53.286,1825.683,144.662,22.995,82.954,675,63.79,29.624,Normal,0,1
A040,2025-01-11 10:00:00,A040-BAT,Battery,82.294,2.74,72.095,55.457,1822.184,145.292,22.705,79.096,508,64.159,32.768,Normal,0,0
A040,2025-01-11 15:00:00,A040-BAT,Battery,82.153,3.412,75.593,52.196,1706.043,146.343,22.699,81.86,362,64.985,36.592,Normal,0,0
A040,2025-01-11 17:00:00,A040-BAT,Battery,76.001,2.86,69.654,53.251,1806.422,146.661,23.631,82.068,566,70.643,31.118,Normal,0,0
A040,2025-01-11 22:00:00,A040-BAT,Battery,78.048,3.061,73.424,50.725,1719.487,138.588,22.956,82.628,555,65.469,29.598,Normal,0,0
A040,2025-01-12 00:00:00,A040-BAT,Battery,86.165,6.499,61.489,51.704,1910.146,139.855,23.572,80.523,417,63.051,29.612,Warning,1,1
A040,2025-01-12 07:00:00,A040-BAT,Battery,78.288,2.894,76.554,53.023,1834.877,145.429,22.881,80.58,611,58.209,38.853,Normal,0,0
A040,2025-01-12 08:00:00,A040-BAT,Battery,80.509,2.802,72.519,50.904,1784.344,146.239,23.348,82.457,637,74.765,34.288,Normal,0,0
A040,2025-01-12 11:00:00,A040-BAT,Battery,81.133,3.548,74.403,49.088,1872.84,151.642,22.748,83.668,592,53.71,33.872,Normal,0,0
A040,2025-01-12 12:00:00,A040-BAT,Battery,77.595,2.808,75.24,55.158,1957.294,148.408,23.251,79.372,679,63.151,24.7,Normal,0,0
A040,2025-01-12 19:00:00,A040-BAT,Battery,79.606,2.97,71.487,55.312,1730.604,146.892,22.818,79.496,572,77.366,30.296,Normal,0,1
A040,2025-01-12 22:00:00,A040-BAT,Battery,79.503,3.296,77.0,55.061,1844.811,150.718,22.519,79.377,492,57.473,28.527,Normal,0,0
A040,2025-01-13 02:00:00,A040-BAT,Battery,76.701,2.865,72.054,58.336,1601.724,144.435,22.879,81.891,482,57.58,35.447,Normal,0,0
A040,2025-01-13 05:00:00,A040-BAT,Battery,79.93,3.14,73.39,51.985,1802.398,150.07,23.508,80.395,567,65.899,24.899,Normal,0,1
A040,2025-01-13 08:00:00,A040-BAT,Battery,75.59,3.35,75.577,50.541,1689.392,142.595,23.317,80.942,661,65.297,39.207,Normal,0,1
A040,2025-01-13 09:00:00,A040-BAT,Battery,82.033,3.28,73.022,50.576,1664.939,149.134,23.034,83.546,751,56.206,39.119,Normal,0,1
A040,2025-01-13 10:00:00,A040-BAT,Battery,81.583,2.706,69.793,52.875,1800.735,147.346,23.487,84.556,541,57.344,36.734,Normal,0,1
A040,2025-01-13 13:00:00,A040-BAT,Battery,79.695,3.661,71.09,51.56,1772.805,148.264,23.499,83.209,421,55.366,35.106,Normal,0,0
A040,2025-01-13 17:00:00,A040-BAT,Battery,76.784,2.535,72.939,51.676,1919.696,142.032,23.372,80.608,555,60.467,26.336,Normal,0,0
A040,2025-01-13 19:00:00,A040-BAT,Battery,77.058,3.327,69.558,52.277,1815.295,140.892,22.654,82.381,709,57.517,22.076,Normal,0,0
A040,2025-01-13 21:00:00,A040-BAT,Battery,78.201,2.917,69.451,52.149,1751.516,148.529,22.674,84.455,709,66.971,25.185,Normal,0,0
A040,2025-01-14 03:00:00,A040-BAT,Battery,77.963,2.659,68.258,54.902,1720.442,148.581,23.485,84.502,654,60.222,22.2,Normal,0,0
A040,2025-01-14 10:00:00,A040-BAT,Battery,79.977,3.363,71.906,52.013,1838.857,147.288,23.309,81.887,694,65.202,33.758,Normal,0,0
A040,2025-01-14 13:00:00,A040-BAT,Battery,80.668,3.195,70.441,51.504,1793.909,148.09,23.506,83.467,629,81.197,27.218,Warning,1,0
A040,2025-01-14 18:00:00,A040-BAT,Battery,77.508,3.335,74.58,51.697,1778.438,140.663,22.762,81.82,467,65.063,26.141,Normal,0,0
A040,2025-01-14 22:00:00,A040-BAT,Battery,80.073,3.554,73.0,52.959,1902.708,145.992,22.702,85.324,464,74.739,21.934,Warning,1,0
A040,2025-01-14 23:00:00,A040-BAT,Battery,82.151,2.949,70.381,52.922,1851.481,142.418,22.793,87.166,736,66.75,25.818,Normal,0,0
A040,2025-01-15 01:00:00,A040-BAT,Battery,79.783,2.957,73.162,51.561,1803.666,150.4,22.385,83.864,578,44.52,26.463,Normal,0,0
A040,2025-01-15 02:00:00,A040-BAT,Battery,80.453,3.171,71.892,51.252,1876.24,139.276,23.106,79.706,554,69.389,30.247,Normal,0,0
A040,2025-01-15 08:00:00,A040-BAT,Battery,84.55,3.453,72.789,52.226,1952.191,146.94,22.806,81.999,619,66.264,27.717,Warning,1,0
A040,2025-01-15 09:00:00,A040-BAT,Battery,77.59,2.997,76.382,51.733,1712.327,139.202,23.051,82.678,580,76.661,35.438,Normal,0,0
A040,2025-01-15 11:00:00,A040-BAT,Battery,79.787,3.958,70.951,49.476,1688.187,143.244,22.587,85.316,604,55.322,19.008,Normal,0,0
A040,2025-01-15 16:00:00,A040-BAT,Battery,81.38,4.104,72.316,51.193,1891.44,143.798,22.602,85.278,463,72.242,29.321,Warning,1,0
A040,2025-01-15 21:00:00,A040-BAT,Battery,80.207,3.877,73.858,54.204,1671.748,141.221,22.738,82.733,756,65.404,31.248,Warning,1,0
A040,2025-01-16 00:00:00,A040-BAT,Battery,81.795,3.143,69.867,52.616,1899.586,145.428,23.114,83.683,759,60.419,22.461,Normal,0,0
A040,2025-01-16 01:00:00,A040-BAT,Battery,82.619,2.691,69.814,53.033,1968.45,144.831,22.715,82.753,627,65.581,34.89,Normal,0,0
A040,2025-01-16 07:00:00,A040-BAT,Battery,83.011,3.0,78.345,57.229,1929.639,146.739,22.749,82.768,669,68.829,24.559,Normal,0,0
A040,2025-01-16 08:00:00,A040-BAT,Battery,81.378,3.306,73.991,55.522,1799.959,144.461,22.698,83.645,498,68.263,17.524,Warning,1,1
A040,2025-01-16 09:00:00,A040-BAT,Battery,77.25,3.694,74.467,50.289,1881.85,138.645,23.306,83.416,715,73.379,30.43,Warning,1,1
A040,2025-01-16 11:00:00,A040-BAT,Battery,78.61,4.087,72.762,53.519,1936.94,141.72,22.54,88.156,730,66.982,33.378,Warning,1,1
A040,2025-01-16 12:00:00,A040-BAT,Battery,83.468,3.023,74.101,50.931,1882.291,137.898,22.842,85.888,839,63.804,36.198,Normal,0,0
A040,2025-01-17 09:00:00,A040-BAT,Battery,83.87,3.997,67.648,54.088,1633.703,143.498,23.072,86.083,574,73.772,20.889,Warning,1,1
A040,2025-01-17 15:00:00,A040-BAT,Battery,81.923,3.637,68.464,51.577,1815.654,147.199,22.701,84.689,611,68.366,30.152,Warning,1,0
A041,2025-01-01 07:00:00,A041-BAT,Battery,71.428,2.082,78.364,55.533,1854.859,156.585,24.2,75.205,356,47.645,34.285,Normal,0,0
A041,2025-01-01 10:00:00,A041-BAT,Battery,70.684,2.207,75.685,57.501,1776.093,144.956,24.111,75.057,441,40.758,32.732,Normal,0,0
A041,2025-01-01 18:00:00,A041-BAT,Battery,77.698,1.819,78.803,52.571,1820.542,152.587,23.64,73.062,477,39.127,30.72,Normal,0,0
A041,2025-01-01 19:00:00,A041-BAT,Battery,71.88,2.444,79.449,54.035,1798.935,149.111,23.662,74.477,429,37.664,28.787,Normal,0,0
A041,2025-01-01 20:00:00,A041-BAT,Battery,68.334,2.503,81.32,52.766,1774.049,144.98,24.314,76.348,476,48.63,26.8,Normal,0,0
A041,2025-01-01 22:00:00,A041-BAT,Battery,68.829,1.906,82.367,54.542,1671.972,153.396,23.654,75.184,347,55.131,31.446,Normal,0,0
A041,2025-01-02 03:00:00,A041-BAT,Battery,69.734,1.811,80.945,56.589,1849.718,159.093,23.797,79.801,134,39.858,33.282,Normal,0,0
A041,2025-01-02 05:00:00,A041-BAT,Battery,74.232,2.241,79.28,56.487,1832.7,146.021,23.906,76.433,276,42.399,22.998,Normal,0,0
A041,2025-01-02 06:00:00,A041-BAT,Battery,69.704,1.909,78.497,53.671,1759.934,156.288,24.256,74.575,244,69.907,28.293,Normal,0,0
A041,2025-01-02 10:00:00,A041-BAT,Battery,72.686,2.324,78.498,52.994,1812.923,151.153,24.167,77.668,509,54.653,36.382,Normal,0,0
A041,2025-01-02 11:00:00,A041-BAT,Battery,67.53,1.977,73.499,53.88,1816.383,148.714,23.557,74.484,157,49.449,37.529,Normal,0,0
A041,2025-01-02 13:00:00,A041-BAT,Battery,75.97,2.345,79.576,53.607,1816.675,142.827,24.32,76.482,481,43.954,30.396,Normal,0,0
A041,2025-01-02 21:00:00,A041-BAT,Battery,81.005,4.025,66.719,55.857,1824.788,132.212,23.711,77.387,417,62.566,35.151,Warning,1,1
A041,2025-01-03 00:00:00,A041-BAT,Battery,72.047,2.291,77.754,54.133,1830.107,155.477,23.6,72.208,250,46.22,32.397,Normal,0,0
A041,2025-01-03 01:00:00,A041-BAT,Battery,75.207,2.552,73.675,51.258,1808.698,150.125,24.274,78.847,262,37.688,32.065,Normal,0,0
A041,2025-01-03 07:00:00,A041-BAT,Battery,76.106,2.059,77.106,59.54,1937.368,154.486,23.833,72.93,551,55.329,36.808,Normal,0,0
A041,2025-01-03 09:00:00,A041-BAT,Battery,77.335,2.863,75.491,54.185,1790.089,147.53,23.575,74.339,277,56.177,27.315,Normal,0,0
A041,2025-01-03 12:00:00,A041-BAT,Battery,73.77,2.309,75.944,55.221,1693.052,147.714,23.715,76.728,434,42.77,28.519,Normal,0,0
A041,2025-01-03 14:00:00,A041-BAT,Battery,70.129,2.67,77.07,52.978,1709.776,148.944,23.783,75.796,461,55.944,24.674,Normal,0,0
A041,2025-01-03 15:00:00,A041-BAT,Battery,69.153,2.289,75.44,58.647,1678.545,150.956,23.756,77.525,348,44.777,31.645,Normal,0,0
A041,2025-01-03 18:00:00,A041-BAT,Battery,70.388,2.178,80.422,55.383,1984.292,150.254,23.425,78.938,166,60.992,32.866,Normal,0,0
A041,2025-01-04 00:00:00,A041-BAT,Battery,72.607,2.135,81.894,53.361,2010.963,150.699,24.307,74.378,382,60.53,30.556,Normal,0,0
A041,2025-01-04 05:00:00,A041-BAT,Battery,76.555,1.761,78.114,54.297,1756.183,148.675,23.242,74.338,229,50.049,23.957,Normal,0,1
A041,2025-01-04 08:00:00,A041-BAT,Battery,68.722,2.601,77.287,50.899,1952.776,146.471,24.31,75.169,348,49.956,26.627,Normal,0,0
A041,2025-01-04 10:00:00,A041-BAT,Battery,75.137,3.013,81.205,50.998,1737.607,148.264,24.388,72.329,532,53.411,35.964,Normal,0,0
A041,2025-01-04 12:00:00,A041-BAT,Battery,73.325,2.571,75.332,55.544,1843.812,146.881,24.118,79.524,190,48.895,33.989,Normal,0,0
A041,2025-01-04 16:00:00,A041-BAT,Battery,72.375,2.678,77.194,50.886,1786.676,139.567,24.41,78.161,554,52.918,30.026,Normal,0,0
A041,2025-01-04 19:00:00,A041-BAT,Battery,76.221,2.696,75.162,52.665,1888.959,151.58,23.746,79.404,391,60.646,29.467,Normal,0,0
A041,2025-01-04 20:00:00,A041-BAT,Battery,72.657,2.818,77.794,53.119,1665.877,142.594,23.909,78.514,326,44.122,30.131,Normal,0,0
A041,2025-01-04 21:00:00,A041-BAT,Battery,72.806,2.25,82.095,54.006,1626.146,151.246,23.998,79.39,331,46.13,31.606,Normal,0,0
A041,2025-01-04 22:00:00,A041-BAT,Battery,72.289,2.148,78.594,54.562,1787.144,150.457,23.542,79.025,286,56.62,32.964,Normal,0,0
A041,2025-01-05 00:00:00,A041-BAT,Battery,74.179,2.46,76.529,54.19,1781.797,148.677,23.276,77.07,432,61.756,35.17,Normal,0,0
A041,2025-01-05 01:00:00,A041-BAT,Battery,70.477,1.873,72.976,54.87,1903.897,144.291,23.151,75.594,263,41.197,28.736,Normal,0,0
A041,2025-01-05 03:00:00,A041-BAT,Battery,76.714,2.285,76.853,52.522,1435.123,148.25,23.909,75.798,461,50.008,39.673,Normal,0,0
A041,2025-01-05 04:00:00,A041-BAT,Battery,77.729,2.637,80.524,53.901,1765.453,147.01,23.763,78.263,431,64.769,26.894,Normal,0,0
A041,2025-01-05 07:00:00,A041-BAT,Battery,75.906,2.74,75.986,50.08,1693.023,144.572,24.208,78.27,526,55.738,24.933,Normal,0,0
A041,2025-01-05 09:00:00,A041-BAT,Battery,79.145,2.256,74.252,56.201,1864.424,140.213,23.939,73.775,460,57.682,40.398,Normal,0,0
A041,2025-01-05 12:00:00,A041-BAT,Battery,76.41,3.236,79.203,54.79,1737.471,153.073,22.924,79.557,497,54.033,32.615,Normal,0,0
A041,2025-01-05 15:00:00,A041-BAT,Battery,76.767,2.692,73.475,51.356,1806.416,152.467,23.631,80.099,369,58.602,28.253,Normal,0,0
A041,2025-01-05 18:00:00,A041-BAT,Battery,75.578,2.67,77.778,57.313,1808.37,149.795,23.816,75.413,408,47.178,33.28,Normal,0,0
A041,2025-01-05 19:00:00,A041-BAT,Battery,71.661,3.175,75.54,54.648,1718.983,151.09,23.547,76.528,335,51.837,27.052,Normal,0,0
A041,2025-01-06 01:00:00,A041-BAT,Battery,78.492,2.9,76.564,53.916,1743.839,144.904,23.521,73.896,567,54.155,31.193,Normal,0,0
A041,2025-01-06 03:00:00,A041-BAT,Battery,73.657,2.527,77.882,50.69,1924.065,143.98,23.397,80.237,360,54.492,35.56,Normal,0,0
A041,2025-01-06 05:00:00,A041-BAT,Battery,75.242,2.753,76.355,58.105,1967.528,142.777,23.518,74.67,477,39.162,36.979,Normal,0,0
A041,2025-01-06 13:00:00,A041-BAT,Battery,75.045,2.121,80.03,52.589,1799.056,150.451,23.146,81.767,543,65.469,31.45,Normal,0,0
A041,2025-01-06 20:00:00,A041-BAT,Battery,75.217,2.361,75.362,53.108,1809.396,145.862,24.091,80.081,535,49.64,20.748,Normal,0,0
A041,2025-01-07 01:00:00,A041-BAT,Battery,74.459,2.585,78.092,53.619,1827.97,150.127,24.252,79.657,291,61.554,29.922,Normal,0,0
A041,2025-01-07 04:00:00,A041-BAT,Battery,78.991,2.803,76.267,53.848,1751.756,145.864,23.219,77.253,614,58.019,26.053,Normal,0,0
A041,2025-01-07 05:00:00,A041-BAT,Battery,77.157,2.825,79.52,49.606,1855.633,149.679,23.954,75.979,557,64.617,29.635,Normal,0,0
A041,2025-01-07 06:00:00,A041-BAT,Battery,74.018,3.125,73.165,57.659,1764.749,147.388,23.436,78.403,436,51.821,30.487,Normal,0,1
A041,2025-01-07 09:00:00,A041-BAT,Battery,72.661,3.115,78.408,51.689,1735.795,145.476,23.257,79.035,420,44.099,29.537,Normal,0,0
A041,2025-01-07 15:00:00,A041-BAT,Battery,84.795,5.412,70.116,54.003,1685.764,142.169,23.903,80.999,326,64.77,24.159,Warning,1,0
A041,2025-01-07 23:00:00,A041-BAT,Battery,76.616,2.218,76.028,52.667,1885.271,154.059,23.494,81.871,437,66.818,29.661,Normal,0,0
A041,2025-01-08 00:00:00,A041-BAT,Battery,76.799,3.212,70.399,54.313,1815.882,141.147,23.638,79.637,430,60.241,32.331,Normal,0,0
A041,2025-01-08 01:00:00,A041-BAT,Battery,74.848,2.958,78.486,52.885,1862.909,148.045,24.274,78.557,436,51.174,30.394,Normal,0,0
A041,2025-01-08 02:00:00,A041-BAT,Battery,73.907,2.845,76.767,53.214,1773.949,145.523,22.769,78.877,447,54.251,34.065,Normal,0,0
A041,2025-01-08 05:00:00,A041-BAT,Battery,75.761,2.952,79.512,52.823,1751.641,157.954,23.248,79.432,424,60.321,24.141,Normal,0,0
A041,2025-01-08 07:00:00,A041-BAT,Battery,75.041,3.056,74.529,51.578,1970.969,149.369,23.757,77.74,385,60.605,32.939,Normal,0,0
A041,2025-01-08 09:00:00,A041-BAT,Battery,75.67,2.889,77.408,51.555,1842.511,150.957,23.686,79.259,381,59.208,39.357,Normal,0,0
A041,2025-01-08 13:00:00,A041-BAT,Battery,79.022,2.491,70.271,51.523,1778.171,146.63,22.884,79.943,423,50.565,31.116,Normal,0,1
A041,2025-01-08 14:00:00,A041-BAT,Battery,75.017,2.635,71.138,57.536,1772.317,148.514,23.372,80.134,292,61.818,37.973,Normal,0,0
A041,2025-01-08 17:00:00,A041-BAT,Battery,74.22,3.182,79.299,54.768,1705.587,146.748,23.366,77.567,385,52.936,20.721,Normal,0,0
A041,2025-01-08 20:00:00,A041-BAT,Battery,80.173,3.094,74.936,56.54,1718.696,147.364,23.865,80.693,290,56.66,30.516,Normal,0,0
A041,2025-01-08 23:00:00,A041-BAT,Battery,75.744,2.746,74.386,52.172,1610.588,137.105,23.593,78.468,394,76.585,28.386,Normal,0,0
A041,2025-01-09 01:00:00,A041-BAT,Battery,75.133,2.829,79.383,50.525,1857.832,156.34,23.456,83.022,389,56.786,26.441,Normal,0,0
A041,2025-01-09 03:00:00,A041-BAT,Battery,76.542,2.796,76.253,55.488,1661.762,145.803,23.795,79.034,590,62.167,30.709,Normal,0,0
A041,2025-01-09 06:00:00,A041-BAT,Battery,75.182,2.702,74.821,52.871,1805.456,150.074,23.654,79.581,420,65.406,23.11,Normal,0,0
A041,2025-01-09 12:00:00,A041-BAT,Battery,78.561,2.427,72.738,55.079,1813.211,147.558,23.287,81.42,324,65.321,34.16,Normal,0,0
A041,2025-01-09 15:00:00,A041-BAT,Battery,89.128,4.193,66.065,53.826,1802.687,128.188,23.31,78.1,532,69.647,25.835,Warning,1,0
A041,2025-01-09 18:00:00,A041-BAT,Battery,73.63,2.792,78.622,49.935,1810.298,144.336,23.183,77.496,332,72.416,30.975,Normal,0,0
A041,2025-01-09 23:00:00,A041-BAT,Battery,76.761,2.907,70.77,53.547,1962.606,150.559,23.307,78.799,642,48.626,33.143,Normal,0,0
A041,2025-01-10 02:00:00,A041-BAT,Battery,84.239,2.808,74.755,51.255,1837.631,147.181,23.125,80.649,455,65.837,22.45,Normal,0,0
A041,2025-01-10 03:00:00,A041-BAT,Battery,76.196,2.58,78.663,55.178,1761.356,145.574,23.445,78.605,530,70.586,30.812,Normal,0,0
A041,2025-01-10 05:00:00,A041-BAT,Battery,78.015,3.059,75.204,53.753,1851.96,146.934,23.367,80.252,463,69.63,28.599,Normal,0,0
A041,2025-01-10 07:00:00,A041-BAT,Battery,79.154,2.539,71.916,53.715,1812.827,143.108,23.204,82.28,593,64.262,25.598,Normal,0,0
A041,2025-01-10 08:00:00,A041-BAT,Battery,76.396,2.7,74.173,53.374,1822.248,156.168,23.127,77.834,619,69.81,27.313,Normal,0,0
A041,2025-01-10 09:00:00,A041-BAT,Battery,79.477,3.524,75.801,54.089,1939.598,145.394,22.842,80.848,543,64.901,17.091,Normal,0,0
A041,2025-01-10 11:00:00,A041-BAT,Battery,78.024,3.056,79.309,53.215,1704.607,149.419,22.934,80.446,405,64.466,31.992,Normal,0,0
A041,2025-01-10 16:00:00,A041-BAT,Battery,77.436,2.732,76.279,52.27,1954.201,146.124,23.653,80.519,687,60.368,32.577,Normal,0,0
A041,2025-01-10 19:00:00,A041-BAT,Battery,79.805,3.421,72.774,54.946,1822.443,146.433,22.867,82.276,704,51.808,27.661,Normal,0,0
A041,2025-01-10 20:00:00,A041-BAT,Battery,75.279,3.232,76.834,53.066,1934.15,147.185,22.816,77.59,656,57.667,30.807,Normal,0,1
A041,2025-01-11 01:00:00,A041-BAT,Battery,74.737,3.21,74.338,52.456,1897.337,150.094,22.888,81.326,479,47.326,31.941,Normal,0,0
A041,2025-01-11 03:00:00,A041-BAT,Battery,77.14,3.221,73.002,49.96,1758.408,153.243,23.293,82.872,616,67.438,21.5,Normal,0,1
A041,2025-01-11 04:00:00,A041-BAT,Battery,79.308,2.265,72.358,52.547,1957.509,142.404,23.504,79.876,522,71.296,28.358,Normal,0,0
A041,2025-01-11 07:00:00,A041-BAT,Battery,77.94,2.946,74.291,52.205,1799.416,151.828,22.858,81.003,611,75.39,29.74,Normal,0,0
A041,2025-01-11 09:00:00,A041-BAT,Battery,78.139,3.007,79.312,53.254,1782.156,146.488,22.851,80.383,358,70.272,25.956,Normal,0,0
A041,2025-01-11 10:00:00,A041-BAT,Battery,79.228,2.439,75.285,51.901,1972.713,150.616,23.309,81.552,474,67.11,38.925,Normal,0,0
A041,2025-01-11 12:00:00,A041-BAT,Battery,82.435,3.189,77.331,49.447,1809.263,150.253,23.712,83.931,386,54.048,28.381,Normal,0,0
A041,2025-01-11 16:00:00,A041-BAT,Battery,79.861,2.94,77.163,51.156,1958.275,142.008,23.749,80.443,432,65.435,30.873,Normal,0,0
A041,2025-01-12 04:00:00,A041-BAT,Battery,79.773,3.124,73.28,52.228,1916.628,142.942,23.353,81.179,388,55.756,35.185,Normal,0,0
A041,2025-01-12 06:00:00,A041-BAT,Battery,79.346,2.331,74.954,52.493,1840.659,142.911,23.303,83.252,723,57.164,35.664,Normal,0,0
A041,2025-01-12 12:00:00,A041-BAT,Battery,77.937,2.878,77.19,52.389,1748.606,147.058,23.554,81.042,649,44.467,27.628,Normal,0,1
A041,2025-01-12 21:00:00,A041-BAT,Battery,79.897,2.99,71.583,50.307,1739.071,146.055,23.007,80.63,750,75.045,29.826,Normal,0,0
A041,2025-01-13 01:00:00,A041-BAT,Battery,78.614,3.013,75.839,50.082,1706.242,144.484,23.181,85.412,753,68.435,34.333,Normal,0,0
A041,2025-01-13 03:00:00,A041-BAT,Battery,79.826,3.181,71.638,52.422,1707.498,141.881,23.182,80.733,711,78.119,20.411,Normal,0,1
A041,2025-01-13 04:00:00,A041-BAT,Battery,77.612,3.341,75.791,52.504,1815.712,153.318,23.332,81.937,741,78.319,34.114,Normal,0,1
A041,2025-01-13 07:00:00,A041-BAT,Battery,79.183,2.936,74.256,51.873,1723.895,147.813,23.214,82.62,632,51.778,32.297,Normal,0,0
A041,2025-01-13 13:00:00,A041-BAT,Battery,82.649,3.352,72.488,52.559,1762.448,142.171,23.129,84.263,454,93.261,32.152,Warning,1,1
A041,2025-01-14 02:00:00,A041-BAT,Battery,89.368,6.566,63.463,51.796,1993.866,137.615,23.631,77.487,773,68.388,42.015,Warning,1,0
A041,2025-01-14 03:00:00,A041-BAT,Battery,80.297,2.809,71.048,52.82,1841.279,147.143,23.082,80.925,803,66.085,30.871,Normal,0,1
A041,2025-01-14 05:00:00,A041-BAT,Battery,83.713,3.201,74.958,52.296,1705.259,146.101,23.3,85.042,503,71.43,27.956,Normal,0,1
A041,2025-01-14 09:00:00,A041-BAT,Battery,77.984,3.052,73.169,52.824,1793.566,152.884,23.483,85.404,648,66.631,29.16,Normal,0,0
A041,2025-01-14 18:00:00,A041-BAT,Battery,82.869,3.185,74.409,51.344,1894.838,147.536,23.103,85.576,451,80.979,37.066,Warning,1,1
A041,2025-01-14 19:00:00,A041-BAT,Battery,94.219,5.304,64.553,55.2,1823.11,138.232,23.497,80.358,603,65.817,30.825,Warning,1,1
A041,2025-01-14 21:00:00,A041-BAT,Battery,81.281,3.824,70.823,53.229,1961.627,143.707,22.374,84.07,522,63.923,37.621,Warning,1,0
A041,2025-01-14 23:00:00,A041-BAT,Battery,96.956,7.231,58.738,53.769,1834.104,124.226,22.571,81.695,451,64.511,31.319,Warning,1,0
A041,2025-01-15 00:00:00,A041-BAT,Battery,85.258,3.412,73.235,49.46,1745.557,139.184,23.148,85.161,810,70.331,31.006,Warning,1,1
A041,2025-01-15 01:00:00,A041-BAT,Battery,79.361,4.041,72.348,50.247,1869.196,151.623,23.143,83.066,455,74.348,36.835,Warning,1,0
A041,2025-01-15 03:00:00,A041-BAT,Battery,78.944,3.31,72.206,54.993,1947.448,141.852,22.94,81.87,542,43.819,24.868,Normal,0,0
A041,2025-01-15 04:00:00,A041-BAT,Battery,88.108,6.805,60.161,51.148,1678.963,140.2,23.416,82.753,685,62.44,34.205,Warning,1,1
A041,2025-01-15 05:00:00,A041-BAT,Battery,80.729,4.203,71.09,50.749,1783.372,147.085,22.984,80.061,529,81.735,33.907,Warning,1,1
A041,2025-01-15 06:00:00,A041-BAT,Battery,78.812,3.341,75.185,53.207,1710.438,149.593,22.708,83.928,551,69.955,31.564,Normal,0,1
A041,2025-01-15 10:00:00,A041-BAT,Battery,89.706,6.318,61.101,51.965,1874.542,137.513,23.435,80.798,581,54.541,26.616,Warning,1,1
A041,2025-01-15 12:00:00,A041-BAT,Battery,83.558,3.471,73.046,53.899,1686.015,143.837,22.296,82.852,484,74.781,33.493,Warning,1,1
A041,2025-01-15 22:00:00,A041-BAT,Battery,80.713,3.818,75.13,54.299,1701.835,144.85,22.963,85.236,488,73.718,33.073,Warning,1,1
A041,2025-01-16 04:00:00,A041-BAT,Battery,81.012,3.378,71.332,54.731,1813.889,143.375,22.94,82.542,762,62.331,27.837,Warning,1,1
A041,2025-01-16 07:00:00,A041-BAT,Battery,86.686,3.682,70.749,52.302,1733.526,149.633,22.957,83.603,589,72.159,32.678,Warning,1,1
A041,2025-01-16 10:00:00,A041-BAT,Battery,83.197,4.005,75.71,53.727,1739.425,140.466,22.609,85.631,654,77.372,28.19,Warning,1,0
A041,2025-01-16 14:00:00,A041-BAT,Battery,84.247,3.028,70.706,49.147,1815.375,154.425,22.546,86.244,680,74.267,26.103,Warning,1,0
A041,2025-01-16 21:00:00,A041-BAT,Battery,87.531,3.572,76.414,52.359,1768.385,139.607,23.475,84.661,691,79.142,34.07,Warning,1,0
A041,2025-01-16 22:00:00,A041-BAT,Battery,77.675,3.32,78.751,51.864,1882.501,149.002,22.418,84.474,623,79.408,35.946,Warning,1,1
A041,2025-01-17 08:00:00,A041-BAT,Battery,81.261,3.68,75.294,52.369,1912.881,145.521,22.761,85.544,614,55.597,33.974,Warning,1,1
A041,2025-01-17 13:00:00,A041-BAT,Battery,82.567,3.315,73.669,51.246,1744.474,147.548,22.837,87.02,576,65.607,24.83,Warning,1,1
A041,2025-01-17 14:00:00,A041-BAT,Battery,78.136,3.283,70.913,51.765,1850.274,146.93,22.673,85.564,544,67.795,36.23,Warning,1,0
A041,2025-01-17 15:00:00,A041-BAT,Battery,85.341,3.4,70.703,50.727,1628.396,145.295,22.88,86.818,695,74.141,31.656,Warning,1,0
A042,2025-01-01 00:00:00,A042-BAT,Battery,71.179,2.824,78.672,57.505,1839.963,152.024,24.765,71.479,459,40.448,22.634,Normal,0,0
A042,2025-01-01 01:00:00,A042-BAT,Battery,69.3,2.276,76.697,56.749,1551.769,155.864,24.032,74.46,404,49.152,30.709,Normal,0,0
A042,2025-01-01 04:00:00,A042-BAT,Battery,69.523,1.643,80.087,52.959,1750.533,150.896,23.787,77.192,171,51.28,34.685,Normal,0,0
A042,2025-01-01 07:00:00,A042-BAT,Battery,69.477,1.271,83.195,55.542,1772.097,151.274,23.148,74.976,406,30.26,34.997,Normal,0,0
A042,2025-01-01 20:00:00,A042-BAT,Battery,77.746,2.328,80.377,57.436,1841.514,146.304,23.669,77.783,182,58.163,20.003,Normal,0,0
A042,2025-01-01 23:00:00,A042-BAT,Battery,66.829,2.125,78.138,53.599,1836.823,154.466,23.729,71.757,510,44.956,21.063,Normal,0,0
A042,2025-01-02 03:00:00,A042-BAT,Battery,69.693,2.037,78.742,57.524,1855.447,149.657,24.212,70.539,267,47.817,32.811,Normal,0,1
A042,2025-01-02 04:00:00,A042-BAT,Battery,70.735,2.547,77.682,58.707,1762.947,149.577,23.695,73.748,409,40.58,33.605,Normal,0,0
A042,2025-01-02 06:00:00,A042-BAT,Battery,71.62,2.06,77.197,54.433,1751.248,146.533,23.646,77.93,416,43.834,22.751,Normal,0,0
A042,2025-01-02 08:00:00,A042-BAT,Battery,73.41,2.387,77.813,55.552,1834.318,143.518,23.771,76.257,315,51.223,30.87,Normal,0,0
A042,2025-01-02 09:00:00,A042-BAT,Battery,69.175,2.592,76.602,53.16,1831.607,147.102,24.584,74.884,426,44.765,32.65,Normal,0,0
A042,2025-01-02 13:00:00,A042-BAT,Battery,72.717,2.373,83.492,52.054,1860.173,147.301,23.842,74.852,470,50.256,22.081,Normal,0,0
A042,2025-01-02 21:00:00,A042-BAT,Battery,71.432,2.032,80.338,53.785,1882.194,154.03,23.079,73.28,340,28.668,35.752,Normal,0,0
A042,2025-01-03 02:00:00,A042-BAT,Battery,74.039,3.358,80.049,52.108,1880.944,150.278,22.986,73.271,221,40.807,35.987,Normal,0,0
A042,2025-01-03 10:00:00,A042-BAT,Battery,71.05,2.068,76.967,56.053,1647.103,153.382,23.636,75.931,319,49.01,34.836,Normal,0,0
A042,2025-01-03 15:00:00,A042-BAT,Battery,72.4,2.493,76.866,51.338,1826.169,151.688,23.436,75.727,445,38.572,33.047,Normal,0,0
A042,2025-01-03 16:00:00,A042-BAT,Battery,74.081,1.835,76.748,49.408,1765.897,152.222,23.473,79.064,491,57.894,30.937,Normal,0,0
A042,2025-01-03 18:00:00,A042-BAT,Battery,73.725,2.319,79.369,53.144,1823.808,154.148,23.968,78.32,334,37.342,33.383,Normal,0,0
A042,2025-01-03 19:00:00,A042-BAT,Battery,72.743,2.333,76.805,55.524,1878.102,150.367,23.946,74.43,367,41.746,41.038,Normal,0,0
A042,2025-01-03 21:00:00,A042-BAT,Battery,68.06,2.574,83.102,53.827,2074.639,146.06,23.749,77.261,311,35.263,27.983,Normal,0,0
A042,2025-01-03 23:00:00,A042-BAT,Battery,71.948,2.692,78.834,53.182,1810.484,148.158,24.317,78.646,547,41.189,30.022,Normal,0,0
A042,2025-01-04 02:00:00,A042-BAT,Battery,79.301,2.283,76.67,54.327,1739.686,138.974,23.406,77.399,175,63.674,29.945,Normal,0,1
A042,2025-01-04 07:00:00,A042-BAT,Battery,70.037,2.339,72.257,52.617,1802.04,148.645,23.664,77.127,269,42.116,29.08,Normal,0,0
A042,2025-01-04 19:00:00,A042-BAT,Battery,76.277,1.688,75.887,54.541,1766.806,147.21,23.617,78.667,230,56.535,31.982,Normal,0,0
A042,2025-01-04 20:00:00,A042-BAT,Battery,77.681,3.019,76.83,52.399,1807.863,143.315,23.882,77.535,390,53.323,32.708,Normal,0,0
A042,2025-01-04 21:00:00,A042-BAT,Battery,74.318,1.667,75.772,54.373,1754.145,156.171,23.068,74.273,232,46.766,27.371,Normal,0,1
A042,2025-01-05 16:00:00,A042-BAT,Battery,73.49,2.306,74.181,57.155,1849.203,157.522,23.859,82.018,344,67.699,31.561,Normal,0,0
A042,2025-01-06 00:00:00,A042-BAT,Battery,77.323,2.5,79.658,55.376,1653.488,140.752,23.687,76.754,602,46.627,26.311,Normal,0,0
A042,2025-01-06 01:00:00,A042-BAT,Battery,72.248,2.346,78.02,53.554,1780.219,150.802,23.555,77.557,273,43.192,36.131,Normal,0,0
A042,2025-01-06 02:00:00,A042-BAT,Battery,73.699,2.093,74.883,52.498,1738.923,142.294,22.967,77.508,458,56.435,33.352,Normal,0,0
A042,2025-01-06 08:00:00,A042-BAT,Battery,74.313,1.919,70.57,52.315,1847.08,146.026,23.568,77.563,251,57.072,35.742,Normal,0,0
A042,2025-01-06 13:00:00,A042-BAT,Battery,75.999,1.959,79.571,54.114,1915.999,141.74,23.421,77.638,519,58.635,36.01,Normal,0,0
A042,2025-01-06 14:00:00,A042-BAT,Battery,70.582,2.944,74.699,55.891,1852.405,148.399,23.46,77.576,426,52.805,30.546,Normal,0,1
A042,2025-01-06 20:00:00,A042-BAT,Battery,75.577,2.744,78.909,56.239,1918.665,155.327,24.534,78.377,249,64.441,28.802,Normal,0,0
A042,2025-01-06 21:00:00,A042-BAT,Battery,71.858,2.661,72.42,50.626,1694.107,148.494,23.5,77.061,607,62.905,35.898,Normal,0,1
A042,2025-01-06 23:00:00,A042-BAT,Battery,73.154,2.06,83.912,55.816,1871.676,147.237,23.214,75.897,503,61.542,30.962,Normal,0,0
A042,2025-01-07 01:00:00,A042-BAT,Battery,76.433,2.623,78.423,51.323,1845.75,145.387,23.26,79.232,418,48.465,38.307,Normal,0,0
A042,2025-01-07 05:00:00,A042-BAT,Battery,72.885,2.5,78.085,51.818,1701.853,148.692,23.327,81.72,616,65.812,28.612,Normal,0,0
A042,2025-01-07 06:00:00,A042-BAT,Battery,77.623,2.624,75.482,48.193,1684.904,154.058,23.972,76.478,308,51.158,27.987,Normal,0,0
A042,2025-01-07 09:00:00,A042-BAT,Battery,76.729,2.814,77.743,51.895,1861.183,146.594,23.657,78.408,535,50.87,31.428,Normal,0,0
A042,2025-01-07 17:00:00,A042-BAT,Battery,79.799,2.158,79.254,53.404,1752.785,150.613,23.861,82.039,605,63.924,29.683,Normal,0,1
A042,2025-01-07 18:00:00,A042-BAT,Battery,85.592,5.074,71.383,55.342,1795.259,143.087,24.002,78.876,592,41.533,25.527,Warning,1,1
A042,2025-01-07 21:00:00,A042-BAT,Battery,74.629,2.486,77.027,54.059,1736.584,156.854,23.6,79.524,576,60.614,42.593,Normal,0,0
A042,2025-01-08 00:00:00,A042-BAT,Battery,75.805,3.233,74.527,52.294,1703.777,150.503,23.889,82.162,403,59.276,32.795,Normal,0,1
A042,2025-01-08 03:00:00,A042-BAT,Battery,73.238,2.541,75.438,54.291,1855.843,143.93,22.854,81.273,460,58.844,26.131,Normal,0,0
A042,2025-01-08 04:00:00,A042-BAT,Battery,75.06,2.423,77.703,55.36,1845.412,151.177,22.877,79.41,277,61.199,30.159,Normal,0,0
A042,2025-01-08 06:00:00,A042-BAT,Battery,79.381,3.186,74.036,50.913,1763.849,151.091,23.203,76.593,489,58.27,35.785,Normal,0,0
A042,2025-01-08 09:00:00,A042-BAT,Battery,73.875,2.372,76.264,53.579,1760.245,151.3,23.464,83.099,358,68.807,40.141,Normal,0,0
A042,2025-01-08 12:00:00,A042-BAT,Battery,77.551,2.297,73.399,53.641,1802.035,141.497,23.776,81.756,421,48.342,36.407,Normal,0,0
A042,2025-01-08 15:00:00,A042-BAT,Battery,72.272,2.767,71.102,55.387,1880.494,150.497,23.308,79.484,633,59.162,40.564,Normal,0,1
A042,2025-01-08 16:00:00,A042-BAT,Battery,76.66,2.79,75.288,57.458,1745.176,148.954,23.665,80.052,547,58.542,30.214,Normal,0,0
A042,2025-01-08 19:00:00,A042-BAT,Battery,73.389,2.807,78.286,53.102,1707.844,150.857,23.415,80.431,619,53.425,21.144,Normal,0,0
A042,2025-01-08 23:00:00,A042-BAT,Battery,72.919,3.278,74.438,51.538,1806.285,149.299,23.085,80.583,513,65.685,34.658,Normal,0,0
A042,2025-01-09 02:00:00,A042-BAT,Battery,72.914,2.506,78.099,52.307,1570.658,141.457,23.868,81.67,408,51.127,24.921,Normal,0,0
A042,2025-01-09 14:00:00,A042-BAT,Battery,76.807,2.905,78.523,51.394,1736.663,149.319,23.171,82.111,469,57.965,28.761,Normal,0,0
A042,2025-01-09 20:00:00,A042-BAT,Battery,78.061,2.835,73.229,58.229,1730.397,150.821,23.636,79.886,632,62.772,30.681,Normal,0,0
A042,2025-01-09 21:00:00,A042-BAT,Battery,74.795,2.758,77.146,54.026,1860.355,157.544,23.297,80.982,534,59.429,28.259,Normal,0,0
A042,2025-01-09 23:00:00,A042-BAT,Battery,77.228,3.083,71.265,53.681,1770.92,144.438,23.818,81.44,639,62.692,23.599,Normal,0,1
A042,2025-01-10 00:00:00,A042-BAT,Battery,75.358,3.405,78.939,56.162,1751.751,147.935,22.932,80.35,416,49.619,32.575,Normal,0,0
A042,2025-01-10 04:00:00,A042-BAT,Battery,76.345,3.037,76.729,53.055,1803.242,144.333,22.934,78.819,506,62.499,36.085,Normal,0,1
A042,2025-01-10 12:00:00,A042-BAT,Battery,76.602,2.874,76.089,55.675,1848.199,154.619,23.919,83.059,619,61.637,37.239,Normal,0,1
A042,2025-01-10 18:00:00,A042-BAT,Battery,74.794,2.229,77.163,54.124,1691.309,143.695,23.313,81.097,409,71.655,31.67,Normal,0,0
A042,2025-01-10 21:00:00,A042-BAT,Battery,76.348,2.729,72.358,49.82,1752.66,147.939,23.708,79.841,662,58.568,35.571,Normal,0,1
A042,2025-01-11 03:00:00,A042-BAT,Battery,78.549,3.02,74.856,55.05,1885.979,149.073,23.902,78.233,377,58.247,23.001,Normal,0,1
A042,2025-01-11 08:00:00,A042-BAT,Battery,77.719,2.947,74.722,53.082,1935.126,140.651,22.744,83.06,648,67.533,25.676,Normal,0,0
A042,2025-01-11 10:00:00,A042-BAT,Battery,76.644,3.134,72.205,57.029,1917.926,142.654,22.778,84.309,402,39.436,40.288,Normal,0,0
A042,2025-01-11 11:00:00,A042-BAT,Battery,77.682,3.321,73.124,53.808,1897.415,143.615,23.431,80.325,704,73.663,25.019,Normal,0,1
A042,2025-01-11 18:00:00,A042-BAT,Battery,80.211,3.388,75.703,52.438,1766.697,145.876,23.858,82.759,530,67.647,29.887,Normal,0,0
A042,2025-01-12 00:00:00,A042-BAT,Battery,76.738,2.64,74.88,53.861,1903.619,146.562,23.127,82.276,696,69.224,28.614,Normal,0,0
A042,2025-01-12 02:00:00,A042-BAT,Battery,77.012,3.326,76.742,54.865,1917.414,142.471,23.051,81.621,692,55.385,26.187,Normal,0,0
A042,2025-01-12 03:00:00,A042-BAT,Battery,77.972,3.173,74.033,53.642,1810.386,145.882,22.705,82.695,509,65.459,37.844,Normal,0,0
A042,2025-01-12 08:00:00,A042-BAT,Battery,77.534,2.854,79.591,56.935,1727.479,152.933,23.218,80.115,693,60.789,26.076,Normal,0,0
A042,2025-01-12 16:00:00,A042-BAT,Battery,79.656,2.722,74.206,53.251,1776.612,143.354,23.224,80.506,404,64.4,30.249,Normal,0,0
A042,2025-01-12 19:00:00,A042-BAT,Battery,77.081,2.857,74.382,53.368,1846.88,147.798,22.972,82.678,517,67.926,37.071,Normal,0,1
A042,2025-01-12 22:00:00,A042-BAT,Battery,79.045,2.769,73.989,51.985,1881.857,149.683,22.388,82.986,467,46.869,34.467,Normal,0,1
A042,2025-01-12 23:00:00,A042-BAT,Battery,78.096,3.113,73.202,57.474,1892.0,148.284,22.89,79.973,729,64.847,35.96,Normal,0,0
A042,2025-01-13 03:00:00,A042-BAT,Battery,82.97,4.129,74.523,55.971,1832.294,149.748,22.558,82.756,476,63.891,28.284,Normal,0,1
A042,2025-01-13 07:00:00,A042-BAT,Battery,75.598,3.601,70.893,50.601,1810.436,151.033,22.894,79.283,495,66.886,40.465,Normal,0,0
A042,2025-01-13 08:00:00,A042-BAT,Battery,84.874,2.742,71.412,54.048,1905.653,145.796,23.993,83.692,543,56.602,31.504,Normal,0,0
A042,2025-01-13 15:00:00,A042-BAT,Battery,80.285,3.263,72.387,55.363,1697.564,145.268,22.93,82.416,550,62.522,23.965,Normal,0,0
A042,2025-01-14 06:00:00,A042-BAT,Battery,79.278,3.167,72.328,52.151,1783.056,146.981,23.202,83.157,520,77.141,25.354,Normal,0,1
A042,2025-01-14 07:00:00,A042-BAT,Battery,83.419,3.625,70.617,54.181,1697.288,140.817,23.038,80.099,543,54.661,29.224,Normal,0,1
A042,2025-01-14 11:00:00,A042-BAT,Battery,77.997,3.081,73.161,54.642,1931.617,142.972,23.027,83.565,601,60.175,32.509,Normal,0,1
A042,2025-01-14 12:00:00,A042-BAT,Battery,78.131,3.41,73.454,51.782,1722.009,146.783,22.64,84.686,481,65.882,30.426,Normal,0,0
A042,2025-01-14 14:00:00,A042-BAT,Battery,80.19,2.359,71.347,53.673,1769.072,141.111,22.834,84.45,675,63.724,32.45,Normal,0,0
A042,2025-01-15 00:00:00,A042-BAT,Battery,76.816,3.93,74.7,51.491,1949.875,139.422,23.692,83.094,702,61.932,22.027,Normal,0,0
A042,2025-01-15 01:00:00,A042-BAT,Battery,83.49,3.324,74.655,53.865,1662.112,148.191,23.291,83.964,457,67.168,23.825,Normal,0,0
A042,2025-01-15 15:00:00,A042-BAT,Battery,82.284,3.675,70.464,56.402,1740.814,142.84,22.944,83.47,541,62.816,29.131,Warning,1,1
A042,2025-01-15 17:00:00,A042-BAT,Battery,78.494,3.672,74.829,57.152,1698.477,146.337,23.258,85.532,850,57.084,34.363,Normal,0,0
A042,2025-01-15 19:00:00,A042-BAT,Battery,79.926,3.412,75.708,57.22,1838.177,141.383,23.221,85.474,476,64.86,33.492,Normal,0,0
A042,2025-01-16 06:00:00,A042-BAT,Battery,83.784,3.965,71.514,53.54,1957.103,137.93,22.729,88.582,602,73.0,33.497,Warning,1,0
A042,2025-01-16 09:00:00,A042-BAT,Battery,80.809,3.417,74.066,55.478,1793.502,148.426,22.941,84.806,763,66.767,29.21,Normal,0,1
A042,2025-01-16 12:00:00,A042-BAT,Battery,80.465,3.322,72.684,51.575,1691.245,144.53,23.136,86.584,518,75.568,32.237,Warning,1,1
A042,2025-01-16 13:00:00,A042-BAT,Battery,83.268,4.072,70.207,53.99,1744.641,142.45,23.04,83.32,618,58.232,28.284,Warning,1,0
A042,2025-01-17 06:00:00,A042-BAT,Battery,82.824,3.077,77.285,50.646,1718.546,140.437,22.836,83.28,833,74.048,33.849,Warning,1,1
A042,2025-01-17 13:00:00,A042-BAT,Battery,98.504,7.627,64.883,50.416,1847.259,124.636,22.45,83.913,717,70.092,22.061,Warning,1,1
A043,2025-01-01 01:00:00,A043-BAT,Battery,71.789,2.95,76.134,57.446,1818.216,145.696,23.684,72.776,426,54.063,17.02,Normal,0,0
A043,2025-01-01 03:00:00,A043-BAT,Battery,72.597,2.295,76.821,59.601,1786.63,151.658,24.243,73.769,171,61.41,26.356,Normal,0,0
A043,2025-01-01 07:00:00,A043-BAT,Battery,73.547,2.551,73.934,56.81,1755.203,139.876,23.725,75.567,329,65.661,36.529,Normal,0,0
A043,2025-01-01 08:00:00,A043-BAT,Battery,73.482,2.484,78.21,51.668,1786.722,149.677,23.624,75.012,435,53.312,29.928,Normal,0,0
A043,2025-01-01 15:00:00,A043-BAT,Battery,70.166,2.054,77.267,58.34,1755.424,149.22,24.216,72.458,185,45.613,37.644,Normal,0,0
A043,2025-01-01 22:00:00,A043-BAT,Battery,79.05,3.189,76.334,56.64,1817.968,149.919,23.367,81.457,437,48.059,26.847,Normal,0,0
A043,2025-01-02 01:00:00,A043-BAT,Battery,75.398,2.425,77.929,52.121,1978.3,147.742,23.445,74.489,486,56.924,35.805,Normal,0,0
A043,2025-01-02 02:00:00,A043-BAT,Battery,72.917,2.491,78.563,56.959,1848.982,144.379,24.479,76.164,186,37.135,27.363,Normal,0,0
A043,2025-01-02 06:00:00,A043-BAT,Battery,73.291,2.379,77.504,55.36,1690.265,142.485,23.656,75.472,236,63.553,33.272,Normal,0,0
A043,2025-01-02 17:00:00,A043-BAT,Battery,75.782,2.861,75.598,53.523,1906.866,148.121,23.597,77.682,156,50.291,30.982,Normal,0,0
A043,2025-01-02 19:00:00,A043-BAT,Battery,74.15,2.119,73.284,56.219,1952.326,154.47,24.159,76.604,192,60.918,30.13,Normal,0,0
A043,2025-01-02 20:00:00,A043-BAT,Battery,76.336,2.693,83.092,53.611,1932.374,146.897,24.004,75.764,332,68.277,31.433,Normal,0,0
A043,2025-01-02 21:00:00,A043-BAT,Battery,74.596,2.66,72.382,57.949,1820.792,154.471,24.342,76.226,203,50.041,34.348,Normal,0,0
A043,2025-01-03 00:00:00,A043-BAT,Battery,72.909,2.57,78.818,54.575,1725.511,149.904,24.465,76.91,372,44.047,27.46,Normal,0,0
A043,2025-01-03 03:00:00,A043-BAT,Battery,76.579,2.742,76.439,57.819,1796.571,154.687,22.675,80.267,366,66.055,28.483,Normal,0,0
A043,2025-01-03 08:00:00,A043-BAT,Battery,74.876,3.122,74.998,52.835,1908.45,144.906,24.272,74.224,389,64.097,32.079,Normal,0,0
A043,2025-01-03 12:00:00,A043-BAT,Battery,75.151,3.079,74.826,54.887,1693.443,148.62,23.399,77.689,520,53.878,32.783,Normal,0,0
A043,2025-01-03 19:00:00,A043-BAT,Battery,74.941,2.366,77.15,53.168,1802.267,149.207,24.103,75.794,558,59.698,23.172,Normal,0,0
A043,2025-01-04 00:00:00,A043-BAT,Battery,74.403,2.268,75.259,51.883,1747.692,147.339,23.557,77.643,552,53.236,28.61,Normal,0,1
A043,2025-01-04 06:00:00,A043-BAT,Battery,76.424,2.289,79.254,51.737,1919.46,142.344,23.87,79.349,261,62.736,24.201,Normal,0,0
A043,2025-01-04 07:00:00,A043-BAT,Battery,72.497,3.062,74.922,53.895,1773.708,150.204,24.173,78.49,393,55.833,27.053,Normal,0,0
A043,2025-01-04 08:00:00,A043-BAT,Battery,90.092,4.329,59.146,53.56,1715.411,132.749,23.225,79.689,192,53.024,25.655,Warning,1,1
A043,2025-01-04 18:00:00,A043-BAT,Battery,76.21,1.935,81.567,49.808,1620.858,151.129,23.727,79.039,549,59.687,36.096,Normal,0,0
A043,2025-01-05 01:00:00,A043-BAT,Battery,74.621,3.286,74.615,52.299,1812.299,149.314,24.234,77.248,364,42.051,31.856,Normal,0,0
A043,2025-01-05 05:00:00,A043-BAT,Battery,76.858,2.592,78.354,54.333,2034.972,157.244,23.022,74.147,542,67.471,24.457,Normal,0,0
A043,2025-01-05 06:00:00,A043-BAT,Battery,74.59,3.211,75.471,54.725,1770.08,147.636,23.8,76.686,569,47.766,32.211,Normal,0,0
A043,2025-01-05 10:00:00,A043-BAT,Battery,76.558,2.524,76.677,54.278,1750.781,150.302,23.753,77.964,244,46.932,27.828,Normal,0,0
A043,2025-01-05 15:00:00,A043-BAT,Battery,75.307,3.56,76.542,54.138,1767.286,152.242,23.816,81.069,294,72.417,25.324,Normal,0,0
A043,2025-01-05 17:00:00,A043-BAT,Battery,75.584,2.752,75.352,56.004,1914.508,144.928,23.622,79.808,522,58.735,39.237,Normal,0,0
A043,2025-01-05 19:00:00,A043-BAT,Battery,76.951,3.193,74.893,52.119,1776.184,146.087,23.563,74.107,327,71.064,32.049,Normal,0,1
A043,2025-01-05 21:00:00,A043-BAT,Battery,76.266,2.124,78.585,54.565,1879.938,147.016,23.607,80.874,421,50.698,35.36,Normal,0,0
A043,2025-01-05 22:00:00,A043-BAT,Battery,75.365,3.207,72.549,56.542,1729.266,148.744,23.887,78.874,561,58.676,30.864,Normal,0,0
A043,2025-01-05 23:00:00,A043-BAT,Battery,77.206,3.046,77.265,51.419,1891.803,149.852,23.729,77.701,347,62.641,21.583,Normal,0,1
A043,2025-01-06 13:00:00,A043-BAT,Battery,73.278,2.558,71.756,52.659,1763.414,157.906,23.831,73.708,605,61.307,28.378,Normal,0,0
A043,2025-01-06 17:00:00,A043-BAT,Battery,79.399,3.193,77.794,54.383,1809.448,147.728,23.746,77.416,268,51.606,31.059,Normal,0,0
A043,2025-01-06 23:00:00,A043-BAT,Battery,75.575,2.817,72.884,49.846,1890.44,149.46,23.38,79.851,252,60.21,36.107,Normal,0,0
A043,2025-01-07 02:00:00,A043-BAT,Battery,79.014,2.619,76.224,54.714,1808.803,152.454,23.279,77.134,280,64.744,26.449,Normal,0,0
A043,2025-01-07 05:00:00,A043-BAT,Battery,77.489,2.62,72.309,53.284,1733.313,147.117,23.492,77.119,520,66.969,32.514,Normal,0,1
A043,2025-01-07 11:00:00,A043-BAT,Battery,75.316,3.281,74.29,52.449,1844.357,139.985,23.433,81.053,301,62.107,36.225,Normal,0,0
A043,2025-01-07 15:00:00,A043-BAT,Battery,78.647,3.752,73.766,55.767,1849.85,147.419,23.867,80.956,598,61.72,30.5,Normal,0,1
A043,2025-01-07 17:00:00,A043-BAT,Battery,74.483,3.033,77.315,54.221,1898.989,150.917,23.264,76.145,424,51.6,23.911,Normal,0,0
A043,2025-01-08 01:00:00,A043-BAT,Battery,78.27,3.161,77.406,56.546,1877.403,149.844,23.63,80.452,613,60.168,31.557,Normal,0,0
A043,2025-01-08 03:00:00,A043-BAT,Battery,76.52,3.092,73.492,51.098,1826.039,146.003,23.275,80.888,538,62.182,30.508,Normal,0,0
A043,2025-01-08 10:00:00,A043-BAT,Battery,72.312,3.204,75.028,56.094,1781.308,152.723,23.685,81.782,331,56.204,21.123,Normal,0,0
A043,2025-01-08 11:00:00,A043-BAT,Battery,78.32,3.634,71.64,54.232,1665.858,146.865,23.575,80.562,341,63.7,29.805,Normal,0,0
A043,2025-01-08 12:00:00,A043-BAT,Battery,73.718,2.88,74.537,55.314,1781.21,148.322,23.473,79.524,444,58.452,28.243,Normal,0,0
A043,2025-01-08 13:00:00,A043-BAT,Battery,74.696,3.016,75.134,53.011,1600.963,151.557,23.436,79.487,448,66.277,19.291,Normal,0,0
A043,2025-01-08 16:00:00,A043-BAT,Battery,76.878,3.491,74.688,54.773,1656.377,153.233,23.158,77.989,412,64.84,30.158,Normal,0,0
A043,2025-01-09 03:00:00,A043-BAT,Battery,76.494,2.491,72.913,54.207,1717.111,147.704,23.015,80.595,534,58.095,39.842,Normal,0,0
A043,2025-01-09 09:00:00,A043-BAT,Battery,77.117,2.95,72.311,50.854,1901.905,157.904,24.448,78.331,620,61.369,25.796,Normal,0,0
A043,2025-01-09 11:00:00,A043-BAT,Battery,81.209,3.485,73.971,54.727,1736.106,146.805,23.025,80.317,582,74.956,36.444,Normal,0,0
A043,2025-01-09 12:00:00,A043-BAT,Battery,83.281,3.267,74.988,53.513,1668.516,153.15,23.002,78.753,646,62.15,29.645,Normal,0,0
A043,2025-01-09 14:00:00,A043-BAT,Battery,74.319,3.996,76.147,53.233,1760.752,151.591,22.818,81.595,693,72.046,33.803,Normal,0,0
A043,2025-01-09 15:00:00,A043-BAT,Battery,78.042,3.147,71.935,52.025,1949.905,148.647,23.75,79.771,502,70.095,36.252,Normal,0,1
A043,2025-01-09 18:00:00,A043-BAT,Battery,76.948,3.759,73.042,55.689,1754.365,148.724,23.592,78.345,403,77.984,35.847,Normal,0,0
A043,2025-01-09 23:00:00,A043-BAT,Battery,79.532,3.223,73.639,56.137,1725.767,147.44,23.483,82.208,576,75.121,27.9,Normal,0,0
A043,2025-01-10 02:00:00,A043-BAT,Battery,77.784,3.535,75.134,53.271,1654.204,146.713,23.229,77.599,465,75.218,28.981,Normal,0,0
A043,2025-01-10 04:00:00,A043-BAT,Battery,78.017,3.007,75.503,54.947,1590.127,145.952,22.946,76.522,376,65.819,36.104,Normal,0,0
A043,2025-01-10 08:00:00,A043-BAT,Battery,82.77,2.714,78.064,53.914,1885.7,148.251,23.111,79.775,393,75.56,29.533,Normal,0,0
A043,2025-01-10 19:00:00,A043-BAT,Battery,80.149,3.529,74.091,53.895,1787.972,147.604,23.562,82.221,500,72.553,30.386,Normal,0,0
A043,2025-01-11 11:00:00,A043-BAT,Battery,78.769,3.069,72.956,51.627,1860.536,146.157,23.341,81.526,625,62.133,29.309,Normal,0,1
A043,2025-01-11 13:00:00,A043-BAT,Battery,83.173,3.7,74.599,56.597,1731.513,144.443,23.635,85.211,488,80.371,30.01,Warning,1,0
A043,2025-01-11 16:00:00,A043-BAT,Battery,84.093,3.592,71.87,51.688,1858.537,143.553,23.176,79.826,723,75.054,34.508,Warning,1,0
A043,2025-01-11 21:00:00,A043-BAT,Battery,80.013,3.07,72.912,50.268,1937.177,147.546,22.793,82.614,380,56.669,28.7,Normal,0,1
A043,2025-01-12 01:00:00,A043-BAT,Battery,89.593,7.381,57.146,53.22,1810.241,135.443,23.149,80.796,391,72.157,36.054,Warning,1,1
A043,2025-01-12 02:00:00,A043-BAT,Battery,78.557,3.312,69.96,53.484,1845.92,142.722,23.528,82.73,691,79.54,26.062,Warning,1,1
A043,2025-01-12 03:00:00,A043-BAT,Battery,75.53,3.452,71.704,52.083,1769.531,141.71,23.157,83.678,756,80.218,30.319,Warning,1,0
A043,2025-01-12 09:00:00,A043-BAT,Battery,80.088,3.126,73.334,51.449,1780.786,137.266,23.305,80.256,703,65.851,31.85,Normal,0,0
A043,2025-01-12 14:00:00,A043-BAT,Battery,82.232,3.021,71.89,51.028,1854.263,145.708,23.875,80.425,524,67.569,32.933,Normal,0,0
A043,2025-01-12 15:00:00,A043-BAT,Battery,80.022,4.014,72.849,51.51,1894.75,147.295,22.313,80.966,696,89.375,22.286,Warning,1,1
A043,2025-01-12 22:00:00,A043-BAT,Battery,81.438,3.312,71.762,53.477,1894.949,155.489,23.189,77.041,476,75.817,31.882,Warning,1,1
A043,2025-01-13 03:00:00,A043-BAT,Battery,84.521,3.73,70.759,50.907,1765.618,150.112,23.968,81.584,717,69.362,37.079,Warning,1,1
A043,2025-01-13 05:00:00,A043-BAT,Battery,80.734,3.195,70.286,52.154,1784.832,144.725,23.849,78.564,465,85.989,30.611,Warning,1,0
A043,2025-01-13 06:00:00,A043-BAT,Battery,80.704,4.034,72.19,51.333,1688.617,148.123,23.316,84.443,763,72.639,25.429,Warning,1,1
A043,2025-01-13 14:00:00,A043-BAT,Battery,84.363,3.722,70.862,51.395,1820.288,142.588,23.123,83.703,575,76.358,26.465,Warning,1,1
A043,2025-01-13 16:00:00,A043-BAT,Battery,87.168,4.012,69.702,55.77,1886.955,142.308,23.033,83.951,442,68.834,29.539,Warning,1,0
A043,2025-01-14 05:00:00,A043-BAT,Battery,81.687,3.611,67.223,52.931,1718.61,149.741,23.411,82.136,800,71.737,38.191,Warning,1,0
A043,2025-01-14 06:00:00,A043-BAT,Battery,80.773,3.678,66.87,51.149,1790.528,144.463,22.687,83.044,816,77.163,26.012,Warning,1,1
A043,2025-01-14 07:00:00,A043-BAT,Battery,78.335,3.6,72.04,51.192,1775.451,155.334,22.808,82.024,510,62.322,20.162,Warning,1,0
A043,2025-01-14 09:00:00,A043-BAT,Battery,80.945,4.055,72.88,52.829,1764.578,142.945,23.295,84.007,465,52.181,26.558,Warning,1,0
A043,2025-01-14 11:00:00,A043-BAT,Battery,83.407,3.645,70.453,54.859,1829.23,142.806,22.622,87.161,618,80.048,34.934,Warning,1,1
A043,2025-01-14 17:00:00,A043-BAT,Battery,81.161,3.579,66.846,54.608,1795.376,138.454,22.588,82.483,593,79.274,32.781,Warning,1,0
A043,2025-01-15 00:00:00,A043-BAT,Battery,81.282,3.658,68.43,49.449,1723.27,146.642,22.85,85.04,511,90.457,34.525,Warning,1,0
A043,2025-01-15 04:00:00,A043-BAT,Battery,84.062,3.443,67.826,52.063,1888.867,149.226,23.226,84.257,579,60.472,37.281,Warning,1,1
A043,2025-01-15 07:00:00,A043-BAT,Battery,83.782,3.378,69.257,52.366,1881.097,149.138,22.852,84.323,477,65.915,31.426,Warning,1,1
A043,2025-01-15 11:00:00,A043-BAT,Battery,82.775,3.519,69.732,51.131,1854.119,145.085,23.326,83.582,687,75.5,32.989,Warning,1,1
A043,2025-01-15 12:00:00,A043-BAT,Battery,87.125,3.644,70.259,48.893,1736.245,149.969,23.032,85.765,749,62.389,27.556,Warning,1,0
A043,2025-01-15 13:00:00,A043-BAT,Battery,82.91,3.913,66.421,51.657,1679.764,137.202,22.978,85.324,702,83.914,37.384,Warning,1,1
A043,2025-01-15 15:00:00,A043-BAT,Battery,82.325,4.113,70.289,53.471,1776.98,151.632,23.369,79.621,672,73.125,35.898,Warning,1,1
A043,2025-01-15 21:00:00,A043-BAT,Battery,86.737,3.579,70.041,50.649,1619.27,135.864,23.051,84.497,562,70.213,33.867,Warning,1,1
A043,2025-01-15 22:00:00,A043-BAT,Battery,82.801,3.669,69.691,54.937,1815.028,147.717,22.844,80.588,838,87.658,34.982,Warning,1,1
A043,2025-01-16 02:00:00,A043-BAT,Battery,85.157,3.714,69.693,50.401,1804.691,146.723,22.793,84.707,595,67.825,25.013,Warning,1,1
A043,2025-01-16 03:00:00,A043-BAT,Battery,88.2,3.912,68.922,53.39,1887.352,142.085,23.335,86.185,827,65.021,28.406,Warning,1,1
A043,2025-01-16 11:00:00,A043-BAT,Battery,84.826,3.888,69.699,51.867,1765.502,150.917,23.074,87.278,530,80.654,29.283,Warning,1,1
A043,2025-01-16 13:00:00,A043-BAT,Battery,83.763,3.637,68.232,50.789,1614.398,145.604,22.706,86.027,784,78.581,29.61,Warning,1,0
A043,2025-01-16 17:00:00,A043-BAT,Battery,85.267,3.841,68.07,49.612,1779.124,142.602,22.807,83.234,568,69.308,30.112,Warning,1,1
A043,2025-01-16 18:00:00,A043-BAT,Battery,84.12,3.913,69.996,53.407,1839.415,149.253,23.205,85.168,558,75.428,28.623,Warning,1,1
A043,2025-01-16 19:00:00,A043-BAT,Battery,82.804,3.701,73.733,53.597,1876.604,149.752,22.816,83.858,847,77.475,22.44,Warning,1,0
A043,2025-01-17 08:00:00,A043-BAT,Battery,84.87,3.949,67.86,51.396,1927.091,142.723,23.166,87.089,814,72.984,25.963,Warning,1,1
A043,2025-01-17 13:00:00,A043-BAT,Battery,80.56,4.026,73.637,53.28,1624.373,144.346,23.241,84.568,697,82.332,34.493,Warning,1,1
A044,2025-01-01 11:00:00,A044-BAT,Battery,74.897,2.133,76.92,56.266,1941.274,147.064,24.193,77.614,327,59.429,29.792,Normal,0,0
A044,2025-01-01 12:00:00,A044-BAT,Battery,77.899,2.691,73.044,54.554,1777.208,150.827,23.561,76.913,277,65.514,29.469,Normal,0,0
A044,2025-01-01 15:00:00,A044-BAT,Battery,72.853,2.503,76.392,57.221,1685.893,162.48,24.084,72.175,312,56.528,26.464,Normal,0,0
A044,2025-01-01 18:00:00,A044-BAT,Battery,72.298,3.074,73.785,56.118,1765.965,154.409,23.769,77.47,186,52.621,26.545,Normal,0,0
A044,2025-01-01 19:00:00,A044-BAT,Battery,70.192,2.822,76.909,52.845,1800.738,145.364,23.562,76.809,379,69.271,35.596,Normal,0,1
A044,2025-01-01 23:00:00,A044-BAT,Battery,72.522,2.775,78.555,52.336,1788.769,151.297,23.657,77.781,324,50.156,28.656,Normal,0,1
A044,2025-01-02 05:00:00,A044-BAT,Battery,74.637,2.364,77.103,54.169,1829.52,143.392,23.51,75.659,210,63.493,25.159,Normal,0,1
A044,2025-01-02 11:00:00,A044-BAT,Battery,74.615,3.085,75.67,54.472,1851.679,150.415,23.538,78.25,202,56.623,30.222,Normal,0,0
A044,2025-01-02 16:00:00,A044-BAT,Battery,75.185,2.61,74.507,52.856,1798.565,143.239,24.026,77.111,227,59.408,25.568,Normal,0,0
A044,2025-01-02 19:00:00,A044-BAT,Battery,73.553,2.962,70.938,55.681,1786.794,146.146,23.979,71.132,389,65.307,30.398,Normal,0,0
A044,2025-01-03 03:00:00,A044-BAT,Battery,91.139,6.506,63.593,57.068,1792.854,139.34,23.965,72.857,529,66.347,30.642,Warning,1,0
A044,2025-01-03 05:00:00,A044-BAT,Battery,76.058,2.711,74.109,53.63,1698.193,152.181,23.806,74.674,158,52.034,33.852,Normal,0,0
A044,2025-01-03 06:00:00,A044-BAT,Battery,79.049,3.084,75.77,55.36,1918.812,152.76,23.354,75.184,261,58.031,20.746,Normal,0,0
A044,2025-01-03 11:00:00,A044-BAT,Battery,73.296,2.34,75.812,56.695,1730.484,149.082,23.244,76.879,262,85.492,27.663,Normal,0,0
A044,2025-01-03 12:00:00,A044-BAT,Battery,75.995,3.111,73.182,52.325,1780.252,145.563,22.99,72.811,546,52.813,38.944,Normal,0,0
A044,2025-01-03 15:00:00,A044-BAT,Battery,71.986,3.267,76.628,53.182,1909.039,143.574,23.33,74.889,311,63.769,32.33,Normal,0,0
A044,2025-01-03 16:00:00,A044-BAT,Battery,77.535,2.775,72.679,55.501,1828.687,145.791,23.611,76.692,194,62.503,27.929,Normal,0,0
A044,2025-01-03 18:00:00,A044-BAT,Battery,78.458,2.652,76.359,53.83,1903.282,142.129,23.737,73.05,177,57.934,29.028,Normal,0,0
A044,2025-01-03 20:00:00,A044-BAT,Battery,76.387,2.901,74.12,55.224,1652.493,153.863,24.018,75.305,477,71.044,21.795,Normal,0,0
A044,2025-01-04 03:00:00,A044-BAT,Battery,78.997,2.325,75.524,55.005,1719.621,144.167,23.642,77.884,572,57.137,28.117,Normal,0,0
A044,2025-01-04 06:00:00,A044-BAT,Battery,77.71,3.061,78.438,57.717,1955.58,159.555,24.132,78.805,459,67.227,38.597,Normal,0,0
A044,2025-01-04 10:00:00,A044-BAT,Battery,75.314,3.071,72.84,55.33,1812.73,143.605,23.89,78.547,196,68.564,29.403,Normal,0,0
A044,2025-01-04 12:00:00,A044-BAT,Battery,76.284,3.394,75.655,56.905,1872.247,142.177,23.302,78.527,218,56.889,37.762,Normal,0,0
A044,2025-01-04 15:00:00,A044-BAT,Battery,73.032,2.636,68.016,54.468,1674.844,151.584,23.808,78.528,441,55.901,30.531,Normal,0,1
A044,2025-01-04 18:00:00,A044-BAT,Battery,79.456,3.404,71.72,54.471,1731.432,155.723,24.142,73.506,577,54.036,33.949,Normal,0,1
A044,2025-01-04 20:00:00,A044-BAT,Battery,76.754,3.368,70.915,57.935,1696.061,148.419,23.241,76.919,221,69.211,30.713,Normal,0,0
A044,2025-01-04 22:00:00,A044-BAT,Battery,76.161,3.579,78.524,56.511,1838.463,145.8,23.31,74.79,373,68.475,28.395,Normal,0,0
A044,2025-01-05 01:00:00,A044-BAT,Battery,76.241,2.616,69.68,53.294,1690.928,148.949,23.34,80.409,583,61.424,23.556,Normal,0,1
A044,2025-01-05 08:00:00,A044-BAT,Battery,78.282,3.618,72.29,52.453,1734.133,147.752,23.503,78.33,239,68.852,32.942,Normal,0,0
A044,2025-01-05 22:00:00,A044-BAT,Battery,77.633,3.03,73.776,54.824,1790.986,145.236,23.687,76.799,384,61.804,33.808,Normal,0,0
A044,2025-01-06 02:00:00,A044-BAT,Battery,75.638,3.073,73.687,51.037,1955.142,146.364,24.06,81.307,608,69.507,28.648,Normal,0,1
A044,2025-01-06 04:00:00,A044-BAT,Battery,80.1,3.078,74.76,54.355,1772.242,152.185,23.378,74.95,407,66.476,30.713,Normal,0,0
A044,2025-01-06 06:00:00,A044-BAT,Battery,81.575,2.805,72.187,51.951,1793.608,153.305,23.06,79.609,234,62.537,31.278,Normal,0,0
A044,2025-01-06 17:00:00,A044-BAT,Battery,77.828,3.707,74.442,52.072,1767.74,152.427,23.108,77.914,376,71.596,32.673,Normal,0,1
A044,2025-01-06 18:00:00,A044-BAT,Battery,75.669,3.456,73.538,50.852,1694.879,142.456,23.833,79.349,437,75.281,25.674,Normal,0,0
A044,2025-01-06 19:00:00,A044-BAT,Battery,76.44,3.363,77.892,57.752,1645.67,145.489,23.833,76.644,523,50.97,26.145,Normal,0,0
A044,2025-01-06 20:00:00,A044-BAT,Battery,76.747,3.235,73.747,55.843,1825.731,146.622,23.984,78.737,382,53.088,28.894,Normal,0,0
A044,2025-01-06 22:00:00,A044-BAT,Battery,81.012,3.745,73.707,56.498,1786.806,151.753,24.22,79.136,519,54.806,24.512,Normal,0,0
A044,2025-01-07 01:00:00,A044-BAT,Battery,81.657,3.877,74.319,52.841,1796.152,148.31,23.262,78.73,570,51.301,40.032,Normal,0,1
A044,2025-01-07 05:00:00,A044-BAT,Battery,79.12,3.0,75.529,53.717,1901.22,150.714,23.562,77.092,308,69.067,30.934,Normal,0,0
A044,2025-01-07 08:00:00,A044-BAT,Battery,82.249,3.226,70.333,52.247,1838.518,152.285,23.435,77.79,375,73.751,27.301,Normal,0,1
A044,2025-01-07 10:00:00,A044-BAT,Battery,76.407,3.074,72.322,52.476,1951.669,151.292,23.078,80.302,641,61.173,27.149,Normal,0,0
A044,2025-01-07 14:00:00,A044-BAT,Battery,80.573,3.247,69.875,55.425,1790.163,154.88,22.951,79.209,417,69.131,26.403,Normal,0,1
A044,2025-01-07 15:00:00,A044-BAT,Battery,78.301,2.812,71.531,55.403,1881.958,147.871,23.246,80.589,652,66.742,30.751,Normal,0,1
A044,2025-01-07 16:00:00,A044-BAT,Battery,81.338,3.425,71.902,54.417,1873.629,144.839,23.242,80.95,532,79.76,26.9,Normal,0,0
A044,2025-01-07 18:00:00,A044-BAT,Battery,78.555,2.966,75.198,54.169,1713.888,148.686,23.793,82.807,317,69.187,36.79,Normal,0,0
A044,2025-01-07 20:00:00,A044-BAT,Battery,80.94,3.098,73.772,54.579,1819.377,142.403,23.192,78.097,609,68.241,40.207,Normal,0,0
A044,2025-01-07 21:00:00,A044-BAT,Battery,79.986,3.617,74.212,50.141,1780.846,144.243,23.689,76.747,371,80.58,26.365,Normal,0,1
A044,2025-01-07 23:00:00,A044-BAT,Battery,77.518,3.165,72.753,52.49,1802.899,148.097,23.822,77.665,624,73.424,30.492,Normal,0,0
A044,2025-01-08 02:00:00,A044-BAT,Battery,97.938,6.1,68.142,53.829,1987.573,138.633,23.862,79.512,344,59.416,26.843,Warning,1,0
A044,2025-01-08 04:00:00,A044-BAT,Battery,77.398,3.092,71.524,51.226,1810.476,149.924,24.0,80.904,526,82.162,30.026,Normal,0,1
A044,2025-01-08 07:00:00,A044-BAT,Battery,79.031,3.322,71.266,56.02,1813.101,152.739,23.308,76.648,450,75.699,27.331,Normal,0,1
A044,2025-01-08 09:00:00,A044-BAT,Battery,92.428,5.177,64.201,57.61,1906.853,135.162,23.46,80.517,632,56.97,30.911,Warning,1,1
A044,2025-01-08 10:00:00,A044-BAT,Battery,76.079,3.135,71.911,55.023,1850.657,145.187,23.119,82.487,651,57.495,17.845,Normal,0,0
A044,2025-01-08 23:00:00,A044-BAT,Battery,76.32,3.468,71.278,52.136,1808.494,147.476,22.96,81.457,671,63.663,25.291,Normal,0,0
A044,2025-01-09 02:00:00,A044-BAT,Battery,77.598,3.198,72.315,54.479,1828.636,150.944,23.59,79.985,608,66.08,40.977,Normal,0,1
A044,2025-01-09 05:00:00,A044-BAT,Battery,79.382,3.297,74.506,53.592,1803.209,145.061,23.494,80.091,424,74.577,21.495,Normal,0,0
A044,2025-01-09 12:00:00,A044-BAT,Battery,97.423,4.998,68.574,56.783,1948.242,134.138,23.28,81.504,461,62.608,25.215,Warning,1,1
A044,2025-01-09 13:00:00,A044-BAT,Battery,80.392,3.228,73.05,52.324,1744.461,145.536,23.202,78.211,507,62.027,26.986,Normal,0,0
A044,2025-01-09 14:00:00,A044-BAT,Battery,79.907,3.037,74.506,53.182,1761.367,149.242,23.636,79.526,344,72.417,23.53,Normal,0,0
A044,2025-01-09 20:00:00,A044-BAT,Battery,79.528,3.988,70.116,54.116,1695.753,146.766,23.759,83.78,701,66.052,35.771,Warning,1,0
A044,2025-01-09 23:00:00,A044-BAT,Battery,80.317,3.615,69.376,53.407,1849.63,147.319,23.745,81.129,328,68.538,33.576,Warning,1,1
A044,2025-01-10 01:00:00,A044-BAT,Battery,74.207,4.137,73.294,54.171,1668.943,144.756,23.341,80.629,374,78.418,30.11,Warning,1,1
A044,2025-01-10 04:00:00,A044-BAT,Battery,80.237,3.979,71.146,53.834,1837.706,147.54,23.341,77.547,424,60.242,23.781,Normal,0,1
A044,2025-01-10 07:00:00,A044-BAT,Battery,81.573,3.798,74.525,54.915,1529.573,145.672,23.668,78.961,412,63.503,17.569,Normal,0,1
A044,2025-01-10 11:00:00,A044-BAT,Battery,81.901,3.587,70.135,52.653,1634.2,145.238,23.22,81.542,351,65.316,35.561,Warning,1,1
A044,2025-01-10 13:00:00,A044-BAT,Battery,76.538,3.084,69.419,52.409,1849.088,147.966,23.675,81.78,339,70.27,35.123,Normal,0,1
A044,2025-01-10 14:00:00,A044-BAT,Battery,87.549,2.926,74.514,51.531,1544.246,152.335,24.08,80.154,508,67.108,31.69,Warning,1,0
A044,2025-01-10 16:00:00,A044-BAT,Battery,79.911,3.663,71.265,53.27,1811.363,144.141,23.19,80.984,416,74.549,34.019,Warning,1,0
A044,2025-01-10 19:00:00,A044-BAT,Battery,77.855,3.888,72.89,53.244,1787.111,152.249,23.482,79.685,691,82.475,29.504,Warning,1,1
A044,2025-01-10 20:00:00,A044-BAT,Battery,78.206,3.424,68.137,48.586,1758.999,141.724,23.684,80.37,474,63.064,32.53,Normal,0,1
A044,2025-01-11 00:00:00,A044-BAT,Battery,82.368,3.023,69.524,52.29,1764.635,145.473,23.369,83.093,568,74.913,33.097,Warning,1,0
A044,2025-01-11 06:00:00,A044-BAT,Battery,83.017,3.735,69.772,52.027,1923.421,152.264,23.208,84.727,643,68.42,37.374,Warning,1,0
A044,2025-01-11 09:00:00,A044-BAT,Battery,82.556,3.428,65.458,50.013,1739.621,148.67,23.434,81.167,648,75.895,28.738,Warning,1,1
A044,2025-01-11 10:00:00,A044-BAT,Battery,81.615,3.5,74.366,50.743,1863.17,146.298,22.716,80.05,558,79.476,27.501,Warning,1,1
A044,2025-01-11 11:00:00,A044-BAT,Battery,78.68,3.084,69.267,54.105,1888.154,140.474,23.378,80.316,391,80.52,39.719,Warning,1,1
A044,2025-01-11 17:00:00,A044-BAT,Battery,81.285,3.86,67.934,50.626,1786.752,144.659,23.704,78.038,671,80.945,33.413,Warning,1,0
A044,2025-01-11 18:00:00,A044-BAT,Battery,83.766,3.66,70.359,54.274,1688.696,141.308,23.418,85.297,471,81.427,23.743,Warning,1,0
A044,2025-01-11 19:00:00,A044-BAT,Battery,78.032,3.387,72.565,53.76,1823.998,157.598,23.693,86.086,566,76.845,30.522,Warning,1,0
A044,2025-01-11 21:00:00,A044-BAT,Battery,83.348,3.779,68.953,53.458,1889.325,157.369,23.016,85.789,401,75.87,34.339,Warning,1,0
A044,2025-01-12 00:00:00,A044-BAT,Battery,79.561,4.095,74.773,53.326,1763.559,143.535,22.337,80.61,425,67.255,25.192,Warning,1,0
A044,2025-01-12 03:00:00,A044-BAT,Battery,82.217,3.79,70.385,52.709,1674.641,148.973,23.317,82.8,708,71.396,33.704,Warning,1,0
A044,2025-01-12 13:00:00,A044-BAT,Battery,83.663,3.671,68.561,53.448,1865.08,156.091,22.848,83.257,522,78.132,22.612,Warning,1,1
A044,2025-01-12 15:00:00,A044-BAT,Battery,90.501,3.551,70.972,54.883,1727.432,147.268,22.811,85.723,739,75.129,30.646,Warning,1,1
A044,2025-01-12 20:00:00,A044-BAT,Battery,78.412,3.361,72.576,47.317,1848.581,146.867,22.735,84.624,486,79.503,39.409,Warning,1,0
A044,2025-01-12 23:00:00,A044-BAT,Battery,80.13,4.213,71.414,52.516,1877.907,144.03,22.709,82.555,519,64.976,35.309,Warning,1,0
A044,2025-01-13 02:00:00,A044-BAT,Battery,86.61,3.883,72.177,56.529,1746.033,140.753,22.315,84.598,512,81.274,26.827,Warning,1,1
A044,2025-01-13 06:00:00,A044-BAT,Battery,90.536,5.31,62.001,55.062,1528.64,136.075,22.953,81.63,445,77.557,22.683,Warning,1,1
A044,2025-01-13 10:00:00,A044-BAT,Battery,84.643,3.525,68.502,51.087,1846.198,138.156,22.965,79.585,604,67.292,36.756,Warning,1,0
A044,2025-01-13 18:00:00,A044-BAT,Battery,82.107,3.609,69.849,52.204,1634.833,142.773,23.693,82.718,687,65.953,18.454,Warning,1,0
A044,2025-01-13 20:00:00,A044-BAT,Battery,84.863,4.001,71.064,52.029,1794.64,150.236,23.321,81.765,751,80.506,27.014,Warning,1,0
A044,2025-01-14 00:00:00,A044-BAT,Battery,83.971,3.813,70.047,50.608,1968.168,144.566,22.397,80.718,692,77.407,30.899,Warning,1,0
A044,2025-01-14 02:00:00,A044-BAT,Battery,81.273,3.48,65.257,50.672,1783.753,142.055,22.808,81.231,558,76.88,33.703,Warning,1,0
A044,2025-01-14 05:00:00,A044-BAT,Battery,81.031,3.822,70.802,50.593,1916.027,148.217,23.517,83.482,534,64.231,22.182,Warning,1,1
A044,2025-01-14 10:00:00,A044-BAT,Battery,86.117,3.481,71.891,52.305,1595.093,145.052,22.723,84.94,768,83.063,23.158,Warning,1,1
A044,2025-01-14 11:00:00,A044-BAT,Battery,81.274,4.293,69.528,51.525,1820.105,145.013,23.186,82.087,453,74.751,31.541,Warning,1,0
A044,2025-01-14 15:00:00,A044-BAT,Battery,84.95,4.465,70.597,51.888,1723.956,145.074,23.12,80.596,730,89.238,30.909,Warning,1,0
A044,2025-01-14 16:00:00,A044-BAT,Battery,97.281,5.663,62.719,51.391,1682.326,130.918,23.187,85.582,614,100.0,29.757,Warning,1,1
A044,2025-01-15 07:00:00,A044-BAT,Battery,87.537,3.453,70.044,55.655,1790.373,146.968,22.82,85.34,772,68.375,32.17,Warning,1,1
A044,2025-01-15 08:00:00,A044-BAT,Battery,86.267,4.108,66.055,51.767,1905.539,149.932,23.352,83.065,572,83.705,20.31,Warning,1,1
A044,2025-01-15 10:00:00,A044-BAT,Battery,85.846,3.677,67.953,51.93,1717.116,145.297,22.686,83.71,542,76.481,25.192,Warning,1,1
A044,2025-01-15 11:00:00,A044-BAT,Battery,84.837,3.519,66.433,52.145,1836.554,149.98,22.992,86.703,493,78.315,23.943,Warning,1,0
A044,2025-01-16 00:00:00,A044-BAT,Battery,83.108,3.691,68.945,53.521,1984.377,145.614,22.932,83.4,539,87.558,39.454,Warning,1,1
A044,2025-01-16 05:00:00,A044-BAT,Battery,83.253,4.033,70.036,49.655,1808.245,146.143,23.263,84.407,499,76.908,31.279,Warning,1,1
A044,2025-01-16 08:00:00,A044-BAT,Battery,84.409,4.175,72.322,51.876,1758.062,143.377,22.845,84.886,559,92.817,32.783,Warning,1,1
A044,2025-01-16 09:00:00,A044-BAT,Battery,86.321,4.521,73.957,50.944,1836.202,146.274,22.389,81.662,507,78.087,28.601,Warning,1,1
A044,2025-01-16 13:00:00,A044-BAT,Battery,86.78,3.704,66.251,53.261,1663.069,147.152,22.964,85.886,748,78.542,43.025,Warning,1,1
A044,2025-01-16 19:00:00,A044-BAT,Battery,82.923,4.081,66.188,52.695,1834.236,152.81,22.676,85.326,703,97.949,28.328,Warning,1,1
A044,2025-01-16 20:00:00,A044-BAT,Battery,88.524,4.19,69.798,52.934,1747.716,147.494,22.687,87.107,725,73.764,30.249,Warning,1,1
A044,2025-01-17 01:00:00,A044-BAT,Battery,83.378,4.466,69.688,50.674,1897.12,139.234,23.219,83.181,633,62.755,32.441,Warning,1,1
A044,2025-01-17 03:00:00,A044-BAT,Battery,87.11,3.788,67.973,52.303,1805.544,139.794,22.627,86.051,670,78.918,24.692,Warning,1,1
A044,2025-01-17 07:00:00,A044-BAT,Battery,82.816,3.978,68.751,52.264,1822.667,153.403,22.793,84.834,889,77.267,33.736,Warning,1,1
A044,2025-01-17 08:00:00,A044-BAT,Battery,86.191,3.864,69.875,51.608,1779.083,142.532,23.735,86.77,520,95.887,32.325,Warning,1,1
A044,2025-01-17 12:00:00,A044-BAT,Battery,86.088,4.247,65.01,50.906,1830.286,146.894,23.013,83.321,781,81.426,29.978,Warning,1,1
A045,2025-01-01 00:00:00,A045-BAT,Battery,72.148,1.647,77.615,51.552,1754.253,148.566,23.978,73.582,119,58.033,26.71,Normal,0,0
A045,2025-01-01 02:00:00,A045-BAT,Battery,72.088,2.63,79.094,56.505,1677.209,144.975,24.533,75.518,495,47.017,34.298,Normal,0,0
A045,2025-01-01 06:00:00,A045-BAT,Battery,66.716,2.433,73.999,55.725,1737.757,151.647,23.475,73.434,505,65.126,31.428,Normal,0,0
A045,2025-01-01 15:00:00,A045-BAT,Battery,72.063,2.774,78.824,56.569,1718.826,152.943,23.515,72.919,119,43.339,24.059,Normal,0,0
A045,2025-01-01 16:00:00,A045-BAT,Battery,73.455,2.755,80.912,52.167,1752.614,146.215,24.268,74.927,487,33.869,37.128,Normal,0,0
A045,2025-01-01 19:00:00,A045-BAT,Battery,72.977,2.144,75.183,55.655,1891.106,146.969,24.42,75.844,201,37.53,36.129,Normal,0,0
A045,2025-01-01 20:00:00,A045-BAT,Battery,72.811,2.211,83.772,58.662,1826.441,153.845,24.015,75.253,463,51.338,36.054,Normal,0,0
A045,2025-01-01 22:00:00,A045-BAT,Battery,74.349,2.707,74.601,53.227,1726.555,146.466,24.002,74.439,394,52.994,29.973,Normal,0,0
A045,2025-01-02 02:00:00,A045-BAT,Battery,72.92,2.236,79.612,58.8,1834.879,148.922,24.035,74.735,138,55.996,24.637,Normal,0,0
A045,2025-01-02 06:00:00,A045-BAT,Battery,76.285,2.764,73.788,51.938,1852.716,144.213,23.099,77.223,287,31.111,26.967,Normal,0,0
A045,2025-01-02 16:00:00,A045-BAT,Battery,71.431,2.438,73.565,53.729,1689.475,153.97,23.584,76.079,517,46.478,35.258,Normal,0,0
A045,2025-01-02 22:00:00,A045-BAT,Battery,73.997,2.633,77.817,55.431,1778.758,159.589,23.493,77.447,189,44.197,26.387,Normal,0,0
A045,2025-01-03 00:00:00,A045-BAT,Battery,73.852,2.326,79.327,54.765,1753.314,145.277,23.254,75.544,481,68.614,30.855,Normal,0,0
A045,2025-01-03 03:00:00,A045-BAT,Battery,73.078,2.328,72.21,56.492,1758.526,149.007,24.156,74.802,341,44.952,28.358,Normal,0,1
A045,2025-01-03 10:00:00,A045-BAT,Battery,76.038,1.803,74.753,50.741,1783.87,153.267,23.508,77.429,373,61.359,46.482,Normal,0,0
A045,2025-01-03 17:00:00,A045-BAT,Battery,93.337,5.649,70.318,56.81,1749.001,151.889,23.535,78.768,523,44.107,30.389,Warning,1,0
A045,2025-01-04 04:00:00,A045-BAT,Battery,76.347,2.486,77.07,55.297,1679.927,156.296,23.965,74.314,330,58.524,29.631,Normal,0,0
A045,2025-01-04 23:00:00,A045-BAT,Battery,77.774,1.886,74.888,49.8,1733.221,151.69,23.029,78.415,203,64.941,30.004,Normal,0,0
A045,2025-01-05 00:00:00,A045-BAT,Battery,75.527,2.641,76.917,52.971,1671.305,144.164,24.041,79.025,584,49.917,28.678,Normal,0,0
A045,2025-01-05 01:00:00,A045-BAT,Battery,75.269,2.797,75.378,56.5,1891.499,149.989,23.298,79.578,522,52.529,32.965,Normal,0,0
A045,2025-01-05 16:00:00,A045-BAT,Battery,78.917,2.658,75.384,54.337,1735.676,144.6,23.551,76.24,472,59.492,35.609,Normal,0,0
A045,2025-01-06 02:00:00,A045-BAT,Battery,79.777,2.801,77.119,53.185,1916.216,152.309,23.535,80.588,515,76.843,30.415,Normal,0,1
A045,2025-01-06 05:00:00,A045-BAT,Battery,74.337,2.975,75.702,54.311,1854.205,149.744,23.79,78.39,287,71.367,25.756,Normal,0,0
A045,2025-01-06 08:00:00,A045-BAT,Battery,72.975,2.588,76.146,55.336,1867.549,146.277,23.555,77.72,581,62.442,32.96,Normal,0,0
A045,2025-01-06 13:00:00,A045-BAT,Battery,79.101,3.197,79.852,54.622,1668.518,148.432,23.517,78.094,531,65.483,31.718,Normal,0,0
A045,2025-01-07 02:00:00,A045-BAT,Battery,79.079,2.865,69.188,55.021,1929.239,146.582,23.62,80.221,490,52.612,26.493,Normal,0,0
A045,2025-01-07 03:00:00,A045-BAT,Battery,76.464,2.431,75.291,51.557,1706.759,147.722,23.432,79.776,413,69.328,24.266,Normal,0,0
A045,2025-01-07 09:00:00,A045-BAT,Battery,76.644,2.851,73.576,48.413,1808.035,149.869,23.904,77.369,443,57.867,27.057,Normal,0,0
A045,2025-01-07 12:00:00,A045-BAT,Battery,76.918,3.043,72.346,55.374,1738.689,151.373,23.658,75.395,654,61.464,34.096,Normal,0,0
A045,2025-01-07 19:00:00,A045-BAT,Battery,78.871,3.253,73.27,54.845,1875.982,148.212,23.675,80.458,422,60.098,24.653,Normal,0,0
A045,2025-01-07 21:00:00,A045-BAT,Battery,74.477,3.514,73.511,56.409,1868.564,143.77,23.336,78.421,446,62.646,27.081,Normal,0,0
A045,2025-01-08 01:00:00,A045-BAT,Battery,79.886,2.645,70.28,55.786,1806.691,153.181,23.286,77.901,495,55.802,26.701,Normal,0,0
A045,2025-01-08 02:00:00,A045-BAT,Battery,79.299,2.9,80.795,57.037,1823.088,149.271,22.648,78.218,562,69.394,34.491,Normal,0,1
A045,2025-01-08 03:00:00,A045-BAT,Battery,77.333,3.178,75.567,56.047,1927.342,151.956,23.574,80.436,292,67.813,30.925,Normal,0,1
A045,2025-01-08 08:00:00,A045-BAT,Battery,76.205,2.757,73.573,56.384,1640.28,148.635,23.73,77.357,278,70.14,26.968,Normal,0,0
A045,2025-01-08 10:00:00,A045-BAT,Battery,75.275,2.729,72.152,54.873,1810.385,147.284,23.473,81.61,656,55.795,28.131,Normal,0,0
A045,2025-01-08 19:00:00,A045-BAT,Battery,76.761,3.085,72.685,52.462,1759.57,146.806,22.995,77.575,311,80.064,32.464,Normal,0,0
A045,2025-01-08 22:00:00,A045-BAT,Battery,79.539,3.492,74.452,53.018,1951.687,146.096,23.825,80.692,660,51.726,28.889,Normal,0,0
A045,2025-01-08 23:00:00,A045-BAT,Battery,78.983,2.473,72.749,53.542,1790.916,147.88,23.789,80.213,460,61.652,35.305,Normal,0,1
A045,2025-01-09 03:00:00,A045-BAT,Battery,81.892,3.175,76.955,52.098,1826.868,150.65,23.263,82.228,666,54.37,25.324,Normal,0,1
A045,2025-01-09 11:00:00,A045-BAT,Battery,76.558,3.259,75.491,55.288,1761.719,153.951,23.352,77.988,385,72.643,21.395,Normal,0,1
A045,2025-01-09 13:00:00,A045-BAT,Battery,79.235,3.099,75.203,49.218,1819.838,147.45,23.336,76.488,460,66.414,29.357,Normal,0,0
A045,2025-01-09 15:00:00,A045-BAT,Battery,79.878,3.292,78.039,59.571,1867.729,147.207,23.124,81.475,505,58.434,33.388,Normal,0,0
A045,2025-01-09 16:00:00,A045-BAT,Battery,79.194,3.309,77.008,54.614,1808.561,144.276,23.719,77.493,586,74.345,23.191,Normal,0,0
A045,2025-01-09 21:00:00,A045-BAT,Battery,80.745,3.118,71.206,51.319,1726.515,147.799,23.476,80.072,579,51.126,31.291,Normal,0,0
A045,2025-01-09 23:00:00,A045-BAT,Battery,81.245,2.188,71.04,50.848,1942.965,145.167,23.479,83.503,675,72.896,33.133,Normal,0,0
A045,2025-01-10 09:00:00,A045-BAT,Battery,79.797,2.877,74.286,52.497,1732.822,152.139,22.938,81.324,701,64.611,34.536,Normal,0,0
A045,2025-01-10 12:00:00,A045-BAT,Battery,87.115,7.452,64.767,56.312,1885.637,133.44,23.64,80.318,517,62.548,30.982,Warning,1,0
A045,2025-01-10 16:00:00,A045-BAT,Battery,96.957,5.084,60.255,52.494,1697.405,140.754,23.232,84.012,471,67.438,33.505,Warning,1,1
A045,2025-01-11 00:00:00,A045-BAT,Battery,81.761,3.393,75.178,51.768,1797.047,150.832,23.407,80.891,493,62.531,33.05,Normal,0,0
A045,2025-01-11 03:00:00,A045-BAT,Battery,81.784,3.154,73.364,51.774,1704.296,144.25,22.999,84.431,733,77.546,24.523,Normal,0,0
A045,2025-01-11 05:00:00,A045-BAT,Battery,79.904,2.907,77.099,52.529,1831.903,151.642,22.852,80.747,494,64.749,26.973,Normal,0,0
A045,2025-01-11 11:00:00,A045-BAT,Battery,83.6,3.696,71.366,54.247,1830.473,144.693,23.688,83.214,514,70.668,25.476,Warning,1,0
A045,2025-01-11 12:00:00,A045-BAT,Battery,84.499,3.631,73.994,51.303,1708.403,146.884,23.052,81.789,497,54.213,27.351,Normal,0,0
A045,2025-01-11 17:00:00,A045-BAT,Battery,80.276,3.945,72.016,53.115,1697.582,152.865,22.855,77.988,698,61.91,30.633,Normal,0,1
A045,2025-01-11 20:00:00,A045-BAT,Battery,75.772,4.19,73.215,53.503,2013.905,150.038,23.107,83.299,703,74.267,29.634,Warning,1,0
A045,2025-01-12 02:00:00,A045-BAT,Battery,77.909,3.443,72.92,54.438,1777.354,148.451,23.728,79.76,551,72.751,28.273,Normal,0,1
A045,2025-01-12 05:00:00,A045-BAT,Battery,74.413,3.578,71.435,50.93,1874.668,142.139,22.957,78.963,374,75.959,23.548,Normal,0,1
A045,2025-01-12 06:00:00,A045-BAT,Battery,78.759,2.93,67.427,52.747,1669.54,147.074,22.51,81.778,767,64.672,19.135,Normal,0,0
A045,2025-01-13 02:00:00,A045-BAT,Battery,80.808,3.592,72.206,50.458,1928.188,141.198,22.689,83.007,403,72.684,27.161,Warning,1,0
A045,2025-01-13 04:00:00,A045-BAT,Battery,79.162,3.427,71.546,53.925,1775.612,152.217,23.172,82.258,503,71.002,31.971,Warning,1,0
A045,2025-01-13 15:00:00,A045-BAT,Battery,79.876,3.563,72.431,52.803,1666.789,133.344,22.942,83.958,485,70.088,30.715,Warning,1,0
A045,2025-01-13 17:00:00,A045-BAT,Battery,83.403,3.248,72.116,52.969,1680.959,148.084,23.289,85.951,752,47.931,27.325,Normal,0,0
A045,2025-01-13 19:00:00,A045-BAT,Battery,81.214,3.365,70.929,54.653,1741.742,153.895,23.207,82.548,448,60.464,28.442,Normal,0,0
A045,2025-01-13 22:00:00,A045-BAT,Battery,98.269,5.657,65.787,52.971,1749.474,130.264,23.754,82.839,558,59.472,21.581,Warning,1,1
A045,2025-01-14 00:00:00,A045-BAT,Battery,82.942,3.306,72.851,53.458,1652.629,143.405,23.595,82.813,474,83.925,33.344,Warning,1,1
A045,2025-01-14 04:00:00,A045-BAT,Battery,79.683,3.774,67.261,50.409,1859.077,154.71,23.681,85.06,697,74.561,22.295,Warning,1,1
A045,2025-01-14 07:00:00,A045-BAT,Battery,82.607,3.391,65.934,51.146,1782.125,153.688,22.843,84.275,722,55.959,31.578,Warning,1,0
A045,2025-01-14 16:00:00,A045-BAT,Battery,80.842,4.219,71.372,50.427,1726.949,150.205,23.426,85.456,552,80.403,30.65,Warning,1,0
A045,2025-01-15 01:00:00,A045-BAT,Battery,84.115,3.67,71.566,50.411,1740.239,153.482,23.298,84.083,797,77.832,29.306,Warning,1,1
A045,2025-01-15 15:00:00,A045-BAT,Battery,83.072,3.809,70.048,53.234,1871.183,146.538,22.847,87.286,570,66.138,37.297,Warning,1,0
A045,2025-01-15 16:00:00,A045-BAT,Battery,79.595,3.824,72.514,54.11,1794.308,143.092,23.007,78.076,824,70.914,33.891,Warning,1,0
A045,2025-01-15 22:00:00,A045-BAT,Battery,84.649,3.424,72.558,53.079,1706.279,150.478,22.535,83.119,463,79.636,26.762,Warning,1,1
A045,2025-01-15 23:00:00,A045-BAT,Battery,84.463,4.42,70.138,51.464,1868.138,142.45,22.626,83.425,741,64.611,23.534,Warning,1,1
A045,2025-01-16 00:00:00,A045-BAT,Battery,84.208,3.27,71.179,53.416,1954.683,149.773,22.283,83.724,663,78.915,28.64,Warning,1,0
A045,2025-01-16 15:00:00,A045-BAT,Battery,75.557,3.588,70.905,56.069,1869.92,153.907,23.801,84.641,749,76.782,36.453,Warning,1,1
A045,2025-01-16 16:00:00,A045-BAT,Battery,79.315,3.454,73.982,51.092,1796.883,139.271,23.078,82.957,782,78.485,35.235,Warning,1,0
A045,2025-01-17 02:00:00,A045-BAT,Battery,87.391,3.523,76.497,55.571,1664.103,144.921,22.53,82.586,614,72.305,32.533,Warning,1,0
A045,2025-01-17 04:00:00,A045-BAT,Battery,84.929,4.047,67.735,49.579,1718.835,145.578,22.715,85.171,798,75.93,34.419,Warning,1,1
A045,2025-01-17 06:00:00,A045-BAT,Battery,87.316,4.297,71.028,50.254,1850.365,138.934,22.867,86.208,657,73.815,29.961,Warning,1,1
A045,2025-01-17 07:00:00,A045-BAT,Battery,82.589,3.918,65.847,54.909,1966.781,143.482,22.237,84.942,882,75.276,34.2,Warning,1,0
A045,2025-01-17 09:00:00,A045-BAT,Battery,83.358,3.825,66.787,52.076,1774.907,142.202,22.667,86.656,715,65.399,25.1,Warning,1,1
A045,2025-01-17 11:00:00,A045-BAT,Battery,83.147,4.108,70.646,54.123,1855.559,138.118,22.844,80.445,883,79.645,34.474,Warning,1,1
A045,2025-01-17 15:00:00,A045-BAT,Battery,85.284,3.605,71.289,50.263,1837.421,146.006,22.775,86.808,505,79.885,31.522,Warning,1,1
A046,2025-01-01 00:00:00,A046-BAT,Battery,69.573,2.888,73.767,55.143,1737.603,145.411,23.428,74.421,227,63.494,34.429,Normal,0,0
A046,2025-01-01 04:00:00,A046-BAT,Battery,71.547,2.622,75.228,54.561,1797.816,153.046,23.477,74.718,402,60.72,29.819,Normal,0,0
A046,2025-01-01 06:00:00,A046-BAT,Battery,73.512,2.513,82.448,54.724,1921.671,145.439,24.664,71.625,315,46.384,34.344,Normal,0,0
A046,2025-01-01 07:00:00,A046-BAT,Battery,70.375,2.499,73.595,54.044,1822.043,146.973,23.829,75.309,251,61.369,22.905,Normal,0,0
A046,2025-01-01 10:00:00,A046-BAT,Battery,72.74,2.456,78.87,53.097,1856.046,154.145,23.876,81.992,294,71.183,33.573,Normal,0,0
A046,2025-01-01 18:00:00,A046-BAT,Battery,69.709,2.834,75.301,56.701,1778.107,151.117,23.59,77.998,497,49.247,38.005,Normal,0,0
A046,2025-01-01 19:00:00,A046-BAT,Battery,74.799,2.878,75.351,54.066,1770.574,146.611,24.086,73.941,323,54.562,34.779,Normal,0,0
A046,2025-01-01 22:00:00,A046-BAT,Battery,79.431,3.26,78.209,54.604,1744.327,148.011,24.024,74.508,258,59.195,36.101,Normal,0,0
A046,2025-01-02 06:00:00,A046-BAT,Battery,92.154,4.386,63.373,55.693,1886.894,132.471,23.628,76.618,401,55.394,33.169,Warning,1,0
A046,2025-01-02 15:00:00,A046-BAT,Battery,76.445,3.264,75.346,55.303,1834.264,146.561,23.993,77.644,455,55.04,32.319,Normal,0,0
A046,2025-01-02 18:00:00,A046-BAT,Battery,75.097,3.019,76.615,55.844,1873.071,142.913,23.468,77.58,374,44.213,30.227,Normal,0,1
A046,2025-01-02 23:00:00,A046-BAT,Battery,74.411,2.448,73.567,54.722,1617.493,145.211,23.735,74.863,522,67.6,25.678,Normal,0,0
A046,2025-01-03 00:00:00,A046-BAT,Battery,73.567,2.651,77.753,55.445,1734.418,152.854,23.42,78.587,249,55.696,30.987,Normal,0,1
A046,2025-01-03 05:00:00,A046-BAT,Battery,67.906,2.949,77.873,55.714,1830.463,152.994,23.851,73.112,496,55.968,28.958,Normal,0,0
A046,2025-01-03 12:00:00,A046-BAT,Battery,71.692,3.07,77.072,53.822,1777.934,152.234,24.019,72.648,400,54.221,33.576,Normal,0,0
A046,2025-01-03 17:00:00,A046-BAT,Battery,75.324,2.576,72.232,53.857,1804.03,149.963,23.852,77.58,262,56.921,36.553,Normal,0,0
A046,2025-01-03 20:00:00,A046-BAT,Battery,77.891,3.034,71.623,58.13,1685.14,148.553,23.471,75.872,476,54.45,37.155,Normal,0,0
A046,2025-01-04 02:00:00,A046-BAT,Battery,74.706,2.128,78.389,55.917,1735.531,149.903,23.888,76.736,301,53.587,25.472,Normal,0,0
A046,2025-01-04 04:00:00,A046-BAT,Battery,76.946,2.841,75.87,56.333,1789.599,140.431,23.649,77.29,321,60.796,32.92,Normal,0,0
A046,2025-01-04 12:00:00,A046-BAT,Battery,75.064,3.065,78.847,57.191,1910.393,146.481,23.936,78.715,353,50.606,30.672,Normal,0,0
A046,2025-01-04 13:00:00,A046-BAT,Battery,75.299,2.556,73.692,56.74,1861.747,148.164,24.423,79.138,267,66.066,23.801,Normal,0,0
A046,2025-01-05 04:00:00,A046-BAT,Battery,76.565,2.87,73.224,50.608,1927.968,148.428,23.971,77.48,391,58.977,19.477,Normal,0,0
A046,2025-01-05 06:00:00,A046-BAT,Battery,79.174,2.667,74.086,52.196,1862.761,156.835,23.483,79.251,309,66.357,26.9,Normal,0,0
A046,2025-01-05 11:00:00,A046-BAT,Battery,76.806,3.435,80.145,53.898,1622.023,144.63,23.654,77.806,345,63.583,28.184,Normal,0,1
A046,2025-01-05 20:00:00,A046-BAT,Battery,76.187,3.147,74.932,54.324,1814.522,154.241,23.413,76.369,296,52.888,32.53,Normal,0,0
A046,2025-01-05 22:00:00,A046-BAT,Battery,77.716,2.865,72.478,53.105,1963.227,151.93,23.694,77.198,397,49.248,33.868,Normal,0,1
A046,2025-01-06 14:00:00,A046-BAT,Battery,77.067,2.674,78.124,54.075,1788.349,149.866,23.195,76.945,551,68.197,22.429,Normal,0,0
A046,2025-01-06 19:00:00,A046-BAT,Battery,71.33,2.939,69.804,53.749,1840.351,146.812,23.69,78.836,616,78.084,19.63,Normal,0,0
A046,2025-01-06 20:00:00,A046-BAT,Battery,75.898,3.829,73.694,52.892,1810.576,147.747,23.97,78.597,622,55.177,29.503,Normal,0,0
A046,2025-01-06 22:00:00,A046-BAT,Battery,74.8,3.244,73.288,55.022,1797.381,155.539,23.071,78.205,561,47.968,24.893,Normal,0,0
A046,2025-01-07 01:00:00,A046-BAT,Battery,79.055,2.959,75.999,56.167,1810.278,145.617,23.628,75.506,626,69.568,28.292,Normal,0,0
A046,2025-01-07 07:00:00,A046-BAT,Battery,76.467,3.029,74.43,50.075,1844.384,145.611,23.416,81.145,492,74.03,26.072,Normal,0,0
A046,2025-01-07 17:00:00,A046-BAT,Battery,77.952,3.256,71.538,50.753,1944.336,148.378,24.815,78.35,522,62.522,34.827,Normal,0,0
A046,2025-01-08 00:00:00,A046-BAT,Battery,79.454,2.352,76.235,53.015,1807.836,146.357,23.581,77.788,513,55.069,24.453,Normal,0,0
A046,2025-01-08 02:00:00,A046-BAT,Battery,74.703,3.268,74.333,53.215,1787.75,143.539,23.358,80.928,605,71.606,29.307,Normal,0,1
A046,2025-01-08 10:00:00,A046-BAT,Battery,75.262,3.506,73.598,53.609,1723.29,140.978,23.757,79.596,458,76.95,28.54,Normal,0,1
A046,2025-01-08 11:00:00,A046-BAT,Battery,76.273,3.532,76.836,53.928,1818.795,147.078,23.346,78.559,594,62.285,27.993,Normal,0,0
A046,2025-01-08 12:00:00,A046-BAT,Battery,76.907,3.057,72.735,56.787,1983.15,142.391,22.994,80.314,314,49.696,27.009,Normal,0,1
A046,2025-01-08 14:00:00,A046-BAT,Battery,81.217,2.976,73.244,56.717,1879.965,148.363,23.255,80.728,577,69.345,23.608,Normal,0,0
A046,2025-01-08 16:00:00,A046-BAT,Battery,77.819,3.186,76.312,55.095,1847.589,148.388,23.302,78.937,485,63.605,21.753,Normal,0,0
A046,2025-01-08 18:00:00,A046-BAT,Battery,78.544,3.104,70.228,55.594,1833.56,143.382,23.537,77.228,466,52.752,24.213,Normal,0,0
A046,2025-01-08 19:00:00,A046-BAT,Battery,78.803,3.021,76.813,58.096,1900.497,143.038,23.316,82.063,308,57.191,27.496,Normal,0,0
A046,2025-01-08 20:00:00,A046-BAT,Battery,77.759,2.471,74.72,53.478,1811.362,146.57,23.742,80.172,509,63.878,30.873,Normal,0,1
A046,2025-01-08 23:00:00,A046-BAT,Battery,78.32,3.383,71.462,51.167,1733.87,151.435,23.914,76.55,633,68.708,34.359,Normal,0,0
A046,2025-01-09 03:00:00,A046-BAT,Battery,81.947,2.552,73.023,55.656,1725.323,141.733,23.276,76.056,399,73.2,24.635,Normal,0,0
A046,2025-01-09 04:00:00,A046-BAT,Battery,78.987,3.764,74.329,51.631,1803.978,150.68,23.107,81.922,557,71.31,29.124,Normal,0,1
A046,2025-01-09 05:00:00,A046-BAT,Battery,81.106,3.265,76.293,55.249,1638.526,150.806,23.222,79.195,650,74.373,31.976,Normal,0,0
A046,2025-01-09 06:00:00,A046-BAT,Battery,76.422,3.019,70.583,49.897,1865.393,148.258,23.49,81.628,421,63.189,35.258,Normal,0,1
A046,2025-01-09 07:00:00,A046-BAT,Battery,78.531,3.362,70.999,53.812,1711.615,149.687,23.368,79.428,672,72.222,25.452,Normal,0,0
A046,2025-01-09 10:00:00,A046-BAT,Battery,75.415,3.025,70.555,55.879,1738.412,142.409,23.323,78.725,391,66.09,37.364,Normal,0,0
A046,2025-01-10 00:00:00,A046-BAT,Battery,77.408,3.282,73.237,56.767,1898.528,145.367,23.114,81.537,468,70.643,27.538,Normal,0,0
A046,2025-01-10 02:00:00,A046-BAT,Battery,83.127,3.721,75.985,54.44,1814.583,145.519,23.921,81.043,537,70.452,28.63,Normal,0,1
A046,2025-01-10 03:00:00,A046-BAT,Battery,80.87,2.771,73.617,53.124,1887.252,150.429,23.467,79.019,601,56.959,23.887,Normal,0,1
A046,2025-01-10 10:00:00,A046-BAT,Battery,80.564,3.55,71.87,51.63,1616.49,149.932,23.308,77.922,701,72.777,31.439,Normal,0,1
A046,2025-01-10 13:00:00,A046-BAT,Battery,82.251,2.889,72.036,52.771,1719.906,143.759,23.4,82.08,711,74.754,29.877,Normal,0,0
A046,2025-01-10 17:00:00,A046-BAT,Battery,77.853,3.197,73.186,55.456,1802.314,145.229,23.606,79.8,688,88.927,32.815,Warning,1,0
A046,2025-01-10 21:00:00,A046-BAT,Battery,81.355,3.193,76.064,51.877,1869.928,148.345,22.978,79.145,544,59.405,31.209,Normal,0,0
A046,2025-01-10 23:00:00,A046-BAT,Battery,81.578,3.392,70.491,52.331,1643.471,143.452,23.553,78.113,456,73.05,39.892,Warning,1,1
A046,2025-01-11 00:00:00,A046-BAT,Battery,78.753,3.442,74.944,53.742,1887.944,145.908,23.027,78.417,426,52.399,33.985,Normal,0,1
A046,2025-01-11 07:00:00,A046-BAT,Battery,95.137,5.447,67.24,52.834,1801.714,129.321,23.632,82.755,473,69.887,28.085,Warning,1,0
A046,2025-01-11 12:00:00,A046-BAT,Battery,77.455,3.251,73.108,48.591,1906.899,136.708,22.913,82.41,550,76.977,28.663,Normal,0,0
A046,2025-01-11 13:00:00,A046-BAT,Battery,80.571,3.03,75.252,55.962,1772.347,141.593,23.815,82.155,378,58.458,30.205,Normal,0,0
A046,2025-01-11 21:00:00,A046-BAT,Battery,81.911,3.011,69.018,53.706,1779.49,155.2,23.271,81.868,436,54.663,31.764,Normal,0,1
A046,2025-01-12 03:00:00,A046-BAT,Battery,80.317,4.077,69.08,51.873,1755.583,147.515,23.119,80.488,510,66.817,33.823,Warning,1,1
A046,2025-01-12 04:00:00,A046-BAT,Battery,83.002,3.181,70.335,52.955,1784.003,144.457,23.559,80.463,736,79.728,31.441,Warning,1,1
A046,2025-01-12 06:00:00,A046-BAT,Battery,82.364,3.463,69.738,51.435,1712.767,152.801,22.989,83.499,650,70.298,33.709,Warning,1,0
A046,2025-01-12 13:00:00,A046-BAT,Battery,77.357,3.458,71.304,53.658,1649.568,151.397,23.513,85.009,734,80.228,37.335,Warning,1,0
A046,2025-01-12 18:00:00,A046-BAT,Battery,82.113,3.694,69.96,52.342,1724.904,148.563,23.389,82.13,510,73.398,38.119,Warning,1,1
A046,2025-01-12 21:00:00,A046-BAT,Battery,83.69,3.928,72.088,55.418,1762.065,137.57,23.094,81.239,725,66.77,31.712,Warning,1,1
A046,2025-01-13 00:00:00,A046-BAT,Battery,81.565,3.434,73.498,53.182,1885.082,141.085,22.959,80.6,568,73.308,24.868,Warning,1,1
A046,2025-01-13 01:00:00,A046-BAT,Battery,79.776,3.593,70.089,53.922,1826.837,151.11,23.234,81.407,396,77.641,33.489,Warning,1,1
A046,2025-01-13 02:00:00,A046-BAT,Battery,78.183,3.446,65.982,56.493,1754.858,143.012,22.475,80.179,537,59.121,39.798,Warning,1,0
A046,2025-01-13 03:00:00,A046-BAT,Battery,77.658,3.897,72.08,53.806,1860.322,144.848,23.387,82.403,743,83.442,33.767,Warning,1,1
A046,2025-01-13 13:00:00,A046-BAT,Battery,84.351,4.098,66.201,55.23,1795.8,144.455,24.042,83.12,505,77.875,29.406,Warning,1,1
A046,2025-01-13 19:00:00,A046-BAT,Battery,86.108,3.748,65.876,54.003,1584.697,149.232,22.681,83.409,720,68.491,29.234,Warning,1,1
A046,2025-01-13 21:00:00,A046-BAT,Battery,98.332,4.854,64.939,53.824,1941.414,145.471,23.34,78.59,708,84.257,31.871,Warning,1,0
A046,2025-01-13 22:00:00,A046-BAT,Battery,80.904,2.891,73.429,53.927,1714.39,140.884,23.225,83.444,580,80.812,24.744,Warning,1,1
A046,2025-01-14 03:00:00,A046-BAT,Battery,81.957,3.027,75.048,50.496,1857.147,140.398,22.593,82.247,459,84.298,26.298,Warning,1,1
A046,2025-01-14 04:00:00,A046-BAT,Battery,86.948,3.989,65.679,52.492,1614.683,144.279,23.197,85.574,785,66.95,30.797,Warning,1,0
A046,2025-01-14 05:00:00,A046-BAT,Battery,82.676,2.971,71.312,49.075,1857.185,150.48,22.362,82.827,788,67.799,29.32,Warning,1,0
A046,2025-01-14 10:00:00,A046-BAT,Battery,92.284,6.556,61.554,52.442,1690.301,128.661,23.536,81.828,706,66.261,37.24,Warning,1,1
A046,2025-01-14 15:00:00,A046-BAT,Battery,88.124,3.802,71.188,54.994,1800.552,146.325,22.938,86.901,475,80.743,29.357,Warning,1,1
A046,2025-01-14 18:00:00,A046-BAT,Battery,81.29,3.719,72.863,56.81,1802.216,141.311,22.578,84.998,639,79.289,22.487,Warning,1,0
A046,2025-01-14 20:00:00,A046-BAT,Battery,78.976,3.973,71.09,50.65,1798.124,146.559,23.294,82.501,782,64.259,30.764,Warning,1,0
A046,2025-01-15 05:00:00,A046-BAT,Battery,79.402,4.091,67.306,48.869,1781.638,144.205,22.823,84.77,605,88.145,25.709,Warning,1,0
A046,2025-01-15 06:00:00,A046-BAT,Battery,84.415,3.762,63.313,53.164,1806.619,140.886,22.781,84.279,829,71.632,27.498,Warning,1,1
A046,2025-01-15 09:00:00,A046-BAT,Battery,84.659,3.217,72.062,55.277,1830.413,151.326,22.565,82.927,644,74.304,26.675,Warning,1,1
A046,2025-01-15 10:00:00,A046-BAT,Battery,94.218,5.655,65.705,52.092,1942.622,131.22,23.331,86.122,477,78.766,26.657,Warning,1,1
A046,2025-01-15 18:00:00,A046-BAT,Battery,89.518,4.086,75.556,51.506,1814.351,146.709,22.56,84.498,511,72.898,33.651,Warning,1,0
A046,2025-01-15 20:00:00,A046-BAT,Battery,79.176,3.599,65.716,52.578,1794.9,146.03,23.056,84.254,699,77.828,27.716,Warning,1,1
A046,2025-01-16 02:00:00,A046-BAT,Battery,82.899,3.499,71.509,51.669,1649.138,143.966,22.834,87.102,800,75.044,32.527,Warning,1,1
A046,2025-01-16 05:00:00,A046-BAT,Battery,82.868,3.728,68.241,54.219,1721.038,139.17,22.779,83.152,572,76.581,32.49,Warning,1,1
A046,2025-01-16 21:00:00,A046-BAT,Battery,98.921,7.901,55.589,55.565,1827.23,146.12,22.781,84.824,726,80.559,36.907,Warning,1,1
A046,2025-01-17 00:00:00,A046-BAT,Battery,82.573,4.201,63.894,55.37,1824.447,140.247,22.892,85.209,796,81.095,26.641,Warning,1,1
A046,2025-01-17 01:00:00,A046-BAT,Battery,83.811,3.99,74.021,52.582,1803.832,148.278,23.231,83.642,670,78.075,42.981,Warning,1,1
A046,2025-01-17 02:00:00,A046-BAT,Battery,82.402,3.678,71.38,49.46,1951.103,144.249,22.132,85.984,638,80.019,38.692,Warning,1,0
A046,2025-01-17 03:00:00,A046-BAT,Battery,83.581,3.556,67.457,52.676,1603.168,147.135,22.921,86.82,878,71.143,24.02,Warning,1,1
A046,2025-01-17 06:00:00,A046-BAT,Battery,88.811,3.943,66.682,57.586,1809.771,147.249,22.879,87.558,676,68.694,28.775,Warning,1,0
A046,2025-01-17 09:00:00,A046-BAT,Battery,84.209,3.664,74.677,53.432,1836.795,136.883,22.996,83.036,806,93.879,27.941,Warning,1,1
A047,2025-01-01 06:00:00,A047-BAT,Battery,76.015,3.049,77.355,56.756,1670.147,154.55,24.079,77.885,256,63.983,27.574,Normal,0,0
A047,2025-01-01 07:00:00,A047-BAT,Battery,74.575,2.588,74.156,54.918,1745.086,140.991,23.961,75.646,301,47.788,23.292,Normal,0,0
A047,2025-01-01 08:00:00,A047-BAT,Battery,71.574,2.81,73.594,55.756,1963.05,145.877,24.129,75.907,161,55.361,35.034,Normal,0,0
A047,2025-01-01 12:00:00,A047-BAT,Battery,76.718,3.163,70.032,55.899,1881.486,150.362,23.769,77.209,343,64.398,39.445,Normal,0,0
A047,2025-01-01 18:00:00,A047-BAT,Battery,73.289,2.433,75.789,54.346,1719.571,148.269,24.013,71.74,153,54.168,27.093,Normal,0,0
A047,2025-01-01 23:00:00,A047-BAT,Battery,79.318,2.366,73.376,56.373,1872.218,151.913,23.839,74.812,460,65.997,32.192,Normal,0,0
A047,2025-01-02 00:00:00,A047-BAT,Battery,72.765,3.076,71.507,56.366,1657.078,152.613,23.697,73.674,227,65.163,30.851,Normal,0,0
A047,2025-01-02 01:00:00,A047-BAT,Battery,71.471,3.347,75.519,55.65,1910.082,159.118,24.195,73.403,306,55.319,20.253,Normal,0,0
A047,2025-01-02 03:00:00,A047-BAT,Battery,76.315,3.143,72.638,55.549,1752.25,149.613,23.593,75.095,285,63.632,35.087,Normal,0,0
A047,2025-01-02 05:00:00,A047-BAT,Battery,76.454,3.12,72.029,55.992,1869.811,154.009,23.246,77.587,381,54.124,35.388,Normal,0,0
A047,2025-01-02 09:00:00,A047-BAT,Battery,73.787,3.065,76.456,55.643,1750.633,142.722,23.701,78.962,294,57.939,32.427,Normal,0,1
A047,2025-01-02 19:00:00,A047-BAT,Battery,73.795,2.527,69.597,55.223,1816.589,149.32,23.462,76.277,345,50.148,28.285,Normal,0,0
A047,2025-01-02 22:00:00,A047-BAT,Battery,72.92,2.917,76.098,52.777,1628.898,147.54,23.755,78.223,274,62.217,30.342,Normal,0,0
A047,2025-01-03 00:00:00,A047-BAT,Battery,73.038,2.505,73.338,53.204,1766.661,152.11,24.541,78.333,476,61.662,23.936,Normal,0,0
A047,2025-01-03 08:00:00,A047-BAT,Battery,73.989,2.357,69.871,53.868,1632.742,145.237,23.954,79.891,530,64.439,27.14,Normal,0,0
A047,2025-01-03 09:00:00,A047-BAT,Battery,75.025,2.71,70.598,53.549,1820.084,151.397,23.841,77.832,438,62.097,26.343,Normal,0,0
A047,2025-01-03 11:00:00,A047-BAT,Battery,78.676,3.374,76.63,52.91,1667.767,144.65,24.0,72.746,450,74.079,26.644,Normal,0,0
A047,2025-01-03 12:00:00,A047-BAT,Battery,77.414,3.136,75.558,55.766,1717.103,144.692,24.318,77.405,328,66.681,33.363,Normal,0,0
A047,2025-01-03 16:00:00,A047-BAT,Battery,74.377,2.919,74.729,52.829,1886.98,149.402,24.549,75.421,217,47.738,32.994,Normal,0,0
A047,2025-01-03 22:00:00,A047-BAT,Battery,79.909,3.019,72.955,53.342,1818.723,144.852,23.496,78.45,201,69.809,32.986,Normal,0,0
A047,2025-01-04 05:00:00,A047-BAT,Battery,77.114,3.315,71.087,55.144,1845.494,149.268,23.773,76.195,381,59.81,22.778,Normal,0,0
A047,2025-01-04 15:00:00,A047-BAT,Battery,77.798,2.854,73.455,53.661,1788.936,146.494,23.709,75.836,479,69.786,34.907,Normal,0,0
A047,2025-01-04 19:00:00,A047-BAT,Battery,76.144,3.149,73.538,55.83,1564.702,142.655,23.993,77.216,547,64.31,29.125,Normal,0,0
A047,2025-01-05 03:00:00,A047-BAT,Battery,79.326,3.826,72.972,51.728,1894.326,148.202,23.515,69.905,453,70.653,28.152,Normal,0,0
A047,2025-01-05 04:00:00,A047-BAT,Battery,77.709,3.107,72.364,57.01,1805.42,146.172,23.953,75.295,294,60.462,32.477,Normal,0,0
A047,2025-01-05 06:00:00,A047-BAT,Battery,74.862,3.274,71.135,57.487,1913.879,150.403,24.036,73.183,472,68.44,28.093,Normal,0,0
A047,2025-01-05 10:00:00,A047-BAT,Battery,77.91,3.139,68.211,52.986,1757.793,147.834,23.279,80.107,232,72.75,26.906,Normal,0,0
A047,2025-01-05 12:00:00,A047-BAT,Battery,74.374,2.754,74.081,55.108,1787.545,146.937,23.944,80.312,491,58.32,29.674,Normal,0,0
A047,2025-01-05 14:00:00,A047-BAT,Battery,79.075,3.381,76.611,56.728,1890.878,146.534,23.941,75.173,583,64.688,22.575,Normal,0,0
A047,2025-01-05 23:00:00,A047-BAT,Battery,78.883,2.921,71.961,53.755,1860.266,147.888,24.604,77.409,473,54.146,34.584,Normal,0,0
A047,2025-01-06 02:00:00,A047-BAT,Battery,81.216,3.694,67.619,55.31,1964.212,153.6,23.626,79.35,565,76.438,34.793,Warning,1,0
A047,2025-01-06 07:00:00,A047-BAT,Battery,77.722,3.093,75.469,52.492,1749.51,144.474,23.326,83.3,504,68.145,30.472,Normal,0,0
A047,2025-01-06 09:00:00,A047-BAT,Battery,75.542,3.066,75.162,53.598,1880.544,148.133,24.204,78.588,489,62.446,28.811,Normal,0,0
A047,2025-01-06 10:00:00,A047-BAT,Battery,96.998,7.027,55.237,52.936,1763.543,138.779,23.753,81.813,304,63.459,23.936,Warning,1,0
A047,2025-01-06 11:00:00,A047-BAT,Battery,77.311,3.142,73.234,51.757,1881.02,149.357,23.735,76.121,513,90.979,35.003,Normal,0,1
A047,2025-01-06 12:00:00,A047-BAT,Battery,81.303,2.958,74.327,51.431,1801.665,159.766,23.37,78.72,439,73.242,41.713,Normal,0,0
A047,2025-01-06 21:00:00,A047-BAT,Battery,82.471,3.353,70.372,52.148,1991.765,154.083,23.637,76.939,399,64.834,25.256,Normal,0,1
A047,2025-01-07 00:00:00,A047-BAT,Battery,81.473,2.76,69.82,53.534,1688.207,150.044,22.94,79.312,542,69.189,29.865,Normal,0,1
A047,2025-01-07 05:00:00,A047-BAT,Battery,79.641,3.919,72.98,51.669,1781.056,155.476,24.047,75.339,546,68.054,27.879,Normal,0,1
A047,2025-01-07 14:00:00,A047-BAT,Battery,81.658,3.253,73.841,58.129,1812.641,150.388,23.539,80.816,472,74.874,33.594,Normal,0,0
A047,2025-01-07 22:00:00,A047-BAT,Battery,78.734,2.976,77.107,55.129,1926.369,155.396,23.861,79.165,596,75.149,31.852,Normal,0,0
A047,2025-01-08 00:00:00,A047-BAT,Battery,78.767,2.894,73.188,55.331,1732.607,148.303,23.6,80.082,489,75.565,41.774,Normal,0,0
A047,2025-01-08 08:00:00,A047-BAT,Battery,84.465,3.538,78.338,54.842,1868.224,150.178,23.618,81.223,505,75.809,36.284,Warning,1,0
A047,2025-01-08 09:00:00,A047-BAT,Battery,80.837,4.265,72.515,53.853,1811.275,152.611,23.661,76.563,549,56.003,32.683,Normal,0,1
A047,2025-01-08 10:00:00,A047-BAT,Battery,79.005,3.883,76.072,54.397,1751.981,149.308,23.352,80.368,364,59.657,29.807,Normal,0,0
A047,2025-01-08 19:00:00,A047-BAT,Battery,79.246,3.225,69.855,53.878,1737.474,144.066,23.638,77.013,571,76.83,40.826,Warning,1,0
A047,2025-01-08 20:00:00,A047-BAT,Battery,82.701,3.964,70.52,54.664,1785.016,142.414,23.616,81.305,619,78.208,26.315,Warning,1,1
A047,2025-01-08 21:00:00,A047-BAT,Battery,81.752,2.894,70.757,53.386,1714.092,150.357,23.318,79.955,605,78.802,33.423,Warning,1,0
A047,2025-01-09 03:00:00,A047-BAT,Battery,83.19,3.459,71.021,55.304,1603.952,145.669,23.522,80.54,300,60.006,25.276,Normal,0,0
A047,2025-01-09 07:00:00,A047-BAT,Battery,80.597,3.529,71.364,56.586,1898.798,147.274,23.906,81.892,646,77.569,32.926,Warning,1,0
A047,2025-01-09 16:00:00,A047-BAT,Battery,81.082,3.548,70.223,54.315,1868.382,139.534,22.686,82.603,674,60.605,25.655,Warning,1,1
A047,2025-01-09 17:00:00,A047-BAT,Battery,76.675,3.877,72.756,53.183,1778.944,147.638,23.044,81.28,325,82.897,41.752,Warning,1,0
A047,2025-01-09 18:00:00,A047-BAT,Battery,84.694,3.529,69.27,52.696,1855.113,147.127,23.386,80.128,311,65.048,28.849,Warning,1,0
A047,2025-01-10 04:00:00,A047-BAT,Battery,80.258,3.752,71.044,53.608,1793.102,150.696,23.758,83.574,692,68.696,21.256,Warning,1,1
A047,2025-01-10 10:00:00,A047-BAT,Battery,80.987,3.705,71.201,53.777,1694.396,154.514,22.837,81.441,658,81.141,33.925,Warning,1,1
A047,2025-01-10 14:00:00,A047-BAT,Battery,82.57,3.322,73.031,51.983,1885.739,150.531,23.76,79.421,538,78.543,29.864,Warning,1,1
A047,2025-01-10 18:00:00,A047-BAT,Battery,77.747,3.594,72.879,52.878,1984.928,146.822,23.801,81.254,414,69.744,35.118,Warning,1,0
A047,2025-01-10 22:00:00,A047-BAT,Battery,85.157,3.972,70.519,54.71,1647.371,148.353,23.053,84.773,606,82.183,24.056,Warning,1,0
A047,2025-01-10 23:00:00,A047-BAT,Battery,78.433,2.919,73.41,54.411,1789.712,146.593,23.885,79.446,624,69.545,35.99,Normal,0,0
A047,2025-01-11 01:00:00,A047-BAT,Battery,85.746,3.957,68.077,55.638,1636.996,139.893,23.423,79.503,646,78.293,29.362,Warning,1,1
A047,2025-01-11 03:00:00,A047-BAT,Battery,85.02,3.981,69.81,51.92,1772.042,146.177,23.785,83.186,569,70.592,19.142,Warning,1,1
A047,2025-01-11 05:00:00,A047-BAT,Battery,76.789,2.837,68.323,53.026,1917.671,139.34,22.669,81.336,391,81.522,31.233,Warning,1,1
A047,2025-01-11 08:00:00,A047-BAT,Battery,79.151,3.744,70.132,56.212,1814.619,143.391,24.161,78.78,729,84.819,33.068,Warning,1,1
A047,2025-01-11 13:00:00,A047-BAT,Battery,83.125,3.556,64.896,52.436,1635.974,141.945,23.566,79.933,590,70.265,27.125,Warning,1,0
A047,2025-01-11 21:00:00,A047-BAT,Battery,82.324,2.915,68.289,50.654,1836.674,148.486,23.21,83.484,668,78.669,42.501,Warning,1,1
A047,2025-01-11 23:00:00,A047-BAT,Battery,91.927,7.197,64.294,55.592,1720.449,134.192,23.781,80.515,610,67.903,31.805,Warning,1,1
A047,2025-01-12 05:00:00,A047-BAT,Battery,80.244,3.964,68.094,52.628,1740.008,150.228,23.189,79.43,532,62.008,19.575,Warning,1,1
A047,2025-01-12 06:00:00,A047-BAT,Battery,84.734,3.278,69.264,58.319,1577.977,142.465,22.578,84.041,620,67.867,36.349,Warning,1,1
A047,2025-01-12 08:00:00,A047-BAT,Battery,81.653,3.621,66.767,51.66,1694.839,145.067,22.829,79.08,410,66.084,31.121,Warning,1,1
A047,2025-01-12 09:00:00,A047-BAT,Battery,79.2,3.72,64.685,55.697,2018.998,150.251,23.504,81.347,740,74.228,28.985,Warning,1,0
A047,2025-01-12 12:00:00,A047-BAT,Battery,85.583,4.289,72.056,50.634,1700.193,150.012,22.692,78.835,519,80.265,28.711,Warning,1,0
A047,2025-01-12 18:00:00,A047-BAT,Battery,79.351,3.344,65.808,50.258,1613.984,150.151,23.02,86.684,434,68.834,35.269,Warning,1,1
A047,2025-01-12 20:00:00,A047-BAT,Battery,83.828,4.556,65.225,55.304,1880.434,152.273,23.103,80.611,400,73.376,21.628,Warning,1,1
A047,2025-01-13 00:00:00,A047-BAT,Battery,80.879,4.103,67.806,53.405,1744.821,150.459,23.548,83.48,719,73.756,31.369,Warning,1,1
A047,2025-01-13 06:00:00,A047-BAT,Battery,83.652,3.849,66.886,51.655,1770.544,141.473,22.418,84.502,696,72.416,34.768,Warning,1,0
A047,2025-01-13 08:00:00,A047-BAT,Battery,84.27,3.338,69.658,52.487,1809.999,140.82,23.032,82.542,742,74.57,28.478,Warning,1,1
A047,2025-01-13 18:00:00,A047-BAT,Battery,83.914,4.213,70.273,51.037,1822.01,147.926,23.628,84.506,538,79.689,33.487,Warning,1,1
A047,2025-01-13 20:00:00,A047-BAT,Battery,83.792,3.396,68.728,53.962,1820.314,150.951,23.312,82.162,605,76.343,34.738,Warning,1,1
A047,2025-01-13 23:00:00,A047-BAT,Battery,82.516,3.806,75.33,49.454,1769.218,156.564,22.87,83.421,580,67.647,26.056,Warning,1,1
A047,2025-01-14 03:00:00,A047-BAT,Battery,99.733,5.679,64.052,51.478,1770.127,129.895,23.006,82.74,787,71.834,31.198,Warning,1,0
A047,2025-01-14 04:00:00,A047-BAT,Battery,84.577,3.692,66.265,53.558,1931.934,153.488,22.879,86.133,755,72.695,40.443,Warning,1,1
A047,2025-01-14 05:00:00,A047-BAT,Battery,85.217,3.662,69.316,52.961,1694.341,146.1,23.12,85.991,719,75.822,21.183,Warning,1,0
A047,2025-01-14 06:00:00,A047-BAT,Battery,84.173,3.941,67.976,57.234,1890.919,150.936,22.995,80.022,612,84.387,27.941,Warning,1,0
A047,2025-01-14 09:00:00,A047-BAT,Battery,83.808,4.095,72.77,50.855,1805.43,145.717,23.158,84.829,737,100.0,36.99,Warning,1,0
A047,2025-01-14 14:00:00,A047-BAT,Battery,85.218,3.433,68.139,52.936,1786.648,143.471,23.248,85.958,609,94.881,38.748,Warning,1,1
A047,2025-01-14 21:00:00,A047-BAT,Battery,82.659,3.513,72.056,52.225,1921.087,142.823,23.024,86.225,699,77.688,37.423,Warning,1,1
A047,2025-01-14 23:00:00,A047-BAT,Battery,85.717,3.059,68.373,51.075,1730.795,146.54,23.194,83.699,637,70.176,29.352,Warning,1,0
A047,2025-01-15 07:00:00,A047-BAT,Battery,87.82,3.783,69.802,53.607,1907.574,138.552,22.655,82.052,763,84.898,24.35,Warning,1,1
A047,2025-01-15 13:00:00,A047-BAT,Battery,86.953,4.082,70.122,52.449,1836.629,152.608,22.559,82.883,459,90.77,35.336,Warning,1,1
A047,2025-01-15 14:00:00,A047-BAT,Battery,83.509,4.747,69.107,52.42,1795.977,146.213,22.705,85.244,750,73.966,30.728,Warning,1,1
A047,2025-01-15 19:00:00,A047-BAT,Battery,85.305,4.013,69.631,49.745,1975.698,143.328,22.94,80.855,484,71.705,36.313,Warning,1,1
A047,2025-01-15 21:00:00,A047-BAT,Battery,89.855,3.866,68.45,51.499,1798.176,144.58,23.306,83.396,581,84.618,32.512,Warning,1,0
A047,2025-01-16 00:00:00,A047-BAT,Battery,85.684,4.645,70.887,51.458,1526.284,141.092,22.881,84.773,528,81.585,33.046,Warning,1,1
A047,2025-01-16 08:00:00,A047-BAT,Battery,81.947,4.585,65.315,48.781,1832.608,141.281,22.651,85.927,756,86.271,34.603,Warning,1,1
A047,2025-01-16 13:00:00,A047-BAT,Battery,88.386,4.326,63.458,52.858,1701.348,152.975,22.853,79.353,773,87.949,26.469,Warning,1,1
A047,2025-01-16 19:00:00,A047-BAT,Battery,88.735,3.846,69.57,50.967,1839.826,148.101,22.532,81.735,628,78.116,28.921,Warning,1,1
A047,2025-01-16 21:00:00,A047-BAT,Battery,107.673,7.743,49.857,50.23,1886.632,133.459,22.973,81.32,499,88.813,28.845,Warning,1,1
A047,2025-01-16 22:00:00,A047-BAT,Battery,86.513,3.978,64.766,50.064,1808.848,148.073,23.154,85.364,789,69.494,38.438,Warning,1,0
A047,2025-01-16 23:00:00,A047-BAT,Battery,83.33,4.63,66.049,52.371,1694.869,148.793,22.877,86.931,745,82.46,36.528,Warning,1,1
A047,2025-01-17 01:00:00,A047-BAT,Battery,87.057,3.896,68.499,55.077,1690.281,150.01,22.759,83.043,827,80.164,26.539,Warning,1,1
A047,2025-01-17 02:00:00,A047-BAT,Battery,94.984,5.945,55.83,56.436,1765.893,134.095,22.969,85.531,752,94.229,33.887,Warning,1,1
A047,2025-01-17 07:00:00,A047-BAT,Battery,85.808,4.424,65.114,54.514,1918.777,142.939,22.54,85.406,586,81.437,29.634,Warning,1,1
A047,2025-01-17 12:00:00,A047-BAT,Battery,88.29,4.22,65.568,54.543,1931.196,150.148,22.658,86.152,871,92.3,30.316,Warning,1,1
A047,2025-01-17 14:00:00,A047-BAT,Battery,84.099,4.227,70.416,52.534,1693.453,145.671,22.371,81.727,780,96.799,30.091,Warning,1,1
A048,2025-01-01 02:00:00,A048-BAT,Battery,70.647,2.229,75.191,54.333,1809.103,149.612,23.89,74.72,119,51.944,33.905,Normal,0,0
A048,2025-01-01 05:00:00,A048-BAT,Battery,69.325,1.933,77.582,55.178,1765.704,145.562,24.216,71.089,280,42.985,28.182,Normal,0,0
A048,2025-01-01 14:00:00,A048-BAT,Battery,71.531,2.939,76.512,50.451,1796.618,148.387,24.146,79.263,255,44.728,23.03,Normal,0,0
A048,2025-01-01 17:00:00,A048-BAT,Battery,73.122,2.836,79.221,56.704,1751.703,141.841,23.278,72.419,479,48.077,27.445,Normal,0,0
A048,2025-01-01 18:00:00,A048-BAT,Battery,74.85,2.553,79.365,56.584,1693.528,146.114,23.689,74.82,321,54.907,19.428,Normal,0,1
A048,2025-01-01 19:00:00,A048-BAT,Battery,72.433,2.365,77.904,55.162,1778.595,144.9,24.056,71.312,444,56.201,31.445,Normal,0,0
A048,2025-01-02 01:00:00,A048-BAT,Battery,77.148,2.452,82.42,54.395,1830.514,149.469,24.103,74.558,175,41.275,29.417,Normal,0,0
A048,2025-01-02 05:00:00,A048-BAT,Battery,69.514,1.946,75.274,54.859,1784.091,146.797,23.731,77.089,250,53.249,32.196,Normal,0,0
A048,2025-01-02 07:00:00,A048-BAT,Battery,69.635,2.547,77.448,55.996,1902.651,149.396,24.155,72.809,457,43.592,27.466,Normal,0,0
A048,2025-01-02 09:00:00,A048-BAT,Battery,74.599,2.345,78.604,57.742,1656.262,149.349,23.911,78.379,331,49.929,34.963,Normal,0,0
A048,2025-01-02 16:00:00,A048-BAT,Battery,72.604,1.235,75.744,51.911,1752.606,146.453,24.173,74.425,206,62.408,26.68,Normal,0,0
A048,2025-01-02 20:00:00,A048-BAT,Battery,67.474,2.69,78.514,56.174,1673.754,150.907,23.566,77.796,480,41.677,34.456,Normal,0,0
A048,2025-01-04 04:00:00,A048-BAT,Battery,70.456,1.956,77.162,54.209,1845.594,154.541,23.604,80.111,295,62.86,29.886,Normal,0,0
A048,2025-01-04 05:00:00,A048-BAT,Battery,74.449,2.237,73.185,53.657,1673.704,150.071,23.597,75.66,509,46.441,34.256,Normal,0,0
A048,2025-01-04 08:00:00,A048-BAT,Battery,68.88,2.622,72.071,51.294,1659.687,152.705,24.048,79.391,376,47.584,35.098,Normal,0,1
A048,2025-01-05 00:00:00,A048-BAT,Battery,76.105,2.769,73.784,53.31,1821.583,140.893,23.085,79.615,466,55.134,31.4,Normal,0,0
A048,2025-01-05 03:00:00,A048-BAT,Battery,71.793,2.496,80.855,57.72,1831.345,149.795,23.608,76.068,480,43.141,28.421,Normal,0,0
A048,2025-01-05 04:00:00,A048-BAT,Battery,75.423,2.917,70.145,50.436,1802.507,147.338,23.397,77.784,592,48.155,30.417,Normal,0,0
A048,2025-01-05 06:00:00,A048-BAT,Battery,72.478,2.935,76.774,49.048,1811.725,152.635,23.914,81.7,541,58.324,23.306,Normal,0,0
A048,2025-01-05 07:00:00,A048-BAT,Battery,74.334,2.894,79.104,55.873,1880.372,150.656,23.548,73.75,261,66.807,32.352,Normal,0,0
A048,2025-01-05 08:00:00,A048-BAT,Battery,72.056,2.382,74.792,52.803,1792.869,148.573,23.861,78.354,342,64.526,30.621,Normal,0,0
A048,2025-01-05 09:00:00,A048-BAT,Battery,74.921,2.82,76.315,53.537,1776.977,143.297,23.13,78.231,567,59.304,25.883,Normal,0,0
A048,2025-01-05 10:00:00,A048-BAT,Battery,71.634,1.973,81.521,55.745,1717.008,143.964,23.47,79.94,413,62.825,25.601,Normal,0,0
A048,2025-01-05 11:00:00,A048-BAT,Battery,75.388,2.372,74.716,52.576,1661.542,148.566,23.623,77.533,477,62.682,34.25,Normal,0,0
A048,2025-01-05 17:00:00,A048-BAT,Battery,77.146,3.16,76.891,54.788,1755.755,152.878,23.368,79.208,478,40.655,29.298,Normal,0,0
A048,2025-01-05 18:00:00,A048-BAT,Battery,72.161,2.64,77.06,56.195,1895.953,153.708,23.079,80.879,565,50.262,22.612,Normal,0,0
A048,2025-01-05 19:00:00,A048-BAT,Battery,77.553,2.268,79.111,52.062,1862.095,152.821,24.071,76.427,245,49.855,30.66,Normal,0,0
A048,2025-01-05 20:00:00,A048-BAT,Battery,75.106,2.879,77.601,54.515,1937.557,146.353,23.836,76.069,221,63.909,26.705,Normal,0,0
A048,2025-01-05 21:00:00,A048-BAT,Battery,90.048,5.142,65.627,53.369,1765.255,146.83,24.305,78.558,592,58.02,26.769,Warning,1,1
A048,2025-01-05 22:00:00,A048-BAT,Battery,75.326,3.087,74.319,54.932,1830.476,153.099,23.645,76.269,370,68.562,30.487,Normal,0,1
A048,2025-01-06 04:00:00,A048-BAT,Battery,79.493,2.585,74.285,54.781,1847.609,145.792,23.91,79.047,581,54.958,30.376,Normal,0,0
A048,2025-01-06 09:00:00,A048-BAT,Battery,73.198,3.226,73.52,52.767,1871.385,147.833,23.93,80.624,380,67.015,26.088,Normal,0,0
A048,2025-01-06 13:00:00,A048-BAT,Battery,78.248,2.289,76.547,55.92,1711.325,150.896,23.708,79.18,286,62.175,33.665,Normal,0,0
A048,2025-01-06 14:00:00,A048-BAT,Battery,74.765,3.333,77.915,53.684,1743.316,146.848,24.203,82.109,371,59.139,33.305,Normal,0,0
A048,2025-01-06 15:00:00,A048-BAT,Battery,77.749,3.005,79.813,60.614,1857.943,145.472,23.341,79.384,617,58.097,35.19,Normal,0,0
A048,2025-01-06 19:00:00,A048-BAT,Battery,76.63,3.057,73.212,51.605,1856.055,139.719,23.72,75.559,350,47.247,26.612,Normal,0,0
A048,2025-01-06 22:00:00,A048-BAT,Battery,70.363,3.093,74.596,51.598,1753.696,152.58,23.856,80.061,339,52.551,23.723,Normal,0,0
A048,2025-01-06 23:00:00,A048-BAT,Battery,78.025,2.336,74.205,50.489,1822.173,145.157,23.726,78.038,445,51.527,15.078,Normal,0,0
A048,2025-01-07 01:00:00,A048-BAT,Battery,82.103,2.36,74.853,50.68,1669.241,146.981,23.593,81.345,288,48.564,25.092,Normal,0,0
A048,2025-01-07 04:00:00,A048-BAT,Battery,80.117,2.859,79.034,57.155,1731.074,153.236,23.94,81.356,283,60.126,36.665,Normal,0,0
A048,2025-01-07 06:00:00,A048-BAT,Battery,86.611,5.599,60.439,51.339,1862.741,131.516,23.981,80.164,322,42.071,31.49,Warning,1,0
A048,2025-01-07 08:00:00,A048-BAT,Battery,76.717,2.505,70.859,51.945,1814.874,141.308,23.733,77.25,512,46.294,23.464,Normal,0,0
A048,2025-01-07 16:00:00,A048-BAT,Battery,74.268,2.553,76.938,50.758,1812.638,149.337,23.479,78.119,487,76.485,36.759,Normal,0,0
A048,2025-01-07 20:00:00,A048-BAT,Battery,73.064,2.685,70.829,54.475,1876.914,149.455,23.74,83.82,312,66.024,24.809,Normal,0,1
A048,2025-01-07 21:00:00,A048-BAT,Battery,75.416,3.126,73.199,52.689,1907.37,152.166,23.249,76.373,664,68.036,29.148,Normal,0,0
A048,2025-01-07 22:00:00,A048-BAT,Battery,78.709,2.76,72.543,52.545,1838.236,147.274,23.98,76.548,465,46.435,27.432,Normal,0,0
A048,2025-01-08 00:00:00,A048-BAT,Battery,72.758,2.63,72.96,52.862,1705.884,150.673,22.863,74.972,649,62.401,28.269,Normal,0,0
A048,2025-01-08 02:00:00,A048-BAT,Battery,77.484,2.246,77.538,51.691,1883.278,154.8,24.274,77.914,565,61.87,36.011,Normal,0,0
A048,2025-01-08 03:00:00,A048-BAT,Battery,81.745,3.073,77.413,52.115,1880.828,152.817,23.852,75.869,624,57.782,29.059,Normal,0,1
A048,2025-01-08 12:00:00,A048-BAT,Battery,78.695,3.009,80.115,52.888,1713.641,143.277,23.618,80.874,644,54.796,31.507,Normal,0,0
A048,2025-01-08 14:00:00,A048-BAT,Battery,76.574,3.101,74.284,51.582,1857.85,145.023,22.88,79.808,530,51.502,23.653,Normal,0,0
A048,2025-01-08 16:00:00,A048-BAT,Battery,76.229,2.793,75.339,51.989,1755.261,156.211,23.931,80.517,369,59.745,26.941,Normal,0,0
A048,2025-01-08 21:00:00,A048-BAT,Battery,77.54,2.64,77.011,54.142,1761.085,149.293,23.653,79.856,497,64.237,31.159,Normal,0,0
A048,2025-01-09 03:00:00,A048-BAT,Battery,77.432,3.189,72.357,51.189,1809.42,149.452,22.902,81.156,592,57.153,27.941,Normal,0,0
A048,2025-01-09 12:00:00,A048-BAT,Battery,73.274,3.089,71.877,51.331,1868.204,147.957,23.57,77.073,613,70.563,23.692,Normal,0,0
A048,2025-01-09 14:00:00,A048-BAT,Battery,73.75,2.729,73.369,51.086,1778.112,142.911,23.356,77.109,575,65.078,29.918,Normal,0,0
A048,2025-01-09 17:00:00,A048-BAT,Battery,94.927,5.922,63.138,51.458,1737.345,137.503,23.227,78.201,672,56.982,37.376,Warning,1,1
A048,2025-01-09 18:00:00,A048-BAT,Battery,78.788,2.665,75.516,52.647,1780.915,152.671,22.746,78.681,673,58.111,23.437,Normal,0,0
A048,2025-01-09 21:00:00,A048-BAT,Battery,76.485,3.065,78.689,55.514,1781.725,145.515,23.278,81.627,536,68.904,28.384,Normal,0,0
A048,2025-01-10 02:00:00,A048-BAT,Battery,78.629,2.897,73.882,49.212,1765.096,147.021,23.576,80.013,454,55.198,24.71,Normal,0,0
A048,2025-01-10 03:00:00,A048-BAT,Battery,76.304,3.121,75.036,52.77,1820.481,138.784,23.101,82.011,670,48.897,27.42,Normal,0,1
A048,2025-01-10 12:00:00,A048-BAT,Battery,77.807,3.253,73.874,49.771,1940.46,142.638,23.851,83.153,617,52.951,27.129,Normal,0,0
A048,2025-01-10 16:00:00,A048-BAT,Battery,79.555,3.173,77.458,53.742,1732.454,147.723,22.943,83.234,650,54.221,29.592,Normal,0,1
A048,2025-01-10 18:00:00,A048-BAT,Battery,82.038,2.721,73.427,52.159,1748.022,144.438,22.808,78.686,390,68.818,33.975,Normal,0,1
A048,2025-01-11 02:00:00,A048-BAT,Battery,92.839,4.314,66.253,50.044,1958.289,136.341,23.597,83.947,666,67.726,29.061,Warning,1,0
A048,2025-01-11 03:00:00,A048-BAT,Battery,78.521,3.168,73.237,53.985,1763.3,142.855,23.46,78.71,460,59.853,29.53,Normal,0,0
A048,2025-01-11 07:00:00,A048-BAT,Battery,76.241,3.359,71.281,54.859,1805.297,143.036,23.471,78.476,514,60.762,29.877,Normal,0,0
A048,2025-01-11 16:00:00,A048-BAT,Battery,82.383,2.413,76.166,50.662,1738.865,149.989,23.385,82.24,596,54.666,18.846,Normal,0,0
A048,2025-01-11 17:00:00,A048-BAT,Battery,76.363,3.085,72.007,54.618,1811.216,148.214,23.097,82.088,707,54.123,35.865,Normal,0,0
A048,2025-01-11 21:00:00,A048-BAT,Battery,76.968,2.861,70.641,49.314,1729.804,144.737,23.033,83.076,635,66.547,34.61,Normal,0,0
A048,2025-01-11 23:00:00,A048-BAT,Battery,82.018,3.237,73.132,51.485,1921.667,146.468,23.097,79.355,554,71.603,33.781,Normal,0,0
A048,2025-01-12 00:00:00,A048-BAT,Battery,79.147,3.486,66.117,53.566,1858.834,146.945,23.619,81.521,593,58.727,30.848,Normal,0,1
A048,2025-01-12 03:00:00,A048-BAT,Battery,78.325,3.256,74.909,48.928,1875.255,142.099,22.494,82.243,695,75.842,28.206,Normal,0,0
A048,2025-01-12 07:00:00,A048-BAT,Battery,81.317,2.878,77.087,53.452,1790.983,152.867,23.44,78.238,538,66.382,32.136,Normal,0,0
A048,2025-01-12 08:00:00,A048-BAT,Battery,75.385,3.321,75.402,55.762,1703.136,149.658,23.101,82.44,598,55.706,29.391,Normal,0,0
A048,2025-01-12 12:00:00,A048-BAT,Battery,76.966,3.462,73.875,52.311,1838.015,149.058,23.265,80.538,693,59.607,28.241,Normal,0,0
A048,2025-01-12 14:00:00,A048-BAT,Battery,79.116,3.118,75.3,52.385,1925.578,146.875,23.238,79.033,398,78.474,29.648,Normal,0,0
A048,2025-01-13 04:00:00,A048-BAT,Battery,77.483,3.654,75.571,52.511,1845.065,145.008,23.067,83.89,467,73.933,19.078,Normal,0,0
A048,2025-01-13 08:00:00,A048-BAT,Battery,83.669,3.314,72.097,54.033,1746.76,142.185,23.451,84.745,570,69.386,31.701,Warning,1,0
A048,2025-01-13 14:00:00,A048-BAT,Battery,83.337,3.394,71.318,49.537,1864.67,142.443,22.1,86.929,504,67.849,25.785,Warning,1,0
A048,2025-01-13 16:00:00,A048-BAT,Battery,86.374,4.075,70.814,49.913,1802.223,140.233,24.31,82.435,446,62.236,29.685,Warning,1,1
A048,2025-01-13 19:00:00,A048-BAT,Battery,78.64,3.469,73.872,47.916,1966.564,148.221,23.401,83.395,673,100.0,36.107,Warning,1,0
A048,2025-01-13 23:00:00,A048-BAT,Battery,79.771,3.095,72.482,51.234,1778.275,143.909,23.015,86.054,805,72.715,33.917,Normal,0,0
A048,2025-01-14 05:00:00,A048-BAT,Battery,82.779,3.021,73.455,47.458,1843.926,148.569,23.386,82.755,611,60.914,28.131,Normal,0,0
A048,2025-01-14 13:00:00,A048-BAT,Battery,85.484,3.606,72.644,52.546,1632.013,149.836,23.338,85.544,561,76.694,30.777,Warning,1,0
A048,2025-01-14 15:00:00,A048-BAT,Battery,81.645,3.486,73.032,53.426,1658.446,151.044,22.914,83.252,673,72.623,30.69,Warning,1,1
A048,2025-01-14 19:00:00,A048-BAT,Battery,79.624,3.737,69.699,48.695,1872.871,146.496,22.7,82.847,781,71.365,34.278,Warning,1,1
A048,2025-01-14 23:00:00,A048-BAT,Battery,80.152,3.154,73.417,50.873,1959.06,140.969,22.755,82.157,472,73.171,24.527,Warning,1,0
A048,2025-01-15 01:00:00,A048-BAT,Battery,80.851,4.078,73.993,49.438,1661.139,142.891,23.571,82.338,831,76.817,33.943,Warning,1,1
A048,2025-01-15 21:00:00,A048-BAT,Battery,93.975,6.68,59.141,54.304,1743.243,129.235,23.267,83.612,791,72.532,31.147,Warning,1,1
A048,2025-01-15 23:00:00,A048-BAT,Battery,90.563,5.448,55.663,52.604,1587.833,135.067,22.385,82.2,564,71.438,21.456,Warning,1,1
A048,2025-01-16 01:00:00,A048-BAT,Battery,84.87,3.468,67.991,50.96,1719.048,137.969,23.263,82.012,493,87.949,29.466,Warning,1,1
A048,2025-01-16 02:00:00,A048-BAT,Battery,81.914,3.286,72.242,52.551,1887.367,146.941,23.753,83.728,778,74.39,33.039,Warning,1,1
A048,2025-01-16 06:00:00,A048-BAT,Battery,84.048,3.806,70.113,51.063,1839.218,148.836,22.682,86.029,516,82.394,26.912,Warning,1,0
A048,2025-01-16 07:00:00,A048-BAT,Battery,81.961,3.672,74.961,50.683,1787.986,139.798,22.575,82.731,811,80.086,16.852,Warning,1,1
A048,2025-01-16 12:00:00,A048-BAT,Battery,105.142,6.926,67.115,54.299,1719.767,138.36,22.469,84.234,705,66.655,28.656,Warning,1,1
A048,2025-01-16 18:00:00,A048-BAT,Battery,85.959,3.4,71.703,54.823,1789.816,145.425,23.279,83.903,830,74.427,27.201,Warning,1,0
A048,2025-01-16 19:00:00,A048-BAT,Battery,82.089,3.796,68.143,53.079,1590.157,145.299,22.657,83.451,764,72.322,30.014,Warning,1,1
A048,2025-01-16 21:00:00,A048-BAT,Battery,80.595,3.852,70.094,54.317,1918.676,150.49,22.935,82.121,559,76.572,20.078,Warning,1,1
A048,2025-01-16 22:00:00,A048-BAT,Battery,82.349,3.543,73.585,54.165,1835.962,149.395,22.571,89.729,766,77.904,34.817,Warning,1,0
A048,2025-01-17 02:00:00,A048-BAT,Battery,92.713,5.697,66.088,53.609,1905.887,128.474,22.94,85.39,692,65.153,30.477,Warning,1,1
A048,2025-01-17 07:00:00,A048-BAT,Battery,86.028,3.266,69.874,52.235,1710.422,149.574,22.358,78.287,801,69.218,44.555,Warning,1,0
A048,2025-01-17 14:00:00,A048-BAT,Battery,82.154,3.58,68.639,53.907,1648.591,144.665,22.319,83.159,795,73.013,31.649,Warning,1,1
A049,2025-01-01 04:00:00,A049-BAT,Battery,75.523,2.454,83.717,53.451,1817.93,149.21,24.16,72.018,469,45.258,27.407,Normal,0,0
A049,2025-01-01 06:00:00,A049-BAT,Battery,69.391,1.711,83.885,54.82,1834.109,147.489,24.403,74.366,333,46.221,31.255,Normal,0,0
A049,2025-01-01 11:00:00,A049-BAT,Battery,69.574,1.647,80.388,54.093,1921.377,151.888,23.841,76.292,157,55.74,23.198,Normal,0,0
A049,2025-01-01 15:00:00,A049-BAT,Battery,68.453,1.945,80.669,56.422,1682.454,152.121,23.51,73.551,287,45.433,26.433,Normal,0,0
A049,2025-01-01 20:00:00,A049-BAT,Battery,70.65,2.134,77.527,50.626,1916.272,151.176,24.047,75.604,449,41.156,29.152,Normal,0,0
A049,2025-01-02 00:00:00,A049-BAT,Battery,67.475,2.293,76.689,57.054,1948.732,149.624,24.273,79.042,329,63.585,35.207,Normal,0,0
A049,2025-01-02 07:00:00,A049-BAT,Battery,73.961,2.428,80.843,58.751,1921.129,155.095,23.495,75.687,313,46.051,32.556,Normal,0,0
A049,2025-01-02 09:00:00,A049-BAT,Battery,72.319,1.816,74.952,54.378,1863.178,144.933,24.241,75.797,488,43.891,32.734,Normal,0,0
A049,2025-01-02 11:00:00,A049-BAT,Battery,74.394,2.727,82.234,57.921,1706.676,160.279,23.316,76.532,174,53.817,31.526,Normal,0,0
A049,2025-01-02 12:00:00,A049-BAT,Battery,72.861,2.448,77.247,55.656,1731.38,153.087,23.549,73.631,313,54.892,32.4,Normal,0,0
A049,2025-01-02 15:00:00,A049-BAT,Battery,70.6,2.162,80.63,57.48,1941.324,148.881,23.581,73.401,516,58.806,31.201,Normal,0,0
A049,2025-01-02 16:00:00,A049-BAT,Battery,73.111,2.046,73.58,53.304,1931.258,150.796,23.492,75.721,482,77.048,25.673,Normal,0,0
A049,2025-01-02 18:00:00,A049-BAT,Battery,73.608,1.86,77.603,55.855,1844.169,154.466,24.819,76.374,503,43.355,23.811,Normal,0,0
A049,2025-01-02 20:00:00,A049-BAT,Battery,72.259,2.302,78.332,56.774,1864.249,145.001,24.126,74.461,366,33.514,26.097,Normal,0,0
A049,2025-01-03 20:00:00,A049-BAT,Battery,73.375,2.122,77.314,52.069,1767.06,143.983,23.805,73.457,229,63.446,36.843,Normal,0,1
A049,2025-01-04 03:00:00,A049-BAT,Battery,74.082,2.505,80.579,54.864,1768.974,154.527,24.055,73.907,225,55.156,35.387,Normal,0,0
A049,2025-01-04 05:00:00,A049-BAT,Battery,75.834,2.369,74.421,57.202,1828.668,155.271,24.182,82.325,405,48.869,25.826,Normal,0,0
A049,2025-01-05 01:00:00,A049-BAT,Battery,74.695,2.177,78.208,61.784,1675.926,152.756,24.41,77.16,542,66.153,38.266,Normal,0,0
A049,2025-01-05 03:00:00,A049-BAT,Battery,70.54,2.316,78.593,52.756,1839.127,149.95,24.167,75.731,454,53.536,26.559,Normal,0,0
A049,2025-01-05 06:00:00,A049-BAT,Battery,78.546,2.96,77.2,51.984,1784.625,151.752,23.594,78.625,417,53.541,42.169,Normal,0,0
A049,2025-01-05 10:00:00,A049-BAT,Battery,69.992,2.57,77.825,58.57,1808.033,143.918,23.938,83.547,252,67.644,25.797,Normal,0,0
A049,2025-01-05 18:00:00,A049-BAT,Battery,71.45,2.397,73.983,55.934,1847.007,146.934,23.196,78.691,467,53.675,32.472,Normal,0,0
A049,2025-01-05 22:00:00,A049-BAT,Battery,75.527,2.111,80.045,54.046,1825.963,151.43,24.11,79.552,529,50.634,25.652,Normal,0,0
A049,2025-01-06 05:00:00,A049-BAT,Battery,74.855,2.752,74.898,54.557,1785.56,154.666,23.446,76.639,569,68.452,28.588,Normal,0,0
A049,2025-01-06 07:00:00,A049-BAT,Battery,72.483,2.997,78.635,54.225,1699.961,153.078,23.111,80.766,277,46.166,29.473,Normal,0,0
A049,2025-01-06 08:00:00,A049-BAT,Battery,74.886,2.574,79.154,54.973,2011.243,152.013,23.411,79.785,514,37.827,42.814,Normal,0,0
A049,2025-01-06 17:00:00,A049-BAT,Battery,72.543,2.831,76.077,57.117,1998.377,154.628,23.329,78.398,571,51.675,34.419,Normal,0,0
A049,2025-01-06 18:00:00,A049-BAT,Battery,75.799,2.86,75.585,51.89,1869.82,143.26,23.961,74.081,290,51.471,37.223,Normal,0,0
A049,2025-01-06 22:00:00,A049-BAT,Battery,76.852,2.319,75.322,54.754,1689.465,147.405,23.69,78.337,323,58.796,35.242,Normal,0,1
A049,2025-01-07 01:00:00,A049-BAT,Battery,74.493,2.507,77.419,55.528,1689.883,147.192,24.217,80.674,474,49.08,24.835,Normal,0,0
A049,2025-01-07 06:00:00,A049-BAT,Battery,79.175,2.604,76.661,51.754,1842.935,141.542,23.389,77.713,501,66.087,27.709,Normal,0,1
A049,2025-01-07 09:00:00,A049-BAT,Battery,72.083,3.067,73.557,53.383,1818.273,144.234,23.545,78.497,438,59.513,26.163,Normal,0,0
A049,2025-01-07 11:00:00,A049-BAT,Battery,78.881,2.769,77.149,54.777,1694.159,149.587,22.946,76.858,406,58.361,26.152,Normal,0,0
A049,2025-01-07 15:00:00,A049-BAT,Battery,70.744,2.306,80.303,55.598,1764.336,146.096,22.912,76.456,630,58.219,25.617,Normal,0,0
A049,2025-01-07 16:00:00,A049-BAT,Battery,74.317,2.658,76.376,52.441,1880.433,145.283,23.799,78.32,384,74.08,25.842,Normal,0,0
A049,2025-01-07 19:00:00,A049-BAT,Battery,73.571,3.512,73.153,53.507,1833.277,137.428,24.19,80.466,582,59.552,29.555,Normal,0,0
A049,2025-01-08 06:00:00,A049-BAT,Battery,75.903,2.867,73.885,53.65,1802.643,148.629,23.948,78.61,413,58.632,39.159,Normal,0,1
A049,2025-01-08 10:00:00,A049-BAT,Battery,76.701,2.804,71.974,53.346,1824.297,146.562,23.312,76.824,541,73.54,33.042,Normal,0,1
A049,2025-01-08 13:00:00,A049-BAT,Battery,78.456,1.757,72.585,52.86,1770.191,144.037,23.261,78.759,631,67.654,29.881,Normal,0,0
A049,2025-01-08 14:00:00,A049-BAT,Battery,73.967,1.945,73.174,51.262,1819.52,143.222,23.364,79.195,381,70.956,33.486,Normal,0,0
A049,2025-01-08 15:00:00,A049-BAT,Battery,74.275,2.695,71.912,53.692,1719.063,145.907,23.504,76.899,446,67.607,31.991,Normal,0,0
A049,2025-01-08 22:00:00,A049-BAT,Battery,83.216,3.036,78.764,49.898,1805.333,141.919,23.264,74.763,680,61.774,31.625,Normal,0,0
A049,2025-01-09 04:00:00,A049-BAT,Battery,69.986,2.977,75.242,60.089,1868.7,148.051,23.497,80.624,676,50.781,28.863,Normal,0,1
A049,2025-01-09 07:00:00,A049-BAT,Battery,78.75,2.109,74.804,52.3,1755.541,151.077,23.501,77.471,557,55.54,24.346,Normal,0,0
A049,2025-01-09 15:00:00,A049-BAT,Battery,75.394,2.433,75.735,50.924,1935.26,143.12,23.732,79.205,664,65.304,30.285,Normal,0,0
A049,2025-01-09 16:00:00,A049-BAT,Battery,76.242,2.632,73.752,53.367,1733.707,152.975,23.315,80.624,471,55.949,25.071,Normal,0,0
A049,2025-01-09 17:00:00,A049-BAT,Battery,76.8,3.129,79.123,52.247,1704.6,145.06,23.218,76.088,321,53.772,27.182,Normal,0,0
A049,2025-01-09 18:00:00,A049-BAT,Battery,76.915,2.596,72.661,53.916,1825.834,148.278,23.302,82.518,481,56.568,24.033,Normal,0,0
A049,2025-01-10 00:00:00,A049-BAT,Battery,72.92,2.641,72.952,54.554,1772.729,144.849,23.056,78.598,461,75.183,35.368,Normal,0,0
A049,2025-01-10 05:00:00,A049-BAT,Battery,77.662,3.184,73.474,51.158,1703.826,149.548,23.432,77.312,329,57.891,36.103,Normal,0,0
A049,2025-01-10 06:00:00,A049-BAT,Battery,76.604,2.839,72.623,50.361,1669.604,151.949,23.492,80.548,338,65.77,29.851,Normal,0,1
A049,2025-01-10 15:00:00,A049-BAT,Battery,75.407,2.98,67.173,52.658,1777.864,150.798,22.84,80.288,428,62.85,36.881,Normal,0,0
A049,2025-01-10 19:00:00,A049-BAT,Battery,76.376,2.8,76.956,54.54,1829.94,143.948,23.776,79.734,353,60.026,26.494,Normal,0,0
A049,2025-01-11 01:00:00,A049-BAT,Battery,76.265,2.894,77.633,52.447,1816.325,144.276,23.031,82.61,456,63.061,33.753,Normal,0,0
A049,2025-01-11 02:00:00,A049-BAT,Battery,73.462,2.72,73.569,51.953,2080.129,154.692,23.908,77.263,658,55.428,21.102,Normal,0,0
A049,2025-01-11 07:00:00,A049-BAT,Battery,82.885,3.396,75.737,52.92,1773.745,139.075,23.867,81.847,740,65.973,28.582,Normal,0,0
A049,2025-01-11 11:00:00,A049-BAT,Battery,81.206,3.055,73.753,54.459,1823.58,145.081,23.274,80.119,536,51.07,22.865,Normal,0,0
A049,2025-01-11 22:00:00,A049-BAT,Battery,75.745,2.874,77.828,50.821,1940.311,143.919,23.433,77.771,744,73.573,28.679,Normal,0,0
A049,2025-01-11 23:00:00,A049-BAT,Battery,75.93,3.327,76.642,49.238,1680.668,141.11,23.045,85.808,363,56.178,28.887,Normal,0,0
A049,2025-01-12 01:00:00,A049-BAT,Battery,74.34,3.167,71.882,54.822,1896.789,146.77,22.793,84.363,466,51.152,28.083,Normal,0,0
A049,2025-01-12 04:00:00,A049-BAT,Battery,74.513,3.261,70.952,53.733,1979.589,149.918,22.573,81.311,472,59.167,30.028,Normal,0,1
A049,2025-01-12 09:00:00,A049-BAT,Battery,82.607,2.808,75.016,48.03,1667.993,141.388,22.991,82.083,754,67.098,29.804,Normal,0,0
A049,2025-01-12 14:00:00,A049-BAT,Battery,81.137,3.441,75.936,51.538,1870.81,139.846,22.955,80.046,639,72.88,28.678,Normal,0,0
A049,2025-01-12 18:00:00,A049-BAT,Battery,80.062,3.647,75.161,53.141,1828.074,143.602,23.678,80.01,611,59.456,32.775,Normal,0,1
A049,2025-01-12 19:00:00,A049-BAT,Battery,73.196,3.245,68.531,54.932,1830.875,144.558,23.452,83.663,516,69.697,34.115,Normal,0,0
A049,2025-01-12 21:00:00,A049-BAT,Battery,76.023,3.468,72.36,54.712,1733.667,148.867,23.015,81.89,563,58.694,29.909,Normal,0,0
A049,2025-01-12 23:00:00,A049-BAT,Battery,82.529,3.143,73.86,53.816,1887.877,150.261,22.985,80.976,639,48.053,24.465,Normal,0,1
A049,2025-01-13 10:00:00,A049-BAT,Battery,76.131,2.982,73.355,55.845,1920.937,142.791,22.59,83.12,670,60.383,25.324,Normal,0,0
A049,2025-01-13 11:00:00,A049-BAT,Battery,83.595,3.519,78.731,50.07,1819.116,146.541,23.882,81.91,458,76.123,27.56,Normal,0,1
A049,2025-01-13 14:00:00,A049-BAT,Battery,81.681,3.281,74.817,51.466,1927.776,143.545,22.247,85.048,402,62.571,38.585,Normal,0,1
A049,2025-01-14 02:00:00,A049-BAT,Battery,78.739,3.335,73.818,53.471,1941.824,153.404,22.862,83.017,709,63.421,32.244,Normal,0,0
A049,2025-01-14 03:00:00,A049-BAT,Battery,79.295,3.087,73.278,51.942,1928.959,145.795,23.024,83.856,559,57.641,30.789,Normal,0,0
A049,2025-01-14 06:00:00,A049-BAT,Battery,77.713,3.073,70.655,51.994,1922.079,140.997,23.67,80.293,696,64.112,27.229,Normal,0,1
A049,2025-01-14 10:00:00,A049-BAT,Battery,78.076,3.27,74.991,52.278,1864.239,150.271,23.229,83.59,542,50.806,28.386,Normal,0,0
A049,2025-01-14 14:00:00,A049-BAT,Battery,79.815,2.524,67.563,49.556,1795.878,143.046,23.011,85.065,467,62.144,37.103,Normal,0,0
A049,2025-01-14 17:00:00,A049-BAT,Battery,82.491,3.154,68.141,52.201,1841.798,142.083,22.618,83.959,747,68.943,25.97,Warning,1,0
A049,2025-01-15 02:00:00,A049-BAT,Battery,81.856,3.084,69.416,54.129,1814.539,149.482,22.88,82.129,688,62.612,36.396,Normal,0,0
A049,2025-01-15 04:00:00,A049-BAT,Battery,85.127,3.304,76.597,52.217,1656.956,144.448,23.577,88.628,726,73.872,24.158,Warning,1,0
A049,2025-01-15 05:00:00,A049-BAT,Battery,79.427,3.158,70.402,52.832,1759.119,146.719,22.913,84.052,669,58.62,32.922,Normal,0,0
A049,2025-01-15 13:00:00,A049-BAT,Battery,78.412,2.743,78.225,51.704,1591.548,149.098,22.64,82.83,517,88.395,22.638,Warning,1,0
A049,2025-01-15 20:00:00,A049-BAT,Battery,81.734,4.058,78.423,51.465,1770.124,143.191,23.341,84.558,731,68.535,34.037,Warning,1,0
A049,2025-01-16 03:00:00,A049-BAT,Battery,78.352,3.192,75.763,49.685,1999.8,143.486,22.357,83.163,590,71.16,29.5,Normal,0,0
A049,2025-01-16 10:00:00,A049-BAT,Battery,74.955,3.934,73.28,56.074,1758.657,143.029,22.353,85.609,727,58.052,35.029,Normal,0,0
A049,2025-01-16 20:00:00,A049-BAT,Battery,79.718,3.368,69.689,53.044,1877.299,141.82,23.557,82.892,791,58.155,40.374,Warning,1,0
A049,2025-01-17 00:00:00,A049-BAT,Battery,94.95,7.048,62.402,52.209,1970.344,137.431,23.352,81.114,871,78.817,42.154,Warning,1,1
A049,2025-01-17 03:00:00,A049-BAT,Battery,80.257,3.163,73.529,51.061,1903.181,142.804,22.506,86.14,853,78.339,33.839,Warning,1,0
A049,2025-01-17 14:00:00,A049-BAT,Battery,80.154,3.516,70.572,53.838,1775.956,148.985,23.191,89.121,515,76.296,31.309,Warning,1,0
A049,2025-01-17 15:00:00,A049-BAT,Battery,79.204,3.436,66.785,55.519,1695.029,149.77,22.809,85.078,761,79.295,23.424,Warning,1,1
A050,2025-01-01 02:00:00,A050-BAT,Battery,73.229,2.387,77.684,57.795,1962.027,151.771,24.056,76.174,364,56.706,36.289,Normal,0,0
A050,2025-01-01 03:00:00,A050-BAT,Battery,72.955,1.449,77.107,52.028,1864.709,151.369,23.621,75.507,265,69.922,26.861,Normal,0,0
A050,2025-01-01 06:00:00,A050-BAT,Battery,75.228,2.922,82.456,54.753,1786.6,145.666,24.7,75.179,373,53.708,32.486,Normal,0,0
A050,2025-01-01 08:00:00,A050-BAT,Battery,71.676,2.247,77.614,58.951,1732.542,144.646,23.515,76.513,175,53.258,26.246,Normal,0,1
A050,2025-01-01 10:00:00,A050-BAT,Battery,73.542,2.384,76.47,53.051,1711.85,153.039,23.978,74.005,468,51.623,35.476,Normal,0,0
A050,2025-01-01 16:00:00,A050-BAT,Battery,75.176,2.235,75.069,52.93,1725.787,152.917,23.789,74.984,145,39.279,37.712,Normal,0,0
A050,2025-01-01 20:00:00,A050-BAT,Battery,73.156,2.884,72.495,55.582,1953.454,146.94,23.624,79.653,149,47.919,30.606,Normal,0,0
A050,2025-01-02 03:00:00,A050-BAT,Battery,91.005,5.852,68.164,56.408,1838.581,139.289,23.748,74.719,373,53.53,33.378,Warning,1,0
A050,2025-01-02 22:00:00,A050-BAT,Battery,71.535,2.429,75.003,60.025,1833.612,148.611,24.144,75.397,367,44.294,30.088,Normal,0,0
A050,2025-01-02 23:00:00,A050-BAT,Battery,71.145,2.486,76.665,48.265,1730.757,147.496,24.357,76.886,283,54.467,34.14,Normal,0,0
A050,2025-01-03 01:00:00,A050-BAT,Battery,75.725,2.286,67.729,55.62,1991.085,157.515,23.608,75.986,437,53.943,32.502,Normal,0,0
A050,2025-01-03 04:00:00,A050-BAT,Battery,74.942,2.923,74.951,57.215,1804.638,149.599,23.665,76.154,296,51.899,32.952,Normal,0,1
A050,2025-01-03 08:00:00,A050-BAT,Battery,70.996,2.487,74.923,55.071,1797.758,155.734,23.896,77.65,225,53.537,28.459,Normal,0,0
A050,2025-01-03 14:00:00,A050-BAT,Battery,69.675,2.843,76.185,53.604,1834.354,147.907,23.291,71.634,174,51.236,30.229,Normal,0,0
A050,2025-01-03 20:00:00,A050-BAT,Battery,79.775,2.455,75.565,53.7,1526.18,145.56,23.516,77.998,455,56.649,29.948,Normal,0,0
A050,2025-01-03 23:00:00,A050-BAT,Battery,71.835,2.727,74.536,55.543,1887.083,148.808,23.528,78.267,427,47.226,37.564,Normal,0,0
A050,2025-01-04 04:00:00,A050-BAT,Battery,72.654,2.699,79.066,55.959,1622.446,140.233,23.668,77.988,411,58.637,24.219,Normal,0,0
A050,2025-01-04 08:00:00,A050-BAT,Battery,71.851,2.861,71.955,53.437,1725.97,148.253,23.754,76.015,191,56.611,29.584,Normal,0,0
A050,2025-01-04 10:00:00,A050-BAT,Battery,73.215,3.033,73.935,51.15,1845.009,149.69,23.174,76.071,535,56.959,28.501,Normal,0,0
A050,2025-01-04 16:00:00,A050-BAT,Battery,79.269,3.104,78.208,57.022,1872.793,143.548,23.492,75.557,261,69.646,28.77,Normal,0,1
A050,2025-01-04 20:00:00,A050-BAT,Battery,77.215,2.98,75.435,57.905,1658.411,151.133,23.72,76.677,291,65.125,28.037,Normal,0,0
A050,2025-01-04 21:00:00,A050-BAT,Battery,72.601,2.791,74.702,57.476,1673.648,154.829,24.075,75.318,540,72.811,34.685,Normal,0,0
A050,2025-01-04 22:00:00,A050-BAT,Battery,73.79,2.854,72.016,55.956,1750.899,150.015,23.824,79.923,349,67.593,32.28,Normal,0,0
A050,2025-01-05 02:00:00,A050-BAT,Battery,76.601,2.557,78.363,52.495,1796.959,147.536,23.874,76.885,507,60.147,25.522,Normal,0,0
A050,2025-01-05 11:00:00,A050-BAT,Battery,75.696,3.629,75.963,50.496,1639.625,147.561,24.781,74.665,536,65.912,34.143,Normal,0,0
A050,2025-01-05 18:00:00,A050-BAT,Battery,78.765,2.925,73.993,53.202,1762.637,147.967,23.689,77.395,341,50.465,38.632,Normal,0,0
A050,2025-01-06 07:00:00,A050-BAT,Battery,94.349,6.366,64.246,53.867,1881.916,130.448,23.244,77.297,234,58.861,33.936,Warning,1,1
A050,2025-01-06 10:00:00,A050-BAT,Battery,76.859,3.161,75.951,54.532,1685.616,150.441,23.943,75.65,436,74.815,27.113,Normal,0,1
A050,2025-01-06 15:00:00,A050-BAT,Battery,74.005,2.31,71.192,51.996,1819.693,151.511,23.176,78.029,614,64.383,34.147,Normal,0,1
A050,2025-01-06 20:00:00,A050-BAT,Battery,79.833,3.157,68.789,50.802,1842.819,150.455,23.594,79.429,443,54.765,36.933,Normal,0,1
A050,2025-01-07 06:00:00,A050-BAT,Battery,72.052,2.903,75.978,52.419,1670.771,142.433,23.187,79.873,355,53.017,29.039,Normal,0,0
A050,2025-01-07 10:00:00,A050-BAT,Battery,79.926,3.125,77.902,52.385,1618.9,151.52,23.376,75.747,527,56.737,34.34,Normal,0,0
A050,2025-01-07 15:00:00,A050-BAT,Battery,77.502,2.463,70.944,54.587,1751.385,142.237,23.465,77.802,369,62.608,34.736,Normal,0,0
A050,2025-01-07 17:00:00,A050-BAT,Battery,84.239,3.472,75.516,54.346,1575.748,149.467,23.249,77.483,435,62.922,35.735,Normal,0,0
A050,2025-01-07 20:00:00,A050-BAT,Battery,82.215,3.069,68.337,50.726,1776.008,149.541,23.455,80.015,440,62.848,33.568,Normal,0,0
A050,2025-01-07 22:00:00,A050-BAT,Battery,78.291,2.891,71.234,53.127,1814.16,148.392,23.907,79.398,623,66.423,20.679,Normal,0,1
A050,2025-01-07 23:00:00,A050-BAT,Battery,73.837,3.457,75.925,54.937,1719.154,145.665,23.425,79.75,387,69.927,39.114,Normal,0,1
A050,2025-01-08 03:00:00,A050-BAT,Battery,76.455,2.738,74.324,53.784,1815.204,158.945,23.779,74.876,663,66.473,30.649,Normal,0,0
A050,2025-01-08 08:00:00,A050-BAT,Battery,79.032,3.831,69.469,51.585,1795.309,143.618,22.738,75.582,617,72.224,33.471,Normal,0,1
A050,2025-01-08 10:00:00,A050-BAT,Battery,77.183,3.779,75.295,54.908,1775.516,156.421,23.689,80.933,550,57.451,32.64,Normal,0,1
A050,2025-01-08 12:00:00,A050-BAT,Battery,80.101,3.322,73.492,51.512,2059.14,153.05,23.042,80.791,444,47.239,33.961,Normal,0,0
A050,2025-01-08 14:00:00,A050-BAT,Battery,72.306,3.298,75.012,53.317,1781.322,150.565,23.639,82.53,678,73.639,28.446,Normal,0,0
A050,2025-01-09 01:00:00,A050-BAT,Battery,80.877,2.799,72.785,56.463,1767.949,147.973,23.213,79.326,646,64.93,37.874,Normal,0,1
A050,2025-01-09 06:00:00,A050-BAT,Battery,76.722,2.803,71.744,54.717,1936.264,145.551,23.721,80.183,606,79.906,25.652,Normal,0,1
A050,2025-01-09 11:00:00,A050-BAT,Battery,76.784,3.022,76.699,55.235,1754.33,143.09,23.341,80.19,621,63.705,24.764,Normal,0,1
A050,2025-01-09 12:00:00,A050-BAT,Battery,80.281,3.048,73.646,53.969,1797.802,144.095,23.598,75.538,304,72.458,35.148,Normal,0,1
A050,2025-01-09 13:00:00,A050-BAT,Battery,82.34,3.483,68.418,51.37,1800.455,143.507,23.888,79.556,329,64.308,29.851,Normal,0,0
A050,2025-01-10 00:00:00,A050-BAT,Battery,76.318,3.295,72.392,52.476,1789.949,149.135,23.976,83.233,453,76.289,24.9,Normal,0,0
A050,2025-01-10 04:00:00,A050-BAT,Battery,78.641,3.58,73.762,53.313,1724.065,146.524,22.544,79.601,435,55.54,22.385,Normal,0,1
A050,2025-01-10 05:00:00,A050-BAT,Battery,82.906,3.271,74.662,54.702,1768.529,146.262,24.024,83.218,418,77.493,37.605,Warning,1,0
A050,2025-01-10 07:00:00,A050-BAT,Battery,79.905,3.494,78.208,52.213,1779.185,148.262,23.478,80.945,511,80.324,27.583,Normal,0,1
A050,2025-01-10 15:00:00,A050-BAT,Battery,83.985,3.717,67.992,53.7,1920.145,146.499,22.994,79.135,363,56.747,23.526,Normal,0,1
A050,2025-01-10 19:00:00,A050-BAT,Battery,80.591,3.755,71.117,51.364,1645.796,154.622,23.085,79.715,631,71.147,27.302,Warning,1,0
A050,2025-01-10 21:00:00,A050-BAT,Battery,92.925,4.535,60.78,53.78,1808.654,125.152,22.347,80.207,507,61.202,34.345,Warning,1,0
A050,2025-01-11 03:00:00,A050-BAT,Battery,79.268,3.574,78.473,53.498,1802.073,148.349,23.288,81.924,706,60.208,20.228,Normal,0,1
A050,2025-01-11 04:00:00,A050-BAT,Battery,78.241,3.186,71.563,50.515,1743.557,142.653,23.38,81.299,515,57.717,38.959,Normal,0,0
A050,2025-01-11 23:00:00,A050-BAT,Battery,79.267,3.362,62.892,52.405,1858.137,147.181,23.496,83.438,550,59.888,35.659,Warning,1,1
A050,2025-01-12 04:00:00,A050-BAT,Battery,80.881,3.467,71.987,51.027,1724.847,149.034,22.494,79.876,598,90.386,30.66,Warning,1,1
A050,2025-01-12 05:00:00,A050-BAT,Battery,80.583,3.327,69.983,54.983,1845.901,154.125,22.826,84.007,670,81.432,26.832,Warning,1,0
A050,2025-01-12 07:00:00,A050-BAT,Battery,78.145,4.082,74.247,51.778,1631.542,146.777,22.506,79.618,713,66.122,30.144,Warning,1,1
A050,2025-01-12 08:00:00,A050-BAT,Battery,84.069,3.438,69.818,55.362,1828.671,143.627,23.162,79.769,750,76.365,25.146,Warning,1,0
A050,2025-01-12 10:00:00,A050-BAT,Battery,84.256,3.381,68.872,52.665,1761.106,140.682,22.896,80.578,630,66.538,33.532,Warning,1,1
A050,2025-01-12 13:00:00,A050-BAT,Battery,81.406,3.291,73.757,56.602,1783.008,151.79,23.028,83.006,423,81.132,39.751,Warning,1,1
A050,2025-01-13 05:00:00,A050-BAT,Battery,83.375,3.586,71.23,51.248,1644.538,144.056,22.615,80.756,653,78.06,32.212,Warning,1,1
A050,2025-01-13 08:00:00,A050-BAT,Battery,80.046,4.008,68.425,51.41,1648.795,147.299,22.888,83.933,721,64.432,33.684,Warning,1,0
A050,2025-01-13 11:00:00,A050-BAT,Battery,80.851,3.722,73.598,54.929,1761.783,145.635,23.602,81.164,582,52.075,17.623,Normal,0,1
A050,2025-01-13 13:00:00,A050-BAT,Battery,80.304,3.112,70.026,48.732,1784.881,147.452,23.18,85.226,404,68.107,25.098,Warning,1,1
A050,2025-01-13 21:00:00,A050-BAT,Battery,81.416,3.821,70.148,55.271,1687.541,145.13,22.879,82.037,696,72.462,33.277,Warning,1,1
A050,2025-01-14 03:00:00,A050-BAT,Battery,84.901,3.268,71.373,54.246,1929.43,148.214,23.567,82.571,700,64.252,36.78,Warning,1,1
A050,2025-01-14 09:00:00,A050-BAT,Battery,84.226,2.968,66.617,52.239,1806.006,146.42,23.372,80.799,621,72.771,27.701,Warning,1,1
A050,2025-01-14 13:00:00,A050-BAT,Battery,80.638,3.532,68.97,54.499,1741.433,142.031,22.763,84.777,628,79.506,32.348,Warning,1,1
A050,2025-01-14 20:00:00,A050-BAT,Battery,82.717,3.587,72.32,51.315,1767.475,141.61,22.99,79.454,639,75.865,41.014,Warning,1,0
A050,2025-01-14 23:00:00,A050-BAT,Battery,82.879,3.207,69.846,53.103,1873.334,142.464,22.689,84.877,712,77.28,33.025,Warning,1,0
A050,2025-01-15 01:00:00,A050-BAT,Battery,84.456,4.119,70.373,54.878,1953.439,153.499,23.131,83.737,690,87.326,33.12,Warning,1,1
A050,2025-01-15 02:00:00,A050-BAT,Battery,86.469,3.814,69.499,51.859,1848.172,146.573,22.647,80.153,663,73.355,28.364,Warning,1,0
A050,2025-01-15 03:00:00,A050-BAT,Battery,81.067,3.8,73.114,49.995,1924.596,148.47,23.527,84.949,500,82.14,31.487,Warning,1,0
A050,2025-01-15 16:00:00,A050-BAT,Battery,82.304,4.263,70.752,52.017,1760.561,138.527,23.075,82.635,510,77.077,27.011,Warning,1,1
A050,2025-01-15 22:00:00,A050-BAT,Battery,82.906,3.705,70.273,52.752,1784.809,146.775,22.885,81.6,774,65.195,32.188,Warning,1,0
A050,2025-01-16 02:00:00,A050-BAT,Battery,89.518,3.818,72.697,52.244,1863.84,144.779,22.831,83.865,855,82.684,34.791,Warning,1,0
A050,2025-01-16 05:00:00,A050-BAT,Battery,99.848,7.098,54.766,56.477,1711.27,131.731,22.677,84.376,700,56.45,37.267,Warning,1,1
A050,2025-01-16 08:00:00,A050-BAT,Battery,83.959,3.623,73.396,53.084,1847.184,140.307,22.759,86.225,477,76.422,26.764,Warning,1,0
A050,2025-01-16 17:00:00,A050-BAT,Battery,83.929,3.94,64.982,53.163,1911.058,142.339,22.755,83.929,636,61.711,25.543,Warning,1,0
A050,2025-01-16 23:00:00,A050-BAT,Battery,82.719,4.261,73.182,55.454,1812.028,144.934,22.889,86.043,756,90.505,26.812,Warning,1,1
A050,2025-01-17 01:00:00,A050-BAT,Battery,84.607,4.065,66.189,50.095,1713.771,141.319,23.374,83.545,645,78.139,35.534,Warning,1,0
A050,2025-01-17 07:00:00,A050-BAT,Battery,86.783,3.791,70.673,53.805,1860.153,135.473,23.142,84.627,622,83.998,24.187,Warning,1,1
A050,2025-01-17 10:00:00,A050-BAT,Battery,85.024,4.876,71.55,52.204,1704.002,139.699,22.686,84.029,892,69.634,37.956,Warning,1,0
A050,2025-01-17 12:00:00,A050-BAT,Battery,84.582,4.195,67.745,53.234,1801.081,138.008,21.952,86.321,534,80.632,41.686,Warning,1,1
