asset_id,timestamp,component_id,component_type,temperature,vibration,oil_pressure,fuel_pressure,rpm,hydraulic_pressure,battery_voltage,coolant_temperature,operating_hours,load_percentage,ambient_temperature,anomaly_label,failure_within_50_hours
A001,01-01-2025 05:00,A001-ENG,Engine,73.148,2.476,78.175,54.58,1685.188,145.404,23.663,76.119,328,58.061,33.452,0,0
A001,01-01-2025 12:00,A001-ENG,Engine,74.555,3.008,74.642,52.54,1713.139,146.949,24.709,73.657,375,64.067,25.485,0,0
A001,02-01-2025 02:00,A001-ENG,Engine,75.411,2.742,76.645,58.037,1614.309,147.311,24.129,72.487,354,70.042,31.842,0,0
A001,02-01-2025 04:00,A001-ENG,Engine,72.654,2.795,77.681,54.813,1919.606,153.077,24.211,76.808,419,76.981,28.974,0,1
A001,02-01-2025 06:00,A001-ENG,Engine,75.918,2.977,75.876,56.295,1820.629,151.745,23.663,75.391,481,60.059,34.103,0,0
A001,02-01-2025 09:00,A001-ENG,Engine,70.283,3.068,73.958,53.685,1703.722,146.97,24.051,75.447,149,61.301,31.81,0,0
A001,02-01-2025 13:00,A001-ENG,Engine,74.554,2.485,76.466,53.019,1859.903,153.879,24.017,75.353,505,62.554,28.457,0,0
A001,02-01-2025 14:00,A001-ENG,Engine,81.142,5.458,66.726,56.505,1735.247,132.697,22.848,74.863,435,78.348,32.174,1,0
A001,02-01-2025 17:00,A001-ENG,Engine,73.034,2.86,74.862,54.186,1785.673,150.301,23.524,77.439,174,64.473,31.925,0,0
A001,02-01-2025 22:00,A001-ENG,Engine,72.664,2.874,71.651,55.548,1727.406,144.294,24.112,76.633,295,54.573,37.256,0,0
A001,03-01-2025 01:00,A001-ENG,Engine,71.013,2.86,74.174,58.328,1784.324,156.059,23.467,77.4,548,62.227,25.655,0,0
A001,03-01-2025 07:00,A001-ENG,Engine,71.778,2.502,78.683,55.153,1869.059,144.752,23.443,77.271,283,60.513,32.744,0,0
A001,03-01-2025 08:00,A001-ENG,Engine,91.685,5.018,58.231,50.085,1890.157,136.219,23.475,72.68,523,60.902,34.654,1,1
A001,03-01-2025 09:00,A001-ENG,Engine,80.702,3.458,77.83,52.731,1876.952,151.846,23.984,78.924,524,65.255,33.7,0,1
A001,03-01-2025 11:00,A001-ENG,Engine,72.383,2.822,74.751,58.153,1880.479,149.308,23.91,76.563,228,58.674,24.588,0,0
A001,03-01-2025 18:00,A001-ENG,Engine,76.547,2.514,76.621,54.631,1629.725,141.341,23.798,76.208,353,59.907,29.86,0,0
A001,03-01-2025 19:00,A001-ENG,Engine,72.95,2.488,75.513,56.987,1761.179,139.156,23.203,75.009,560,56.335,27.958,0,0
A001,04-01-2025 08:00,A001-ENG,Engine,76.544,3.775,71.087,57.344,1813.486,150.645,23.801,77.889,477,60.38,37.27,0,0
A001,04-01-2025 10:00,A001-ENG,Engine,74.863,3.429,75.1,54.083,1838.934,149.223,23.793,76.233,351,50.549,22.282,0,0
A001,04-01-2025 11:00,A001-ENG,Engine,76.381,3.209,74.921,53.065,1910.366,155.279,23.924,79.022,352,71.733,35.65,0,0
A001,04-01-2025 12:00,A001-ENG,Engine,73.646,3.179,71.061,52.781,1917.321,152.311,24.269,76.557,204,52.641,28.798,0,1
A001,04-01-2025 14:00,A001-ENG,Engine,74.214,2.85,72.696,57.118,1785.156,154.079,23.764,77.224,244,61.274,30.019,0,0
A001,04-01-2025 16:00,A001-ENG,Engine,76.513,3.465,68.243,51.505,1693.164,147.447,23.647,74.185,367,54.228,25.696,0,0
A001,04-01-2025 21:00,A001-ENG,Engine,91.817,5.043,64.618,55.422,1850.957,138.741,23.328,74.957,591,63.114,31.635,1,1
A001,05-01-2025 01:00,A001-ENG,Engine,71.353,2.278,76.18,54.393,1822.54,143.482,23.701,81.432,207,69.265,30.849,0,0
A001,05-01-2025 05:00,A001-ENG,Engine,77.575,3.142,78.759,55.18,1859.21,159.58,23.622,75.929,239,66.344,32.195,0,0
A001,05-01-2025 07:00,A001-ENG,Engine,76.325,2.873,76.361,50.761,1877.58,147.194,23.823,75.321,569,73.676,36.228,0,0
A001,05-01-2025 13:00,A001-ENG,Engine,69.751,2.591,76.752,52.853,1832.453,143.075,24.177,77.437,412,65.742,41.629,0,0
A001,05-01-2025 16:00,A001-ENG,Engine,82.47,2.529,72.914,57.572,1840.498,150.853,23.704,78.46,569,69.83,25.953,0,0
A001,06-01-2025 01:00,A001-ENG,Engine,78.096,3.625,71.041,53.983,1901.942,153.546,23.139,77.4,385,75.037,32.54,0,0
A001,06-01-2025 02:00,A001-ENG,Engine,78.25,2.988,73.584,54.242,1738.974,150.604,24.654,74.496,585,66.826,26.199,0,1
A001,06-01-2025 04:00,A001-ENG,Engine,73.177,3.425,73.671,53.662,1667.6,150.462,22.783,79.397,536,52.422,30.267,0,0
A001,06-01-2025 06:00,A001-ENG,Engine,77.393,3.721,76.589,52.663,1820.157,148.433,23.721,76.753,619,63.77,22.01,0,0
A001,06-01-2025 11:00,A001-ENG,Engine,77.723,3.035,69.905,52.984,1882.316,142.889,23.541,76.635,483,65.688,28.057,0,1
A001,06-01-2025 20:00,A001-ENG,Engine,77.321,3.379,74.518,52.566,1784.821,152.425,23.718,75.706,310,70.604,24.577,0,1
A001,06-01-2025 23:00,A001-ENG,Engine,76.202,2.757,67.88,53.395,1747.657,142.008,23.73,77.675,527,56.941,27.227,0,1
A001,07-01-2025 08:00,A001-ENG,Engine,78.828,3.179,71.439,55.024,1842.894,148.159,23.268,79.06,272,65.551,23.333,0,0
A001,07-01-2025 09:00,A001-ENG,Engine,78.973,3.026,76.341,52.866,1859.354,146.5,23.581,80.299,364,62.471,34.983,0,0
A001,07-01-2025 16:00,A001-ENG,Engine,80.601,3.413,73.041,52.182,1806.09,147.888,23.588,83.413,368,62.419,32.111,0,0
A001,07-01-2025 22:00,A001-ENG,Engine,78.885,3.166,70.777,52.676,1784.083,148.288,23.714,81.312,344,64.63,27.719,0,0
A001,08-01-2025 04:00,A001-ENG,Engine,74.069,3.697,72.724,55.92,1824.926,149.684,23.611,80.695,351,85.579,34.855,0,1
A001,08-01-2025 12:00,A001-ENG,Engine,80.941,3.687,72.418,49.728,1863.537,141.11,23.568,77.725,662,58.581,27.79,0,0
A001,08-01-2025 20:00,A001-ENG,Engine,79.504,3.61,70.616,55.122,1731.421,152.013,24.21,79.456,462,50.819,27.26,0,0
A001,08-01-2025 22:00,A001-ENG,Engine,88.05,4.845,66.468,54.685,1645.967,136.749,24.054,79.322,688,54.081,39.465,1,1
A001,08-01-2025 23:00,A001-ENG,Engine,80.211,3.386,71.873,55.659,1722.119,141.125,23.642,81.037,471,72.389,32.039,0,0
A001,09-01-2025 01:00,A001-ENG,Engine,83.247,3.864,73.168,53.645,1919.534,154.317,23.818,77.942,490,70.283,32.198,1,1
A001,09-01-2025 02:00,A001-ENG,Engine,81.29,3.862,72.708,53.399,1834.314,144.312,23.081,82.383,409,79.713,25.044,1,0
A001,09-01-2025 04:00,A001-ENG,Engine,80.467,2.684,74.806,52.442,1927.019,147.199,23.484,82.258,477,61.679,25.036,0,0
A001,09-01-2025 07:00,A001-ENG,Engine,81.559,3.788,71.327,53.08,1859.786,145.172,23.609,79.799,693,61.292,25.216,0,0
A001,09-01-2025 10:00,A001-ENG,Engine,81.143,3.293,73.004,56.617,1845.779,140.381,23.553,82.516,435,67.462,34.978,0,0
A001,09-01-2025 11:00,A001-ENG,Engine,75.569,3.296,75.287,49.658,1684.845,143.334,23.369,79.344,385,80.49,34.772,0,0
A001,09-01-2025 13:00,A001-ENG,Engine,89.999,6.219,59.808,53.598,1810.344,134.998,23.749,77.953,659,70.827,36.45,1,0
A001,09-01-2025 20:00,A001-ENG,Engine,75.441,3.512,68.45,52.141,1767.201,145.668,23.177,80.314,326,65.577,22.688,0,0
A001,10-01-2025 02:00,A001-ENG,Engine,81.168,3.616,72.124,52.571,1770.08,144.005,23.494,80.262,701,64.929,26.689,0,1
A001,10-01-2025 04:00,A001-ENG,Engine,85.19,3.444,66.143,54.065,1975.014,153.554,23.981,78.46,581,77.657,26.39,1,1
A001,10-01-2025 05:00,A001-ENG,Engine,78.809,3.762,73.712,53.896,1678.462,145.991,23.076,82.264,565,79.847,35.282,1,0
A001,10-01-2025 13:00,A001-ENG,Engine,77.344,3.184,72.233,53.083,1851.467,142.219,23.438,82.908,396,74.816,30.696,0,1
A001,10-01-2025 16:00,A001-ENG,Engine,81.471,3.642,76.682,51.569,1877.314,147.931,22.754,82.341,642,81.25,25.714,1,1
A001,10-01-2025 17:00,A001-ENG,Engine,83.48,3.33,68.698,53.711,1752.983,145.204,23.56,78.502,572,63.929,30.77,1,0
A001,10-01-2025 18:00,A001-ENG,Engine,83.233,3.222,76.016,50.977,1919.563,144.449,24.003,82.033,574,63.106,27.389,0,0
A001,10-01-2025 20:00,A001-ENG,Engine,82.669,3.695,72.017,54.343,1796.159,148.702,23.038,81.639,595,76.707,26.652,1,1
A001,10-01-2025 21:00,A001-ENG,Engine,78.167,3.951,74.054,54.297,1977.498,146.281,24.35,80.47,362,73.463,28.011,1,1
A001,11-01-2025 01:00,A001-ENG,Engine,79.292,3.398,67.905,50.348,1726.035,147.333,22.864,80.793,372,80.14,23.491,1,0
A001,11-01-2025 03:00,A001-ENG,Engine,78.597,3.886,72.436,50.544,1908.744,155.899,23.622,83.929,594,72.48,21.692,1,0
A001,11-01-2025 04:00,A001-ENG,Engine,78.903,3.512,72.789,50.264,1759.601,152.989,22.892,82.84,354,67.981,32.729,1,0
A001,11-01-2025 08:00,A001-ENG,Engine,77.913,3.925,70.155,51.083,1780.457,148.009,23.083,82.308,486,67.445,33.102,1,1
A001,11-01-2025 15:00,A001-ENG,Engine,80.822,3.238,70.335,53.539,1829.24,154.326,23.001,81.228,369,75.956,29.883,1,0
A001,11-01-2025 16:00,A001-ENG,Engine,78.866,2.975,69.021,50.986,1852.541,149.204,22.916,80.88,603,57.743,27.528,0,0
A001,11-01-2025 18:00,A001-ENG,Engine,81.898,3.917,71.312,55.522,1800.719,146.314,23.599,79.493,644,95.25,31.876,1,0
A001,11-01-2025 22:00,A001-ENG,Engine,85.282,3.929,67.027,52.429,1898.597,148.927,22.756,82.771,407,55.884,28.886,1,0
A001,12-01-2025 01:00,A001-ENG,Engine,82.939,3.804,68.239,54.034,1674.555,144.185,23.582,82.339,558,70.736,32.232,1,1
A001,12-01-2025 02:00,A001-ENG,Engine,80.031,3.631,70.03,49.834,1717.159,152.948,23.337,79.003,566,60.912,29.439,1,0
A001,12-01-2025 08:00,A001-ENG,Engine,77.592,4.128,73.111,57.796,1674.943,152.433,23.209,83.412,440,60.427,37.34,1,0
A001,12-01-2025 09:00,A001-ENG,Engine,80.146,3.44,69.512,49.247,1877.558,151.354,22.936,82.521,673,71.548,31.641,1,1
A001,12-01-2025 17:00,A001-ENG,Engine,80.148,3.942,71.623,53.803,1825.277,146.672,23.401,83.895,387,81.462,29.496,1,1
A001,12-01-2025 18:00,A001-ENG,Engine,83.035,3.763,68.651,54.288,2056.076,144.976,23.179,81.158,406,70.33,37.722,1,0
A001,12-01-2025 22:00,A001-ENG,Engine,83.388,3.043,68.047,55.558,1964.239,141.562,23.027,82.235,488,88.734,27.536,1,1
A001,13-01-2025 07:00,A001-ENG,Engine,87.197,3.503,71.033,54.072,1859.627,140.223,23.034,79.139,581,94.617,22.026,1,1
A001,13-01-2025 14:00,A001-ENG,Engine,85.921,3.434,70.799,50.667,1772.557,143.464,23.305,81.192,549,83.578,28.771,1,0
A001,13-01-2025 18:00,A001-ENG,Engine,83.28,3.714,69.932,49.818,1713.363,145.578,23.024,81.518,576,74.318,30.305,1,1
A001,13-01-2025 20:00,A001-ENG,Engine,82.561,3.719,69.569,55.522,1690.578,142.852,22.162,81.738,663,72.694,27.45,1,0
A001,13-01-2025 22:00,A001-ENG,Engine,84.546,4.068,71.021,52.236,1850.845,146.809,22.798,86.451,442,73.171,33.879,1,1
A001,13-01-2025 23:00,A001-ENG,Engine,83.274,3.981,71.307,51.382,1849.241,142.878,22.854,85.029,656,83.844,26.468,1,1
A001,14-01-2025 00:00,A001-ENG,Engine,94.296,6.053,56.995,52.484,1890.906,139.391,22.989,80.846,683,84.247,26.167,1,1
A001,14-01-2025 05:00,A001-ENG,Engine,84.176,3.525,64.817,53.704,1990.807,151.596,22.959,82.943,594,83.523,35.611,1,0
A001,14-01-2025 06:00,A001-ENG,Engine,84.794,3.765,69.47,55.375,1908.857,147.935,23.648,82.177,668,89.468,32.713,1,1
A001,14-01-2025 09:00,A001-ENG,Engine,85.952,3.215,72.504,55.615,1766.749,147.155,23.429,82.091,697,83.614,26.644,1,1
A001,14-01-2025 15:00,A001-ENG,Engine,86.234,4.047,67.453,52.851,1757.617,146.029,22.932,79.098,653,86.021,29.594,1,1
A001,14-01-2025 20:00,A001-ENG,Engine,82.116,4.406,69.284,55.05,1752.007,146.829,22.985,79.905,484,88.786,29.324,1,1
A001,14-01-2025 23:00,A001-ENG,Engine,78.524,3.862,66.88,52.69,1703.004,147.509,23.002,86.176,577,77.601,26.157,1,0
A001,15-01-2025 08:00,A001-ENG,Engine,81.047,4.135,67.415,53.057,1779.528,147.705,23.009,77.454,607,79.54,33.211,1,0
A001,15-01-2025 11:00,A001-ENG,Engine,86.136,3.936,69.055,53.512,1789.589,146.421,22.589,86.269,524,69.175,27.839,1,1
A001,15-01-2025 12:00,A001-ENG,Engine,82.645,3.731,73.317,46.765,1709.754,156.575,23.163,81.488,690,78.024,30.337,1,1
A001,15-01-2025 13:00,A001-ENG,Engine,82.99,4.203,67.405,50.316,1641.608,139.377,22.639,81.369,539,80.928,24.003,1,1
A001,15-01-2025 15:00,A001-ENG,Engine,85.467,3.779,69.474,52.2,1721.917,145.894,22.73,81.885,678,65.565,28.207,1,0
A001,16-01-2025 00:00,A001-ENG,Engine,88.672,4.039,62.305,51.619,1858.855,144.552,23.17,82.3,798,68.661,29.643,1,0
A001,16-01-2025 02:00,A001-ENG,Engine,82.528,4.099,71.006,51.39,1761.652,145.576,23.104,84.021,616,87.026,27.69,1,1
A001,16-01-2025 14:00,A001-ENG,Engine,82.83,3.789,70.217,52.704,1756.07,142.727,22.922,83.531,613,71.11,28.337,1,1
A001,16-01-2025 15:00,A001-ENG,Engine,87.592,3.067,67.514,50.947,1813.336,147.559,23.269,82.95,778,84.739,30.979,1,1
A001,16-01-2025 22:00,A001-ENG,Engine,84.134,4.035,73.275,51.58,1911.496,145.381,22.999,84.69,754,87.267,26.572,1,1
A001,17-01-2025 05:00,A001-ENG,Engine,83.793,3.417,65.602,54.115,2000.861,148.043,22.801,83.861,802,73.27,40.299,1,1
A002,01-01-2025 00:00,A002-ENG,Engine,72.675,2.59,74.393,55.507,1862.522,143.894,23.771,73.319,151,47.507,38.139,0,0
A002,01-01-2025 02:00,A002-ENG,Engine,71.141,1.426,78.981,53.648,1693.22,155.711,24.17,74.99,420,42.94,31.481,0,0
A002,01-01-2025 11:00,A002-ENG,Engine,66.468,2.612,80.563,56.716,1850.231,149.218,23.595,74.995,338,40.219,32.431,0,0
A002,01-01-2025 16:00,A002-ENG,Engine,72.858,1.902,81.024,54.559,1673.104,151.621,24.028,74.945,260,48.034,26.405,0,0
A002,01-01-2025 19:00,A002-ENG,Engine,75.41,3.067,79.961,52.21,1730.412,151.799,24.412,73.049,332,47.526,30.98,0,0
A002,01-01-2025 22:00,A002-ENG,Engine,70.605,2.798,82.138,56.101,1834.062,149.373,23.493,75.118,394,49.519,31.147,0,0
A002,02-01-2025 10:00,A002-ENG,Engine,72.394,1.955,78.072,55.389,1493.216,159.22,24.096,74.659,520,64.877,28.263,0,0
A002,02-01-2025 13:00,A002-ENG,Engine,69.404,2.4,84.164,55.133,1730.195,151.179,23.724,73.137,155,55.254,35.589,0,0
A002,02-01-2025 18:00,A002-ENG,Engine,75.326,2.702,81.396,52.611,1843.437,147.045,23.297,75.475,292,60.556,32.304,0,0
A002,02-01-2025 21:00,A002-ENG,Engine,73.212,2.452,78.451,54.007,1785.408,149.979,24.466,75.646,258,50.567,25.673,0,0
A002,02-01-2025 22:00,A002-ENG,Engine,72.666,2.498,77.918,55.711,1828.257,149.658,23.91,77.054,485,47.855,28.788,0,0
A002,03-01-2025 01:00,A002-ENG,Engine,66.565,2.552,73.722,55.486,1781.391,149.907,23.534,77.786,195,38.809,36.208,0,0
A002,03-01-2025 12:00,A002-ENG,Engine,75.12,2.696,75.915,56.547,1796.032,147.952,23.572,75.38,476,65.022,31.537,0,0
A002,03-01-2025 14:00,A002-ENG,Engine,75.142,2.687,77.321,53.962,1669.347,152.352,23.986,79.122,173,49.522,29.291,0,0
A002,03-01-2025 21:00,A002-ENG,Engine,71.284,2.808,80.327,54.9,1868.504,147.983,23.79,75.402,251,58.878,26.533,0,0
A002,03-01-2025 23:00,A002-ENG,Engine,72.48,1.93,75.21,53.406,1902.225,148.98,23.617,79.228,474,64.18,36.277,0,0
A002,04-01-2025 05:00,A002-ENG,Engine,74.463,3.03,82.553,54.299,1752.086,145.358,24.111,74.181,195,50.125,30.513,0,0
A002,04-01-2025 07:00,A002-ENG,Engine,73.223,2.335,75.533,55.652,1727.595,145.071,24.179,77.684,309,50.391,33.207,0,0
A002,04-01-2025 08:00,A002-ENG,Engine,78.354,2.222,81.512,54.022,1872.639,151.937,24.161,75.319,239,60.938,39.232,0,1
A002,04-01-2025 09:00,A002-ENG,Engine,72.342,3.027,75.092,52.508,1944.981,151.486,24.499,76.124,386,53.406,26.697,0,0
A002,04-01-2025 10:00,A002-ENG,Engine,74.046,2.412,76.606,52.595,1865.494,144.291,23.933,81.199,280,64.342,22.474,0,1
A002,04-01-2025 15:00,A002-ENG,Engine,73.807,2.884,77.255,54.414,1954.942,155.4,23.736,76.268,275,64.476,34.002,0,0
A002,04-01-2025 18:00,A002-ENG,Engine,88.82,4.791,68.244,57.773,1859.593,128.381,23.706,77.193,218,46.815,26.154,1,1
A002,05-01-2025 00:00,A002-ENG,Engine,74.812,2.327,80.456,55.462,1905.306,144.756,23.582,74.915,496,47.692,36.261,0,0
A002,05-01-2025 01:00,A002-ENG,Engine,73.497,2.693,72.883,51.066,1844.066,140.991,23.553,77.749,341,56.721,29.291,0,0
A002,05-01-2025 05:00,A002-ENG,Engine,73.181,2.316,75.567,54.92,1767.775,146.922,23.229,77.68,453,52.196,28.392,0,0
A002,05-01-2025 06:00,A002-ENG,Engine,75.22,2.423,75.765,52.147,1746.616,148.804,23.419,77.742,582,45.985,21.695,0,0
A002,05-01-2025 10:00,A002-ENG,Engine,75.055,2.091,78.661,53.209,1702.149,147.518,23.519,77,250,61.556,26.073,0,0
A002,05-01-2025 14:00,A002-ENG,Engine,77.778,2.721,77.847,53.561,1859.461,148.563,23.541,79.142,451,53.056,26.008,0,0
A002,05-01-2025 20:00,A002-ENG,Engine,73.936,2.207,82.767,56.248,1824.578,153.238,22.959,72.785,319,51.389,23.107,0,0
A002,05-01-2025 21:00,A002-ENG,Engine,71.442,2.703,76.918,54.818,1753.221,154.07,23.613,81.473,573,48.323,33.714,0,0
A002,05-01-2025 23:00,A002-ENG,Engine,74.538,2.469,78.045,52.936,1813.219,142.743,24.023,77.766,260,64.041,28.994,0,0
A002,06-01-2025 01:00,A002-ENG,Engine,76.893,2.21,75.866,51.329,1884.724,148.118,23.339,78.21,245,45.267,24.833,0,0
A002,06-01-2025 07:00,A002-ENG,Engine,71.483,3.44,79.4,54.466,1928.257,143.738,23.518,81.064,533,40.334,32.802,0,0
A002,06-01-2025 08:00,A002-ENG,Engine,78.642,2.409,75.545,51.596,1702.093,150.014,23.227,79.681,525,50.029,23.935,0,0
A002,06-01-2025 10:00,A002-ENG,Engine,71.041,2.4,75.62,53.238,1813.669,145.729,24.127,79.226,391,49.001,30.473,0,0
A002,06-01-2025 17:00,A002-ENG,Engine,74.544,2.785,77.344,55.137,1850.515,144.36,23.936,80.759,271,57.384,22.529,0,0
A002,06-01-2025 20:00,A002-ENG,Engine,74.45,2.496,80.445,55.083,1887.569,149.99,23.424,79.723,258,65.757,30.674,0,0
A002,06-01-2025 22:00,A002-ENG,Engine,74.683,2.629,75.526,52.958,1938.965,153.769,23.73,78.335,377,61.161,30.369,0,0
A002,07-01-2025 01:00,A002-ENG,Engine,75.227,2.563,73.502,54.268,1762.606,144.377,23.047,75.497,560,53.424,29.575,0,0
A002,07-01-2025 04:00,A002-ENG,Engine,71.937,2.829,78.528,52.887,1712.794,146.253,23.218,78.498,547,57.4,28.47,0,1
A002,07-01-2025 23:00,A002-ENG,Engine,76.364,2.496,71.287,52.145,1732.612,144.82,23.839,76.748,279,60.179,30.791,0,0
A002,08-01-2025 01:00,A002-ENG,Engine,75.055,2.53,72.097,56.837,1837.927,149.7,24.584,79.875,484,47.477,29.02,0,0
A002,08-01-2025 04:00,A002-ENG,Engine,77.324,1.86,77.386,52.594,1840.777,147.793,23.417,79.096,635,57.904,36.722,0,0
A002,08-01-2025 06:00,A002-ENG,Engine,72.745,2.772,73.035,52.904,1883.277,148.842,22.959,81.053,391,58.151,27.289,0,0
A002,08-01-2025 11:00,A002-ENG,Engine,74.175,3.111,74.089,51.918,1751.185,152.062,23.417,78.086,481,65.93,40.714,0,0
A002,08-01-2025 12:00,A002-ENG,Engine,74.664,2.809,72.416,53.24,1743.643,146.138,23.198,78.926,576,62.841,29.403,0,1
A002,08-01-2025 18:00,A002-ENG,Engine,76.823,2.111,75.469,54.228,1774.527,149.776,23.52,78.567,535,43.469,30.667,0,1
A002,08-01-2025 22:00,A002-ENG,Engine,73.036,2.359,77.572,51.054,1835.282,148.082,23.562,80.693,425,51.739,25.122,0,0
A002,09-01-2025 02:00,A002-ENG,Engine,74.742,2.912,75.376,53.077,1892.484,143.169,23.054,77.802,685,56.576,23.857,0,0
A002,09-01-2025 03:00,A002-ENG,Engine,78.812,2.835,77.979,53.147,1797.822,145.311,23.413,81.299,553,56.23,32.592,0,0
A002,09-01-2025 06:00,A002-ENG,Engine,73.191,2.472,68.921,54.706,1776.436,146.876,22.814,77.754,670,55.885,26.638,0,0
A002,09-01-2025 08:00,A002-ENG,Engine,74.956,3.256,73.389,52.418,1831.035,149.873,23.669,79.821,442,64.062,33.728,0,1
A002,09-01-2025 10:00,A002-ENG,Engine,76.343,2.115,71.328,57.589,1701.672,153.183,23.067,79.685,510,64.96,25.899,0,0
A002,09-01-2025 12:00,A002-ENG,Engine,77.263,2.864,74.971,53.29,1766.907,148.009,23.163,85.414,532,48.809,27.076,0,0
A002,09-01-2025 15:00,A002-ENG,Engine,74.662,3.116,77.445,55.278,1819.337,147.94,23.563,80.783,472,64.602,31.02,0,0
A002,09-01-2025 17:00,A002-ENG,Engine,77.984,3.217,75.58,54.543,1771.591,147.851,23.152,82.752,686,72.568,36.9,0,0
A002,09-01-2025 20:00,A002-ENG,Engine,78.673,3.079,73.976,55.84,2162.324,150.115,23.399,77.704,513,55.483,28.931,0,0
A002,10-01-2025 00:00,A002-ENG,Engine,79.708,2.484,74.598,53.302,1778.063,149.076,23.574,81.185,542,59.418,26.321,0,0
A002,10-01-2025 03:00,A002-ENG,Engine,78.393,3.137,74.529,50.931,1958.225,142.983,23.574,80.875,545,65.827,38.534,0,0
A002,10-01-2025 06:00,A002-ENG,Engine,75.89,2.641,79.223,55.147,1762.124,149.53,22.859,79.205,434,62.047,32.261,0,0
A002,10-01-2025 08:00,A002-ENG,Engine,74.656,3.423,75.209,51.981,1784.988,145.092,23.787,80.196,497,62.576,32.869,0,0
A002,10-01-2025 10:00,A002-ENG,Engine,79.093,3.368,73.935,51.319,1771.711,150.023,23.464,81.457,439,59.743,28.131,0,0
A002,10-01-2025 14:00,A002-ENG,Engine,79.038,2.91,75.217,51.725,1877.795,142.371,24.096,85.226,658,74.77,36.377,0,1
A002,10-01-2025 15:00,A002-ENG,Engine,89.816,6.792,64.507,53.205,1689.733,137.584,22.67,82.665,404,48.944,31.434,1,0
A002,10-01-2025 20:00,A002-ENG,Engine,73.699,3.363,74.283,54.809,1862.122,143.957,22.972,82.211,627,59.657,34.682,0,0
A002,11-01-2025 01:00,A002-ENG,Engine,78.752,3.554,74.915,49.926,1818.288,155.163,22.826,81.084,651,60.585,30.479,0,1
A002,11-01-2025 02:00,A002-ENG,Engine,81.231,2.991,73.507,51.847,1636.462,148.078,23.993,81.966,672,67.952,27.935,0,0
A002,11-01-2025 05:00,A002-ENG,Engine,82.005,2.93,74.189,58.113,1782.472,149.162,23.491,82.588,395,64.962,30.969,0,1
A002,11-01-2025 14:00,A002-ENG,Engine,82.727,2.873,69.554,54.094,1770.194,146.301,23.433,80.437,592,61.057,29.499,0,0
A002,11-01-2025 16:00,A002-ENG,Engine,90.854,5.148,67.598,53.152,1867.563,133.146,23.76,83.654,705,62.385,29.01,1,0
A002,11-01-2025 18:00,A002-ENG,Engine,80.121,3.5,73.235,55.47,1677.24,141.221,22.801,81.468,671,73.077,26.989,0,0
A002,11-01-2025 21:00,A002-ENG,Engine,78.242,3.015,71.832,54.623,1934.073,144.511,23.411,82.389,407,63.71,22.367,0,0
A002,12-01-2025 05:00,A002-ENG,Engine,77.813,2.607,75.157,49,1706.738,144.337,23.474,84.316,395,72.968,29.234,0,0
A002,12-01-2025 06:00,A002-ENG,Engine,81.962,3.299,70.849,51.924,1974.043,140.958,22.788,83.635,383,60.759,24.091,0,1
A002,12-01-2025 07:00,A002-ENG,Engine,76.043,3.857,73.741,55.762,1880.427,144.529,23.007,84.668,499,75.971,20.615,0,1
A002,12-01-2025 09:00,A002-ENG,Engine,77.523,3.086,75.562,50.477,1864.017,148.921,23.625,83.605,595,74.796,29.448,0,0
A002,12-01-2025 10:00,A002-ENG,Engine,75.431,3.35,77.805,53.324,1889.937,138.592,23.003,78.102,519,70.701,22.264,0,0
A002,12-01-2025 11:00,A002-ENG,Engine,78.63,3.355,75.067,52.507,1701.477,148.822,23.39,83.663,718,67.017,24.158,0,0
A002,12-01-2025 13:00,A002-ENG,Engine,78.907,3.556,77.66,51.181,1957.678,137.626,23.04,81.091,515,73.864,36.492,0,0
A002,12-01-2025 15:00,A002-ENG,Engine,78.41,3.297,70.818,53.553,1680.234,146.23,22.754,79.739,577,77.936,30.296,0,0
A002,12-01-2025 18:00,A002-ENG,Engine,83.125,2.822,72.655,54.196,1933.406,145.677,23.012,82.193,773,59.937,27.131,0,0
A002,12-01-2025 22:00,A002-ENG,Engine,80.429,3.565,71.84,54.691,1881.426,152.477,22.558,80.336,634,71.793,16.743,0,1
A002,13-01-2025 01:00,A002-ENG,Engine,80.592,2.942,73.84,51.177,1837.843,148.449,22.654,82.575,490,64.455,32.723,0,0
A002,13-01-2025 05:00,A002-ENG,Engine,83.766,3.005,76.566,51.334,1899.806,151.271,23.018,85.647,701,69.398,25.614,0,0
A002,13-01-2025 07:00,A002-ENG,Engine,83.553,2.96,71.098,53.922,1743.927,145.238,23.422,81.287,662,50.047,23.495,0,1
A002,13-01-2025 12:00,A002-ENG,Engine,83.021,4.381,76.272,51.619,1856.68,148.943,22.776,79.978,509,65.577,34.039,1,1
A002,13-01-2025 14:00,A002-ENG,Engine,79.044,3.643,72.731,50.806,1648.106,145.537,22.65,79.85,784,70.428,21.112,0,0
A002,13-01-2025 17:00,A002-ENG,Engine,79.326,3.525,73.586,51.65,1748.579,148.731,22.246,84.22,438,51.404,22.923,0,1
A002,13-01-2025 18:00,A002-ENG,Engine,81.724,3.397,68.447,53.019,1750.57,142.908,23.136,81.708,800,73.413,20.32,1,0
A002,13-01-2025 19:00,A002-ENG,Engine,80.749,2.885,73.493,52.273,1740.547,144.28,23.025,81.139,448,66.577,28.609,0,0
A002,13-01-2025 22:00,A002-ENG,Engine,85.031,3.375,75.196,53.755,1824.602,146.56,23.384,84.187,775,68.819,26.531,0,0
A002,14-01-2025 00:00,A002-ENG,Engine,76.815,2.662,72.41,49.523,1936.644,139.981,22.701,83.627,479,62.142,22.408,0,1
A002,14-01-2025 02:00,A002-ENG,Engine,78.012,2.962,71.907,50.687,1862.6,142.943,22.745,82.064,494,74.901,31.074,0,1
A002,14-01-2025 04:00,A002-ENG,Engine,79.201,3.519,72.03,55.891,1836.385,147.099,23.096,86.381,696,55.613,39.191,0,1
A002,14-01-2025 05:00,A002-ENG,Engine,76.161,3.542,70.287,52.96,1902.08,143.349,22.955,80.318,596,64.039,42.87,0,0
A002,14-01-2025 06:00,A002-ENG,Engine,80.211,3.362,71.815,53.675,1714.19,142.191,23.176,80.613,529,73.04,29.929,0,0
A002,14-01-2025 07:00,A002-ENG,Engine,82.081,3.234,77.47,54.75,1704.538,137.93,22.779,80.532,524,81.877,29.948,1,0
A002,14-01-2025 09:00,A002-ENG,Engine,79.484,3.49,74.4,52.13,1885.404,145.672,22.861,83.422,651,56.521,31.164,0,0
A002,14-01-2025 14:00,A002-ENG,Engine,80.811,3.722,72.554,52.667,1845.834,143.274,22.775,84.099,448,67.474,27.963,1,0
A002,14-01-2025 22:00,A002-ENG,Engine,81.793,3.224,74.934,52.372,1954.696,143.702,23.49,84.536,472,67.948,32.712,0,1
A002,14-01-2025 23:00,A002-ENG,Engine,79.074,3.263,68.314,54.171,1688.835,144.942,23.222,85.054,544,54.073,29.541,0,0
A002,15-01-2025 01:00,A002-ENG,Engine,89.661,6.141,66.142,51.482,1755.498,143.084,23.624,85.678,827,58.786,31.07,1,1
A002,15-01-2025 05:00,A002-ENG,Engine,80.818,3.334,73.852,52.483,1852.368,140.755,22.973,80.843,839,71.741,20.609,1,0
A002,15-01-2025 16:00,A002-ENG,Engine,83.304,3.375,68.544,53.498,1727.19,140.303,22.586,84.367,510,68.561,19.337,1,0
A002,15-01-2025 18:00,A002-ENG,Engine,80.757,3.333,74.735,54.865,1897.557,144.902,22.189,83.554,777,63.394,29.351,0,0
A002,15-01-2025 22:00,A002-ENG,Engine,80.153,3.904,70.714,51.731,1656.765,142.67,23.107,84.591,622,74.504,32.755,1,1
A002,16-01-2025 02:00,A002-ENG,Engine,78.832,2.603,76.307,55.34,1835.354,146.015,22.371,83.611,472,84.297,30.657,1,1
A002,16-01-2025 16:00,A002-ENG,Engine,81.646,4.234,73.708,50.681,1673.991,147.567,22.852,81.542,754,74.262,28.655,1,0
A002,16-01-2025 17:00,A002-ENG,Engine,83.67,3.364,70.6,51.108,1901.788,144.165,23.349,87.992,696,64.986,15.395,1,0
A002,16-01-2025 19:00,A002-ENG,Engine,83.608,3.411,68.805,50.545,1778.307,147.911,23.304,81.763,789,66.242,28.211,1,0
A002,17-01-2025 01:00,A002-ENG,Engine,83.91,3.664,69.081,53.935,1677.808,138.919,22.649,88.534,796,86.579,27.744,1,1
A002,17-01-2025 03:00,A002-ENG,Engine,79.725,3.481,67.874,51.284,1766.283,150.401,22.889,86.734,615,73.934,27.322,1,0
A002,17-01-2025 07:00,A002-ENG,Engine,81.925,3.506,70.121,53.917,1822.489,149.255,23.295,85.693,829,67.719,35.202,1,1
A002,17-01-2025 10:00,A002-ENG,Engine,79.705,3.537,72.811,51.047,1770.764,144.382,23.557,81.182,782,75.971,28.733,1,1
A002,17-01-2025 11:00,A002-ENG,Engine,84.439,3.671,74.054,54.575,1873.474,142.878,22.988,85.873,601,65.496,22.153,1,0
A002,17-01-2025 12:00,A002-ENG,Engine,79.703,3.976,71.683,54.729,1833.348,140.785,22.972,86.24,750,67.702,22.79,1,0
A002,17-01-2025 13:00,A002-ENG,Engine,81.67,4.217,65.972,52.292,1928.645,141.476,22.753,84.119,687,66.676,31.223,1,0
A003,01-01-2025 05:00,A003-ENG,Engine,72.415,3.405,77.233,57.777,1822.337,154.954,23.688,75.45,255,61.968,36.912,0,0
A003,01-01-2025 13:00,A003-ENG,Engine,74.613,2.751,75.585,56.229,1769.681,149.982,23.578,72.636,444,48.18,33.246,0,0
A003,01-01-2025 16:00,A003-ENG,Engine,74.751,2.403,76.145,57.742,1653.323,153.889,23.064,74.599,461,75.083,28.358,0,0
A003,01-01-2025 18:00,A003-ENG,Engine,72.165,2.743,73.956,53.349,1813.954,150.735,23.751,75.162,283,77.753,40.602,0,0
A003,01-01-2025 20:00,A003-ENG,Engine,72.665,2.517,73.747,49.987,1779,147.718,24.217,76.346,412,54.948,27.707,0,0
A003,01-01-2025 23:00,A003-ENG,Engine,74.164,2.392,74.215,56.505,1632.842,148.275,23.751,78.737,212,64.25,24.114,0,0
A003,02-01-2025 05:00,A003-ENG,Engine,70.813,2.9,76.748,54.31,1905.678,154.169,23.689,78.915,332,61.534,30.249,0,0
A003,02-01-2025 09:00,A003-ENG,Engine,75.987,2.668,75.231,56.095,1819.524,146.063,23.739,74.913,240,54.682,31.568,0,0
A003,02-01-2025 10:00,A003-ENG,Engine,74.363,3.437,74.122,54.805,1784.241,154.107,24.308,78.076,517,61.696,25.638,0,0
A003,02-01-2025 13:00,A003-ENG,Engine,76.311,3.298,77.718,58.272,1811.755,152.591,23.38,76.785,371,53.069,29.687,0,0
A003,02-01-2025 16:00,A003-ENG,Engine,75.053,2.893,70.48,53.621,1820.733,150.393,24.285,79.679,161,73.959,34.573,0,0
A003,02-01-2025 17:00,A003-ENG,Engine,77.48,3.207,75.951,54.45,1870.818,154.531,24.185,75.961,263,55.251,25.712,0,1
A003,02-01-2025 18:00,A003-ENG,Engine,72.51,2.747,74.982,52.886,1839.051,148.245,23.621,76.156,501,65.122,25.757,0,0
A003,02-01-2025 21:00,A003-ENG,Engine,76.465,2.513,73.25,59.085,1883.896,148.924,24.985,74.295,444,71.493,22.337,0,1
A003,02-01-2025 23:00,A003-ENG,Engine,74.015,3.058,73.531,54.099,1791.55,151.619,23.662,74.631,256,65.75,14.871,0,1
A003,03-01-2025 01:00,A003-ENG,Engine,77.006,3.173,79.696,54.029,1705.888,143.251,24.467,79.763,181,55.025,26.363,0,0
A003,03-01-2025 02:00,A003-ENG,Engine,71.37,3.712,74.995,55.534,1781.54,151.238,23.32,74.568,531,63.325,18.646,0,0
A003,03-01-2025 04:00,A003-ENG,Engine,74.326,2.825,77.054,55.673,1901.704,150.672,23.983,72.738,201,60.069,28.875,0,0
A003,03-01-2025 13:00,A003-ENG,Engine,73.749,2.967,72.741,52.162,1740.701,145.501,23.357,78.69,252,60.29,18.989,0,0
A003,03-01-2025 14:00,A003-ENG,Engine,80.391,2.698,75.232,56.608,1840.517,143.727,23.484,78.89,234,56.797,34.878,0,0
A003,03-01-2025 16:00,A003-ENG,Engine,77.862,2.979,69.789,52.397,1895.194,149.536,23.219,77.304,419,58.885,25.628,0,0
A003,03-01-2025 17:00,A003-ENG,Engine,74.642,3.052,77.86,55.62,1723.858,155.305,23.331,77.156,502,67.324,25.594,0,0
A003,03-01-2025 19:00,A003-ENG,Engine,80.257,2.577,76.08,55.91,1734.682,141.182,23.6,80.831,412,56.64,26.029,0,0
A003,03-01-2025 20:00,A003-ENG,Engine,91.35,5.919,63.169,52.651,1689.877,140.092,23.802,73.602,291,49.344,24.42,1,1
A003,04-01-2025 00:00,A003-ENG,Engine,75.635,3.102,73.526,54.577,1720.332,151.404,23.93,79.37,384,63.779,27.941,0,1
A003,04-01-2025 01:00,A003-ENG,Engine,79.683,3.48,74.695,53.48,1809.827,150.608,23.585,79.491,440,68.562,25.539,0,0
A003,04-01-2025 02:00,A003-ENG,Engine,74.931,3.564,78.296,56.464,1918.738,153.941,23.973,77.508,381,68.303,33.68,0,0
A003,04-01-2025 03:00,A003-ENG,Engine,76.52,2.937,74.905,53.138,1681.486,153.653,23.617,76.912,489,59.165,36.384,0,0
A003,04-01-2025 13:00,A003-ENG,Engine,79.678,3.157,73.402,51.82,1805.606,141.365,23.541,75.999,491,66.967,39.399,0,0
A003,04-01-2025 21:00,A003-ENG,Engine,78.14,2.953,74.173,50.85,1931.638,150.897,23.418,76.154,473,51.546,28.43,0,0
A003,04-01-2025 23:00,A003-ENG,Engine,77.645,4.016,72.345,54.934,2054.63,149.589,23.691,75.401,224,77.523,24.204,0,1
A003,05-01-2025 06:00,A003-ENG,Engine,80.57,3.184,78.989,54.873,1791.277,151.024,23.576,73.959,323,63.81,28.719,0,1
A003,05-01-2025 08:00,A003-ENG,Engine,77.555,3.058,72.078,52.278,1861.731,145.955,23.489,76.524,368,57.979,21.245,0,0
A003,05-01-2025 14:00,A003-ENG,Engine,78.542,2.913,69.382,56.106,1743.138,153.224,23.68,78.34,290,64.542,16.724,0,1
A003,05-01-2025 18:00,A003-ENG,Engine,78.897,2.152,73.092,56.009,1783.591,146.735,23.565,78.954,462,57.296,35.943,0,0
A003,05-01-2025 19:00,A003-ENG,Engine,74.373,3.003,71.485,58.425,1738.348,139.943,23.451,78.786,399,72.819,41.383,0,0
A003,05-01-2025 20:00,A003-ENG,Engine,82.326,3.072,71.248,53.296,1687.294,146.69,23.57,79.361,574,63.504,23.663,0,0
A003,06-01-2025 01:00,A003-ENG,Engine,74.92,3.585,72.65,49.555,1816.05,146.863,23.442,76.55,562,65.904,27.574,0,1
A003,06-01-2025 02:00,A003-ENG,Engine,76.616,2.828,74.701,51.488,1812.059,146.14,23.45,75.843,414,62.021,30.044,0,0
A003,06-01-2025 04:00,A003-ENG,Engine,79.99,3.131,76.485,55.303,1826.952,144.363,23.8,75.548,517,77.551,32.111,0,1
A003,06-01-2025 06:00,A003-ENG,Engine,76.483,2.912,68.129,52.797,1710.958,148.897,23.346,77.191,408,63.616,29.759,0,0
A003,06-01-2025 07:00,A003-ENG,Engine,94.78,7.134,63.752,53.801,1615.443,132.864,23.479,76.308,499,61.28,27.949,1,1
A003,06-01-2025 08:00,A003-ENG,Engine,95.402,6.594,62.935,56.768,1799.843,131.69,23.536,80.664,513,63.958,34.748,1,1
A003,06-01-2025 12:00,A003-ENG,Engine,79.047,2.66,70.783,55.824,1805.461,149.819,23.651,82.684,473,64.165,38.027,0,0
A003,06-01-2025 14:00,A003-ENG,Engine,77.899,3.767,72.566,55.292,1850.194,145.028,23.727,82.207,359,69.747,34.506,0,0
A003,06-01-2025 16:00,A003-ENG,Engine,79.263,3.441,71.388,51.211,1693.279,147.211,23.147,79.014,274,64.159,30.925,0,1
A003,06-01-2025 18:00,A003-ENG,Engine,80.262,3.063,70.133,55.778,1885.294,151.163,23.883,77.987,619,66.347,26.76,0,1
A003,06-01-2025 21:00,A003-ENG,Engine,77.257,2.934,72.239,51.681,1644.95,146.86,24.084,78.448,455,69.6,19.349,0,0
A003,07-01-2025 04:00,A003-ENG,Engine,91.63,7.162,60.773,55.051,1794.641,126.408,23.386,75.759,446,66.472,30.73,1,1
A003,07-01-2025 18:00,A003-ENG,Engine,79.707,3.337,69.468,51.224,1747.763,148.495,23.249,78.39,338,54.398,28.147,0,0
A003,07-01-2025 22:00,A003-ENG,Engine,82.976,3.879,69.629,53.092,1718.478,147.443,23.54,78.447,577,55.183,27.096,0,0
A003,08-01-2025 01:00,A003-ENG,Engine,82.094,3.426,78.042,53.002,1655.352,142.229,24.009,79.072,463,71.194,27.287,0,1
A003,08-01-2025 05:00,A003-ENG,Engine,78.107,3.657,70.028,53.596,1751.621,147.85,23.282,78.878,316,60.767,32.453,0,0
A003,08-01-2025 08:00,A003-ENG,Engine,84.797,3.971,72.379,51.383,1713.855,144.39,23.919,82.663,323,71.926,28.485,1,1
A003,08-01-2025 12:00,A003-ENG,Engine,82.829,3.237,70.452,48.986,1653.225,152.51,23.676,76.905,573,65.564,29.854,0,1
A003,08-01-2025 14:00,A003-ENG,Engine,81.429,3.292,70.526,52.098,1848.324,144.526,23.07,81.813,288,69.303,29.263,0,0
A003,08-01-2025 15:00,A003-ENG,Engine,81.041,2.913,72.106,52.116,1876.993,149.899,23.596,76.361,453,69.969,24.114,0,1
A003,08-01-2025 22:00,A003-ENG,Engine,80.618,3.094,70.678,52.402,1742.582,148.527,23.507,79.31,410,74.199,25.657,1,0
A003,09-01-2025 01:00,A003-ENG,Engine,81.893,4.195,73.967,54.281,1922.322,149.743,23.26,77.536,488,66.866,29.8,1,1
A003,09-01-2025 04:00,A003-ENG,Engine,78.019,3.495,71.424,54.761,1862.685,147.893,23.795,79.15,457,60.057,32.385,0,1
A003,09-01-2025 05:00,A003-ENG,Engine,85.173,3.753,70.554,51.652,1896.944,143.13,24.2,78.699,615,85.435,29.078,1,0
A003,09-01-2025 11:00,A003-ENG,Engine,80.113,3,74.833,54.968,1768.948,152.681,23.17,76.399,664,80.105,23.607,1,1
A003,09-01-2025 15:00,A003-ENG,Engine,89.677,5.605,65.87,55.797,1774.043,140.148,22.378,82.312,514,78.589,27.281,1,0
A003,09-01-2025 19:00,A003-ENG,Engine,83.779,3.884,74.959,56.873,1615.871,142.588,22.734,81.539,378,67.002,27.554,1,0
A003,09-01-2025 21:00,A003-ENG,Engine,86.194,6.85,64.231,57.846,1646.6,139.696,23.422,78.264,527,73.433,33.848,1,1
A003,09-01-2025 22:00,A003-ENG,Engine,84.289,2.898,72.923,55.524,1740.717,157.842,23.427,75.964,446,75.784,26.401,1,0
A003,10-01-2025 00:00,A003-ENG,Engine,76.837,2.999,71.96,52.935,1776.744,142.036,23.122,81.153,410,72.442,34.113,0,0
A003,10-01-2025 05:00,A003-ENG,Engine,83.175,3.392,71.119,52.991,1668.507,147.747,23.183,80.04,380,76.082,36.363,1,1
A003,10-01-2025 23:00,A003-ENG,Engine,82.676,3.325,66.871,50.45,1919.784,143.082,23.108,85.184,640,68.422,31.712,1,0
A003,11-01-2025 01:00,A003-ENG,Engine,81.961,3.31,75.052,53.501,1896.998,147.107,23.307,78.024,363,57.215,36.26,0,0
A003,11-01-2025 02:00,A003-ENG,Engine,79.789,4.045,74.724,51.942,1860.433,147.735,23.232,84.754,600,70.858,36.204,1,0
A003,11-01-2025 05:00,A003-ENG,Engine,80.572,4.5,65.059,54.437,1737.338,154.466,23.353,79.537,623,72.539,26.43,1,1
A003,11-01-2025 11:00,A003-ENG,Engine,80.324,3.312,71.338,53.863,1775.287,148.453,23.283,82.27,525,64.374,33.073,1,0
A003,11-01-2025 15:00,A003-ENG,Engine,85.556,3.975,65.874,50.416,1814.955,146.676,23.061,85.186,381,76.143,32.712,1,0
A003,11-01-2025 17:00,A003-ENG,Engine,80.936,3.679,67.113,54.061,1868.512,150.748,23.462,81.169,572,87.837,34.462,1,1
A003,11-01-2025 19:00,A003-ENG,Engine,83.697,3.493,71.651,53.076,1778.389,143.316,23.061,81.119,504,81.979,32.555,1,1
A003,11-01-2025 23:00,A003-ENG,Engine,92.162,7.761,57.588,54.557,1839.706,136.143,23.527,81.613,707,68.036,31.758,1,1
A003,12-01-2025 00:00,A003-ENG,Engine,83.916,3.861,69.707,55.014,1739.313,156.618,23.475,79.345,714,77.341,33.863,1,0
A003,12-01-2025 01:00,A003-ENG,Engine,84.092,3.145,66.29,54.086,1779.971,143.904,23.032,78.683,561,79.797,25.967,1,1
A003,12-01-2025 03:00,A003-ENG,Engine,82.918,3.783,73.115,51.201,1802.098,151.421,23.307,80.937,719,62.397,18.648,1,0
A003,12-01-2025 05:00,A003-ENG,Engine,94.557,6.888,60.992,56.736,1930.483,123.707,23.04,81.733,720,79.876,21.363,1,1
A003,12-01-2025 10:00,A003-ENG,Engine,87.901,3.717,69.465,54.623,1801.918,145.715,23.502,82.794,569,78.793,29.306,1,1
A003,12-01-2025 11:00,A003-ENG,Engine,81.91,4.228,67.096,55.805,1842.484,142.688,23.353,80.574,618,76.814,27.567,1,0
A003,12-01-2025 15:00,A003-ENG,Engine,87.153,3.252,71.825,47.883,1925.434,138.341,24.016,81.195,436,87.119,35.421,1,1
A003,12-01-2025 17:00,A003-ENG,Engine,84.352,3.458,70.662,53.404,1639.021,153.665,23.668,80.424,747,67.942,31.14,1,0
A003,12-01-2025 21:00,A003-ENG,Engine,79.189,3.788,70.291,51.069,1974.573,149.607,22.518,78.58,754,69.299,37.866,1,1
A003,13-01-2025 01:00,A003-ENG,Engine,82.673,3.661,69.243,54.456,1755.014,142.112,23.536,83.024,606,85.484,33.797,1,1
A003,13-01-2025 05:00,A003-ENG,Engine,83.427,3.44,70.334,52.447,1786.486,148.239,23.363,82.396,502,77.186,40.318,1,1
A003,14-01-2025 19:00,A003-ENG,Engine,84.755,4.333,65.716,54.744,1791.753,142.142,22.843,86.772,472,68.941,26.341,1,1
A003,14-01-2025 22:00,A003-ENG,Engine,82.585,3.102,64.522,50.438,1740.988,146.574,22.62,80.928,549,72.798,24.422,1,1
A003,15-01-2025 00:00,A003-ENG,Engine,84.548,3.567,64.846,50.905,1759.502,144.178,22.913,80.103,683,75.351,32.509,1,1
A003,15-01-2025 07:00,A003-ENG,Engine,86.741,4.412,70.047,50.343,1808.968,142.067,23.005,81.76,758,91.014,33.917,1,0
A003,15-01-2025 08:00,A003-ENG,Engine,84.042,4.665,67.921,49.711,1890.672,146.275,23.495,84.086,724,80.699,37.631,1,0
A003,15-01-2025 10:00,A003-ENG,Engine,85.677,3.869,68.114,51.927,1760.001,146.85,23.156,87.581,518,87.048,37.968,1,1
A003,15-01-2025 11:00,A003-ENG,Engine,87.341,4.312,71.302,47.324,1912.768,147.004,22.419,85.122,681,82.402,31.906,1,1
A003,15-01-2025 13:00,A003-ENG,Engine,82.461,4.56,71.899,55.488,1785.797,142.63,22.609,81.521,492,81.265,34.239,1,1
A003,15-01-2025 23:00,A003-ENG,Engine,99.718,7.183,59.908,53.266,1786.041,139.968,23.069,86.797,613,78.438,24.142,1,1
A003,16-01-2025 07:00,A003-ENG,Engine,87.666,4.084,66.695,55.446,1853.04,143.848,22.67,86.225,665,83.22,29.182,1,1
A003,16-01-2025 09:00,A003-ENG,Engine,83.291,4.209,64.279,53.474,1729.314,140.844,22.961,82.824,666,77.828,30.859,1,1
A003,16-01-2025 14:00,A003-ENG,Engine,84.308,4.108,64.608,51.702,1959.057,146.928,22.955,82.315,870,69.622,23.859,1,1
A003,16-01-2025 18:00,A003-ENG,Engine,82.981,3.96,65.75,52.185,1744.158,143.118,22.864,86.478,533,94.75,30.739,1,1
A003,16-01-2025 20:00,A003-ENG,Engine,85.897,3.871,67.33,54.581,1654.677,138.994,22.64,84.447,809,79.139,33.214,1,1
A003,17-01-2025 14:00,A003-ENG,Engine,85.059,4.416,67.801,54.08,1717.032,141.123,22.989,83.353,793,79.406,20.716,1,1
A004,01-01-2025 02:00,A004-ENG,Engine,73.313,2.3,75.283,54.807,1816.623,153.106,24.09,76.378,146,48.968,35.907,0,0
A004,01-01-2025 07:00,A004-ENG,Engine,71.662,2.199,72.831,56.385,1822.002,153.215,23.938,76.505,272,39.254,24.154,0,0
A004,01-01-2025 09:00,A004-ENG,Engine,76.52,2.14,79.274,56.976,1907.564,155.135,23.878,75.214,147,30.563,29.02,0,0
A004,01-01-2025 10:00,A004-ENG,Engine,91.275,4.672,63.777,53.989,1698.978,142.246,24.071,76.47,237,47.146,29.71,1,0
A004,01-01-2025 20:00,A004-ENG,Engine,71.019,2.572,80.003,57.334,1755.662,153.807,23.285,78.092,416,50.886,29.981,0,0
A004,01-01-2025 23:00,A004-ENG,Engine,70.861,2.652,77.228,57.318,1894.478,144.286,23.881,74.679,338,40.16,22.729,0,1
A004,02-01-2025 06:00,A004-ENG,Engine,71.434,2.046,81.087,54.628,1794.279,144.498,23.75,76.607,267,41.318,27.305,0,0
A004,02-01-2025 11:00,A004-ENG,Engine,72.321,2.381,76.817,52.695,1669.068,146.8,24.196,76.341,461,51.47,24.801,0,0
A004,02-01-2025 21:00,A004-ENG,Engine,71.242,3.204,79.38,56.888,1778.491,149.431,24.11,75.113,289,50.318,26.626,0,0
A004,03-01-2025 03:00,A004-ENG,Engine,71.818,2.409,79.742,56.84,1713.274,157.667,23.899,76.755,509,40.082,26.9,0,0
A004,03-01-2025 04:00,A004-ENG,Engine,86.149,5.369,64.562,57.427,1897.804,137.373,24.391,73.782,205,45.313,39.318,1,0
A004,03-01-2025 06:00,A004-ENG,Engine,72.632,2.668,81.104,52.007,1676.873,145.541,23.3,73.417,399,45.43,36.167,0,0
A004,03-01-2025 11:00,A004-ENG,Engine,77.762,2.424,74.847,55.716,1698.061,148.42,23.613,75.071,209,51.523,34.499,0,0
A004,03-01-2025 12:00,A004-ENG,Engine,83.423,4.614,64.718,49.991,1626.897,132.415,23.913,75.598,492,65.87,32.311,1,1
A004,03-01-2025 18:00,A004-ENG,Engine,79.158,2.001,77.24,50.261,1796.29,147.474,24.2,75.799,426,63.07,24.879,0,0
A004,04-01-2025 06:00,A004-ENG,Engine,69.804,3.074,73.079,57.585,1860.265,148.72,23.921,77.881,448,53.092,37.128,0,0
A004,04-01-2025 09:00,A004-ENG,Engine,73.609,2.951,77.002,55.144,1673.758,152.76,23.554,74.94,286,68.068,33.488,0,0
A004,04-01-2025 11:00,A004-ENG,Engine,76.21,2.585,76.762,53.222,1928.033,142.837,23.856,76.712,520,61.278,29.896,0,0
A004,04-01-2025 14:00,A004-ENG,Engine,73.513,3.12,77.836,51.777,1898.584,145.359,24.002,78.256,194,60.142,39.266,0,0
A004,04-01-2025 17:00,A004-ENG,Engine,70.681,2.37,79.914,56.242,1810.985,152.963,23.693,78.07,287,68.612,28.767,0,1
A004,04-01-2025 22:00,A004-ENG,Engine,73.713,2.737,74.437,48.784,1728.915,158.348,23.926,80.632,444,52.929,18.216,0,0
A004,05-01-2025 02:00,A004-ENG,Engine,74.323,2.301,80.28,54.538,1788.285,154.974,23.528,76.812,344,54.115,23.417,0,0
A004,05-01-2025 07:00,A004-ENG,Engine,73.455,2.313,75.535,52.583,1794.345,142.626,23.936,76.441,539,59.284,34.436,0,0
A004,05-01-2025 08:00,A004-ENG,Engine,73.5,3.034,77.581,57.917,1953.394,149.898,23.6,75.683,285,52.53,27.959,0,0
A004,05-01-2025 10:00,A004-ENG,Engine,75.864,2.546,73.438,56.707,1893.474,140.725,24.151,77.232,379,57.981,35.691,0,0
A004,05-01-2025 16:00,A004-ENG,Engine,76.474,1.793,84.042,56.425,1782.192,145.726,24.01,78.791,523,57.573,32.292,0,0
A004,05-01-2025 18:00,A004-ENG,Engine,75.131,2.88,77.294,53.867,1692.626,146.81,23.44,77.28,226,62.49,32.021,0,0
A004,05-01-2025 23:00,A004-ENG,Engine,75.167,2.577,72.756,53.108,1829.669,148.168,23.664,79.439,312,54.528,36.796,0,0
A004,06-01-2025 02:00,A004-ENG,Engine,74.897,2.647,75.204,55.447,1741.467,155.375,23.373,78.479,299,55.628,27.746,0,0
A004,06-01-2025 04:00,A004-ENG,Engine,73.576,3.039,74.847,53.378,1767.106,153.429,23.303,78.654,309,57.038,30.34,0,0
A004,06-01-2025 06:00,A004-ENG,Engine,71.384,2.364,77.565,53.85,1848.39,148.37,23.549,76.79,597,48.159,37.014,0,0
A004,06-01-2025 08:00,A004-ENG,Engine,74.165,2.745,73.171,55.553,1888.649,153.08,23.482,76.081,324,60.65,38.78,0,0
A004,06-01-2025 14:00,A004-ENG,Engine,77.058,2.843,78.441,58.967,1775.718,151.505,23.596,79.362,304,58.548,19.211,0,0
A004,06-01-2025 16:00,A004-ENG,Engine,78.046,2.939,78.088,50.827,1790.319,142.64,23.467,81.633,310,67.082,33.311,0,0
A004,06-01-2025 19:00,A004-ENG,Engine,72.252,2.684,74.438,54.345,1807.698,146.616,23.425,78.609,402,66.227,31.393,0,1
A004,06-01-2025 22:00,A004-ENG,Engine,76.711,2.915,77.423,52.745,1742.78,147.726,23.128,79.364,384,67.104,26.45,0,0
A004,07-01-2025 07:00,A004-ENG,Engine,74.836,2.617,70.24,52.776,1899.437,151.316,23.731,79.038,468,70.865,24.699,0,0
A004,07-01-2025 10:00,A004-ENG,Engine,79.622,3.496,74.272,53.504,1724.682,150.608,24.073,81.362,394,59.229,25.807,0,0
A004,07-01-2025 12:00,A004-ENG,Engine,76.535,2.874,73.869,56.413,1763.932,140.475,23.454,79.861,644,62.322,31.671,0,0
A004,07-01-2025 13:00,A004-ENG,Engine,80.185,2.158,75.114,56.28,1909.261,150.678,23.769,76.843,289,70.634,24,0,0
A004,08-01-2025 13:00,A004-ENG,Engine,75.108,2.653,74.678,50.555,1757.072,153.13,22.93,78.845,548,56.41,40.026,0,0
A004,08-01-2025 14:00,A004-ENG,Engine,77.095,3.035,72.533,55.612,1824.396,151.133,23.339,80.036,548,59.506,37.288,0,1
A004,08-01-2025 15:00,A004-ENG,Engine,75.812,3.027,76.777,52.258,1811.392,148.449,23.576,76.16,533,53.876,23.171,0,0
A004,08-01-2025 16:00,A004-ENG,Engine,74.146,2.807,71.898,55.136,1843.131,148.301,23.342,75.525,303,57.67,26.193,0,0
A004,08-01-2025 22:00,A004-ENG,Engine,82.397,2.588,76.512,56.185,1712.639,145.325,23.225,79.484,643,58.86,29.009,0,0
A004,09-01-2025 02:00,A004-ENG,Engine,79.22,3.365,73.611,51.396,1759.594,147.528,23.198,77.848,503,65.296,24.973,0,0
A004,09-01-2025 03:00,A004-ENG,Engine,74.985,2.909,75.989,54.686,1740.526,142.347,23.214,81.186,322,69.137,31.764,0,0
A004,09-01-2025 04:00,A004-ENG,Engine,81.208,2.902,77.018,54.947,1622.065,143.685,22.985,76.336,336,69.121,40.344,0,1
A004,09-01-2025 05:00,A004-ENG,Engine,78.043,2.988,73.834,54.598,1878.722,149.385,23.559,79.823,667,49.405,34.489,0,1
A004,09-01-2025 09:00,A004-ENG,Engine,78.051,3.148,75.417,50.895,1827.259,151.117,23.796,81.468,446,66.504,21.313,0,0
A004,09-01-2025 10:00,A004-ENG,Engine,80.498,2.683,74.233,53.982,1881.071,140.773,22.621,80.126,448,42.21,30.793,0,1
A004,09-01-2025 12:00,A004-ENG,Engine,78.161,2.709,76.309,54.654,1731.14,148.305,23.119,76.891,616,57.808,29.748,0,0
A004,09-01-2025 19:00,A004-ENG,Engine,76.37,2.704,76.07,56.171,1904.654,147.415,23.622,81.766,443,64.215,30.962,0,0
A004,09-01-2025 23:00,A004-ENG,Engine,83.3,3.015,67.102,51.952,1721.19,144.689,23.227,79.05,397,56.742,24.207,0,1
A004,10-01-2025 03:00,A004-ENG,Engine,78.606,2.878,75.189,53.516,1745.55,146.551,23.838,83.237,511,65.029,30.286,0,1
A004,10-01-2025 05:00,A004-ENG,Engine,80.931,3.109,77.706,49.86,1982.002,155.845,23.497,82.19,654,63.345,28.952,0,0
A004,10-01-2025 06:00,A004-ENG,Engine,79.322,3.786,74.199,50.357,1947.988,142.341,23.138,81.093,323,67.049,22.773,0,0
A004,10-01-2025 13:00,A004-ENG,Engine,78.557,3.516,77.735,54.899,1748.674,146.979,23.514,82.4,412,63.529,27.166,0,0
A004,10-01-2025 15:00,A004-ENG,Engine,76.811,3.158,74.543,52.585,1669.103,155.641,23.39,81.688,621,60.894,22.19,0,0
A004,10-01-2025 19:00,A004-ENG,Engine,78.117,3.317,75.275,54.271,1830.502,147.405,22.542,82.431,351,68.43,25.076,0,0
A004,10-01-2025 20:00,A004-ENG,Engine,79.968,3.255,76.035,52.617,1837.08,144.566,23.681,77.681,371,71.12,30.089,0,0
A004,11-01-2025 00:00,A004-ENG,Engine,80.625,2.934,71.329,52.019,1790.912,146.611,23.207,78.943,736,71.021,36.631,0,0
A004,11-01-2025 01:00,A004-ENG,Engine,82.767,2.416,75.607,56.468,1722.383,153.306,23.215,81.654,524,59.145,35.005,0,1
A004,11-01-2025 04:00,A004-ENG,Engine,84.363,2.731,74.393,51.599,2042.065,151.909,23.367,78.644,373,57.198,33.731,0,0
A004,11-01-2025 09:00,A004-ENG,Engine,77.231,3.939,78.338,52.12,2010.515,150.638,23.027,76.061,748,70.904,30.156,0,1
A004,11-01-2025 13:00,A004-ENG,Engine,79.548,2.557,75.354,50.225,1803.151,146.374,22.745,82.07,450,82.883,28.437,0,0
A004,11-01-2025 15:00,A004-ENG,Engine,76.77,3.229,74.146,52.15,1923.457,147.043,22.93,79.126,705,64.07,35.567,0,1
A004,11-01-2025 16:00,A004-ENG,Engine,84.275,3.355,71.522,54.553,1869.302,145.212,22.825,82.472,532,66.344,22.417,0,0
A004,11-01-2025 18:00,A004-ENG,Engine,79.486,3.085,72.84,51.993,1926.512,146.699,23.302,81.899,548,57.739,30.543,0,1
A004,12-01-2025 02:00,A004-ENG,Engine,76.923,3.64,72.294,48.821,1891.611,142.893,23.825,83.946,646,64.639,32.297,0,1
A004,12-01-2025 03:00,A004-ENG,Engine,86.845,3.3,74.502,51.125,1649.275,145.511,23.212,82.334,558,55.165,33.303,0,1
A004,12-01-2025 09:00,A004-ENG,Engine,79.92,3.45,70.771,56.938,1626.364,148.899,23.309,83.111,430,61.232,35.846,0,0
A004,12-01-2025 11:00,A004-ENG,Engine,92.048,6.499,61.422,49.859,1678.7,132.576,23.432,81.356,702,80.68,23.175,1,1
A004,12-01-2025 12:00,A004-ENG,Engine,83.03,3.721,70.472,54.578,1710.66,146.766,23.402,80.229,412,73.382,27.473,1,1
A004,12-01-2025 14:00,A004-ENG,Engine,77.984,3.62,77.965,55.608,1907.195,147.782,23.011,81.838,390,70.737,23.712,0,0
A004,12-01-2025 21:00,A004-ENG,Engine,78.563,2.926,76.103,54.627,1774.356,147.846,23.281,86.811,502,74.629,34.174,0,1
A004,13-01-2025 02:00,A004-ENG,Engine,84.469,3.795,70.457,53.468,1660.743,152.462,23.208,84.948,663,67.086,20.719,1,1
A004,13-01-2025 03:00,A004-ENG,Engine,91.69,7.871,62.287,52.619,1821.424,130.925,22.885,85.839,393,66.966,25.812,1,0
A004,13-01-2025 08:00,A004-ENG,Engine,79.95,3.674,74.649,52.475,1756.889,146.128,23.361,80.427,623,58.71,37.421,0,0
A004,13-01-2025 10:00,A004-ENG,Engine,83.991,3.829,78.019,54.788,1839.351,151.44,22.887,81.659,643,67.947,36.844,1,1
A004,13-01-2025 11:00,A004-ENG,Engine,82.376,3.133,74.084,55.494,1908.042,147.676,23.071,85.946,479,68.647,34.702,0,1
A004,13-01-2025 13:00,A004-ENG,Engine,79.578,3.389,70.105,51.767,1733.029,143.368,22.744,81.559,401,61.491,32.933,0,0
A004,13-01-2025 23:00,A004-ENG,Engine,84.53,3.173,71.312,52.907,1943.478,142.68,23.169,84.325,777,73.821,33.027,1,1
A004,14-01-2025 00:00,A004-ENG,Engine,80.694,3.343,75.517,51.399,1828.825,143.209,23.946,87.417,784,68.454,32.599,0,0
A004,14-01-2025 03:00,A004-ENG,Engine,81.77,2.99,68.645,51.876,1838.759,154.014,23.398,85.741,726,74.753,31.834,1,0
A004,14-01-2025 04:00,A004-ENG,Engine,80.254,3.756,69.621,54.157,1852.168,149.303,23.33,85.977,803,69.192,32.651,1,0
A004,14-01-2025 16:00,A004-ENG,Engine,80.201,3.603,67.431,55.255,1815.044,144.125,22.864,84.939,827,46.711,25.879,0,0
A004,14-01-2025 22:00,A004-ENG,Engine,77.479,3.212,72.857,51.835,1855.299,147.525,22.537,85.381,438,60.77,26.175,0,1
A004,15-01-2025 03:00,A004-ENG,Engine,82.694,2.909,71.186,50.956,1848.076,144.692,22.955,81.985,642,84.821,23.582,1,1
A004,15-01-2025 15:00,A004-ENG,Engine,84.764,3.069,70.3,48.68,1707.332,146.881,23.065,83.149,753,80.766,36.77,1,0
A004,15-01-2025 16:00,A004-ENG,Engine,83.739,3.16,75.838,54.64,1692.097,142.444,23.091,83.123,659,76.193,28.203,1,0
A004,15-01-2025 18:00,A004-ENG,Engine,82.284,4,75.114,52.185,1780.76,146.137,22.094,84.411,753,77.725,30.723,1,0
A004,15-01-2025 20:00,A004-ENG,Engine,82.547,3.82,67.823,47.231,1882.911,141.218,22.719,79.534,803,80.269,31.752,1,1
A004,16-01-2025 02:00,A004-ENG,Engine,83.016,3.885,69.85,50.89,1925.446,148.219,23.284,83.167,842,68.301,34.744,1,1
A004,16-01-2025 05:00,A004-ENG,Engine,86.503,3.996,69.518,51.361,1845.395,147.562,22.683,80.891,833,89.558,34.781,1,1
A004,16-01-2025 16:00,A004-ENG,Engine,85.563,3.512,70.942,51.233,1849.115,144.522,22.726,84.492,671,60.678,29.621,1,1
A004,16-01-2025 18:00,A004-ENG,Engine,80.832,3.903,70.625,50.911,1772.245,154.099,23.293,87.387,594,59.444,29.244,1,0
A004,16-01-2025 20:00,A004-ENG,Engine,82.794,3.41,68.805,53.238,1735.842,148.506,22.842,86.139,832,78.682,34.215,1,0
A004,16-01-2025 22:00,A004-ENG,Engine,80.907,3.612,70.481,50.111,1580.421,141.119,22.945,85.522,546,77.666,33.048,1,0
A004,17-01-2025 02:00,A004-ENG,Engine,86.052,3.551,72.256,50.695,1873.281,149.324,23.222,87.592,687,76.301,36.19,1,1
A004,17-01-2025 06:00,A004-ENG,Engine,82.371,3.435,65.597,53.462,1774.517,139.038,22.841,85.912,529,72.606,30.58,1,1
A004,17-01-2025 07:00,A004-ENG,Engine,85.18,4.086,72.545,50.717,1857.259,146.974,22.579,83.846,729,79.711,36.885,1,1
A004,17-01-2025 14:00,A004-ENG,Engine,83.634,3.465,74.264,49.86,1961.152,150.402,23.327,86.321,690,57.811,24.804,1,0
A005,01-01-2025 04:00,A005-ENG,Engine,75.512,2.699,72.59,49.568,1915.366,147.484,23.335,75.976,214,61.589,33.839,0,0
A005,01-01-2025 15:00,A005-ENG,Engine,76.736,3.116,74.965,53.34,1592.049,153.069,24.656,78.966,173,57.366,24.537,0,0
A005,01-01-2025 22:00,A005-ENG,Engine,79.576,2.608,72.404,55.613,1946.833,148.112,24.232,73.876,176,59.534,24.19,0,0
A005,01-01-2025 23:00,A005-ENG,Engine,79.465,2.643,70.211,54.423,1826.939,150.52,23.876,78.55,488,60.516,29.476,0,1
A005,02-01-2025 01:00,A005-ENG,Engine,74.487,2.894,78.581,55.793,1823.418,152.242,23.87,75.993,398,55.639,22.247,0,0
A005,02-01-2025 04:00,A005-ENG,Engine,76.158,2.738,72.906,53.45,1762.753,145.652,23.668,76.987,299,57.896,21.233,0,0
A005,02-01-2025 09:00,A005-ENG,Engine,79.478,3.349,75.385,55.884,1747.039,148.499,23.524,74.868,304,59.216,21.698,0,1
A005,02-01-2025 15:00,A005-ENG,Engine,74.038,3.182,77.837,55.817,1654.491,152.528,24.339,76.322,155,76.264,23.395,0,0
A005,02-01-2025 17:00,A005-ENG,Engine,76.655,3.358,77.08,57.387,1735.338,149.634,23.609,76.504,443,63.187,34.799,0,0
A005,02-01-2025 19:00,A005-ENG,Engine,75.477,2.638,78.971,56.467,1752.81,144.789,23.968,75.089,257,57.33,24.324,0,0
A005,02-01-2025 20:00,A005-ENG,Engine,81.891,3.066,71.911,51.599,1835.835,147.863,24.334,76.664,199,44.878,24.903,0,0
A005,03-01-2025 08:00,A005-ENG,Engine,72.161,2.324,75.392,52.624,1673.083,150.819,24.12,78.502,288,68.491,25.409,0,0
A005,03-01-2025 11:00,A005-ENG,Engine,72.731,3.021,74.263,56.212,1676.306,143.139,24.086,75.693,496,60.95,26.701,0,0
A005,03-01-2025 17:00,A005-ENG,Engine,76.262,2.891,69.072,53.874,1820.9,150.114,24.668,77.187,508,67.092,35.825,0,1
A005,03-01-2025 20:00,A005-ENG,Engine,78.638,3.275,70.363,51.534,1852.572,146.163,24.109,73.44,563,61.451,29.829,0,0
A005,03-01-2025 21:00,A005-ENG,Engine,76.828,3.136,76.809,53.765,1869.811,151.081,24.256,76.614,492,48.462,29.662,0,0
A005,04-01-2025 01:00,A005-ENG,Engine,74.227,3.134,74.322,51.956,1755.672,151.57,24.183,75.02,563,53.772,39.755,0,0
A005,04-01-2025 07:00,A005-ENG,Engine,73.357,2.917,72.607,52.07,1796.811,143.085,23.807,76.72,333,43.083,27.384,0,0
A005,04-01-2025 11:00,A005-ENG,Engine,75.09,2.885,67.318,54.145,1872.244,148.012,23.544,76.48,466,72.899,29.728,0,0
A005,04-01-2025 12:00,A005-ENG,Engine,75.766,3.734,74.44,58.626,1762.189,155.06,23.789,78.773,552,53.481,31.742,0,0
A005,04-01-2025 20:00,A005-ENG,Engine,74.075,3.305,78.1,56.439,1829.854,146.284,23.624,79.414,398,45.487,28.184,0,1
A005,05-01-2025 00:00,A005-ENG,Engine,73.419,3.399,69.738,53.788,1656.105,144.575,24.166,79.489,557,73.199,22.755,0,1
A005,05-01-2025 02:00,A005-ENG,Engine,77.008,3.629,75.454,55.107,1705.643,145.836,24.177,78.395,244,71.236,30.369,0,0
A005,05-01-2025 09:00,A005-ENG,Engine,77.958,2.8,73.275,54.07,1794.968,153.626,23.226,81.693,341,64.288,32.901,0,0
A005,05-01-2025 10:00,A005-ENG,Engine,76.199,3.438,70.09,52.494,1814.837,150.566,23.837,75.682,253,51.83,32.695,0,0
A005,05-01-2025 19:00,A005-ENG,Engine,79.734,3.282,73.571,52.999,1919.777,148.405,23.107,80.34,499,66.93,35.575,0,0
A005,05-01-2025 20:00,A005-ENG,Engine,77.85,3.38,72.591,55.735,1534.733,148.259,23.616,77.622,262,58.223,34.531,0,0
A005,06-01-2025 08:00,A005-ENG,Engine,74.741,3.752,75.511,53.997,1906.472,147.11,23.716,77.117,328,73.72,26.464,0,0
A005,06-01-2025 10:00,A005-ENG,Engine,78.54,2.702,69.623,53.296,1800.767,148.423,23.415,77.055,464,62.952,31.493,0,0
A005,07-01-2025 00:00,A005-ENG,Engine,77.108,3.471,70.576,53.925,1929.386,148.802,23.19,82.956,596,81.088,32.506,0,1
A005,07-01-2025 01:00,A005-ENG,Engine,77.621,2.762,79.25,51.099,1826.78,149.331,23.746,78.446,452,66.417,30.692,0,1
A005,07-01-2025 04:00,A005-ENG,Engine,78.276,3.24,78.653,55.628,1883.409,159.032,23.691,78.939,287,61.805,27.737,0,0
A005,07-01-2025 05:00,A005-ENG,Engine,81.056,3.236,73.011,53.798,1924.747,152.975,23.543,76.927,437,74.692,25.127,0,1
A005,07-01-2025 06:00,A005-ENG,Engine,77.817,3.397,71.631,55.319,1898.553,147.074,23.19,75.836,411,74.769,24.317,0,0
A005,07-01-2025 14:00,A005-ENG,Engine,83.478,3.12,69.038,52.765,1858.772,144.832,23.632,80.075,488,58.192,27.181,0,1
A005,07-01-2025 15:00,A005-ENG,Engine,79.479,3.19,74.31,54.846,1766.387,149.926,23.379,79.89,286,71.696,41.855,0,1
A005,07-01-2025 22:00,A005-ENG,Engine,80.05,3.699,71.958,52.66,1652.483,146.833,23.683,80.672,318,57.17,35.877,0,0
A005,07-01-2025 23:00,A005-ENG,Engine,80.383,3.352,74.025,57.435,1835.807,145.606,23.66,83.065,285,73.677,34.728,0,0
A005,08-01-2025 00:00,A005-ENG,Engine,77.669,3.315,72.582,52.491,1816.962,147.206,23.742,79.655,436,71.496,34.897,0,1
A005,08-01-2025 04:00,A005-ENG,Engine,74.561,3.494,74.964,53.533,1858.312,148.263,23.21,77.682,480,74.434,26.821,0,1
A005,08-01-2025 05:00,A005-ENG,Engine,76.522,3.367,74.129,53.743,1704.038,149.765,23.843,83.751,628,80.336,24.973,0,0
A005,08-01-2025 10:00,A005-ENG,Engine,78.07,2.754,68.606,55.529,1678.073,152.527,23.49,79.385,532,71.492,25.995,0,1
A005,09-01-2025 03:00,A005-ENG,Engine,81.032,3.475,65.742,53.704,1786.432,151.019,23.668,80.357,654,72.681,36.762,1,0
A005,09-01-2025 04:00,A005-ENG,Engine,78.639,3.013,71.723,52.782,1578.119,144.94,23.532,79.784,610,64.027,30.212,0,0
A005,09-01-2025 07:00,A005-ENG,Engine,76.714,3.946,73.095,57.008,1796.349,145.311,23.633,82.036,511,64.711,20.012,0,1
A005,09-01-2025 15:00,A005-ENG,Engine,81.724,3.889,72.213,52.741,1704.678,148.378,22.447,80.72,471,73.449,28.912,1,1
A005,09-01-2025 23:00,A005-ENG,Engine,90.924,6.174,55.981,54.377,1727.744,135.813,23.543,82.307,581,73.441,35.626,1,1
A005,10-01-2025 02:00,A005-ENG,Engine,80.621,3.416,70.359,51.868,1712.012,152.833,23.036,79.898,710,71.301,33.531,1,1
A005,10-01-2025 05:00,A005-ENG,Engine,83.703,3.67,70.753,54.033,1828.596,145.636,23.441,81.987,497,64.244,31.731,1,0
A005,10-01-2025 11:00,A005-ENG,Engine,86.37,3.562,68.634,53.783,1705.225,146.029,22.811,79.098,420,68.845,35.603,1,1
A005,10-01-2025 13:00,A005-ENG,Engine,83.279,3.874,68.513,51.773,1666.889,147.675,23.297,82.303,549,76.278,33.051,1,1
A005,10-01-2025 22:00,A005-ENG,Engine,80.724,3.279,67.87,52.942,1751.763,145.145,23.545,81.461,488,68.899,26.888,1,0
A005,10-01-2025 23:00,A005-ENG,Engine,78.893,4.099,72.352,47.732,1807.681,151.175,23.419,80.15,453,72.437,30.892,1,0
A005,11-01-2025 16:00,A005-ENG,Engine,80.262,3.441,71.885,53.032,1757.052,143.188,22.877,81.136,737,90.195,32.829,1,0
A005,12-01-2025 02:00,A005-ENG,Engine,80.511,3.314,70.678,52.323,1833.552,143.107,23.143,79.743,667,76.114,21.838,1,1
A005,12-01-2025 08:00,A005-ENG,Engine,81,4.364,76.971,55.26,1940.335,153.686,23.959,81.196,583,67.962,39.167,1,0
A005,12-01-2025 11:00,A005-ENG,Engine,90.891,7.418,63.361,54.15,1781.352,131.473,23.694,77.965,509,79.865,40.551,1,1
A005,12-01-2025 14:00,A005-ENG,Engine,97.38,6.404,62.302,55.789,1667.458,135.934,22.789,81.532,663,85.336,28.561,1,0
A005,12-01-2025 16:00,A005-ENG,Engine,78.138,3.665,72.944,54.115,1767.872,154.375,23.006,77.996,760,79.11,21.107,1,1
A005,12-01-2025 17:00,A005-ENG,Engine,84.211,3.341,72.197,49.511,1918.677,144.586,23.693,80.344,404,90.949,25.212,1,1
A005,12-01-2025 20:00,A005-ENG,Engine,78.203,3.192,71.48,57.299,1616.404,143.32,23.179,85.191,654,69.435,32.954,1,1
A005,13-01-2025 00:00,A005-ENG,Engine,85.242,3.164,69.318,54.486,1694.273,134.847,23.253,82.1,435,87.519,29.2,1,1
A005,13-01-2025 04:00,A005-ENG,Engine,83.083,3.937,71.092,51.993,1709.253,148.961,22.456,83.964,787,73.104,30.015,1,1
A005,13-01-2025 13:00,A005-ENG,Engine,86.021,4.482,67.922,49.582,1795.264,149.457,22.448,80.672,775,70.278,31.783,1,1
A005,13-01-2025 14:00,A005-ENG,Engine,93.866,6.481,55.405,52.435,1727.956,142.021,23.085,82.097,721,91.009,31.916,1,1
A005,13-01-2025 15:00,A005-ENG,Engine,82.129,3.445,69.719,53.092,1788.992,148.413,22.886,82.483,584,68.9,31.423,1,1
A005,13-01-2025 17:00,A005-ENG,Engine,80.756,4.112,69.782,47.921,1770.084,144.413,23.509,80.883,448,81.556,29.465,1,1
A005,14-01-2025 00:00,A005-ENG,Engine,82.888,3.463,67.288,56.513,1667.639,142.823,23.243,81.86,536,78.733,37.148,1,0
A005,14-01-2025 06:00,A005-ENG,Engine,83.534,3.565,69.397,53.154,1802.343,144.128,22.874,83.64,462,76.589,24.241,1,0
A005,14-01-2025 07:00,A005-ENG,Engine,81.811,3.741,68.925,51.275,1997.208,140.968,23.466,82.65,590,72.666,32.938,1,1
A005,14-01-2025 08:00,A005-ENG,Engine,78.443,3.807,69.746,55.416,1764.141,156.644,23.306,78.265,818,66.359,31.185,1,1
A005,14-01-2025 09:00,A005-ENG,Engine,80.969,3.559,71.38,48.547,1894.075,150.286,22.921,80.216,749,82.498,27.568,1,1
A005,14-01-2025 11:00,A005-ENG,Engine,83.12,4.185,72.68,51.222,2016.404,143.112,22.784,84.155,457,81.709,30.359,1,1
A005,14-01-2025 15:00,A005-ENG,Engine,83.729,3.93,66.653,51.853,1692.906,139.731,22.608,83.346,530,72.532,27.501,1,0
A005,15-01-2025 01:00,A005-ENG,Engine,87.625,4.6,69.024,54.716,1858.338,145.703,22.395,85.462,590,83.893,31.948,1,1
A005,15-01-2025 02:00,A005-ENG,Engine,81.616,3.504,70.604,53.879,1758.329,147.626,23.22,83.73,626,73.503,34.807,1,0
A005,15-01-2025 09:00,A005-ENG,Engine,85.449,3.676,65.959,53.877,1899.796,148.008,22.738,82.145,497,74.091,34.452,1,1
A005,15-01-2025 10:00,A005-ENG,Engine,87.804,4.362,70.107,49.468,1854.912,146.137,22.831,86.374,725,78.403,27.353,1,1
A005,15-01-2025 16:00,A005-ENG,Engine,83.612,4.185,64.937,54.523,1806.149,144.478,23.69,85.94,453,71.67,29.453,1,1
A005,15-01-2025 21:00,A005-ENG,Engine,102.555,6.692,61.113,50.615,1840.147,135.347,23.256,87.106,655,81.316,25.906,1,1
A005,16-01-2025 02:00,A005-ENG,Engine,101.827,7.728,63.091,49.693,1597.225,147.371,22.797,84.555,823,70.812,23.643,1,1
A005,16-01-2025 03:00,A005-ENG,Engine,84.009,4.293,67.797,51.602,1795.526,148.035,22.599,85.08,544,100,30.916,1,1
A005,16-01-2025 18:00,A005-ENG,Engine,87.986,4.27,67.625,52.9,1822.357,140.642,22.654,82.359,870,79.401,36.725,1,1
A005,16-01-2025 19:00,A005-ENG,Engine,86.284,4.374,66.464,49.683,1794.929,147.539,22.945,82.706,715,95.713,29.506,1,1
A005,16-01-2025 21:00,A005-ENG,Engine,84.427,4.562,64.66,51.02,1817.147,150.311,23.107,87.763,523,84.567,28.982,1,0
A005,17-01-2025 01:00,A005-ENG,Engine,87.602,4.271,66.783,53.573,1856.621,149.995,23.094,84.197,538,68.527,30.933,1,0
A005,17-01-2025 07:00,A005-ENG,Engine,103.385,6.427,59.82,54.445,1985.406,142.805,22.884,85.29,758,79.224,27.672,1,0
A005,17-01-2025 11:00,A005-ENG,Engine,84.611,4.187,66.179,53.019,1794.916,146.086,22.856,84.669,780,72.349,30.88,1,1
A006,01-01-2025 00:00,A006-ENG,Engine,75.847,1.683,80.047,57.483,1852.095,157.884,24.328,75.768,363,46.445,32.013,0,0
A006,01-01-2025 02:00,A006-ENG,Engine,73.192,2.234,79.604,56.23,1779.338,154.358,23.914,75.093,208,42.483,28.647,0,0
A006,01-01-2025 03:00,A006-ENG,Engine,70.68,1.513,79.611,53.865,1828.714,153.921,24.073,75.732,178,43.423,33.534,0,0
A006,01-01-2025 07:00,A006-ENG,Engine,70.351,2.547,82.327,52.037,1767.876,149.119,23.795,73.959,341,46.679,29.924,0,0
A006,01-01-2025 08:00,A006-ENG,Engine,74.762,2.099,75.11,54.33,1841.624,153.342,24.487,75.78,481,56.703,36.844,0,0
A006,01-01-2025 09:00,A006-ENG,Engine,74.137,2.489,80.328,52.261,1741.786,145.838,24.12,74.487,316,51.504,28.445,0,0
A006,01-01-2025 12:00,A006-ENG,Engine,69.534,2.945,75.467,50.85,1922.889,147.009,24.005,73.238,213,69.837,39.109,0,0
A006,01-01-2025 16:00,A006-ENG,Engine,73.663,2.378,84.297,56.348,1781.788,152.211,24.025,75.489,146,53.129,27.83,0,0
A006,01-01-2025 17:00,A006-ENG,Engine,75.087,2.142,78.287,53.352,1734.279,145.632,24.281,77.804,178,51.449,27.317,0,0
A006,01-01-2025 19:00,A006-ENG,Engine,70.731,2.742,73.728,53.192,1646.668,146.819,23.889,77.138,227,50.124,27.023,0,0
A006,02-01-2025 16:00,A006-ENG,Engine,72.488,2.269,75.452,60.072,1811.595,153.96,24.124,80.417,438,50.697,24.465,0,0
A006,02-01-2025 18:00,A006-ENG,Engine,73.499,2.512,76.018,54.121,1649.645,148.996,23.529,76.25,389,47.088,19.747,0,0
A006,02-01-2025 23:00,A006-ENG,Engine,75.021,2.432,73.851,54.325,1855.066,152.732,24.1,78.594,544,68.66,27.975,0,0
A006,03-01-2025 00:00,A006-ENG,Engine,73.666,2.648,76.86,53.648,1998.233,147.226,23.499,79.582,543,59.972,35.474,0,1
A006,03-01-2025 03:00,A006-ENG,Engine,70.68,2.295,79.349,49.859,1789.28,152.487,22.855,77.769,387,60.302,25.767,0,0
A006,03-01-2025 11:00,A006-ENG,Engine,76.986,2.599,86.3,51.147,1645.207,153.24,23.812,78.06,333,45.079,30.271,0,0
A006,03-01-2025 18:00,A006-ENG,Engine,71.13,2.788,78.037,53.364,1898.127,145.35,23.79,75.42,407,60.243,33.217,0,0
A006,04-01-2025 14:00,A006-ENG,Engine,73.795,2.89,79.569,53.291,1859.987,148.134,23.937,79.459,334,54,35.385,0,0
A006,04-01-2025 16:00,A006-ENG,Engine,74.3,3.778,79.08,55.003,1822.941,147.634,23.782,77.752,514,39.961,30.985,0,0
A006,04-01-2025 18:00,A006-ENG,Engine,80.949,2.701,73.369,52.646,1715.406,145.575,23.918,75.037,398,53.154,35.714,0,0
A006,05-01-2025 00:00,A006-ENG,Engine,72.73,2.37,77.354,53.464,1883.74,152.61,23.617,76.358,382,57.2,29.273,0,0
A006,05-01-2025 14:00,A006-ENG,Engine,69.855,2.375,76.75,56.086,1746.065,159.303,23.78,75.203,399,67.351,23.735,0,0
A006,05-01-2025 16:00,A006-ENG,Engine,86.872,6.81,65.398,52.401,1777.904,140.186,23.21,77.665,510,55.508,22.128,1,1
A006,06-01-2025 07:00,A006-ENG,Engine,74.504,2.548,74.224,52.367,1790.595,145.381,23.771,78.289,286,59.469,28.633,0,0
A006,06-01-2025 08:00,A006-ENG,Engine,74.46,2.888,72.448,55.464,1749.667,144.751,23.217,75.764,439,54.327,37.493,0,0
A006,06-01-2025 12:00,A006-ENG,Engine,75.295,2.946,80.916,54.515,1599.886,150.078,23.296,74.455,478,72.009,37.407,0,1
A006,06-01-2025 13:00,A006-ENG,Engine,86.507,6.361,67.616,53.202,1673.608,138.389,24.022,78.125,460,58.201,33.146,1,1
A006,07-01-2025 01:00,A006-ENG,Engine,76.462,2.811,76.174,54.709,1882.991,151.86,23.747,81.645,285,59.455,26.942,0,0
A006,07-01-2025 02:00,A006-ENG,Engine,74.573,2.425,76.214,54.613,1640.798,145.559,24.201,79.91,600,62.938,26.679,0,0
A006,07-01-2025 05:00,A006-ENG,Engine,76.633,2.193,73.399,51.352,1801.067,152.492,23.72,77.702,260,53.838,26.231,0,0
A006,07-01-2025 07:00,A006-ENG,Engine,77.616,2.865,77.056,49.522,1747.257,151.682,23.244,76.775,627,58.606,29.913,0,0
A006,07-01-2025 12:00,A006-ENG,Engine,74.382,3.008,71.023,54.113,1859.757,153.981,23.77,81.743,305,55.083,31.971,0,0
A006,07-01-2025 13:00,A006-ENG,Engine,87.485,4.852,64.194,53.321,1761.383,142.399,23.453,79.124,372,56.074,35.324,1,0
A006,07-01-2025 14:00,A006-ENG,Engine,78.204,2.515,74.787,57.55,1726.713,149.632,23.643,78.865,641,46.205,34.143,0,0
A006,07-01-2025 18:00,A006-ENG,Engine,71.429,2.811,77.272,54.137,1717.753,145.262,23.414,78.171,461,50.227,29.662,0,0
A006,07-01-2025 19:00,A006-ENG,Engine,74.108,2.637,73.956,53.714,1823.116,149.815,23.665,82.183,440,60.849,23.488,0,0
A006,07-01-2025 20:00,A006-ENG,Engine,77.162,3.048,75.394,54.636,1766.467,152.171,23.324,77.293,307,46.902,28.811,0,1
A006,08-01-2025 00:00,A006-ENG,Engine,79.21,2.905,77.626,55.677,1861.767,147.455,23.744,81.422,642,65.533,31.013,0,0
A006,08-01-2025 06:00,A006-ENG,Engine,73.075,2.336,74.511,56.566,1848.266,149.941,23.779,78.556,587,65.94,27.102,0,1
A006,08-01-2025 08:00,A006-ENG,Engine,79.397,2.569,76.066,56.573,1714.664,144.324,23.729,76.786,668,54.959,24.927,0,0
A006,08-01-2025 19:00,A006-ENG,Engine,73.35,3.21,75.092,53.085,1747.251,148.386,23.512,80.635,351,52.997,21.178,0,0
A006,09-01-2025 01:00,A006-ENG,Engine,75.559,2.782,74.43,51.065,1834.249,139.066,23.009,80.223,318,52.308,36.496,0,0
A006,09-01-2025 02:00,A006-ENG,Engine,94.871,4.816,70.797,54.428,1987.618,131.518,23.279,80.429,634,65.681,35.815,1,0
A006,09-01-2025 06:00,A006-ENG,Engine,93.575,5.353,67.074,56.396,1889.049,139.29,23.884,80.589,410,63.913,34.241,1,0
A006,09-01-2025 07:00,A006-ENG,Engine,77.797,3.09,77.372,51.518,1654.914,153.09,23.431,81.594,594,69.47,35.15,0,0
A006,09-01-2025 16:00,A006-ENG,Engine,81.206,2.974,72.448,51.245,1796.957,144.227,23.868,78.458,552,57.658,32.905,0,0
A006,09-01-2025 18:00,A006-ENG,Engine,78.949,3.328,75.01,54.507,1855.14,152.574,23.87,79.348,612,66.148,36.355,0,1
A006,09-01-2025 22:00,A006-ENG,Engine,77.522,3.436,76.371,53.289,1813.111,152.091,23.662,83.323,638,58.172,26.605,0,0
A006,10-01-2025 02:00,A006-ENG,Engine,79.939,3.284,71.405,52.543,1739.94,146.144,23.985,81.685,625,63.166,36.223,0,1
A006,10-01-2025 13:00,A006-ENG,Engine,81.985,3.168,77.624,47.828,1745.025,141.026,22.834,82.696,374,60.236,18.332,0,1
A006,11-01-2025 02:00,A006-ENG,Engine,81.483,3.075,77.945,52.477,1841.578,148.712,22.808,80.829,417,84.346,25.389,0,0
A006,11-01-2025 08:00,A006-ENG,Engine,77.714,3.742,73.092,52.315,1747.214,148.203,23.276,79.62,441,67.791,27.214,0,1
A006,11-01-2025 11:00,A006-ENG,Engine,78.116,2.854,75.69,50.664,1814.215,154.115,23.633,82.294,353,67.864,29.361,0,0
A006,11-01-2025 16:00,A006-ENG,Engine,83.181,3.277,74.163,54.648,1707.687,144.855,23.296,85.454,704,56.61,38.189,0,0
A006,11-01-2025 20:00,A006-ENG,Engine,82.936,3.539,75.465,51.173,1823.692,139.41,23.71,80.253,597,62.551,23.163,0,0
A006,11-01-2025 23:00,A006-ENG,Engine,78.156,2.892,74.564,53.294,1768.984,148.708,23.163,81.296,581,65.204,25.895,0,0
A006,13-01-2025 03:00,A006-ENG,Engine,83.236,2.832,71.193,52.745,1842.271,148.993,23.648,82.431,498,62.622,29.275,0,0
A006,13-01-2025 04:00,A006-ENG,Engine,80.048,3.939,72.883,50.704,1769.419,137.418,23.103,85.595,603,58.936,22.72,0,1
A006,13-01-2025 17:00,A006-ENG,Engine,84.553,2.86,73.237,51.28,1760.761,144.255,22.748,79.32,733,72.351,29.671,1,0
A006,13-01-2025 22:00,A006-ENG,Engine,77.748,3.589,66.619,53.907,1784.268,147.722,22.86,80.851,482,66.078,30.96,1,1
A006,14-01-2025 00:00,A006-ENG,Engine,84.465,2.517,74.071,55.225,1738.024,140.524,23.638,79.287,413,73.028,35.116,0,0
A006,14-01-2025 03:00,A006-ENG,Engine,81.424,3.434,72.068,52.921,1797.15,151.631,23.49,87.162,628,69.782,27.947,1,0
A006,14-01-2025 07:00,A006-ENG,Engine,81.84,3.469,73.144,52.829,1844.969,143.604,22.532,82.882,761,61.904,26.357,0,0
A006,14-01-2025 17:00,A006-ENG,Engine,81.856,3.197,72.201,53.126,1904.914,146.628,22.803,80.531,580,58.499,31.615,0,1
A006,14-01-2025 21:00,A006-ENG,Engine,78.121,3.707,74.117,50.149,1736.35,145.942,23.343,82.243,752,70.654,26.676,1,1
A006,15-01-2025 07:00,A006-ENG,Engine,84.02,4.098,76.92,53.25,1628.99,147.62,23.231,83.105,702,73.337,27.583,1,1
A006,15-01-2025 09:00,A006-ENG,Engine,80.493,3.585,70.231,52.401,1850.227,139.553,22.7,83.558,507,84.264,34.227,1,1
A006,15-01-2025 12:00,A006-ENG,Engine,83.243,3.983,72.452,54.316,1813.061,147.57,22.528,85.144,528,61.91,33.605,1,0
A006,15-01-2025 16:00,A006-ENG,Engine,78.025,3.412,71.544,52.147,1786.395,141.095,22.6,82.823,601,67.641,35.49,1,0
A006,15-01-2025 18:00,A006-ENG,Engine,83.484,3.486,73.244,49.68,1787.519,147.735,23.431,82.894,742,80.036,29.014,1,0
A006,15-01-2025 19:00,A006-ENG,Engine,91.72,4.695,59.726,54.981,1708.272,129.741,23.075,80.519,572,84.873,37.691,1,1
A006,15-01-2025 22:00,A006-ENG,Engine,82.333,3.525,71.344,49.565,1696.368,148.627,22.634,82.598,632,73.314,25.344,1,1
A006,16-01-2025 04:00,A006-ENG,Engine,84.661,3.691,71.805,51.69,1622.415,146.847,23.058,85.271,481,73.433,34.852,1,1
A006,16-01-2025 11:00,A006-ENG,Engine,83.214,3.683,68.764,51.247,1804.777,150.658,23.004,83.149,853,71.539,33.849,1,1
A006,17-01-2025 03:00,A006-ENG,Engine,79.913,3.961,73.099,51.957,1704.199,150.159,22.84,84.861,732,66.914,30.965,1,1
A006,17-01-2025 04:00,A006-ENG,Engine,86.716,4.347,73.059,53.828,1958.859,140.96,22.465,83.871,837,76.811,28.537,1,1
A006,17-01-2025 13:00,A006-ENG,Engine,81.982,3.82,67.405,50.095,1939.691,150.503,23.61,85.826,831,80.149,29.225,1,1
A007,01-01-2025 08:00,A007-ENG,Engine,75.708,2.176,75.815,53.652,1777.139,146.044,23.221,73.115,112,53.216,29.259,0,1
A007,01-01-2025 11:00,A007-ENG,Engine,74.254,2.763,75.246,52.101,1747.389,152.19,23.644,71.407,277,54.949,27.165,0,0
A007,01-01-2025 13:00,A007-ENG,Engine,75.059,2.621,77.405,53.957,1906.976,150.291,23.456,72.902,211,40.762,36.002,0,0
A007,01-01-2025 14:00,A007-ENG,Engine,69.557,2.116,74.545,54.804,1924.87,155.359,23.787,70.877,462,44.647,35.943,0,0
A007,01-01-2025 16:00,A007-ENG,Engine,74.702,2.401,79.284,50.155,1866.45,146.472,23.978,77.889,138,47.682,25.2,0,0
A007,01-01-2025 17:00,A007-ENG,Engine,73.478,2.552,78.115,53.233,1715.04,149.313,23.863,74.973,135,48.512,31.65,0,0
A007,01-01-2025 20:00,A007-ENG,Engine,70.266,2.42,75.224,56.816,1939.495,145.173,23.938,74.879,410,58.073,30.481,0,0
A007,01-01-2025 21:00,A007-ENG,Engine,77.305,2.233,77.521,55.862,1839.463,148.546,24.416,71.347,426,45.669,33.318,0,0
A007,02-01-2025 05:00,A007-ENG,Engine,73.498,3.423,73.074,52.93,1703.437,150.715,23.993,74.579,248,62.089,31.848,0,0
A007,02-01-2025 10:00,A007-ENG,Engine,73.887,2.825,73.321,50.902,1866.905,149.863,23.439,71.66,267,62.383,27.392,0,0
A007,02-01-2025 15:00,A007-ENG,Engine,74.549,2.364,71.732,59.729,1978.143,155.285,23.637,74.973,315,58.75,25.531,0,0
A007,02-01-2025 23:00,A007-ENG,Engine,73.033,2.694,85.049,53.95,1914.87,149.775,24.27,72.311,403,71.604,31.705,0,0
A007,03-01-2025 02:00,A007-ENG,Engine,86.881,4.048,70.059,54.965,1842.74,134.298,23.988,78.888,171,60.81,32.403,1,0
A007,03-01-2025 03:00,A007-ENG,Engine,77.953,2.772,71.514,58.69,1846.239,139.929,23.699,77.344,338,70.001,27.954,0,0
A007,03-01-2025 09:00,A007-ENG,Engine,72.341,3.36,74.414,50.36,1830.792,146.456,23.914,76.246,407,61.069,29.502,0,0
A007,03-01-2025 11:00,A007-ENG,Engine,78.523,2.419,74.236,55.503,1850.584,148.977,23.702,78.82,440,51.809,29.656,0,0
A007,03-01-2025 12:00,A007-ENG,Engine,77.065,2.842,78.333,51.904,1828.9,148.109,24.615,78.119,507,56.679,31.429,0,0
A007,03-01-2025 13:00,A007-ENG,Engine,77.946,2.197,76.59,52.894,1803.854,153.19,23.218,76.186,341,45.402,28.603,0,0
A007,03-01-2025 14:00,A007-ENG,Engine,76.43,3.095,76.084,56.322,1924.421,145.537,24.316,76.476,370,49.156,31.492,0,0
A007,03-01-2025 17:00,A007-ENG,Engine,73.478,2.5,74.589,59.6,1775.602,153.462,23.501,80.029,166,54.141,30.265,0,0
A007,03-01-2025 22:00,A007-ENG,Engine,74.212,2.891,77.91,47.637,1913.795,145.716,23.664,79.829,334,69.058,32.464,0,0
A007,04-01-2025 07:00,A007-ENG,Engine,87.946,6.095,67.985,52.756,1781.239,138.186,24.064,74.083,194,60.587,25.934,1,1
A007,04-01-2025 10:00,A007-ENG,Engine,76.328,2.505,74.061,53.036,1767.168,153.028,23.592,78.355,468,60.356,27.793,0,0
A007,04-01-2025 11:00,A007-ENG,Engine,74.99,2.776,71.814,52.728,1841.626,142.631,23.489,76.29,298,81.524,33.369,0,1
A007,04-01-2025 12:00,A007-ENG,Engine,70.822,2.632,76.881,51.535,1835.382,150.854,23.537,75.43,303,52.636,28.265,0,0
A007,04-01-2025 19:00,A007-ENG,Engine,74.453,2.844,76.991,58.115,1940.739,153.927,23.981,76.412,542,64.607,26.139,0,0
A007,04-01-2025 22:00,A007-ENG,Engine,78.01,3.315,72.715,54.431,1658.297,144.918,23.809,76.313,490,43.653,38.594,0,0
A007,04-01-2025 23:00,A007-ENG,Engine,75.35,2.936,74.548,54.916,1884.927,143.54,23.472,79.054,380,54.634,29.592,0,0
A007,05-01-2025 01:00,A007-ENG,Engine,87.136,6.454,65.458,56.314,1766.471,135.593,23.618,78.697,571,65.566,27.369,1,1
A007,05-01-2025 04:00,A007-ENG,Engine,77.817,2.55,79.102,54.244,1941.909,154.183,23.79,78.311,286,57.918,25.904,0,0
A007,05-01-2025 05:00,A007-ENG,Engine,75.526,3.115,78.942,55.693,1663.446,144.52,23.576,80.323,468,54.563,35.293,0,1
A007,05-01-2025 10:00,A007-ENG,Engine,77.424,2.755,75.373,51.489,1761.469,142.842,23.579,79.011,343,63.359,37.946,0,0
A007,05-01-2025 20:00,A007-ENG,Engine,78.984,2.979,73.033,53.441,1899.989,154.66,23.65,76.526,510,58.154,36.715,0,0
A007,05-01-2025 21:00,A007-ENG,Engine,78.919,3.439,71.324,53.658,1904.036,148.832,23.478,78.295,425,63.386,24.366,0,0
A007,05-01-2025 23:00,A007-ENG,Engine,78.339,3.323,74.498,53.652,1811.786,149.181,23.373,80.9,514,60.723,32.674,0,0
A007,06-01-2025 03:00,A007-ENG,Engine,76.727,3.349,75.172,56.709,1766.341,150.236,24.104,77.759,452,61.003,28.128,0,1
A007,06-01-2025 04:00,A007-ENG,Engine,75.849,2.372,74.696,53.686,1821.24,148.917,24.178,76.707,502,48.255,24.287,0,0
A007,06-01-2025 09:00,A007-ENG,Engine,73.413,3.486,75.301,55.392,1772.002,147.961,23.367,78.861,460,67.821,30.98,0,1
A007,06-01-2025 22:00,A007-ENG,Engine,86.26,2.408,73.109,52.796,1989.721,145.823,23.729,77.424,488,53.662,32.852,0,0
A007,07-01-2025 00:00,A007-ENG,Engine,82.421,3.084,73.937,58.175,1721.821,150.61,23.131,80.102,616,53.032,32.352,0,1
A007,07-01-2025 13:00,A007-ENG,Engine,77.932,2.85,75.02,56.132,1820.908,147.624,23.288,84.104,591,55.793,25.083,0,0
A007,07-01-2025 14:00,A007-ENG,Engine,80.085,2.6,72.249,52.064,1870.607,149.738,23.396,79.383,365,53.972,26.287,0,0
A007,07-01-2025 19:00,A007-ENG,Engine,78.736,2.439,74.271,56.462,1780.327,144.05,23.012,79.856,433,70.719,29.72,0,0
A007,07-01-2025 21:00,A007-ENG,Engine,78.07,3.22,72.54,54.457,1885.531,148.125,23.469,78.654,531,58.481,25.31,0,0
A007,07-01-2025 22:00,A007-ENG,Engine,77.494,2.988,78.422,55.201,1863.591,151.605,23.311,81.904,500,64.756,29.777,0,0
A007,07-01-2025 23:00,A007-ENG,Engine,77.092,2.857,72.962,50.976,1863.324,150.283,24.09,82.498,378,64.795,35.117,0,1
A007,08-01-2025 00:00,A007-ENG,Engine,92.82,6.722,71.641,54.233,1843.541,138.938,23.464,80.713,627,62.364,24.942,1,1
A007,08-01-2025 01:00,A007-ENG,Engine,75.999,2.977,77.755,53.336,1832.351,146.59,23.349,77.466,522,64.472,27.415,0,1
A007,08-01-2025 06:00,A007-ENG,Engine,74.96,3.641,74.428,55.336,1816.665,153.442,23.593,78.052,469,67.583,35.634,0,1
A007,08-01-2025 08:00,A007-ENG,Engine,75.203,2.859,75.663,54.194,1774.509,147.518,23.792,80.37,328,58.404,31.189,0,1
A007,08-01-2025 09:00,A007-ENG,Engine,74.992,3.331,75.129,56.503,1681.539,147.506,23.388,78.633,518,51.842,24.669,0,0
A007,08-01-2025 11:00,A007-ENG,Engine,76.54,3.097,71.678,52.166,1725.177,150.906,22.968,78.811,280,67.574,34.549,0,0
A007,08-01-2025 12:00,A007-ENG,Engine,80.416,2.804,71.567,56.355,1832.424,149.332,23.669,79.31,339,52.856,31.256,0,0
A007,08-01-2025 20:00,A007-ENG,Engine,81.987,2.802,68.141,56.624,1799.071,145.572,23.453,78.962,408,88.533,27.346,1,1
A007,08-01-2025 23:00,A007-ENG,Engine,79.874,3.237,71.9,53.755,1748.816,146.1,23.551,80.312,299,49.681,31.852,0,0
A007,09-01-2025 04:00,A007-ENG,Engine,92.75,7.129,62.404,52.541,1816.773,139.901,23.193,82.534,610,60.634,39.01,1,1
A007,09-01-2025 17:00,A007-ENG,Engine,77.897,3.242,76.664,54.817,1932.509,141.768,23.248,84.373,559,60.226,26.185,0,0
A007,09-01-2025 18:00,A007-ENG,Engine,80.396,3.357,68.276,53.394,1750.237,150.087,23.979,79.561,350,63.476,42.589,0,0
A007,09-01-2025 22:00,A007-ENG,Engine,80.392,3.492,76.977,50.653,1890.49,147.07,23.197,84.418,642,72.098,27.914,0,0
A007,09-01-2025 23:00,A007-ENG,Engine,77.637,3.345,71.463,53.698,1879.831,147.755,24.047,80.401,365,77.337,34.881,0,0
A007,10-01-2025 02:00,A007-ENG,Engine,78.939,3.599,73.624,51.793,1786.897,146.443,22.852,81.368,439,71.996,34.062,0,0
A007,10-01-2025 11:00,A007-ENG,Engine,80.212,3.429,72.685,53.176,1751.543,149.698,23.257,80.522,670,75.598,33.96,0,1
A007,10-01-2025 16:00,A007-ENG,Engine,79.054,3.408,72.35,53.261,1715.163,149.126,23.456,79.275,683,57.262,36.151,0,0
A007,11-01-2025 05:00,A007-ENG,Engine,78.649,3.195,70.204,51.074,1757.269,151.13,23.001,79.304,624,70.093,30.026,0,1
A007,11-01-2025 17:00,A007-ENG,Engine,85.899,3.601,73.614,51.537,1762.508,142.776,23.817,78.309,570,76.483,32.906,1,0
A007,11-01-2025 21:00,A007-ENG,Engine,84.435,3.359,71.836,53.728,1858.29,152.23,23.301,81.52,557,61.488,33.7,0,1
A007,12-01-2025 07:00,A007-ENG,Engine,79.347,3.386,69.048,53.718,1792.939,147.362,23.706,80.167,643,69.014,21.743,1,0
A007,12-01-2025 12:00,A007-ENG,Engine,81.662,3.865,67.435,49.896,1841.015,143.062,22.892,83.926,419,65.934,27.82,1,0
A007,12-01-2025 13:00,A007-ENG,Engine,77.987,3.405,74.663,57.188,1677.903,147.862,23.102,81.727,584,64.103,33.779,0,1
A007,12-01-2025 14:00,A007-ENG,Engine,76.673,4.194,71.608,52.001,1816.942,140.946,23.298,81.789,626,79.073,34.285,1,0
A007,12-01-2025 17:00,A007-ENG,Engine,85.392,3.768,68.022,51.83,1938.686,148.308,23.221,82.449,776,70.002,27.379,1,1
A007,12-01-2025 18:00,A007-ENG,Engine,82.755,3.573,73.425,53.978,1926.784,148.294,23.442,82.385,668,63.153,28.872,1,0
A007,12-01-2025 22:00,A007-ENG,Engine,78.572,3.622,67.499,50.896,1753.248,149.506,24.114,82.756,663,62.726,26.605,1,1
A007,13-01-2025 00:00,A007-ENG,Engine,81.297,3.203,69.919,51.51,1607.664,146.693,22.553,82.352,461,59.432,23.969,0,1
A007,13-01-2025 08:00,A007-ENG,Engine,86.997,3.534,72.099,53.274,1817.963,150.82,22.543,83.321,790,87.574,36.815,1,0
A007,13-01-2025 09:00,A007-ENG,Engine,79.738,3.286,68.511,54.666,1932.153,148.025,23.391,83.012,728,76.22,19.415,1,1
A007,13-01-2025 10:00,A007-ENG,Engine,82.207,3.299,68.648,51.273,1669.65,141.654,22.75,79.58,418,75.963,25.498,1,0
A007,13-01-2025 12:00,A007-ENG,Engine,79.987,3.405,66.546,53.443,1810.34,140.259,23.331,85.414,550,66.541,26.076,1,0
A007,13-01-2025 16:00,A007-ENG,Engine,80.618,3.505,64.868,51.805,1911.956,144.153,22.706,85.352,773,63.192,37.73,1,0
A007,13-01-2025 17:00,A007-ENG,Engine,77.68,2.977,69.206,54.357,1800.157,145.442,22.633,82.37,657,67.021,25.388,0,0
A007,13-01-2025 18:00,A007-ENG,Engine,81.866,2.961,72.435,53.186,1779.177,146.821,23.409,79.752,462,72.766,23.474,1,0
A007,13-01-2025 21:00,A007-ENG,Engine,84.43,3.438,71.271,56.515,1632.44,147.001,22.842,82.725,740,62.773,28.146,1,0
A007,13-01-2025 22:00,A007-ENG,Engine,76.193,3.551,70.661,52.546,1802.905,142.805,22.529,83.184,518,64.529,32.014,1,1
A007,14-01-2025 03:00,A007-ENG,Engine,83.908,3.269,69.558,51.723,1764.931,140.872,23.242,81.498,434,71.882,35.032,1,1
A007,14-01-2025 05:00,A007-ENG,Engine,82.654,3.983,71.205,53.59,1728.053,143.143,23.366,81.501,676,52.23,28.468,1,1
A007,14-01-2025 18:00,A007-ENG,Engine,80.998,3.691,69.7,46.798,1855.032,148.994,22.954,82.771,561,70.749,21.443,1,0
A007,14-01-2025 21:00,A007-ENG,Engine,79.123,3.484,66.41,52.173,1728.811,146.668,23.223,86.102,690,92.578,31.038,1,1
A007,15-01-2025 03:00,A007-ENG,Engine,82.502,3.777,70.722,56.197,1820.155,146.751,22.735,84.237,541,66.106,35.751,1,1
A007,15-01-2025 05:00,A007-ENG,Engine,84.066,4.254,69.335,51.242,1770.815,145.893,23.192,83.468,716,91.048,32.104,1,1
A007,15-01-2025 07:00,A007-ENG,Engine,83.699,4.073,70.263,55.18,1777.612,147.196,22.907,87.761,645,71.74,28.699,1,0
A007,15-01-2025 21:00,A007-ENG,Engine,85.54,4.128,69.969,52.888,1776.405,150.56,23.373,87.049,800,77.548,40.839,1,1
A007,16-01-2025 01:00,A007-ENG,Engine,85.801,4.788,71.225,53.594,1720.434,151.366,22.785,86.352,787,80.528,33.158,1,1
A007,16-01-2025 05:00,A007-ENG,Engine,84.532,3.58,70.332,48.512,1763.26,136.049,23.02,83.566,759,74.862,25.342,1,1
A007,16-01-2025 07:00,A007-ENG,Engine,86.27,3.932,65.777,52.199,1786.495,151.271,23.426,84.929,495,85.759,29.268,1,1
A007,16-01-2025 20:00,A007-ENG,Engine,88.927,3.458,70.354,53.151,1812.759,145.572,23.162,85.335,864,75.474,26.628,1,1
A007,16-01-2025 23:00,A007-ENG,Engine,80.587,3.932,73.441,54.045,1753.315,143.234,22.516,83.09,767,71.758,22.659,1,0
A007,17-01-2025 00:00,A007-ENG,Engine,84.766,4.44,74.207,51.984,1879.216,144.533,22.677,82.366,800,77.8,35.422,1,1
A007,17-01-2025 09:00,A007-ENG,Engine,89.538,3.649,70.886,52.669,1774.729,138.58,23.629,81.193,739,79.367,26.762,1,1
A007,17-01-2025 10:00,A007-ENG,Engine,82.547,3.367,69.904,53.467,1760.25,144.096,23.486,86.722,770,88.515,18.79,1,0
A007,17-01-2025 15:00,A007-ENG,Engine,84.163,4.352,70.461,49.583,1691.591,140.083,22.547,85.13,800,69.036,27.858,1,1
A008,01-01-2025 00:00,A008-ENG,Engine,78.489,2.721,75.89,57.058,1863.311,142.525,23.786,74.268,292,47.272,34.986,0,1
A008,01-01-2025 11:00,A008-ENG,Engine,75.612,2.902,77.825,56.228,1836.114,152.246,24.211,77.09,283,46.381,27.691,0,0
A008,01-01-2025 15:00,A008-ENG,Engine,74.448,2.565,74.06,56.804,1890.154,145.134,24.083,77.597,140,56.05,28.942,0,0
A008,01-01-2025 20:00,A008-ENG,Engine,73.618,2.609,74.865,58.263,1726.778,156,23.889,78.643,138,56.677,27.86,0,0
A008,02-01-2025 00:00,A008-ENG,Engine,75.184,2.766,77.961,54.145,1797.735,150.127,23.904,77.92,239,54.08,25.848,0,0
A008,02-01-2025 01:00,A008-ENG,Engine,72.803,2.699,79.09,54.529,1846.296,144.005,24.414,75.382,273,51.331,24.905,0,0
A008,02-01-2025 02:00,A008-ENG,Engine,74.002,2.802,75.555,55.694,1821.128,152.264,23.827,79.794,442,55.632,36.762,0,0
A008,02-01-2025 04:00,A008-ENG,Engine,75.931,2.878,71.852,54.185,1832.979,149.337,23.23,74.419,231,54.009,32.796,0,0
A008,02-01-2025 12:00,A008-ENG,Engine,74.828,3.184,71.497,58.113,1711.037,154.32,24.402,74.848,474,56.727,29.454,0,0
A008,02-01-2025 13:00,A008-ENG,Engine,74.631,2.425,72.343,54.979,1809.947,146.482,23.917,74.631,411,70.684,29.485,0,0
A008,02-01-2025 22:00,A008-ENG,Engine,75.498,2.41,71.022,54.068,1810.797,159.313,23.82,76.243,347,57.555,33.094,0,0
A008,03-01-2025 03:00,A008-ENG,Engine,75.526,2.737,75.608,55.381,1671.48,152.325,23.947,75.102,482,60.015,33.846,0,0
A008,03-01-2025 05:00,A008-ENG,Engine,75.749,2.896,79.967,55.217,1709.344,152.829,23.982,75.014,465,52.395,31.193,0,0
A008,03-01-2025 06:00,A008-ENG,Engine,75.546,2.869,75.844,51.071,1699.908,147.377,24.302,81.086,338,61.328,30.228,0,0
A008,03-01-2025 12:00,A008-ENG,Engine,84.224,5.359,57.164,55.411,1743.87,148.265,24.632,75.239,235,62.785,28.074,1,1
A008,03-01-2025 16:00,A008-ENG,Engine,80.951,2.722,71.944,54.539,1723.379,142.659,24.18,76.761,324,63.342,20.364,0,0
A008,03-01-2025 17:00,A008-ENG,Engine,78.882,2.925,74.731,54.78,1739.975,145.776,23.737,77.339,205,57.343,25.313,0,0
A008,03-01-2025 18:00,A008-ENG,Engine,73.539,2.78,77.466,53.916,1688.504,140.141,24.445,78.929,544,64.316,35.814,0,1
A008,03-01-2025 20:00,A008-ENG,Engine,80.341,2.457,75.972,52.709,1742.898,152.769,23.716,81.895,553,66.309,26.521,0,0
A008,03-01-2025 21:00,A008-ENG,Engine,75.634,3.09,74.811,54.639,1893.762,141.924,23.827,75.323,532,51.438,25.811,0,0
A008,03-01-2025 22:00,A008-ENG,Engine,77.761,2.808,78.257,53.732,1624.819,147.747,23.807,70.204,425,71.948,29.505,0,0
A008,04-01-2025 10:00,A008-ENG,Engine,77.139,3.126,74.816,56.212,1792.823,143.049,23.867,74.286,278,77.572,28.189,0,1
A008,04-01-2025 13:00,A008-ENG,Engine,74.356,3.366,70.845,51.986,1823.934,157.28,23.448,76.385,481,64.117,27.636,0,1
A008,04-01-2025 19:00,A008-ENG,Engine,75.702,3.213,70.129,53.725,1820.773,154.97,24.144,77.693,316,56.31,36.793,0,0
A008,04-01-2025 20:00,A008-ENG,Engine,92.906,4.752,62.099,54.137,1851.219,138.811,23.022,77.169,367,56.512,32.229,1,1
A008,04-01-2025 22:00,A008-ENG,Engine,76.696,3.324,72.142,56.243,1997.963,151.241,23.689,79.664,444,54.919,37.605,0,0
A008,05-01-2025 02:00,A008-ENG,Engine,77.474,2.519,73.649,54.442,1759.543,144.604,24.062,74.784,245,65.421,33.639,0,0
A008,05-01-2025 04:00,A008-ENG,Engine,74.6,2.707,75.001,55.323,1714.518,156.407,23.8,77.748,574,62.503,34.652,0,0
A008,05-01-2025 06:00,A008-ENG,Engine,92.914,6.864,66.258,55.263,1859.675,137.525,23.68,75.347,316,64.144,35.584,1,0
A008,05-01-2025 08:00,A008-ENG,Engine,79.687,3.171,75.299,52.063,1895.099,135.517,24.222,80.294,405,70.415,41.145,0,0
A008,05-01-2025 13:00,A008-ENG,Engine,75.909,2.676,75.82,53.995,1895.717,151.084,23.886,75.278,470,68.766,36.833,0,0
A008,06-01-2025 08:00,A008-ENG,Engine,76.387,2.721,68.907,53.598,1813.038,145.533,23.449,81.092,406,73.688,28.707,0,0
A008,06-01-2025 11:00,A008-ENG,Engine,77.044,3.193,68.407,54.687,1718.158,147.13,23.774,79.31,263,54.472,34.01,0,0
A008,07-01-2025 10:00,A008-ENG,Engine,79.645,2.846,74.492,52.846,1770.952,147.08,23.795,81.008,308,66.264,28.916,0,0
A008,07-01-2025 18:00,A008-ENG,Engine,77.246,3.235,69.668,56.974,1786.248,149.471,23.816,83.1,342,75.318,28.761,0,0
A008,07-01-2025 23:00,A008-ENG,Engine,79.396,3.402,72.046,50.981,1701.162,154.006,23.274,80.791,502,59.693,29.925,0,0
A008,08-01-2025 08:00,A008-ENG,Engine,78.606,3.644,72.315,50.561,1860.552,153.735,23.648,77.67,349,57.132,25.493,0,0
A008,08-01-2025 12:00,A008-ENG,Engine,74.226,3.455,72.262,52.463,1719.682,141.512,23.333,77.75,649,76.88,32.583,0,1
A008,08-01-2025 15:00,A008-ENG,Engine,96.934,5.393,59.232,53.321,1696.918,139.807,24.223,75.029,493,70.683,24.947,1,1
A008,08-01-2025 17:00,A008-ENG,Engine,81.37,3.201,69.312,53.573,1737.546,146.378,23.426,76.946,639,81.148,34.063,1,0
A008,09-01-2025 00:00,A008-ENG,Engine,82.93,2.919,71.659,53.728,1736.666,141.338,23.448,81.176,502,64.482,24.101,0,0
A008,09-01-2025 03:00,A008-ENG,Engine,76.871,3.535,70.101,52.684,1764.008,146.901,23.591,79.803,558,77.566,35.224,1,1
A008,09-01-2025 07:00,A008-ENG,Engine,77.875,2.718,69.153,55.852,1797.284,146.633,23.674,80.206,593,75.259,31.614,0,0
A008,09-01-2025 09:00,A008-ENG,Engine,85.692,5.351,64.717,53.816,1974.908,136.805,23.599,79.934,526,73.793,26.385,1,1
A008,09-01-2025 17:00,A008-ENG,Engine,82.943,3.734,69.503,54.796,1707.769,146.159,23.187,79.67,522,76.146,27.991,1,1
A008,10-01-2025 14:00,A008-ENG,Engine,96.888,5.604,59.21,53.73,1923.561,130.008,23.645,78.918,468,77.225,26.643,1,1
A008,10-01-2025 18:00,A008-ENG,Engine,82.625,3.294,67.199,51.08,1894.893,145.579,23.377,78.785,431,75.575,28.652,1,0
A008,10-01-2025 19:00,A008-ENG,Engine,97.806,5.699,59.487,53.29,1825.116,134.973,23.253,81.248,552,76.663,29.62,1,1
A008,10-01-2025 21:00,A008-ENG,Engine,81.763,3.415,73.062,55.33,1807.884,152.382,23.207,80.669,641,72.762,29.351,1,0
A008,10-01-2025 22:00,A008-ENG,Engine,81.722,4.001,72.971,53.991,1912.425,147.102,22.94,80.251,366,72.304,27.438,1,0
A008,11-01-2025 01:00,A008-ENG,Engine,79.912,3.702,68.01,51.545,1639.602,138.759,23.11,81.925,705,72.059,35.801,1,1
A008,11-01-2025 05:00,A008-ENG,Engine,80.349,4.397,68.928,51.724,1855.696,144.029,22.892,80.902,463,78.303,39.132,1,1
A008,11-01-2025 06:00,A008-ENG,Engine,79.093,3.266,69.295,51.844,1699.01,137.414,23.75,82.844,539,72.747,24.906,1,0
A008,11-01-2025 08:00,A008-ENG,Engine,85.351,3.682,70.617,52.943,1757.647,151.398,23.218,76.85,668,80.488,34.158,1,1
A008,11-01-2025 10:00,A008-ENG,Engine,83.298,3.406,71.907,50.085,1884.168,142.253,22.559,85.775,633,74.619,30.536,1,1
A008,12-01-2025 05:00,A008-ENG,Engine,85.733,3.48,70.75,52.826,1905.928,144.504,23.06,84.407,751,66.7,27.51,1,0
A008,12-01-2025 06:00,A008-ENG,Engine,80.628,3.909,72.163,53.398,1789.495,147.144,22.662,81.953,417,86.646,23.399,1,0
A008,12-01-2025 07:00,A008-ENG,Engine,87.038,3.379,67.446,54.51,1741.783,149.763,23.118,82.693,395,62.309,32.278,1,1
A008,12-01-2025 14:00,A008-ENG,Engine,96.328,6.252,58.515,53.02,1899.931,137.274,23.518,83.788,631,75.627,27.013,1,1
A008,12-01-2025 16:00,A008-ENG,Engine,82.477,3.79,68.871,52.829,1837.827,144.151,23.468,83.165,559,73.975,25.868,1,0
A008,12-01-2025 23:00,A008-ENG,Engine,85.688,3.782,66.763,54.774,1851.149,143.616,23.391,81.082,405,73.466,27.352,1,1
A008,13-01-2025 00:00,A008-ENG,Engine,85.705,3.83,68.96,52.882,1718.192,139.873,22.828,78.409,776,65.093,21.886,1,1
A008,13-01-2025 02:00,A008-ENG,Engine,80.596,3.381,68.614,54.589,1875.102,151.708,23.126,83.325,630,80.375,29.463,1,1
A008,13-01-2025 11:00,A008-ENG,Engine,79.738,3.8,68.338,56.158,1879.546,147.217,23.442,79.836,405,92.822,25.791,1,0
A008,13-01-2025 13:00,A008-ENG,Engine,81.341,4.03,71.888,52.701,1818.089,147.719,23.336,82.122,622,68.863,31.936,1,0
A008,13-01-2025 16:00,A008-ENG,Engine,99.335,6.138,53.916,54.452,1823.764,139.814,22.746,79.117,573,73.772,30.119,1,1
A008,13-01-2025 17:00,A008-ENG,Engine,82.411,3.866,70.614,53.055,1934.26,148.488,23.203,82.452,422,80.432,28.95,1,1
A008,13-01-2025 20:00,A008-ENG,Engine,83.571,4.295,68.478,52.023,1794.193,147.952,23.053,79.73,736,75.032,29.842,1,0
A008,13-01-2025 21:00,A008-ENG,Engine,79.548,3.993,73.997,51.469,1805.185,145.149,22.992,80.668,549,93.159,31.929,1,0
A008,14-01-2025 00:00,A008-ENG,Engine,85.326,4.004,72.293,53.165,1858.475,144.013,23.332,81.765,535,68.418,28.969,1,1
A008,14-01-2025 01:00,A008-ENG,Engine,86.429,3.644,63.273,50.238,1772.322,147.864,23.014,80.406,538,71.249,24.036,1,1
A008,14-01-2025 05:00,A008-ENG,Engine,84.266,3.818,68.922,58.258,1753.839,151.601,22.997,78.568,579,79.258,35.596,1,0
A008,14-01-2025 08:00,A008-ENG,Engine,81.04,3.583,69.859,50.161,1822.536,144.739,22.843,84.77,501,70.242,37.179,1,0
A008,14-01-2025 09:00,A008-ENG,Engine,81.164,4.345,70.108,49.434,1683.416,144.368,23.341,82.684,555,76.412,30.201,1,1
A008,14-01-2025 16:00,A008-ENG,Engine,89.828,3.969,68.431,51.714,1853.208,145.275,22.963,83.027,545,70.877,18.339,1,0
A008,14-01-2025 19:00,A008-ENG,Engine,81.879,4.375,68.847,51.711,1835.626,145.404,23.442,85.064,733,79.345,34.695,1,1
A008,14-01-2025 20:00,A008-ENG,Engine,79.514,2.703,70.8,53.397,1833.908,151.408,22.995,82.543,760,85.038,26.431,1,1
A008,14-01-2025 21:00,A008-ENG,Engine,83.462,3.766,66.235,50.928,1963.718,144.775,23.067,80.342,639,99.233,25.693,1,0
A008,15-01-2025 03:00,A008-ENG,Engine,82.224,4.39,69.85,50.725,1866.183,143.386,22.9,81.197,826,79.237,35.091,1,0
A008,15-01-2025 05:00,A008-ENG,Engine,86.002,4.411,68.039,50.827,1667.763,146.821,23.466,83.376,816,79.44,29.969,1,1
A008,15-01-2025 06:00,A008-ENG,Engine,85.811,4.169,68.257,52.219,1789.082,144.26,23.019,84.8,479,79.798,28.597,1,0
A008,15-01-2025 07:00,A008-ENG,Engine,83.562,3.571,69.99,53.45,1722.606,148.207,23.193,87.525,668,77.472,29.728,1,0
A008,15-01-2025 12:00,A008-ENG,Engine,85.041,4.185,65.025,51.305,1650.458,144.382,22.676,82.429,841,84.874,31.408,1,0
A008,15-01-2025 17:00,A008-ENG,Engine,85.327,4.055,67.912,56.359,1782.914,146.185,22.364,82.552,800,75.571,32.431,1,0
A008,15-01-2025 19:00,A008-ENG,Engine,88.626,4.46,72.177,52.253,1729.48,141.99,23.334,87.087,664,72.739,17.399,1,1
A008,15-01-2025 20:00,A008-ENG,Engine,98.879,5.676,53.146,52.602,1788.646,130.462,23.123,82.998,790,70.054,26.37,1,1
A008,16-01-2025 13:00,A008-ENG,Engine,88.111,4.315,74.379,50.919,1919.685,147.312,22.686,84.032,718,76.738,31.294,1,0
A008,16-01-2025 14:00,A008-ENG,Engine,88.703,4.614,65.283,52.097,1863.849,140.978,22.42,84.297,648,77.986,29.138,1,1
A008,16-01-2025 19:00,A008-ENG,Engine,86.641,3.847,66.549,52.03,1759.328,147.648,23.099,85,493,85.521,30.588,1,1
A008,17-01-2025 02:00,A008-ENG,Engine,84.058,3.656,66.344,54.882,1734.55,143.275,22.552,87.902,833,63.641,27.218,1,1
A008,17-01-2025 04:00,A008-ENG,Engine,90.224,4.147,67.679,53.171,1741.954,143.152,23.025,86.164,860,86.941,29.599,1,1
A009,01-01-2025 00:00,A009-ENG,Engine,68.949,2.473,78.792,53.886,1804.595,148.361,23.865,77.334,260,44.467,29.749,0,1
A009,01-01-2025 03:00,A009-ENG,Engine,73.104,2.789,78.699,57.737,1683.827,149.16,23.223,72.34,147,50.409,34.325,0,1
A009,01-01-2025 04:00,A009-ENG,Engine,72.062,1.896,74.437,54.729,1842.162,149.124,24.146,76.949,312,65.069,30.862,0,0
A009,01-01-2025 06:00,A009-ENG,Engine,73.439,2.45,75.935,54.751,1771.246,149.069,23.565,74.014,346,43.451,32.072,0,1
A009,01-01-2025 08:00,A009-ENG,Engine,71.165,2.58,78.456,53.506,1811.518,157.355,23.344,77.372,417,59.4,36.333,0,0
A009,01-01-2025 17:00,A009-ENG,Engine,76.059,2.904,76.502,54.459,1750.501,144.898,23.709,73.502,241,47.914,39.019,0,0
A009,01-01-2025 21:00,A009-ENG,Engine,72.599,2.617,77.769,54.443,1737.077,146.78,23.695,73.203,518,80.13,20.238,0,0
A009,02-01-2025 03:00,A009-ENG,Engine,70.341,2.577,74.74,53.74,1699.48,146.752,23.535,77.325,498,60.561,31.54,0,1
A009,02-01-2025 06:00,A009-ENG,Engine,72.772,2.615,69.188,54.13,1853.486,147.119,24.106,75.718,243,66.432,26.325,0,0
A009,02-01-2025 10:00,A009-ENG,Engine,74.149,2.772,72.866,53.979,1708.908,146.049,24.179,75.903,341,52.044,29.249,0,0
A009,02-01-2025 13:00,A009-ENG,Engine,73.233,2.111,80.204,52.647,1751.954,148.211,23.713,74.473,411,61.875,32.371,0,0
A009,02-01-2025 14:00,A009-ENG,Engine,73.712,3.113,74.318,53.632,1883.655,149.451,23.709,74.959,427,67.22,32.93,0,0
A009,02-01-2025 15:00,A009-ENG,Engine,74.256,2.406,74.098,56.1,1911.818,145.283,23.557,77.363,237,55.018,32.764,0,0
A009,02-01-2025 16:00,A009-ENG,Engine,76.191,1.994,77.895,54.632,1839.711,150.448,23.283,78.734,461,61.03,33.782,0,0
A009,03-01-2025 04:00,A009-ENG,Engine,75.357,2.76,78.328,54.298,1783.373,156.802,23.47,77.895,258,59.615,27.496,0,0
A009,03-01-2025 18:00,A009-ENG,Engine,74.281,2.801,73.395,56.992,1816.82,142.702,23.337,79.06,387,58.539,28.051,0,0
A009,03-01-2025 20:00,A009-ENG,Engine,79.86,3.322,75.087,55.18,1649.685,149.671,23.994,76.133,457,47.771,37.914,0,0
A009,04-01-2025 00:00,A009-ENG,Engine,75.19,2.997,77.318,54.105,1822.191,152.245,23.739,77.975,255,51.324,21.718,0,0
A009,04-01-2025 01:00,A009-ENG,Engine,77.435,2.493,73.466,54.937,1739.932,147.096,22.868,78.503,404,59.468,25.273,0,0
A009,04-01-2025 05:00,A009-ENG,Engine,74.685,3.027,68.62,56.725,1759.024,144.042,23.397,76.398,204,59.784,30.706,0,0
A009,04-01-2025 09:00,A009-ENG,Engine,75.541,2.871,76.936,54.59,1733.277,157.738,23.664,75.211,422,45.836,30.452,0,0
A009,04-01-2025 18:00,A009-ENG,Engine,74.668,2.833,75.78,53.079,1676.267,145.04,24.322,78.347,381,53.817,36.445,0,0
A009,04-01-2025 19:00,A009-ENG,Engine,77.762,3.213,78.277,53.439,1925.96,146.367,23.6,77.293,439,68.905,28.349,0,0
A009,04-01-2025 23:00,A009-ENG,Engine,77.625,2.582,77.204,54.877,1719.184,150.774,23.834,77.199,265,64.866,33.131,0,1
A009,05-01-2025 03:00,A009-ENG,Engine,74.038,3.284,77.118,53.843,1872.081,147.744,24.143,71.997,320,73.601,24.439,0,0
A009,05-01-2025 07:00,A009-ENG,Engine,75.554,3.879,76.73,55.131,1935.936,151.803,23.755,74.747,244,67.614,36.984,0,0
A009,05-01-2025 10:00,A009-ENG,Engine,77.212,3.392,73.868,52.542,1897.777,147.43,23.406,79.436,367,74.073,30.916,0,0
A009,06-01-2025 00:00,A009-ENG,Engine,82.291,3.563,73.38,51.893,1820.714,157.888,24.108,77.988,336,75.852,35.844,0,0
A009,06-01-2025 11:00,A009-ENG,Engine,73.36,2.649,76.704,56.221,1716.975,141.353,24.052,76.181,300,60.113,30.481,0,0
A009,06-01-2025 13:00,A009-ENG,Engine,76.11,2.577,73.991,53.104,1685.143,148.006,23.799,78.675,278,65.627,32.217,0,0
A009,06-01-2025 18:00,A009-ENG,Engine,78.615,2.981,71.377,55.436,1885.144,149.565,23.611,76.885,570,68.318,26.827,0,0
A009,06-01-2025 20:00,A009-ENG,Engine,79.703,2.85,74.692,53.932,1901.678,146.089,24.291,79.177,323,63.603,28.789,0,0
A009,06-01-2025 21:00,A009-ENG,Engine,77.818,3.788,72.479,53.701,1760.912,155.714,23.071,78.712,356,67.171,24.36,0,0
A009,07-01-2025 01:00,A009-ENG,Engine,75.513,3.265,74.034,55.032,1780.804,153.953,23.805,80.027,446,53.603,30.482,0,1
A009,07-01-2025 03:00,A009-ENG,Engine,76.009,3.469,68.436,55.984,1671.045,150.791,23.392,79.317,529,81.707,25.811,0,0
A009,07-01-2025 07:00,A009-ENG,Engine,79.427,3.125,75.767,55.101,1708.238,149.904,23.007,79.671,583,63.032,30.803,0,0
A009,07-01-2025 08:00,A009-ENG,Engine,78.263,3.215,76.666,57.654,1798.406,146.052,23.382,79.701,561,63.727,21.254,0,1
A009,07-01-2025 09:00,A009-ENG,Engine,81.568,3.219,73.973,55.866,1690.646,146.678,23.52,80.669,483,61.108,26.439,0,0
A009,07-01-2025 17:00,A009-ENG,Engine,78.695,2.962,72.512,53.036,1875.71,146.364,23.289,76.071,281,61.163,29.408,0,0
A009,07-01-2025 22:00,A009-ENG,Engine,76.671,3.555,75.426,51.774,1872.64,147.335,23.411,79.931,344,69.107,34.443,0,0
A009,08-01-2025 00:00,A009-ENG,Engine,75.945,2.921,69.023,52.72,1714.996,156.477,24.022,81.884,334,55.996,29.113,0,0
A009,08-01-2025 02:00,A009-ENG,Engine,84.366,2.798,73.035,54.719,1898.322,147.88,23.901,78.419,533,70.827,32.07,0,1
A009,08-01-2025 14:00,A009-ENG,Engine,79.884,4.121,72.747,55.934,1839.779,149.48,23.327,78.836,386,71.202,25.659,0,0
A009,08-01-2025 15:00,A009-ENG,Engine,79.309,3.288,70.075,57.019,1899.64,152.591,22.943,80.278,583,59.786,33.858,0,1
A009,08-01-2025 22:00,A009-ENG,Engine,79.28,3.198,75.642,53.341,1766.833,152.889,23.398,79.243,306,63.815,31.428,0,0
A009,08-01-2025 23:00,A009-ENG,Engine,79.47,3.138,70.074,53.965,1749.623,146.139,23.129,80.169,523,57.365,32.057,0,0
A009,09-01-2025 00:00,A009-ENG,Engine,79.638,3.595,76.434,56.097,1682.022,145.179,23.255,81.077,611,63.676,27.193,0,0
A009,09-01-2025 01:00,A009-ENG,Engine,76.379,3.123,67.784,48.769,1843.62,148.849,23.481,82.999,671,54.511,19.599,0,0
A009,09-01-2025 04:00,A009-ENG,Engine,80.75,3.15,71.812,51.711,1776.257,151.673,23.706,81.017,405,75.778,28.173,0,0
A009,09-01-2025 05:00,A009-ENG,Engine,81.217,3.497,74.968,49.493,1728.177,147.172,23.577,84.114,505,60.348,26.451,0,0
A009,09-01-2025 08:00,A009-ENG,Engine,78.284,3.307,73.917,56.924,1838.542,143.564,23.633,82.801,446,59.392,24.677,0,1
A009,09-01-2025 14:00,A009-ENG,Engine,77.798,2.968,76.047,52.663,1596.166,148.46,23.101,80.061,355,66.573,37.451,0,0
A009,09-01-2025 16:00,A009-ENG,Engine,78.364,3.966,70.855,51.499,1787.46,150.876,23.34,81.676,343,70.667,36.764,1,1
A009,10-01-2025 05:00,A009-ENG,Engine,82.847,3.14,69.895,53.468,1867.451,149.363,23.074,82.086,360,64.644,33.369,0,1
A009,10-01-2025 08:00,A009-ENG,Engine,81.031,3.407,76.468,56.568,1733.407,148.191,23.264,80.061,615,68.53,29.572,0,0
A009,10-01-2025 09:00,A009-ENG,Engine,78.351,3.761,69.194,53.786,1893.901,149.464,23.214,81.195,629,83.135,27.041,1,1
A009,10-01-2025 12:00,A009-ENG,Engine,78.744,3.062,73.736,53.889,1871.57,144.683,23.484,77.511,544,66.266,26.477,0,0
A009,10-01-2025 13:00,A009-ENG,Engine,79.067,3.647,72.13,51.792,1875.529,153.399,23.631,76.11,504,72.064,29.291,1,0
A009,10-01-2025 23:00,A009-ENG,Engine,83.187,3.613,73.529,57.233,1678.291,156.641,23.611,86.225,724,62.926,31.912,1,1
A009,11-01-2025 00:00,A009-ENG,Engine,81.712,3.752,71.315,52.168,1840.792,144.929,23.236,78.118,365,71.302,25.357,1,1
A009,11-01-2025 01:00,A009-ENG,Engine,83.097,3.274,69.229,54.756,1882.195,148.683,23.114,79.766,740,68.265,29.704,1,1
A009,11-01-2025 03:00,A009-ENG,Engine,80.721,3.434,70.375,54.76,1673.079,148.312,22.948,79.379,443,64.945,32.354,1,1
A009,11-01-2025 05:00,A009-ENG,Engine,81.53,3.617,71.057,53.847,1742.586,142.684,23.912,81.957,401,85.615,28.626,1,1
A009,11-01-2025 07:00,A009-ENG,Engine,98.653,5.986,68.442,52.858,2018.709,136.309,23.165,78.99,562,58.818,24.1,1,1
A009,11-01-2025 09:00,A009-ENG,Engine,82.314,3.775,71.779,55.456,1825.077,147.475,23.894,79.309,730,82.554,36.565,1,1
A009,11-01-2025 16:00,A009-ENG,Engine,84.854,3.641,73.009,50.64,1747.36,144.417,23.739,80.902,700,77.695,30.129,1,0
A009,11-01-2025 20:00,A009-ENG,Engine,91.672,5.673,57.432,53.289,1742.91,142.201,23.474,78.732,668,73.892,23.596,1,1
A009,12-01-2025 00:00,A009-ENG,Engine,82.478,4.014,64.876,52.681,1933.973,148.273,23.353,78.398,618,77.971,35.046,1,1
A009,12-01-2025 03:00,A009-ENG,Engine,81.778,3.583,71.389,53.354,1851.602,141.628,23.377,78.65,520,50.187,39.862,0,0
A009,12-01-2025 04:00,A009-ENG,Engine,80.522,3.656,71.629,50.576,1760.071,148.125,23.279,81.957,441,78.688,29.455,1,0
A009,12-01-2025 11:00,A009-ENG,Engine,80.722,3.656,73.007,51.843,1862.562,147.487,23.293,80.166,461,69.964,29.532,1,0
A009,12-01-2025 14:00,A009-ENG,Engine,82.482,4.17,68.593,52.739,1658.784,149.771,23.556,83.696,429,72.232,22.553,1,0
A009,12-01-2025 18:00,A009-ENG,Engine,81.746,3.928,68.014,53.724,1723.226,148.514,23.992,83.45,739,82.871,34.512,1,1
A009,12-01-2025 19:00,A009-ENG,Engine,76.886,3.541,70.524,50.414,1712.728,151.812,21.898,82.618,637,82.85,29.864,1,1
A009,12-01-2025 23:00,A009-ENG,Engine,79.915,3.501,68.003,50.415,1822.957,150.678,22.531,82.566,556,78.123,32.233,1,1
A009,13-01-2025 00:00,A009-ENG,Engine,83.096,2.996,70.069,52.951,1701.565,145.426,23.308,80.545,462,75.718,25.052,1,0
A009,13-01-2025 04:00,A009-ENG,Engine,83.265,3.598,69.05,50.862,1855.043,146.043,22.747,82.747,666,100,28.993,1,1
A009,13-01-2025 06:00,A009-ENG,Engine,79.437,3.975,71.554,51.513,1813.302,142.467,22.925,83.725,756,77.998,27.434,1,0
A009,13-01-2025 10:00,A009-ENG,Engine,83.073,3.593,73.114,53.978,1815.556,145.737,22.487,78.481,421,71.533,36.343,1,1
A009,13-01-2025 11:00,A009-ENG,Engine,79.362,3.38,71.098,51.774,1751.651,143.757,23.186,83.256,474,59.59,26.199,1,1
A009,13-01-2025 15:00,A009-ENG,Engine,81.277,3.645,68.656,51.903,1865.004,138.533,23.551,86.953,584,76.092,25.845,1,0
A009,13-01-2025 18:00,A009-ENG,Engine,79.175,3.493,68.83,53.004,1744.859,152.022,22.602,90.821,546,66.509,44.779,1,1
A009,13-01-2025 22:00,A009-ENG,Engine,81.74,4.101,70.007,55.69,1839.06,149.761,22.434,79.352,427,61.899,27.859,1,0
A009,14-01-2025 03:00,A009-ENG,Engine,83.094,4.237,64.754,54.69,1907.509,144.779,23.03,83.148,420,81.41,26.351,1,0
A009,14-01-2025 05:00,A009-ENG,Engine,83.06,3.884,68.686,51.109,1755.693,149.297,23.12,79.711,622,81.454,32.716,1,1
A009,14-01-2025 06:00,A009-ENG,Engine,84.235,3.936,72.215,52.169,1741.964,149.917,23.368,85.5,764,79.054,21.756,1,1
A009,14-01-2025 07:00,A009-ENG,Engine,85.834,3.99,64.819,50.958,1767.215,144.647,23.101,85.935,719,82.026,25.405,1,1
A009,14-01-2025 09:00,A009-ENG,Engine,81.466,4.434,68.861,52.995,1870.673,145.142,23.05,84.03,579,69.133,22.318,1,1
A009,14-01-2025 14:00,A009-ENG,Engine,83.294,4.153,68.504,52.923,1839.987,141.086,23.205,84.781,540,83.958,24.456,1,1
A009,14-01-2025 18:00,A009-ENG,Engine,84.852,3.721,73.798,48.316,1740.16,147.666,22.992,84.649,582,65.322,28.728,1,1
A009,14-01-2025 20:00,A009-ENG,Engine,83.801,3.38,69.162,49.592,1743.009,148.313,23.48,85.461,819,75.765,32.85,1,0
A009,14-01-2025 22:00,A009-ENG,Engine,87.189,3.77,67.944,49.265,1975.391,151.101,22.306,84.661,463,67.832,27.457,1,1
A009,15-01-2025 01:00,A009-ENG,Engine,80.154,3.229,72.233,56.487,1770.447,153.121,22.762,82.956,667,90.259,25.437,1,0
A009,15-01-2025 02:00,A009-ENG,Engine,82.486,3.087,72.775,52.918,1786.68,143.003,23.095,85.217,648,74.783,34.818,1,0
A009,15-01-2025 05:00,A009-ENG,Engine,85.08,3.767,70.82,52.728,1826.599,147.124,22.793,82.903,565,84.438,39.132,1,1
A009,15-01-2025 09:00,A009-ENG,Engine,83.625,3.985,69.173,50.44,1943.913,142.639,22.798,81.911,452,80.633,27.609,1,1
A009,15-01-2025 11:00,A009-ENG,Engine,84.528,3.494,67.564,49.216,1779.843,143.964,22.774,84.234,744,72.284,28.298,1,1
A009,15-01-2025 15:00,A009-ENG,Engine,93.76,6.561,63.178,52.751,1781.86,140.226,22.624,84.413,641,88.72,33.331,1,1
A009,15-01-2025 16:00,A009-ENG,Engine,108.304,6.841,57.156,54.784,1736.723,128.87,22.845,84.576,473,86.5,27.858,1,1
A009,15-01-2025 18:00,A009-ENG,Engine,91.906,6.755,52.426,53.959,1731.655,141.58,23.182,80.442,615,70.528,33.426,1,1
A009,15-01-2025 19:00,A009-ENG,Engine,82.718,3.665,68.134,50.867,1849.474,139.658,23.086,82.606,522,78.285,29.166,1,1
A009,15-01-2025 20:00,A009-ENG,Engine,86.057,4.165,68.58,49.814,1720.607,150.665,23.104,84.178,701,73.568,38.659,1,1
A009,16-01-2025 09:00,A009-ENG,Engine,85.645,4.018,74.194,52.077,1980.068,145.715,22.66,82.114,577,71.901,32.145,1,0
A009,16-01-2025 14:00,A009-ENG,Engine,82.651,3.799,69.616,49.244,1778.629,153.529,23.518,86.144,785,88.691,32.467,1,1
A009,16-01-2025 17:00,A009-ENG,Engine,83.252,4.254,66.626,51.524,1646.059,140.061,23.31,84.759,648,74.385,27.557,1,0
A009,16-01-2025 19:00,A009-ENG,Engine,83.535,3.754,71.856,51.126,1657.144,147.606,22.529,82.63,557,85.152,26.373,1,0
A009,17-01-2025 01:00,A009-ENG,Engine,86.429,3.518,74.795,48.654,1961.641,145.108,22.781,85.804,823,72.413,33.926,1,1
A009,17-01-2025 03:00,A009-ENG,Engine,81.944,4.634,67.056,49.065,1709.571,148.339,22.878,85.97,702,79.778,24.486,1,0
A009,17-01-2025 05:00,A009-ENG,Engine,81.09,3.887,67.24,53.334,1931.403,145.431,22.731,85.616,661,78.291,19.152,1,0
A009,17-01-2025 09:00,A009-ENG,Engine,86.578,4.164,69.934,52.891,1735.093,143.262,22.732,85.016,551,78.41,35.514,1,1
A009,17-01-2025 14:00,A009-ENG,Engine,86.147,4.357,67.015,48.732,1755.332,153.177,22.468,84.877,838,61.421,27.401,1,1
A009,17-01-2025 15:00,A009-ENG,Engine,81.792,3.843,67.892,50.015,1723.422,149.033,22.584,85.855,514,79.376,23.85,1,1
A010,01-01-2025 01:00,A010-ENG,Engine,73.667,3.076,76.34,55.364,1710.537,154.805,23.728,74.456,426,67.781,34.433,0,0
A010,01-01-2025 04:00,A010-ENG,Engine,78.418,2.538,72.569,52.666,1815.56,150.425,24.015,72.529,362,73.704,37.323,0,0
A010,01-01-2025 09:00,A010-ENG,Engine,72.638,2.962,70.176,56.275,1695.065,147.526,24.465,73.971,465,70.716,28.474,0,0
A010,01-01-2025 22:00,A010-ENG,Engine,71.479,2.636,79.052,53.811,1869.198,152.306,24.2,76.412,509,64.672,22.592,0,0
A010,01-01-2025 23:00,A010-ENG,Engine,74.65,2.52,73.021,55.927,1872.12,149.3,23.83,78.138,455,55.307,29.789,0,1
A010,02-01-2025 12:00,A010-ENG,Engine,77.534,2.927,78.602,55.569,1966.233,149.813,23.98,76.706,300,54.469,26.12,0,0
A010,02-01-2025 15:00,A010-ENG,Engine,72.943,2.476,76.085,54.39,1886.736,157.035,23.978,74.952,209,62.628,25.521,0,0
A010,02-01-2025 23:00,A010-ENG,Engine,74.026,2.551,73.459,54.359,1795.589,145.021,23.945,76.649,157,59.301,26.545,0,0
A010,03-01-2025 07:00,A010-ENG,Engine,79.824,2.731,74.87,57.987,1763.127,148.215,23.61,76.451,204,63.175,26.565,0,0
A010,03-01-2025 10:00,A010-ENG,Engine,75.728,3.133,74.062,52.043,1867.053,143.785,23.714,76.406,471,69.502,32.889,0,0
A010,03-01-2025 11:00,A010-ENG,Engine,79.801,1.801,78.308,52.875,1834.216,155.056,24.019,77.22,253,67.862,22.6,0,0
A010,03-01-2025 12:00,A010-ENG,Engine,75.099,3.311,77.598,52.709,1839.818,142.993,23.264,74.714,174,60.57,26.735,0,1
A010,03-01-2025 16:00,A010-ENG,Engine,71.547,2.777,77.066,56.853,1868.665,148.597,24.321,75.155,559,58.515,22.895,0,0
A010,03-01-2025 20:00,A010-ENG,Engine,75.49,2.781,74.869,51.442,1829.133,140.68,23.211,80.703,295,58.607,37.131,0,1
A010,04-01-2025 02:00,A010-ENG,Engine,76.389,2.565,73.235,54.484,1810.784,142.537,24.023,78.299,362,55.929,38.39,0,0
A010,04-01-2025 09:00,A010-ENG,Engine,74.63,3.365,74.838,52.485,1610.101,149.547,24.285,75.211,271,54.78,28.419,0,0
A010,04-01-2025 11:00,A010-ENG,Engine,71.979,2.777,71.669,54.955,1929.405,151.113,23.675,78.166,195,60.113,30.972,0,0
A010,04-01-2025 13:00,A010-ENG,Engine,72.102,2.493,72.13,54.777,1776.493,143.903,24.37,78.451,579,76.628,20.995,0,0
A010,04-01-2025 14:00,A010-ENG,Engine,76.722,2.731,73.841,56.248,1623.329,154.914,23.879,76.93,499,70.103,31.819,0,1
A010,04-01-2025 16:00,A010-ENG,Engine,78.819,2.824,76.657,53.71,1518.985,154.664,23.896,77.576,542,62.809,31.514,0,0
A010,05-01-2025 01:00,A010-ENG,Engine,80.19,2.019,74.958,54.902,1874.128,141.602,23.508,75.563,550,53.003,41.563,0,0
A010,05-01-2025 03:00,A010-ENG,Engine,73.617,2.68,74.188,53.151,1858.327,149.977,23.831,74.945,447,56.41,20.45,0,0
A010,05-01-2025 09:00,A010-ENG,Engine,73.755,3.078,72.442,52.993,1852.433,148.675,22.847,77.229,437,60.699,36.287,0,0
A010,05-01-2025 13:00,A010-ENG,Engine,75.205,3.453,70.737,53.148,1789.307,147.545,23.431,77.978,486,70.268,22.731,0,0
A010,05-01-2025 17:00,A010-ENG,Engine,83.734,3.357,74.375,53.222,1827.895,153.203,23.235,80.342,253,60.892,28.84,0,0
A010,05-01-2025 21:00,A010-ENG,Engine,77.711,2.793,74.727,54.463,1780.326,150.712,23.015,76.844,446,57.527,26.126,0,0
A010,05-01-2025 22:00,A010-ENG,Engine,78.75,2.817,69.208,52.948,1770.326,145.985,24.536,74.642,595,65.027,29.35,0,1
A010,06-01-2025 01:00,A010-ENG,Engine,82.118,3.669,69.711,56.481,1955.141,151.114,23.474,77.334,471,78.491,34.177,0,0
A010,06-01-2025 04:00,A010-ENG,Engine,80.423,2.163,75.484,52.983,1694.677,141.557,23.434,81.28,444,72.746,38.172,0,0
A010,06-01-2025 06:00,A010-ENG,Engine,77.685,3.546,76.033,54.793,1719.433,146.22,23.889,80.753,528,54.929,37.638,0,0
A010,06-01-2025 10:00,A010-ENG,Engine,77.76,3.309,74.64,54.313,1831.697,143.956,23.447,79.592,247,58.701,30.706,0,0
A010,06-01-2025 11:00,A010-ENG,Engine,78.579,2.725,74.589,53.003,1677.251,151.332,23.192,77.566,332,67.779,29.633,0,0
A010,06-01-2025 14:00,A010-ENG,Engine,77.186,3.522,72.117,56.027,1688.957,147.098,23.676,79.072,500,58.87,21.756,0,0
A010,06-01-2025 17:00,A010-ENG,Engine,78.275,3.022,76.054,56.357,1814.246,142.424,23.531,78.295,581,62.193,25.083,0,1
A010,06-01-2025 22:00,A010-ENG,Engine,72.739,2.911,69.36,55.771,1858.725,147.161,23.076,76.153,275,68.118,26.619,0,0
A010,07-01-2025 03:00,A010-ENG,Engine,78.087,3.353,71.052,52.543,1833.703,142.705,23.941,77.872,483,70.755,31.034,0,1
A010,07-01-2025 04:00,A010-ENG,Engine,81.616,3.306,74.262,55.083,1718.902,148.367,23.868,75.125,539,70.262,30.435,0,1
A010,07-01-2025 07:00,A010-ENG,Engine,78.825,2.558,73.064,53.651,1690.854,150.226,23.374,79.233,416,70.585,31.644,0,1
A010,07-01-2025 09:00,A010-ENG,Engine,78.047,3.045,73.16,54.972,1791.879,143.355,23.736,78.824,472,58.741,21.876,0,1
A010,07-01-2025 11:00,A010-ENG,Engine,76.415,3.623,72.739,53.817,1683.424,145.832,23.721,76.924,431,60.998,27.459,0,0
A010,07-01-2025 12:00,A010-ENG,Engine,79.673,3.568,71.689,57.452,1723.969,147.152,23.419,79.273,421,65.077,29.485,0,0
A010,07-01-2025 16:00,A010-ENG,Engine,79.279,3.354,74.15,55.697,1714.164,150.807,23.457,80.285,654,79.071,19.458,0,0
A010,07-01-2025 17:00,A010-ENG,Engine,77.817,2.896,73.968,51.723,1908.389,150.755,23.597,74.953,314,56.726,29.599,0,0
A010,08-01-2025 01:00,A010-ENG,Engine,75.458,3.622,73.6,56.63,1688.667,141.428,23.165,80.023,369,74.678,31.431,0,1
A010,08-01-2025 02:00,A010-ENG,Engine,81.822,3.985,69.862,53.217,1674.915,144.014,23.627,75.879,586,61.632,35.268,0,0
A010,08-01-2025 05:00,A010-ENG,Engine,76.836,3.741,69.244,53.08,1683.155,148.777,23.844,75.173,384,73.288,38.158,0,1
A010,08-01-2025 06:00,A010-ENG,Engine,77.937,3.993,74.526,55.496,1993.954,153.203,23.436,79.401,597,86.997,26.304,1,1
A010,08-01-2025 07:00,A010-ENG,Engine,77.132,3.008,70.856,54.912,1798.93,151.857,23.528,79.733,507,65.85,39.735,0,1
A010,08-01-2025 19:00,A010-ENG,Engine,76.077,3.203,68.717,54.664,1854.972,149.317,23.224,80.253,526,83.2,22.83,1,1
A010,09-01-2025 00:00,A010-ENG,Engine,79.379,3.419,71.647,56.198,1751.511,141.59,23.333,81.305,631,77.361,30.569,1,0
A010,09-01-2025 05:00,A010-ENG,Engine,76.093,3.312,71.889,52.549,1926.245,152.466,23.554,83.466,559,76.583,30.671,0,0
A010,09-01-2025 09:00,A010-ENG,Engine,73.185,3.044,72.206,55.667,1703.684,152.173,23.375,79.054,516,71.189,37.088,0,0
A010,09-01-2025 12:00,A010-ENG,Engine,84.203,3.725,71.126,52.636,1819.97,142.069,23.224,81.325,694,75.964,28.16,1,0
A010,09-01-2025 14:00,A010-ENG,Engine,95.159,7.291,61.088,50.766,1686.022,137.263,23.193,77.928,474,65.929,32.256,1,1
A010,09-01-2025 17:00,A010-ENG,Engine,83.908,3.251,68.817,50.742,1836.447,149.739,23.516,81.215,528,65.759,20.049,1,1
A010,09-01-2025 18:00,A010-ENG,Engine,81.443,3.757,69.619,53.872,1846.098,143.645,23.497,82.841,585,67.163,21.388,1,1
A010,09-01-2025 19:00,A010-ENG,Engine,78.306,3.466,74.767,53.362,1651.576,148.865,23.374,80.701,689,78.217,27.375,1,0
A010,10-01-2025 03:00,A010-ENG,Engine,80.949,3.288,72.225,56.725,1807.261,146.208,23.378,80.563,455,66.554,26.294,0,1
A010,10-01-2025 07:00,A010-ENG,Engine,80.103,3.669,70.705,52.88,1766.364,146.49,23.4,76.63,452,70.398,21.175,1,0
A010,10-01-2025 14:00,A010-ENG,Engine,82.533,3.281,68.874,50.516,1781.254,153.572,23.124,82.502,506,69.386,28.064,1,1
A010,10-01-2025 18:00,A010-ENG,Engine,84.895,3.925,72.122,56.748,1765.598,150.252,23.396,79.574,345,67.006,40.155,1,1
A010,10-01-2025 22:00,A010-ENG,Engine,82.401,3.608,71.797,52.853,1776.858,143.007,23.501,78.87,688,65.581,24.011,1,1
A010,11-01-2025 03:00,A010-ENG,Engine,84.349,3.58,72.332,53.182,1885.302,145.375,23.374,81.623,718,63.149,26.385,1,1
A010,11-01-2025 06:00,A010-ENG,Engine,82.973,3.42,71.142,55.259,1788.366,147.505,23.974,78.663,429,76.756,23.89,1,1
A010,11-01-2025 07:00,A010-ENG,Engine,77.74,3.457,71.443,55.464,1701.575,143.614,23.085,79.625,574,68.565,25.274,1,1
A010,11-01-2025 09:00,A010-ENG,Engine,84.464,3.467,71.531,48.75,1621.638,146.785,23.319,83.437,415,79.215,22.04,1,1
A010,11-01-2025 11:00,A010-ENG,Engine,83.995,3.648,70.949,54.234,1723.626,144.522,23.239,83.135,521,70.98,28.414,1,0
A010,11-01-2025 16:00,A010-ENG,Engine,82.656,3.91,72.098,49.302,1743.612,147.133,23.395,83.05,666,77.633,26.477,1,0
A010,11-01-2025 17:00,A010-ENG,Engine,85.116,3.613,69.159,51.68,1701.54,143.097,23.166,80.306,747,60.427,27.582,1,1
A010,11-01-2025 18:00,A010-ENG,Engine,75.843,4.021,70.66,53.706,1816.274,148.764,23.31,81.647,467,79.475,34.889,1,0
A010,11-01-2025 20:00,A010-ENG,Engine,79.558,3.696,67.896,53.079,1541.663,146.615,22.914,78.965,758,79.607,29.407,1,0
A010,11-01-2025 23:00,A010-ENG,Engine,85.287,2.886,64.03,56.498,1662.266,145.091,22.686,80.97,591,72.592,38.053,1,1
A010,12-01-2025 00:00,A010-ENG,Engine,83.25,3.461,68.831,55.39,1641.92,145.235,23.429,79.239,589,84.128,24.942,1,0
A010,12-01-2025 06:00,A010-ENG,Engine,87.548,3.419,72.208,52.484,1876.341,149.7,23.18,80.269,704,71.405,24.436,1,0
A010,12-01-2025 07:00,A010-ENG,Engine,84.471,3.977,66.469,54.133,1697.294,145.099,23.455,79.825,714,85.596,31.285,1,1
A010,12-01-2025 08:00,A010-ENG,Engine,84.249,3.443,67.702,52.395,1842.697,141.458,23.388,82.549,500,72.789,30.308,1,1
A010,12-01-2025 14:00,A010-ENG,Engine,81.517,4.293,68.435,49.7,1818.182,148.043,23.019,80.587,728,75.901,23.25,1,1
A010,12-01-2025 20:00,A010-ENG,Engine,84.57,3.511,70.131,51.639,1763.304,141.341,23.222,82.267,775,86.306,30.217,1,0
A010,13-01-2025 01:00,A010-ENG,Engine,100.745,7.201,60.569,54.791,1775.239,142.249,23.325,76.206,561,75.246,27.892,1,1
A010,13-01-2025 04:00,A010-ENG,Engine,79.921,3.624,68.69,56.643,1663.919,143.051,23.133,82.559,714,84.16,34.9,1,1
A010,13-01-2025 16:00,A010-ENG,Engine,80.63,4.053,68.526,53.525,1933.727,145.561,23.333,82.539,417,73.326,22.188,1,1
A010,14-01-2025 01:00,A010-ENG,Engine,83.049,4.276,68.453,52.421,1959.435,149.96,23.002,83.77,630,91.787,23.077,1,1
A010,14-01-2025 04:00,A010-ENG,Engine,83.603,3.847,69.308,51.099,1839.143,147.364,22.744,83.729,798,72.006,33.265,1,1
A010,14-01-2025 21:00,A010-ENG,Engine,85.388,3.782,71.336,52.274,1792.293,140.085,22.846,85.166,777,89.236,29.048,1,1
A010,15-01-2025 03:00,A010-ENG,Engine,81.733,3.972,70.066,52.247,1810.821,151.045,22.988,84.175,768,91.203,20.943,1,0
A010,15-01-2025 04:00,A010-ENG,Engine,82.883,3.356,68.707,52.348,1866.603,148.581,23.041,85.737,588,83.653,28.375,1,0
A010,15-01-2025 07:00,A010-ENG,Engine,83.537,4.048,69.173,50.593,1754.143,144.651,23.49,83.22,704,100,28.654,1,1
A010,15-01-2025 16:00,A010-ENG,Engine,86.47,3.786,72.638,50.153,1733.647,151.89,22.487,84.494,782,91.79,17.004,1,1
A010,16-01-2025 00:00,A010-ENG,Engine,82.927,3.927,68.271,54.498,1900.949,146.771,23.013,85.102,735,77.052,36.808,1,1
A010,16-01-2025 02:00,A010-ENG,Engine,84.85,3.948,65.36,53.286,1875.858,149.32,22.967,82.843,714,77.294,30.771,1,1
A010,16-01-2025 07:00,A010-ENG,Engine,88.776,3.93,72.736,52.032,1737.232,148.158,22.576,85.423,636,82.212,27.982,1,0
A010,16-01-2025 20:00,A010-ENG,Engine,84.397,4.106,69.079,53.767,1862.579,148.455,22.767,86.206,677,75.75,27.99,1,0
A010,16-01-2025 22:00,A010-ENG,Engine,77.972,4.061,69.789,52.42,1791.179,144.381,23.159,81.963,868,79.225,37.173,1,1
A010,16-01-2025 23:00,A010-ENG,Engine,86.324,4.101,65.899,52.176,1805.917,142.775,22.705,83.279,786,62.937,34.635,1,0
A010,17-01-2025 12:00,A010-ENG,Engine,98.905,7.636,53.932,50.782,1776.59,126.033,22.872,84.292,883,86.257,28.975,1,1
A011,01-01-2025 04:00,A011-ENG,Engine,86.951,4.157,62.983,57.169,1679.925,138.645,24.017,77.855,119,47.912,29.067,1,1
A011,01-01-2025 09:00,A011-ENG,Engine,73.924,2.864,80.462,56.645,1696.293,149.836,24.108,76.843,145,61.924,29.71,0,0
A011,01-01-2025 11:00,A011-ENG,Engine,73.863,2.328,76.287,53.605,1885.034,147.93,23.88,76.764,485,50.212,21.044,0,0
A011,01-01-2025 12:00,A011-ENG,Engine,74.256,2.655,81.065,50.76,1788.497,149.97,23.957,76.899,494,61.845,28.919,0,0
A011,01-01-2025 18:00,A011-ENG,Engine,77.52,2.708,74.937,53.762,1674.273,150.149,23.992,74.949,515,67.012,29.813,0,0
A011,02-01-2025 01:00,A011-ENG,Engine,74.992,2.645,81.277,55.754,1758.252,155.833,24.104,79.183,436,41.219,28.497,0,1
A011,02-01-2025 07:00,A011-ENG,Engine,70.826,2.63,74.256,54.978,1900.115,147.092,24.84,76.327,348,55.023,23.326,0,0
A011,02-01-2025 09:00,A011-ENG,Engine,75.978,2.394,79.927,55.652,1768.919,149.307,23.825,75.835,432,58.237,29.016,0,0
A011,02-01-2025 10:00,A011-ENG,Engine,74.864,2.617,78.425,54.841,1772.016,148.587,24.336,76.255,519,56.34,27.823,0,0
A011,02-01-2025 11:00,A011-ENG,Engine,75.89,2.885,76.674,54.358,1666.618,152.219,23.337,76.209,363,57.101,33.84,0,0
A011,02-01-2025 13:00,A011-ENG,Engine,73.738,2.5,79.534,57.167,1772.778,145.469,24.335,77.475,327,56.674,33.275,0,0
A011,02-01-2025 15:00,A011-ENG,Engine,72.639,2.411,80.006,54.303,1798.945,149.204,24.013,74.887,302,53.352,34.685,0,0
A011,02-01-2025 16:00,A011-ENG,Engine,69.343,2.628,73.148,52.033,2033.621,151.668,24.078,75.893,252,47.443,29.173,0,0
A011,02-01-2025 19:00,A011-ENG,Engine,74.177,3.276,72.44,53.401,1897.343,145.707,23.641,79.423,232,60.11,34.29,0,0
A011,02-01-2025 22:00,A011-ENG,Engine,76.807,2.745,73.603,54.084,1807.977,152.956,23.687,76.952,440,59.572,30.502,0,0
A011,02-01-2025 23:00,A011-ENG,Engine,72.621,2.992,79.831,54.988,1795.86,152.448,23.924,78.456,250,58.285,32.931,0,0
A011,03-01-2025 01:00,A011-ENG,Engine,78.01,2.467,72.682,54.568,1753.207,148.549,23.885,74.364,474,70.831,26.794,0,0
A011,03-01-2025 06:00,A011-ENG,Engine,79.058,2.519,76.184,55.79,1776.775,143.685,23.705,75.913,435,71.772,32.784,0,0
A011,03-01-2025 17:00,A011-ENG,Engine,74.852,2.585,73.941,52.934,1905.656,150.285,23.438,79.219,252,57.836,25.405,0,0
A011,03-01-2025 23:00,A011-ENG,Engine,77.734,2.776,68.272,52.599,1665.023,156.821,24.282,72.474,190,50.849,23.075,0,0
A011,04-01-2025 01:00,A011-ENG,Engine,75.339,2.974,74.543,53.628,1667.561,150.858,23.609,74.255,238,54.315,31.426,0,0
A011,04-01-2025 02:00,A011-ENG,Engine,79.111,2.684,77.789,53.11,1682.968,145.296,23.475,75.975,543,74.979,27.382,0,0
A011,04-01-2025 08:00,A011-ENG,Engine,75.091,2.788,71.758,55.298,1790.363,145.246,23.591,78.071,447,67.319,31.698,0,0
A011,04-01-2025 09:00,A011-ENG,Engine,78.384,3.003,73.458,56.655,1730.825,151.975,22.902,76.037,277,48.377,28.569,0,0
A011,04-01-2025 10:00,A011-ENG,Engine,74,2.702,75.743,54.291,1921.313,146.233,23.942,77.57,284,46.911,30.436,0,0
A011,04-01-2025 15:00,A011-ENG,Engine,71.662,3.138,77.348,54.449,1873.516,152.969,23.777,76.885,532,49.304,28.225,0,1
A011,05-01-2025 03:00,A011-ENG,Engine,79.619,3.289,75.08,51.88,1750.708,145.715,23.21,75.591,511,54.853,23.026,0,1
A011,05-01-2025 04:00,A011-ENG,Engine,77.12,2.989,73.001,57.848,1730.823,142.078,23.756,78.629,416,58.331,36.223,0,1
A011,05-01-2025 06:00,A011-ENG,Engine,75.602,3.088,76.122,51.574,1828.197,152.524,23.873,76.827,348,61.256,30.762,0,0
A011,05-01-2025 09:00,A011-ENG,Engine,77.691,3.162,73.268,51.651,1747.137,151.973,23.896,77.783,345,68.65,30.728,0,0
A011,05-01-2025 13:00,A011-ENG,Engine,76.367,2.244,72.442,54.525,1633.532,149.824,23.177,78.806,258,50.424,32.216,0,0
A011,05-01-2025 20:00,A011-ENG,Engine,76.394,2.687,72.692,55.999,1721.074,153.749,23.079,78.285,525,67.053,33.812,0,0
A011,05-01-2025 23:00,A011-ENG,Engine,73.697,3.221,73.419,52.343,1937.052,156.01,23.643,80.522,243,74.07,29.918,0,0
A011,06-01-2025 06:00,A011-ENG,Engine,73.773,2.73,78.089,51.851,1830.031,140.174,23.631,81.62,437,66.373,19.635,0,0
A011,06-01-2025 10:00,A011-ENG,Engine,78.089,2.736,72.607,55.014,1899.202,155.274,23.353,77.932,511,45.867,17.694,0,0
A011,06-01-2025 14:00,A011-ENG,Engine,79.364,3.412,76.004,53.689,2029.371,148.642,23.674,81.616,392,75.096,33.538,0,0
A011,06-01-2025 17:00,A011-ENG,Engine,74.912,3.68,75.967,53.317,1928.42,144.39,23.473,80.133,620,54.134,33.425,0,0
A011,06-01-2025 18:00,A011-ENG,Engine,78.444,3.068,70.331,54.386,1756.805,147.782,23.42,79.433,414,55.196,31.06,0,0
A011,06-01-2025 20:00,A011-ENG,Engine,78.979,3.136,76.15,53.202,1846.915,148.337,24.228,79.047,371,52.963,31.265,0,0
A011,06-01-2025 23:00,A011-ENG,Engine,75.447,3.226,71.118,52.17,1837.448,145.072,23.448,78.607,589,63.098,25.162,0,0
A011,07-01-2025 01:00,A011-ENG,Engine,76.269,2.772,79.387,55.949,1725.812,146.937,23.774,76.673,363,59.089,28.509,0,0
A011,07-01-2025 08:00,A011-ENG,Engine,75.24,2.592,72.253,52.601,1735.975,143.398,23.675,76.907,647,68.384,33.605,0,0
A011,08-01-2025 12:00,A011-ENG,Engine,78.859,2.9,73.591,53.654,1726.573,146.131,23.347,80.966,433,58.745,25.953,0,0
A011,08-01-2025 16:00,A011-ENG,Engine,75.055,2.982,69.601,50.484,1734.758,143.339,23.397,79.937,525,59.684,33.148,0,0
A011,08-01-2025 22:00,A011-ENG,Engine,77.662,3.177,73.621,53.203,1832.523,154.586,23.688,78.219,624,46.271,24.623,0,1
A011,09-01-2025 00:00,A011-ENG,Engine,79.85,3.538,73.78,54.079,1893.82,139.24,22.652,76.705,339,73.901,19.953,0,1
A011,09-01-2025 01:00,A011-ENG,Engine,78.601,3.318,71.977,54.967,1931.713,152.646,23.294,78.095,472,68.124,39.877,0,1
A011,09-01-2025 02:00,A011-ENG,Engine,80.916,3.679,69.663,51.619,1804.28,152.496,23.848,79.758,457,74.607,27.892,1,1
A011,09-01-2025 03:00,A011-ENG,Engine,78.149,3.589,74.342,53.646,1805.245,145.886,22.792,77.51,637,72.977,29.308,0,0
A011,09-01-2025 05:00,A011-ENG,Engine,79.832,2.695,71.288,51.311,1712.384,149.819,23.191,80.112,672,72.71,27.831,0,0
A011,09-01-2025 10:00,A011-ENG,Engine,81.427,3.184,70.367,55.066,1699.481,148.691,23.409,77.365,573,81.34,30.084,1,0
A011,09-01-2025 12:00,A011-ENG,Engine,75.337,2.852,70.049,57.189,1736.383,147.849,23.303,80.487,383,67.807,23.72,0,1
A011,09-01-2025 19:00,A011-ENG,Engine,75.59,3.474,74.022,51.047,1787.154,142.618,23.206,79.402,347,73.611,27.5,0,0
A011,09-01-2025 20:00,A011-ENG,Engine,81.765,3.514,74.947,54.283,1841.861,147.859,23.21,82.073,508,65.629,30.589,0,0
A011,09-01-2025 23:00,A011-ENG,Engine,77.594,3.401,72.547,52.488,1722.943,143.322,24.064,77.521,655,55.474,24.059,0,0
A011,10-01-2025 06:00,A011-ENG,Engine,79.266,3.396,74.179,54.83,1951.247,153.051,23.77,79.022,560,62.748,25.046,0,0
A011,10-01-2025 09:00,A011-ENG,Engine,78.966,3.502,72.3,54.202,1886.432,149.046,23.644,81.769,493,75.865,31.831,0,0
A011,10-01-2025 23:00,A011-ENG,Engine,85.921,3.464,71.926,54.901,1844,150.755,23.479,78.024,518,73.611,32.494,1,1
A011,11-01-2025 07:00,A011-ENG,Engine,97.596,5.362,67.407,55.107,1676.063,131.249,23.714,80.567,402,76.107,35.553,1,1
A011,11-01-2025 08:00,A011-ENG,Engine,77.822,3.122,71.518,54.747,1829.387,147.576,23.998,84.566,499,62.696,33.522,0,0
A011,11-01-2025 11:00,A011-ENG,Engine,79.062,3.661,72.022,51.205,1806.427,145.396,22.699,80.594,440,76.141,28.611,1,0
A011,11-01-2025 12:00,A011-ENG,Engine,81.658,3.744,72.849,52.645,1636.527,151.539,22.836,83.244,548,79.133,23.893,1,1
A011,11-01-2025 13:00,A011-ENG,Engine,79.261,3.488,70.519,54.674,1742.858,143.954,22.88,79.198,562,78.821,28.211,1,1
A011,11-01-2025 21:00,A011-ENG,Engine,96.242,7.124,63.246,54.211,1745.561,141.29,23.56,78.777,593,73.016,24.523,1,1
A011,12-01-2025 00:00,A011-ENG,Engine,98.856,7.071,56.382,52.667,1861.068,126.912,23.581,80.375,692,68.438,31.031,1,0
A011,12-01-2025 04:00,A011-ENG,Engine,81.936,3.347,69.669,50.918,1711.455,144.091,22.98,81.915,676,65.036,32.458,1,1
A011,12-01-2025 06:00,A011-ENG,Engine,78.05,3.411,70.223,51.8,1761.482,147.722,23.221,84.26,623,72.954,34.024,1,0
A011,12-01-2025 07:00,A011-ENG,Engine,83.105,3.612,75.352,51.104,1735.983,147.977,23.142,79.888,378,74.42,27.524,1,1
A011,12-01-2025 10:00,A011-ENG,Engine,83.303,3.624,71.856,51.997,1815.165,148.609,22.952,79.588,669,77.928,39.259,1,1
A011,12-01-2025 11:00,A011-ENG,Engine,79.83,4.168,68.738,50.681,1795.495,144.956,23.052,83.761,570,81.577,25.281,1,0
A011,12-01-2025 13:00,A011-ENG,Engine,82.202,3.767,68.238,51.662,1754.059,145.66,23.111,83.736,527,79.647,25.958,1,1
A011,12-01-2025 15:00,A011-ENG,Engine,77.155,4.014,70.941,54.462,1562.799,148.153,23.137,81.534,411,71.148,27.019,1,1
A011,12-01-2025 22:00,A011-ENG,Engine,78.189,3.022,70.974,51.387,1802.316,146.115,23.071,83.445,551,60.585,33.263,0,1
A011,13-01-2025 00:00,A011-ENG,Engine,79.944,4.203,72.17,53.628,1680.882,149.062,23.059,81.072,619,67.249,23.794,1,0
A011,13-01-2025 02:00,A011-ENG,Engine,81.766,3.61,70.299,50.65,1708.274,154.877,22.646,84.703,444,64.341,30.477,1,1
A011,13-01-2025 05:00,A011-ENG,Engine,83.077,3.517,70.084,54.266,1926.133,151.202,23.016,81.995,674,70.336,35.28,1,1
A011,13-01-2025 08:00,A011-ENG,Engine,80.095,3.255,70.021,54.075,1812.722,146.169,22.473,82.344,764,64.293,21.411,1,1
A011,13-01-2025 09:00,A011-ENG,Engine,80.857,3.286,73.944,51.572,1752.072,143.347,23.171,82.106,619,67.444,25.387,1,1
A011,14-01-2025 03:00,A011-ENG,Engine,80.675,3.568,71.994,50.87,1691.662,145.35,22.656,85.548,681,68.595,30.24,1,1
A011,14-01-2025 08:00,A011-ENG,Engine,83.482,3.362,69.383,51.857,1731.299,143.682,23.355,85.728,543,71.992,26.445,1,1
A011,14-01-2025 18:00,A011-ENG,Engine,80.553,3.611,69.856,52.721,1924.078,149.592,22.804,83.203,733,86.328,21.38,1,1
A011,14-01-2025 19:00,A011-ENG,Engine,85.026,3.574,70.125,50.874,1979.222,136.69,23.122,83.133,616,66.954,28.744,1,1
A011,15-01-2025 08:00,A011-ENG,Engine,87.761,4.356,71.178,52.5,1862.252,148.721,22.828,83.215,702,100,27.998,1,1
A011,15-01-2025 16:00,A011-ENG,Engine,85.004,4.58,72.101,50.615,1602.791,146.202,22.697,82.828,508,68.528,27.474,1,1
A011,16-01-2025 08:00,A011-ENG,Engine,87.42,3.852,67.601,50.833,1674.428,144.726,23.103,87.667,641,71.05,31.796,1,1
A011,16-01-2025 09:00,A011-ENG,Engine,81.708,4.525,71.978,52.798,1841.567,148.361,22.736,83.411,719,72.632,30.844,1,0
A011,16-01-2025 11:00,A011-ENG,Engine,78.776,3.781,72.654,50.823,1742.568,144.496,22.824,82.554,517,72.597,35.374,1,1
A011,16-01-2025 18:00,A011-ENG,Engine,85.026,4.562,67.207,49.145,1727.115,149.968,22.6,81.598,731,80.843,28.083,1,1
A011,16-01-2025 19:00,A011-ENG,Engine,88.684,3.636,67.166,53.081,1549.205,148.194,23.489,86.205,507,69.855,26.384,1,0
A011,17-01-2025 08:00,A011-ENG,Engine,86.92,3.836,72.192,51.301,1848.493,148.121,23.143,88.288,606,72.419,24.336,1,1
A012,01-01-2025 07:00,A012-ENG,Engine,72.452,1.998,80.242,58.584,1857.393,147.35,23.987,75.755,467,61.364,29.058,0,0
A012,01-01-2025 09:00,A012-ENG,Engine,75.971,1.607,80.383,54.986,1581.125,151.234,23.918,74.328,286,50.653,29.905,0,0
A012,01-01-2025 10:00,A012-ENG,Engine,71.767,2.98,79.534,56.87,1967.545,152.819,23.919,70.133,157,54.802,38.654,0,0
A012,01-01-2025 14:00,A012-ENG,Engine,74.613,2.449,74.764,54.588,1805.34,143.296,23.221,72.925,219,37.517,27.568,0,0
A012,01-01-2025 15:00,A012-ENG,Engine,73.59,2.595,79.648,54.235,1565.387,142.835,24.129,75.767,318,58.748,44.212,0,0
A012,01-01-2025 19:00,A012-ENG,Engine,73.07,2.352,79.455,54.367,1840.677,146.47,24.276,73.232,394,60.404,30.381,0,0
A012,02-01-2025 05:00,A012-ENG,Engine,70.207,3.166,77.802,53.042,1940.927,149.453,24.403,78.462,408,57.554,23.653,0,0
A012,02-01-2025 08:00,A012-ENG,Engine,69.792,2.729,72.639,55.67,1801.842,148.407,23.714,78.152,520,50.066,36.767,0,1
A012,02-01-2025 14:00,A012-ENG,Engine,71.555,2.445,75.449,56.021,1761.706,151.126,24.172,74.936,139,41.838,28.874,0,0
A012,03-01-2025 00:00,A012-ENG,Engine,72.472,1.939,73.871,58.089,1766.45,145.246,23.27,76.249,178,56.288,32.206,0,0
A012,03-01-2025 02:00,A012-ENG,Engine,79.748,2.079,79.978,54.614,1626.318,145.937,23.575,77.201,426,44.439,34.72,0,0
A012,03-01-2025 03:00,A012-ENG,Engine,74.938,2.215,78.255,54.143,1787.474,149.232,23.238,78.655,233,56.1,35.969,0,0
A012,03-01-2025 05:00,A012-ENG,Engine,78.868,3.022,83.487,54.991,1582.666,149.625,23.708,76.67,370,69.827,27.291,0,1
A012,03-01-2025 08:00,A012-ENG,Engine,75.255,2.591,77.573,51.517,1811.163,151.901,23.729,77.447,403,62.094,26.358,0,0
A012,03-01-2025 18:00,A012-ENG,Engine,74.749,2.836,75.404,54.598,1719.5,155.363,24.43,80.943,509,42.249,31.648,0,0
A012,03-01-2025 23:00,A012-ENG,Engine,76.422,2.963,76.471,55.606,1854.079,146.359,23.993,76.767,529,53.447,28.215,0,0
A012,04-01-2025 00:00,A012-ENG,Engine,76.239,3.185,77.565,54.694,1619.988,158.776,23.536,75.449,526,66.863,24.494,0,0
A012,04-01-2025 11:00,A012-ENG,Engine,73.328,3.038,74.229,55.692,1765.736,145.02,23.609,81.011,206,48.11,34.958,0,0
A012,04-01-2025 13:00,A012-ENG,Engine,75.234,2.621,78.193,52.1,1760.619,148.932,23.428,79.917,270,60.11,23.872,0,0
A012,04-01-2025 19:00,A012-ENG,Engine,77.761,2.697,71.741,55.994,1932.061,152.755,23.668,78.05,384,63.528,32.865,0,0
A012,04-01-2025 22:00,A012-ENG,Engine,74.702,2.782,70.778,52.476,1755.371,150.826,23.042,80.113,570,68.06,25.028,0,0
A012,05-01-2025 02:00,A012-ENG,Engine,75.837,2.608,76.745,54.045,1631.732,146.308,23.983,75.199,527,49.212,29.002,0,0
A012,05-01-2025 04:00,A012-ENG,Engine,78.005,2.639,74.812,55.947,1886.181,152.685,23.637,77.643,485,51.569,34.5,0,0
A012,05-01-2025 12:00,A012-ENG,Engine,78.789,2.75,71.005,55.926,1899.917,153.302,23.697,82.363,343,64.887,44.949,0,1
A012,05-01-2025 17:00,A012-ENG,Engine,76.698,2.585,73.904,51.511,1840.672,146.722,23.809,76.777,335,61.289,33.698,0,0
A012,05-01-2025 21:00,A012-ENG,Engine,79.667,3.321,76.199,54.436,1871.788,153.84,23.69,78.228,554,61.191,35.048,0,0
A012,05-01-2025 22:00,A012-ENG,Engine,71.223,3.15,77.914,50.223,1762.798,147.005,23.335,76.448,518,55.445,33.05,0,0
A012,05-01-2025 23:00,A012-ENG,Engine,77.964,3.044,67.871,56.587,1812.018,149.195,23.033,81.203,362,62.383,33.876,0,0
A012,06-01-2025 01:00,A012-ENG,Engine,78.639,2.569,76.153,50.387,1828.642,151.613,23.244,78.055,556,60.833,44.446,0,0
A012,06-01-2025 02:00,A012-ENG,Engine,76.688,3.238,70.959,49.902,1696.863,151.524,23.921,78.935,288,68.761,29.092,0,1
A012,06-01-2025 03:00,A012-ENG,Engine,77.134,2.814,76.131,56.923,1767.616,146.671,23.465,79.706,398,53.703,33.203,0,0
A012,06-01-2025 09:00,A012-ENG,Engine,74.628,3.11,72.993,54.802,1803.431,144.217,23.456,78.245,534,57.828,39.476,0,0
A012,06-01-2025 10:00,A012-ENG,Engine,75.743,2.661,72.926,55.222,1938.6,146.572,23.76,76.921,286,61.205,23.458,0,0
A012,06-01-2025 13:00,A012-ENG,Engine,75.047,2.899,74.244,54.216,1651.029,143.877,24.017,81.113,235,46.71,27.165,0,0
A012,06-01-2025 18:00,A012-ENG,Engine,81.278,3.351,78.158,54.663,1863.485,147.127,23.088,75.704,468,60.9,34.625,0,0
A012,06-01-2025 19:00,A012-ENG,Engine,77.347,3.178,78.131,54.528,1974.544,147.33,24.046,79.64,259,46.292,37.068,0,0
A012,06-01-2025 21:00,A012-ENG,Engine,77.596,2.718,71.343,55.941,1758.673,145.134,23.683,79.683,294,58.114,25.27,0,0
A012,06-01-2025 23:00,A012-ENG,Engine,74.153,3.016,74.381,54.455,1815.479,150.899,24.089,79.173,280,65.451,37.324,0,0
A012,07-01-2025 00:00,A012-ENG,Engine,73.679,2.644,78.466,50.484,1827.257,142.431,23.712,82.265,475,53.148,19.483,0,1
A012,07-01-2025 03:00,A012-ENG,Engine,77.076,2.776,77.984,55.66,1877.766,147.155,23.879,80.721,391,74.204,27.294,0,0
A012,07-01-2025 05:00,A012-ENG,Engine,77.835,2.73,74.014,53.965,1617.54,146.412,23.876,78.34,599,46.348,29.592,0,0
A012,07-01-2025 17:00,A012-ENG,Engine,77.754,2.606,74.212,52.2,1929.8,146.092,23.242,78.59,282,56.058,31.178,0,0
A012,07-01-2025 22:00,A012-ENG,Engine,77.929,3.123,79.461,51.638,1911.787,143.336,22.968,80.412,559,49.364,28.036,0,0
A012,08-01-2025 01:00,A012-ENG,Engine,79.456,3.139,73.506,55.568,1905.912,144.21,23.178,84.027,521,67.821,38.347,0,1
A012,08-01-2025 04:00,A012-ENG,Engine,78.695,3.126,67.642,51.866,1992.848,150.474,23.273,80.033,348,68.687,37.706,0,0
A012,08-01-2025 06:00,A012-ENG,Engine,79.303,2.943,77.646,51.291,1896.934,156.775,23.615,78.076,602,56.908,29.19,0,0
A012,08-01-2025 12:00,A012-ENG,Engine,80.958,2.809,71.173,55.761,1746.693,148.141,23.009,78.768,453,62.577,28.037,0,0
A012,08-01-2025 17:00,A012-ENG,Engine,73.872,3.853,72.752,51.351,1854.316,148.435,23.637,80.933,365,72.589,24.676,0,0
A012,08-01-2025 19:00,A012-ENG,Engine,85.255,6.316,60.883,53.184,1591.762,151.887,24.111,84.034,462,76.202,27.045,1,1
A012,09-01-2025 08:00,A012-ENG,Engine,83.247,3.195,72.162,51.386,1954.187,141.892,23.122,78.412,450,64.472,31.775,0,0
A012,09-01-2025 10:00,A012-ENG,Engine,75.748,3.149,77.666,52.709,1939.324,138.177,23.218,82.126,322,72.426,20.229,0,0
A012,09-01-2025 16:00,A012-ENG,Engine,75.097,3.829,71.203,51.57,1741.108,138.684,23.261,78.892,518,73.188,31.58,0,0
A012,09-01-2025 23:00,A012-ENG,Engine,80.193,3.558,75.836,57.408,1669.371,145.895,23.254,82.708,689,68.669,35.853,0,0
A012,10-01-2025 01:00,A012-ENG,Engine,78.466,3.42,73.169,54.158,1767.629,153.307,23.267,78.903,679,68.588,25.825,0,1
A012,10-01-2025 05:00,A012-ENG,Engine,87.668,7.476,61.178,52.487,1812.709,143.381,23.283,78.754,348,70.429,28.341,1,1
A012,10-01-2025 08:00,A012-ENG,Engine,78.803,3.731,67.967,54.865,1834.139,146.733,23.219,83.474,382,71.997,24.812,0,0
A012,10-01-2025 13:00,A012-ENG,Engine,76.732,3.119,71.568,50.403,1800.552,147.948,23.353,80.306,570,60.602,37.345,0,0
A012,10-01-2025 14:00,A012-ENG,Engine,80.228,3.465,72.903,52.03,1676.751,145.004,22.73,81.352,610,53.775,28.223,0,0
A012,10-01-2025 18:00,A012-ENG,Engine,79.202,3.629,75.178,52.447,1635.581,152.416,23.732,81.098,618,63.435,28.464,0,0
A012,10-01-2025 20:00,A012-ENG,Engine,77.478,2.982,75.08,56.138,1793.342,139.934,23.39,79.508,550,69.884,31.477,0,0
A012,10-01-2025 22:00,A012-ENG,Engine,75.265,3.307,73.498,54.321,1792.393,149.887,22.95,84.936,567,71.591,25.398,0,0
A012,10-01-2025 23:00,A012-ENG,Engine,79.875,3.139,72.498,53.334,1703.402,148.106,23.284,84.863,508,79.058,26.334,0,0
A012,11-01-2025 08:00,A012-ENG,Engine,79.487,4.133,74.844,52.181,1831.582,156.957,23.326,79.42,425,68.298,33.209,0,0
A012,11-01-2025 10:00,A012-ENG,Engine,76.66,2.729,71.653,54.896,1882.049,143.399,22.908,83.587,618,69.396,19.642,0,1
A012,11-01-2025 14:00,A012-ENG,Engine,81.277,3.388,76.175,52.577,1716.734,140.981,22.969,78.474,666,77.305,27.874,0,0
A012,12-01-2025 00:00,A012-ENG,Engine,83.98,2.908,75.473,53.281,1716.957,141.972,22.611,82.729,652,84.129,27.504,1,0
A012,12-01-2025 06:00,A012-ENG,Engine,74.063,3.619,70.948,53.776,1677.069,144.904,22.629,80.885,758,73.985,32.225,0,1
A012,12-01-2025 10:00,A012-ENG,Engine,79.372,3.406,71.324,51.131,1901.826,145.719,23.854,82.058,558,66.136,28.589,0,0
A012,12-01-2025 15:00,A012-ENG,Engine,76.909,3.34,68.091,52.522,1820.099,145.342,23.068,85.89,473,70.213,29.311,0,1
A012,12-01-2025 16:00,A012-ENG,Engine,85.321,3.636,75.534,53.317,1912.128,142.497,23.247,80.262,530,66.233,30.208,1,0
A012,13-01-2025 05:00,A012-ENG,Engine,84.182,3.973,68.154,53.556,1858.826,146.3,23.624,81.231,765,67.243,26.704,1,1
A012,13-01-2025 14:00,A012-ENG,Engine,83.162,3.567,68.383,56.916,1844.115,144.492,22.838,82.268,572,70.257,33.132,1,1
A012,13-01-2025 15:00,A012-ENG,Engine,80.539,3.5,75.101,51.858,1788.631,143.158,23.478,79.196,660,64.543,33.569,0,0
A012,13-01-2025 16:00,A012-ENG,Engine,79.856,3.484,68.274,51.068,1882.13,145.165,23.077,82.849,593,58.702,22.206,1,1
A012,13-01-2025 20:00,A012-ENG,Engine,81.748,4.254,65.546,52.539,1759.067,142.121,22.541,84.898,423,73.082,20.706,1,0
A012,13-01-2025 23:00,A012-ENG,Engine,87.856,3.82,73.897,53.56,1794.919,156.796,23.492,82.134,614,69.511,31.11,1,0
A012,14-01-2025 11:00,A012-ENG,Engine,84.517,3.108,68.843,51.796,1723.638,144.892,23.146,85.581,447,68.126,27.072,1,0
A012,14-01-2025 14:00,A012-ENG,Engine,84.657,2.714,66.963,48.293,1716.849,145.793,23.561,80.369,459,91.095,32.187,1,1
A012,14-01-2025 19:00,A012-ENG,Engine,82.593,3.291,71.844,50.976,1757.328,148.631,23.538,86.136,472,71.161,32.345,1,0
A012,14-01-2025 20:00,A012-ENG,Engine,85.423,3.39,67.899,53.065,1765.116,153.214,22.815,85.217,747,76.184,22.628,1,1
A012,15-01-2025 01:00,A012-ENG,Engine,91.108,5.198,64.113,51.833,1642.572,137.931,23.09,83.781,733,71.879,42.055,1,1
A012,15-01-2025 02:00,A012-ENG,Engine,82.156,3.032,71.183,51.188,1729.742,149.47,22.931,85.1,680,72.511,32.741,1,1
A012,15-01-2025 04:00,A012-ENG,Engine,82.536,2.976,71.035,54.198,1926.726,151.562,22.989,88.457,648,67.419,26.358,1,0
A012,15-01-2025 11:00,A012-ENG,Engine,85.374,4.565,71.241,50.673,1811.433,144.907,22.982,85.109,494,80.59,19.976,1,0
A012,15-01-2025 12:00,A012-ENG,Engine,84.692,3.324,68.114,54.508,1806.032,151.921,22.716,84.283,513,77.099,32.029,1,0
A012,15-01-2025 13:00,A012-ENG,Engine,88.322,6.947,53.791,49.915,1736.578,132.016,22.875,87.475,667,62.968,24.502,1,1
A012,15-01-2025 14:00,A012-ENG,Engine,84.828,4.145,68.967,51.281,1761.168,138.687,23.374,82.583,807,71.81,37.28,1,1
A012,15-01-2025 23:00,A012-ENG,Engine,81.417,4.01,69.015,55.57,1706.128,146.972,22.909,83.981,804,54.992,24.513,1,1
A012,16-01-2025 01:00,A012-ENG,Engine,79.805,4.245,71.445,54.033,1859.444,143.754,22.392,85.527,712,80.303,31.448,1,1
A012,16-01-2025 03:00,A012-ENG,Engine,83.092,3.736,69.554,54.861,1845.159,150.527,22.604,86.577,580,75.893,33.421,1,1
A012,16-01-2025 10:00,A012-ENG,Engine,85.313,3.434,67.683,51.098,1852.629,149.531,22.857,85.433,773,79.438,29.712,1,1
A012,16-01-2025 18:00,A012-ENG,Engine,82.378,3.683,72.929,53.877,1708.915,148.151,22.675,85.566,850,77.341,29.757,1,1
A012,16-01-2025 20:00,A012-ENG,Engine,104.761,6.66,63.585,50.994,1848.117,127.001,22.803,84.185,713,69.289,40.528,1,1
A012,17-01-2025 00:00,A012-ENG,Engine,100.241,5.328,61.633,54.223,1704.645,127.977,22.621,87.562,727,87.813,28.314,1,1
A012,17-01-2025 02:00,A012-ENG,Engine,87.807,4.677,73.413,50.894,1782.317,146.786,22.856,85.158,543,87.144,31.141,1,1
A012,17-01-2025 06:00,A012-ENG,Engine,88.422,3.666,65.613,51.72,1749.627,158.952,22.683,81.778,581,76.954,29.184,1,1
A012,17-01-2025 11:00,A012-ENG,Engine,86.21,4.272,72.703,52.067,1762.523,137.896,22.862,83.976,834,70.674,23.206,1,1
A012,17-01-2025 13:00,A012-ENG,Engine,86.196,3.58,69.432,51.286,1796.461,139.792,23.127,84.135,799,82.297,26.982,1,0
A013,01-01-2025 02:00,A013-ENG,Engine,74.762,2.592,83.81,56.777,1834.762,147.698,23.632,76.105,195,39.872,38.12,0,0
A013,01-01-2025 04:00,A013-ENG,Engine,75.879,2.14,81.556,53.28,1822.873,152.494,23.919,75.724,259,51.403,39.446,0,0
A013,01-01-2025 06:00,A013-ENG,Engine,76.137,1.861,80.453,56.725,1951.197,151.697,24.082,77.627,498,44.373,30.202,0,0
A013,01-01-2025 07:00,A013-ENG,Engine,73.409,2.726,80.774,54.378,1766.923,138.629,24.492,72.459,176,57.694,31.463,0,0
A013,01-01-2025 15:00,A013-ENG,Engine,78.553,2.415,73.828,56.233,1726.896,150.994,24.167,74.416,318,52.174,34.096,0,0
A013,01-01-2025 16:00,A013-ENG,Engine,70.474,2.55,75.897,55.037,1927.639,145.295,24.363,75.79,168,54.197,25.656,0,0
A013,01-01-2025 17:00,A013-ENG,Engine,68.425,2.451,77.673,56.752,1840.69,143.244,24.165,75.08,449,61.558,26.415,0,1
A013,01-01-2025 18:00,A013-ENG,Engine,74.302,2.522,75.307,54.601,1933.358,159.984,24.095,77.5,257,48.719,36.766,0,0
A013,01-01-2025 20:00,A013-ENG,Engine,74.614,2.214,73,55.236,1716.206,149.443,23.637,72.782,287,41.532,30.505,0,0
A013,02-01-2025 00:00,A013-ENG,Engine,75.697,2.622,77.339,54.96,1848.114,148.263,23.882,73.798,139,52.754,19.977,0,0
A013,02-01-2025 01:00,A013-ENG,Engine,75.857,3.01,76.656,52.82,1898.232,153.244,24.082,74.576,394,57.999,28.443,0,0
A013,02-01-2025 04:00,A013-ENG,Engine,71.711,2.262,73.177,55.466,1747.288,154.902,23.598,77.164,467,45.464,35.159,0,0
A013,02-01-2025 07:00,A013-ENG,Engine,78.158,2.781,80.868,53.349,1780.495,147.462,24.25,78.054,483,58.477,30.474,0,0
A013,02-01-2025 10:00,A013-ENG,Engine,68.084,2.905,81.096,56.632,1792.736,153.163,23.868,76.934,252,56.204,30.556,0,0
A013,02-01-2025 12:00,A013-ENG,Engine,72.783,2.715,74.153,54.918,1797.545,153.234,23.95,73.654,430,74.882,32.173,0,0
A013,02-01-2025 14:00,A013-ENG,Engine,71.762,1.75,73.04,53.496,1776.756,153.12,24.038,71.94,178,67.408,29.003,0,0
A013,03-01-2025 11:00,A013-ENG,Engine,78.466,1.874,77.849,54.627,1751.928,146.677,24.139,77.835,256,48.804,31.523,0,0
A013,03-01-2025 13:00,A013-ENG,Engine,78.252,2.475,77.191,53.919,1973.929,147.134,23.801,72.481,392,69.81,27.328,0,0
A013,03-01-2025 19:00,A013-ENG,Engine,74.821,2.415,72.743,48.101,1770.709,148.168,24.274,78.77,248,61.535,33.69,0,0
A013,03-01-2025 20:00,A013-ENG,Engine,71.67,2.533,74.264,53.387,1786.354,155.68,24.109,79.146,562,57.039,29.384,0,0
A013,03-01-2025 21:00,A013-ENG,Engine,80.67,2.912,73.848,53.075,1875.767,152.193,24.136,77.767,340,49.405,37.683,0,0
A013,03-01-2025 22:00,A013-ENG,Engine,75.369,2.581,72.898,55.624,1665.721,146.743,24.389,77.583,332,60.853,28.527,0,1
A013,04-01-2025 00:00,A013-ENG,Engine,75.039,2.026,77.284,49.784,1868.172,146.334,23.526,76.723,549,47.306,29.44,0,0
A013,04-01-2025 02:00,A013-ENG,Engine,78.916,3.203,73.412,52.725,1831.623,145.53,23.86,76.158,553,65.371,34.726,0,0
A013,04-01-2025 04:00,A013-ENG,Engine,74.816,2.393,75.88,54.762,1796.312,144.717,23.861,77.225,399,61.513,29.319,0,1
A013,04-01-2025 07:00,A013-ENG,Engine,74.121,2.261,77.208,54.743,1871.54,146.197,24.01,73.837,454,62.682,33.379,0,1
A013,04-01-2025 12:00,A013-ENG,Engine,77.381,2.216,71.065,51.862,1893.315,141.509,24.228,78.929,347,69.202,31.724,0,0
A013,04-01-2025 14:00,A013-ENG,Engine,77.242,2.871,81.313,54.099,1751.957,149.914,23.782,80.414,308,71.424,26.352,0,1
A013,04-01-2025 19:00,A013-ENG,Engine,75.493,3.672,73.784,53.298,1835.963,152.477,24.011,79.223,276,57.292,34.928,0,0
A013,05-01-2025 05:00,A013-ENG,Engine,80.521,3.163,76.249,57.003,1814.201,147.962,23.493,75.961,304,67.149,22.491,0,0
A013,05-01-2025 12:00,A013-ENG,Engine,74.914,2.893,76.417,56.044,1797.738,143.679,24.038,76.069,319,52.125,29.682,0,1
A013,05-01-2025 16:00,A013-ENG,Engine,77.275,2.984,75.008,51.716,1831.682,144.053,23.536,80.584,328,47.898,29.379,0,0
A013,05-01-2025 23:00,A013-ENG,Engine,74.689,3.164,76.703,55.746,1806.647,145.248,23.226,73.638,454,66.908,21.571,0,1
A013,06-01-2025 03:00,A013-ENG,Engine,73.22,2.942,78.021,52.941,1832.992,154.603,23.01,78.87,392,65.533,31.78,0,0
A013,06-01-2025 08:00,A013-ENG,Engine,74.775,2.777,74.307,54.966,1687.021,147.513,23.478,78.968,317,60.989,34.689,0,0
A013,06-01-2025 14:00,A013-ENG,Engine,80.073,2.943,75.38,52.524,1716.324,146.868,23.693,79.794,590,61.154,32.201,0,0
A013,06-01-2025 21:00,A013-ENG,Engine,74.683,3.066,75.488,52.612,1722.571,147.12,23.274,78.902,277,55.428,30.733,0,0
A013,06-01-2025 23:00,A013-ENG,Engine,76.366,2.927,76.112,48.234,1711.662,152.241,23.625,78.144,515,54.817,30.133,0,0
A013,07-01-2025 01:00,A013-ENG,Engine,77.004,2.986,72.48,54.507,1944.743,153.813,23.364,77.876,502,73.4,32.975,0,0
A013,07-01-2025 04:00,A013-ENG,Engine,80.069,3.415,75.339,52.537,1598.171,150.321,23.497,80.301,325,68.249,32.992,0,0
A013,07-01-2025 17:00,A013-ENG,Engine,89.426,7.191,64.66,53.715,1965.307,134.354,23.421,81.512,435,47.241,24.374,1,1
A013,08-01-2025 04:00,A013-ENG,Engine,77.265,3.668,73.966,52.249,1760.94,151.4,23.162,83.084,322,74.608,23.844,0,1
A013,08-01-2025 07:00,A013-ENG,Engine,75.5,2.516,68.583,51.25,1707.662,145.977,23.567,78.601,488,77.026,41.534,0,1
A013,08-01-2025 13:00,A013-ENG,Engine,78.716,3.279,76.219,52.005,1760.523,140.538,23.324,78.298,532,69.957,32.307,0,0
A013,08-01-2025 15:00,A013-ENG,Engine,79.335,3.248,70.467,59.046,1815.882,145.652,22.986,75.553,432,70.483,25.812,0,1
A013,08-01-2025 18:00,A013-ENG,Engine,76.273,3.352,74.795,57.05,1755.995,146.746,23.594,79.686,373,53.916,35.074,0,1
A013,08-01-2025 21:00,A013-ENG,Engine,79.397,3.629,78.025,52.982,1768.276,142.211,23.614,75.608,532,57.463,31.543,0,0
A013,09-01-2025 02:00,A013-ENG,Engine,80.767,3.064,69.125,51.536,1836.353,148.464,23.573,79.116,479,67.226,33.127,0,0
A013,09-01-2025 06:00,A013-ENG,Engine,81.825,3.701,73.861,53.413,1865.603,146.047,23.771,78.9,468,71.788,29.902,0,0
A013,09-01-2025 07:00,A013-ENG,Engine,81.26,2.847,73.777,52.043,1908.102,150.371,23.387,79.944,571,79.326,33.796,0,0
A013,09-01-2025 10:00,A013-ENG,Engine,80.375,3.671,74.659,52.815,1743.454,148.132,23.03,81.818,684,68.994,25.161,0,0
A013,09-01-2025 14:00,A013-ENG,Engine,80.696,3.145,74.504,50.92,1781.794,150.405,23.583,80.135,584,68.812,35.403,0,0
A013,09-01-2025 15:00,A013-ENG,Engine,79.061,2.787,70.416,56.442,1734.66,145.719,23.099,81.002,394,68.585,39.692,0,0
A013,09-01-2025 23:00,A013-ENG,Engine,77.929,2.074,71.719,53.935,1703.043,147.84,23.133,77.972,455,65.712,19.151,0,1
A013,10-01-2025 03:00,A013-ENG,Engine,81.109,3.416,74.88,54.391,1899.189,150.221,23.163,81.454,335,69.575,29.047,0,0
A013,10-01-2025 06:00,A013-ENG,Engine,78.275,2.846,75.242,56.061,1760.357,143.474,23.283,81.112,423,63.692,22.15,0,1
A013,10-01-2025 10:00,A013-ENG,Engine,82.75,2.926,71.476,51.824,1727.18,145.989,23.329,80.07,678,56.397,34.845,0,1
A013,10-01-2025 19:00,A013-ENG,Engine,82.223,3.418,69.008,52.968,1834.001,149.901,22.67,78.944,525,70.584,25.296,1,1
A013,10-01-2025 22:00,A013-ENG,Engine,96.022,7.706,67.775,55,1809.511,135.091,23.437,82.155,390,68.859,32.71,1,1
A013,11-01-2025 06:00,A013-ENG,Engine,80.036,3.369,70.426,51.028,1871.618,141.843,23.045,79.847,430,72.18,29.013,1,0
A013,11-01-2025 08:00,A013-ENG,Engine,80.049,3.51,71.01,51.552,1698.721,145.395,22.866,78.959,374,65.08,39.419,0,0
A013,11-01-2025 09:00,A013-ENG,Engine,87.871,6.95,68.076,50.934,2041.769,141.095,23.545,80.596,740,73.516,33.431,1,1
A013,11-01-2025 10:00,A013-ENG,Engine,79.534,3.828,73.373,52.939,1776.268,142.207,22.935,81.56,369,69.104,33.891,1,0
A013,11-01-2025 13:00,A013-ENG,Engine,94.755,5.851,63.445,53.896,1972.154,130.736,23.247,82.255,427,68.435,31.564,1,1
A013,11-01-2025 14:00,A013-ENG,Engine,82.328,3.185,74.872,57.045,1773.903,144.754,23.681,83.315,554,56.763,32.763,0,1
A013,11-01-2025 15:00,A013-ENG,Engine,94.512,6.326,52.726,55.217,1726.833,137.272,22.838,83.08,567,72.077,29.337,1,1
A013,11-01-2025 18:00,A013-ENG,Engine,81.945,2.96,71.366,53.029,1851.487,144.759,23.651,84.81,361,81.842,39.039,1,0
A013,11-01-2025 20:00,A013-ENG,Engine,80.063,3.113,73.875,51.491,1731.625,151.509,23.48,81.866,409,65.229,31.168,0,0
A013,11-01-2025 23:00,A013-ENG,Engine,75.726,3.163,70.354,53.058,1782.239,147.657,22.938,80.818,760,74.48,18.653,0,0
A013,12-01-2025 03:00,A013-ENG,Engine,80.9,3.951,74.938,52.552,1771.158,148.749,23.179,81.836,546,68.967,33.052,1,0
A013,12-01-2025 11:00,A013-ENG,Engine,77.681,2.81,71.198,53.225,1854.268,151.243,23.472,83.868,428,62.664,35.564,0,0
A013,12-01-2025 13:00,A013-ENG,Engine,79.717,3.266,71.763,51.995,1876.922,146.92,22.834,81.466,764,68.63,35.761,0,1
A013,12-01-2025 15:00,A013-ENG,Engine,83.426,3.743,70.373,52.996,1851.316,143.428,22.933,79.1,559,80.469,40.952,1,0
A013,12-01-2025 23:00,A013-ENG,Engine,84.367,3.219,73.703,54.245,1691.57,148.423,22.8,82.333,667,90.409,31.772,1,0
A013,13-01-2025 00:00,A013-ENG,Engine,93.82,5.252,55.191,54.753,1922.177,141.806,23.513,82.401,635,65.901,41.341,1,1
A013,13-01-2025 05:00,A013-ENG,Engine,92.919,5.847,52.604,57.753,1756.462,140.73,22.569,81.126,421,78.433,28.991,1,1
A013,13-01-2025 06:00,A013-ENG,Engine,83.342,3.528,71.521,53.835,1655.912,145.656,22.999,83.928,423,67.543,39.903,1,1
A013,13-01-2025 12:00,A013-ENG,Engine,82.681,3.824,70.818,52.495,1940.915,149.197,23.235,81.814,509,77.566,31.762,1,1
A013,13-01-2025 13:00,A013-ENG,Engine,79.096,3.046,71.312,50.512,1856.997,139.964,23.086,82.641,599,63.049,29.595,0,1
A013,13-01-2025 23:00,A013-ENG,Engine,79.488,3.658,71.813,49.572,1819.721,147.138,23.022,80.212,614,72.241,20.219,1,0
A013,14-01-2025 00:00,A013-ENG,Engine,96.002,5.551,56.014,52.103,2003.722,131.368,23.814,82.723,531,66.455,39.765,1,1
A013,14-01-2025 02:00,A013-ENG,Engine,85.88,4.156,69.355,54.199,1858.807,143.878,23.552,79.893,578,81.642,29.415,1,1
A013,14-01-2025 03:00,A013-ENG,Engine,88.531,3.357,70.798,52.266,1798.285,152.562,22.918,81.311,681,69.544,29.063,1,0
A013,14-01-2025 06:00,A013-ENG,Engine,83.236,3.546,67.194,51.821,1749.99,145.754,23.468,79.977,428,80.973,38.841,1,1
A013,14-01-2025 22:00,A013-ENG,Engine,83.908,3.645,71.229,52.713,1772.975,147.742,23.193,84.464,451,79.224,18.751,1,1
A013,14-01-2025 23:00,A013-ENG,Engine,95.342,7.701,51.447,53.134,1767.09,142.344,23.599,83.848,728,81.867,37.673,1,1
A013,15-01-2025 01:00,A013-ENG,Engine,78.703,3.063,71.596,54.542,1885.778,143.781,23.035,78.931,603,87.418,35.784,1,1
A013,15-01-2025 02:00,A013-ENG,Engine,82.469,4.311,72.936,52.091,1852.614,142.128,22.501,83.312,478,65.439,21.541,1,0
A013,15-01-2025 10:00,A013-ENG,Engine,81.814,3.816,71.877,52.686,1802.066,145.822,23.64,84.208,655,77.57,18.527,1,0
A013,15-01-2025 11:00,A013-ENG,Engine,84.992,3.454,69.788,56.128,1683.206,140.715,22.481,83.512,624,88.683,31.905,1,1
A013,15-01-2025 15:00,A013-ENG,Engine,85.342,3.77,68.328,55.791,1759.371,144.132,22.994,81.082,749,73.317,26.818,1,1
A013,15-01-2025 17:00,A013-ENG,Engine,85.525,4.056,73.136,52.395,1823.089,145.19,22.68,84.127,757,74.627,28.172,1,1
A013,15-01-2025 20:00,A013-ENG,Engine,81.578,3.684,70.615,48.251,1905.073,158.117,22.649,82.993,701,70.18,25.264,1,0
A013,16-01-2025 11:00,A013-ENG,Engine,83.429,3.415,68.907,54.466,1664.808,151.886,22.92,85.705,824,68.168,29.255,1,0
A013,16-01-2025 12:00,A013-ENG,Engine,82.413,4.567,71.373,52.97,1832.73,151.185,22.84,86.173,558,57.782,29.4,1,0
A013,16-01-2025 15:00,A013-ENG,Engine,82.859,4.035,71.727,54.314,1870.756,137.699,22.369,86.571,658,73.121,29.307,1,0
A013,16-01-2025 16:00,A013-ENG,Engine,95.024,6.294,60.248,54.629,1877.447,132.992,22.373,86.184,660,78.427,26.167,1,1
A013,16-01-2025 19:00,A013-ENG,Engine,82.53,4.249,68.336,50.72,1864.132,147.337,23.198,85.44,619,73.947,36.871,1,1
A013,16-01-2025 21:00,A013-ENG,Engine,82.139,3.753,70.666,53.09,1706.994,140.339,22.526,86.118,486,73.435,30.532,1,1
A013,17-01-2025 02:00,A013-ENG,Engine,82.872,3.89,68.004,56.224,1776.263,145.052,23.125,89.03,760,75.734,20.64,1,1
A013,17-01-2025 05:00,A013-ENG,Engine,85.601,4.418,65.909,52.835,1839.811,146.781,22.468,85.597,829,80.081,27.252,1,0
A013,17-01-2025 09:00,A013-ENG,Engine,85.116,3.35,69.347,52.472,1795.078,142.024,22.805,86.508,805,75.608,36.899,1,1
A013,17-01-2025 10:00,A013-ENG,Engine,79.542,3.923,68.486,53.419,1646.165,148.136,22.872,88.021,883,76.678,31.706,1,0
A013,17-01-2025 11:00,A013-ENG,Engine,97.478,7.05,56.426,54.38,1769.184,132.932,22.115,83.164,741,83.763,35.293,1,1
A014,01-01-2025 01:00,A014-ENG,Engine,71.65,1.94,74.649,61.107,1803.402,153.642,23.163,74.282,323,44.924,27.678,0,0
A014,01-01-2025 03:00,A014-ENG,Engine,75.425,2.098,80.976,56.615,1736.654,157.533,24.141,75.022,352,47.016,24.14,0,0
A014,01-01-2025 05:00,A014-ENG,Engine,74.447,2.406,81.17,53.459,1621.968,143.169,23.883,73.579,307,47.466,33.669,0,0
A014,01-01-2025 07:00,A014-ENG,Engine,71.005,2.446,75.955,58.55,2060.31,147.508,24.391,74.887,377,38.731,36.486,0,0
A014,01-01-2025 09:00,A014-ENG,Engine,70.827,1.927,80.223,57.298,1827.924,147.567,23.303,78.545,391,47.302,36.61,0,0
A014,01-01-2025 15:00,A014-ENG,Engine,71.45,2.506,77.271,55.125,1750.899,160.939,23.692,76.495,391,71.839,35.493,0,0
A014,01-01-2025 18:00,A014-ENG,Engine,68.51,1.855,78.784,56.036,1878.383,146.607,23.92,73.814,159,41.209,32.032,0,0
A014,02-01-2025 07:00,A014-ENG,Engine,68.429,2.399,79.643,57.315,1773.95,155.792,24.111,72.017,266,52.478,29.913,0,0
A014,02-01-2025 13:00,A014-ENG,Engine,71.773,2.771,78.849,54.904,1976.772,146.363,23.365,77.751,474,58.813,35.346,0,0
A014,02-01-2025 15:00,A014-ENG,Engine,70.041,2.259,77.756,53.716,1761.163,155.124,23.918,80.954,156,47.325,37.53,0,0
A014,02-01-2025 16:00,A014-ENG,Engine,74.453,2.122,82.313,53.077,1753.141,147.461,23.959,76.656,194,45.547,29.434,0,0
A014,02-01-2025 21:00,A014-ENG,Engine,68.729,2.129,82.544,55.501,1778.727,148.935,23.207,75.541,430,60.872,28.028,0,1
A014,03-01-2025 12:00,A014-ENG,Engine,72.846,2.023,77.032,51.881,1844.433,152.573,23.292,76.589,377,51.052,36.021,0,0
A014,03-01-2025 13:00,A014-ENG,Engine,71.656,2.244,76.6,55.588,1902.251,148.908,23.722,77.854,438,53.604,30.794,0,0
A014,03-01-2025 20:00,A014-ENG,Engine,71.992,2.353,78.58,53.092,1746.8,148.884,23.589,74.744,219,43.629,29.782,0,0
A014,04-01-2025 03:00,A014-ENG,Engine,71.818,2.33,73.799,55.859,1838.238,150.227,24.111,78.959,499,57.795,24.145,0,0
A014,04-01-2025 05:00,A014-ENG,Engine,74.465,2.109,79.664,54.263,1786.64,144.439,24.223,74.541,454,43.322,30.708,0,0
A014,04-01-2025 07:00,A014-ENG,Engine,70.316,2.178,77.547,53.36,1744.963,157.164,24.391,71.892,189,53.396,24.041,0,0
A014,04-01-2025 12:00,A014-ENG,Engine,70.206,2.131,78.573,50.03,1667.468,148.742,23.891,76.428,304,56.873,25.697,0,0
A014,04-01-2025 19:00,A014-ENG,Engine,73.128,3.094,75.944,52.407,1761.028,142.528,23.067,78.595,552,56.479,23.564,0,0
A014,04-01-2025 21:00,A014-ENG,Engine,77.389,2.024,78.755,54.813,1861.577,154.909,24.22,78.338,290,52,28.503,0,0
A014,04-01-2025 23:00,A014-ENG,Engine,76.681,2.932,79.288,55.754,1666.988,152.236,23.278,76.132,367,47.422,22.157,0,0
A014,05-01-2025 07:00,A014-ENG,Engine,74.246,2.916,74.823,53.134,1726.119,148.272,23.769,79.659,219,57.341,36.684,0,0
A014,05-01-2025 08:00,A014-ENG,Engine,70.354,2.367,74.851,52.689,1761.86,150.805,23.789,79.577,505,57.716,27.043,0,0
A014,05-01-2025 13:00,A014-ENG,Engine,73.776,2.154,79.41,54.746,1564.469,149.577,24.12,76.533,350,46.752,23.554,0,1
A014,05-01-2025 16:00,A014-ENG,Engine,76.053,2.881,71.858,54.018,1662.389,141.676,23.582,78.414,334,42.779,31.357,0,0
A014,05-01-2025 17:00,A014-ENG,Engine,73.643,2.193,76.649,53.772,1768.899,148.725,23.596,75.35,317,61.796,36.568,0,0
A014,06-01-2025 01:00,A014-ENG,Engine,74.588,2.874,79.702,56.7,1944.251,147.687,22.906,73.019,590,61.893,29.7,0,0
A014,06-01-2025 05:00,A014-ENG,Engine,76.884,1.947,78.548,54.034,1857.289,147.575,23.8,78.218,530,51.596,26.207,0,0
A014,06-01-2025 10:00,A014-ENG,Engine,73.551,3.049,75.681,57.163,1802.342,150.488,23.958,80.697,493,61.28,43.108,0,1
A014,06-01-2025 14:00,A014-ENG,Engine,76.097,2.805,75.564,53.252,1833.349,143.527,24.613,73.32,251,52.026,32.571,0,0
A014,06-01-2025 15:00,A014-ENG,Engine,75.221,2.198,73.248,55.741,1873.54,148.359,23.864,78.561,425,50.383,24.208,0,0
A014,06-01-2025 17:00,A014-ENG,Engine,76.245,1.953,73.996,54.472,1962.571,150.053,23.781,77.428,312,56.526,28.964,0,1
A014,06-01-2025 18:00,A014-ENG,Engine,92.71,4.671,69.622,56.212,1839.365,140.296,23.538,76.703,521,62.255,34.148,1,0
A014,06-01-2025 19:00,A014-ENG,Engine,76.138,2.005,79.504,54.285,1817.306,154.43,23.375,78.707,517,49.926,22.514,0,0
A014,06-01-2025 20:00,A014-ENG,Engine,77.069,2.678,78.035,54.42,1894.116,152.891,23.65,80.346,443,63.947,24.091,0,0
A014,06-01-2025 23:00,A014-ENG,Engine,74.109,2.654,78.723,54.672,1878.294,150.223,23.315,75.953,324,54.679,28.493,0,1
A014,07-01-2025 13:00,A014-ENG,Engine,79.934,5.046,70.398,52.553,1939.686,139.49,23.382,78.874,510,46.841,25.291,1,1
A014,07-01-2025 15:00,A014-ENG,Engine,74.515,3.19,73.795,50.598,1757.445,145.386,23.594,81.539,450,55.087,31.644,0,1
A014,07-01-2025 16:00,A014-ENG,Engine,75.702,3.086,73.764,53.384,1790.68,141.927,23.76,77.79,319,57.483,32.894,0,0
A014,08-01-2025 03:00,A014-ENG,Engine,74.717,3.128,78.581,52.447,1749.441,151.324,23.592,79.92,362,60.719,29.747,0,0
A014,08-01-2025 10:00,A014-ENG,Engine,71.436,2.297,73.87,53.049,1841.879,149.436,23.684,78.84,319,64.506,19.283,0,0
A014,08-01-2025 12:00,A014-ENG,Engine,78.029,3.079,72.136,51.954,1825.957,152.732,23.214,76.647,597,67.413,21.259,0,0
A014,08-01-2025 20:00,A014-ENG,Engine,78.526,2.527,71.152,54.167,1685.745,142.503,23.067,79.959,450,65.884,28.346,0,0
A014,09-01-2025 02:00,A014-ENG,Engine,80.437,2.946,71.574,54.967,1728.514,150.107,23.519,76.848,627,63.145,23.826,0,0
A014,09-01-2025 05:00,A014-ENG,Engine,74.003,3.168,72.043,55.291,1757.964,138.245,23.635,81.528,350,65.107,27.669,0,1
A014,09-01-2025 06:00,A014-ENG,Engine,77.688,2.838,73.833,52.091,1813.291,152.596,23.448,77.24,412,60.317,32.406,0,0
A014,09-01-2025 12:00,A014-ENG,Engine,76.284,3.335,72.552,52.893,1654.443,150.986,23.584,81.225,394,61.929,30.406,0,0
A014,09-01-2025 20:00,A014-ENG,Engine,75.53,2.289,71.464,52.853,1840.389,154.766,23.182,79.026,670,50.788,34.278,0,0
A014,09-01-2025 22:00,A014-ENG,Engine,81.494,3.301,74.848,54.535,1877.266,145.345,23.287,82.506,378,70.655,26.144,0,0
A014,09-01-2025 23:00,A014-ENG,Engine,81.802,3.229,75.118,55.008,1738.889,140.361,23.198,78.981,701,53.668,26.986,0,0
A014,10-01-2025 05:00,A014-ENG,Engine,78.6,3.209,74.447,53.898,1953.837,144.789,23.784,77.905,353,64.758,32.434,0,0
A014,10-01-2025 06:00,A014-ENG,Engine,78.537,2.753,72.018,51.289,1744.828,142.1,23.988,79.934,392,61.94,24.261,0,0
A014,10-01-2025 19:00,A014-ENG,Engine,83.677,2.861,70.194,53.336,1868.732,154.287,23.258,80.178,393,71.722,25.385,0,0
A014,10-01-2025 21:00,A014-ENG,Engine,73.823,3.616,73.708,53.668,1876.761,152.585,23.21,79.101,506,62.778,29.342,0,0
A014,10-01-2025 22:00,A014-ENG,Engine,81.499,3.673,72.303,56.732,1700.946,147.622,23.652,82.055,723,74.309,24.876,0,0
A014,11-01-2025 02:00,A014-ENG,Engine,79.346,3.221,74.679,50.228,1746.577,144.956,23.566,82.078,704,75.312,32.44,0,0
A014,11-01-2025 03:00,A014-ENG,Engine,77.609,2.747,71.292,51.004,1740.468,147.724,23.148,81.594,566,65.095,18.316,0,0
A014,11-01-2025 04:00,A014-ENG,Engine,78.932,3.105,74.442,54.557,1738.667,142.98,23.254,80.176,707,84.976,29.203,0,0
A014,11-01-2025 07:00,A014-ENG,Engine,81.164,3.113,74.635,52.613,1840.181,153.102,22.885,81.876,646,49.157,27.489,0,1
A014,11-01-2025 08:00,A014-ENG,Engine,81.537,2.576,75.945,56.569,1758.332,144.548,23.298,80.898,660,61.894,37.175,0,0
A014,11-01-2025 10:00,A014-ENG,Engine,78.839,2.839,74.375,55.99,1851.13,142.192,23.133,79.992,658,70.811,24.71,0,0
A014,11-01-2025 12:00,A014-ENG,Engine,77.497,3.479,74.692,55.665,1730.078,144.119,23.436,81.435,581,52.37,39.35,0,0
A014,11-01-2025 14:00,A014-ENG,Engine,75.968,3.515,73.619,52.607,1660.333,148.393,23.334,85.886,725,61.949,37.768,0,0
A014,11-01-2025 15:00,A014-ENG,Engine,81.57,3.172,73.842,52.507,1821.193,143.968,23.392,79.466,371,63.004,32.487,0,0
A014,11-01-2025 17:00,A014-ENG,Engine,74.228,2.621,76.014,53.526,1750.823,148.356,23.602,79.312,669,63.5,30.192,0,0
A014,11-01-2025 18:00,A014-ENG,Engine,80.126,2.467,73.701,50.954,1817.693,149.437,23.246,80.144,435,53.736,29.815,0,0
A014,11-01-2025 19:00,A014-ENG,Engine,77.739,3.629,73.891,54.896,1755.081,149.703,23.441,80.114,453,52.346,36.341,0,0
A014,12-01-2025 00:00,A014-ENG,Engine,78.755,3.604,76.71,51.06,1790.459,152.4,23.079,82.212,749,68.942,37.045,0,0
A014,12-01-2025 01:00,A014-ENG,Engine,80.755,3.221,78.094,54.164,1749.002,141.702,23.145,82.351,733,65.538,23.689,0,1
A014,12-01-2025 07:00,A014-ENG,Engine,79.841,2.912,70.426,53.289,1917.587,152.957,22.734,83.644,500,71.455,36.924,0,0
A014,12-01-2025 09:00,A014-ENG,Engine,79.052,3.275,75.389,50.313,1786.357,151.547,22.573,81.811,624,53.02,27.852,0,0
A014,12-01-2025 10:00,A014-ENG,Engine,76.074,3.728,73.919,54.919,1701.429,145.002,23.528,80.35,656,65.222,29.673,0,0
A014,13-01-2025 00:00,A014-ENG,Engine,78.715,3.482,75.912,52.502,1749.882,144.039,22.838,83.088,574,74.998,32.296,0,0
A014,13-01-2025 02:00,A014-ENG,Engine,81.409,3.471,77.412,50.581,1701.232,146.237,23.088,82.517,633,72.951,28.721,0,0
A014,13-01-2025 03:00,A014-ENG,Engine,76.998,2.065,68.759,54.607,1899.229,141.246,23.453,77.418,667,58.074,27.662,0,0
A014,13-01-2025 04:00,A014-ENG,Engine,79.635,3.627,78.734,55.186,1691.087,149.854,22.898,85.102,638,71.452,24.886,0,1
A014,13-01-2025 12:00,A014-ENG,Engine,79.91,3.222,74.032,54.837,1697.522,140.884,23.083,82.428,598,74.107,36.339,0,1
A014,13-01-2025 13:00,A014-ENG,Engine,81.468,2.729,74.238,51.08,1851.473,141.611,23.118,81.906,686,83.988,25.516,0,1
A014,13-01-2025 14:00,A014-ENG,Engine,80.7,3.118,69.932,51.787,1747.834,143.244,22.899,81.343,735,74.376,22.82,0,0
A014,13-01-2025 20:00,A014-ENG,Engine,77.646,3.378,75.308,54.694,1633.36,146.005,22.98,78.066,450,74.027,34.01,0,1
A014,14-01-2025 05:00,A014-ENG,Engine,79.003,2.837,74.545,51.314,1948.168,146.746,23.178,84.59,580,65.035,32.349,0,0
A014,14-01-2025 07:00,A014-ENG,Engine,80.381,2.902,74.719,53.051,1873.241,146.474,23.413,83.278,781,79.053,25.472,0,0
A014,14-01-2025 10:00,A014-ENG,Engine,80.894,2.777,74.641,55.326,1894.024,141.524,23.186,82.707,422,68.258,38.297,0,0
A014,14-01-2025 11:00,A014-ENG,Engine,80.916,3.704,72.118,53.807,1727.049,144.098,22.984,81.99,699,75.513,35.466,1,0
A014,14-01-2025 14:00,A014-ENG,Engine,75.903,3.28,74.409,56.286,1835.796,150.297,23.331,82.39,583,57.828,35.658,0,1
A014,14-01-2025 19:00,A014-ENG,Engine,82.239,2.88,75.724,51.689,1778.963,140.707,23.059,79.367,482,59.813,33.04,0,0
A014,14-01-2025 21:00,A014-ENG,Engine,83.468,3.032,73.212,53.606,1932.997,149.245,23.371,83.63,589,65.336,36.349,0,0
A014,15-01-2025 00:00,A014-ENG,Engine,80.745,3.198,74.137,54.759,1811.842,144.021,23.164,81.594,796,79.198,35.707,1,0
A014,15-01-2025 03:00,A014-ENG,Engine,79.319,3.259,74.294,53.469,1890.722,142.401,22.386,83.789,694,69.002,27.412,0,1
A014,15-01-2025 04:00,A014-ENG,Engine,82.956,3.666,73.594,52.262,1592.762,139.212,22.678,87.139,717,76.797,28.944,1,1
A014,15-01-2025 08:00,A014-ENG,Engine,80.731,3.47,71.509,50.172,1742.349,142.592,23.188,81.469,749,65.217,30.133,1,0
A014,15-01-2025 14:00,A014-ENG,Engine,80.51,3.443,72.612,47.7,1825.382,141.742,23.273,83.501,509,71.959,23.893,1,0
A014,15-01-2025 15:00,A014-ENG,Engine,80.181,3.701,72.141,53.683,1762.519,150.241,23.421,80.159,654,74.354,37.296,1,0
A014,15-01-2025 16:00,A014-ENG,Engine,80.694,3.29,73.98,54.244,1780.169,141.585,22.18,84.869,518,73.734,19.288,1,0
A014,15-01-2025 19:00,A014-ENG,Engine,80.154,3.846,70.281,48.458,1832.788,145.432,23.556,85.797,847,63.288,34.859,1,0
A014,15-01-2025 21:00,A014-ENG,Engine,78.725,3.25,71.686,55.586,1815.51,149.319,22.622,82.78,606,65.043,29.009,0,1
A014,16-01-2025 00:00,A014-ENG,Engine,81.187,3.778,72.621,54.638,1908.472,140.555,22.987,85.713,628,77.523,33.834,1,1
A014,16-01-2025 15:00,A014-ENG,Engine,79.074,3.649,73.077,51.368,1665.058,141.85,23.014,84.304,591,62.133,27.56,1,0
A014,16-01-2025 23:00,A014-ENG,Engine,81.69,4.171,69.957,51.985,1801.436,139.179,22.995,86.23,631,75.433,41.587,1,0
A014,17-01-2025 00:00,A014-ENG,Engine,82.776,4.027,71.71,51.134,1934.74,144.737,22.367,86.597,569,77.299,31.188,1,0
A014,17-01-2025 02:00,A014-ENG,Engine,82.527,3.605,71.415,53.224,1962.828,138.54,22.712,82.824,661,74.756,33.54,1,1
A014,17-01-2025 06:00,A014-ENG,Engine,82.739,3.834,70.166,53.054,1663.484,148.876,22.536,85.612,596,79.979,31.954,1,1
A014,17-01-2025 10:00,A014-ENG,Engine,84.255,3.652,68.962,51.284,1815.927,147.717,23.168,84.301,766,67.103,25.509,1,0
A014,17-01-2025 12:00,A014-ENG,Engine,81.15,3.924,71.426,54.398,1836.907,144.446,23.117,83.764,672,69.685,26.244,1,0
A014,17-01-2025 13:00,A014-ENG,Engine,82.772,3.922,68.712,51.022,1784.132,148.099,22.872,85.674,543,80.008,32.514,1,1
A015,01-01-2025 05:00,A015-ENG,Engine,68.114,2.218,75.652,52.783,1852.384,150.914,23.778,74.502,469,55.022,26.366,0,0
A015,01-01-2025 07:00,A015-ENG,Engine,71.603,2.389,79.302,52.049,1675.405,148.281,23.972,74.98,423,57.538,31.208,0,0
A015,01-01-2025 09:00,A015-ENG,Engine,71.834,1.65,73.604,58.372,1951.682,144.215,23.274,77.831,355,52.839,26.398,0,0
A015,02-01-2025 05:00,A015-ENG,Engine,75.784,2.653,78.436,57,1867.681,152.549,23.763,72.719,419,48.413,40.975,0,0
A015,02-01-2025 09:00,A015-ENG,Engine,75.205,2.33,76.215,55.582,1785.841,146.02,24.152,76.39,524,46.386,28.186,0,0
A015,02-01-2025 11:00,A015-ENG,Engine,73.214,2.889,80.45,57.255,1771.767,151.957,23.731,73.596,232,53.343,34.089,0,0
A015,02-01-2025 16:00,A015-ENG,Engine,77.175,2.801,76.665,54.092,1953.079,146.571,23.363,75.617,344,52.894,36.027,0,0
A015,02-01-2025 18:00,A015-ENG,Engine,71.932,2.624,78.953,54.869,1824.554,155.673,24.679,76.322,331,52.157,34.167,0,1
A015,02-01-2025 22:00,A015-ENG,Engine,72.09,2.043,73.191,52.687,1697.386,149.598,24.401,77.38,493,61.31,31.096,0,0
A015,03-01-2025 01:00,A015-ENG,Engine,70.146,2.116,74.699,52.777,1792.04,150.396,23.972,76.681,329,63.059,35.014,0,0
A015,03-01-2025 02:00,A015-ENG,Engine,74.35,2.426,77.941,51.961,1942.232,152.512,23.715,74.723,343,54.834,35.739,0,0
A015,03-01-2025 05:00,A015-ENG,Engine,72.41,2.309,73.29,53.228,1867.16,143.013,23.897,75.159,374,49.745,21.305,0,0
A015,03-01-2025 11:00,A015-ENG,Engine,77.024,3.067,73.271,50.423,1805.661,148.568,23.746,78.728,239,53.796,42.097,0,0
A015,03-01-2025 13:00,A015-ENG,Engine,74.65,2.826,78.351,57.612,1824.174,144.547,23.281,77.731,176,45.157,34.079,0,0
A015,03-01-2025 16:00,A015-ENG,Engine,73.109,2.738,72.401,54.715,1747.19,146.68,24.529,79.408,270,68.606,34.251,0,0
A015,03-01-2025 19:00,A015-ENG,Engine,71.636,2.71,77.02,54.948,1829.598,148.263,23.603,73.387,248,61.776,32.538,0,0
A015,03-01-2025 20:00,A015-ENG,Engine,75.971,2.775,76.376,56.223,1753.706,149.752,23.806,78.187,319,74.948,31.655,0,0
A015,04-01-2025 00:00,A015-ENG,Engine,72.99,2.624,78.951,55.272,1779.642,146.122,23.745,75.973,455,59.897,28.431,0,0
A015,04-01-2025 01:00,A015-ENG,Engine,72.337,2.49,77.673,52.775,1784.684,147.924,23.528,74.702,207,57.049,25.348,0,0
A015,04-01-2025 02:00,A015-ENG,Engine,76.005,3.035,75.611,55.465,1722.874,152.04,24.004,79.76,443,66.925,31.322,0,0
A015,04-01-2025 05:00,A015-ENG,Engine,74.699,2.195,78.771,54.151,1754.804,142.732,24.043,74.841,395,61.592,25.596,0,0
A015,04-01-2025 11:00,A015-ENG,Engine,69.59,2.727,77.15,53.637,1828.397,150.022,23.366,79.484,364,55.796,28.356,0,1
A015,04-01-2025 12:00,A015-ENG,Engine,72.706,3.371,78.495,52.349,1829.995,145.126,23.365,72.104,283,63.249,27.717,0,0
A015,04-01-2025 18:00,A015-ENG,Engine,80.274,2.438,72.542,54.117,1810.562,151.54,23.684,75.891,416,55.383,26.982,0,0
A015,04-01-2025 22:00,A015-ENG,Engine,75.085,2.212,72.12,57.026,1840.909,144.893,24.272,78.77,379,56.751,31.495,0,0
A015,04-01-2025 23:00,A015-ENG,Engine,72.271,2.847,82.66,51.476,1873.374,149.092,23.855,79.659,439,53.378,28.712,0,0
A015,05-01-2025 03:00,A015-ENG,Engine,74.588,2.899,78.15,56.077,1755.641,150.839,23.521,76.65,380,56.618,26.787,0,1
A015,05-01-2025 05:00,A015-ENG,Engine,75.665,2.967,73.186,57.117,1861.844,139.116,23.619,81.784,251,62.097,26.376,0,0
A015,05-01-2025 06:00,A015-ENG,Engine,85.234,5.963,64.086,53.374,1564.963,133.636,23.736,79.778,584,79.014,25.905,1,0
A015,05-01-2025 07:00,A015-ENG,Engine,85.868,4.697,60.539,53.49,1895.381,134.211,23.873,77.156,548,61.45,26.518,1,0
A015,05-01-2025 11:00,A015-ENG,Engine,74.777,2.834,75.322,52.082,1760.923,147.026,23.702,78.625,278,62.182,34.357,0,0
A015,05-01-2025 14:00,A015-ENG,Engine,74.093,2.708,76.617,53.03,1831.547,144.394,24.1,79.293,515,53.829,35.542,0,1
A015,05-01-2025 17:00,A015-ENG,Engine,93.296,5.064,68.656,59.373,1958.321,140.833,23.505,75.957,514,60.997,22.224,1,1
A015,05-01-2025 18:00,A015-ENG,Engine,75.437,2.992,74.933,54.168,1742.053,149.16,23.814,76.252,508,62.555,20.493,0,0
A015,05-01-2025 21:00,A015-ENG,Engine,79.451,2.76,80.922,50.737,1754.959,153.883,23.485,78.467,271,53.319,23.388,0,0
A015,06-01-2025 11:00,A015-ENG,Engine,78.242,2.741,73.905,53.451,1845.966,150.554,23.252,78.225,533,56.516,25.516,0,0
A015,06-01-2025 12:00,A015-ENG,Engine,76.919,3.262,74.056,55.941,1873.246,145.041,23.33,75.515,374,63.393,32.749,0,1
A015,06-01-2025 13:00,A015-ENG,Engine,78.45,3.14,76.064,54.694,1905.801,144.543,23.399,76.509,360,58.199,37.449,0,0
A015,06-01-2025 15:00,A015-ENG,Engine,75.763,3.218,75.986,52.493,1880.646,150.52,23.069,79.437,581,57.652,32.371,0,0
A015,07-01-2025 00:00,A015-ENG,Engine,75.295,2.762,76.672,53.219,1738.356,152.374,23.842,78.025,289,63.791,24.364,0,0
A015,07-01-2025 02:00,A015-ENG,Engine,76.608,3.229,74.164,48.652,1994.043,150.248,23.454,81.379,357,54.314,25.443,0,0
A015,07-01-2025 14:00,A015-ENG,Engine,74.245,3.271,77.91,53.978,1859.471,145.115,23.602,78.798,293,70.403,26.793,0,0
A015,07-01-2025 15:00,A015-ENG,Engine,75.685,2.887,71.799,53.306,1858.853,149.189,23.948,77.541,543,62.423,35.435,0,1
A015,08-01-2025 05:00,A015-ENG,Engine,78.944,3.181,70.941,54.245,1910.984,143.51,23.054,79.948,410,69.867,34.079,0,0
A015,08-01-2025 08:00,A015-ENG,Engine,95.738,6.049,63.319,53.87,1764.421,128.841,23.045,79.285,326,69.053,31.373,1,1
A015,08-01-2025 12:00,A015-ENG,Engine,80.679,2.886,72.897,49.931,1856.864,147.544,23.596,80.764,291,76.624,28.052,0,0
A015,08-01-2025 16:00,A015-ENG,Engine,76.883,3.091,76.307,52.042,1837.622,144.297,23.349,78.656,463,67.739,32.743,0,0
A015,08-01-2025 20:00,A015-ENG,Engine,79.773,2.849,77.074,55.126,1823.793,154.048,23.109,79.96,561,46.359,27.361,0,0
A015,09-01-2025 01:00,A015-ENG,Engine,80.16,3.471,72.164,56.686,1829.231,150.492,23.305,80.895,484,61.009,19.501,0,0
A015,09-01-2025 07:00,A015-ENG,Engine,77.024,2.602,72.559,47.853,1724.972,146.173,23.23,80.994,614,65.192,32.238,0,1
A015,09-01-2025 08:00,A015-ENG,Engine,77.292,3.248,74.513,51.909,1737.807,147.635,23.231,83.44,646,65.506,24.188,0,1
A015,09-01-2025 16:00,A015-ENG,Engine,89.393,4.856,60.41,52.974,1788.31,144.65,23.657,81.972,388,67.867,28.744,1,1
A015,09-01-2025 18:00,A015-ENG,Engine,80.163,3.056,73.329,54.619,1939.774,145.697,23.831,81.386,648,58.66,26.962,0,0
A015,09-01-2025 19:00,A015-ENG,Engine,81.722,3.338,72.971,53.797,1674.506,146.278,23.183,82.279,557,68.106,28.816,0,1
A015,10-01-2025 03:00,A015-ENG,Engine,77.689,3.482,73.447,50.648,1887.107,148.147,23.607,79.799,406,52.271,37.438,0,0
A015,10-01-2025 04:00,A015-ENG,Engine,79.474,2.678,70.889,56.314,1878.565,151.987,23.51,81.002,489,74.312,34.574,0,0
A015,10-01-2025 05:00,A015-ENG,Engine,76.681,3.146,69.452,51.439,1818.912,150.335,23.976,80.3,424,63.51,29.631,0,0
A015,10-01-2025 12:00,A015-ENG,Engine,80.265,3.178,74.129,54.527,1809.413,151.325,23.556,80.109,641,68.848,31.257,0,0
A015,10-01-2025 18:00,A015-ENG,Engine,81.087,3.751,71.073,52.398,1759.366,145.273,23.776,81.149,653,60.141,26.109,0,0
A015,10-01-2025 20:00,A015-ENG,Engine,77.64,3.745,72.253,52.734,1903.397,134.719,23.267,77.951,462,72.098,38.089,1,0
A015,10-01-2025 21:00,A015-ENG,Engine,83.36,2.755,73.144,50.574,1834.491,145.758,23.22,80.498,482,76.131,30.965,0,1
A015,11-01-2025 03:00,A015-ENG,Engine,77.96,4.134,72.78,51.52,1653.186,146.487,23.343,78.79,519,73.104,32.631,1,1
A015,11-01-2025 07:00,A015-ENG,Engine,76.825,3.704,76.385,52.432,1822.751,143.508,23.653,78.557,544,76.181,29.932,0,0
A015,11-01-2025 17:00,A015-ENG,Engine,83.105,2.769,75.175,54.629,1880.204,140.394,23.24,79.788,643,59.62,20.598,0,1
A015,11-01-2025 18:00,A015-ENG,Engine,78.864,3.336,75.201,53.208,1735.564,147.591,22.952,77.938,706,72.039,33.239,0,0
A015,11-01-2025 20:00,A015-ENG,Engine,88.445,5.668,66.246,57.191,1711.084,133.171,23.047,82.086,586,75.001,31.979,1,1
A015,11-01-2025 21:00,A015-ENG,Engine,81.162,3.476,68.134,53.504,1727.905,139.075,23.355,79.109,477,79.557,33.928,1,0
A015,12-01-2025 02:00,A015-ENG,Engine,82.957,3.486,75.279,53.227,1835.628,146.013,23.69,83.473,543,60.852,33.318,0,0
A015,12-01-2025 12:00,A015-ENG,Engine,80.893,3.298,71.548,57.373,1742.118,145.739,22.829,79.105,512,73.738,21.922,1,0
A015,12-01-2025 13:00,A015-ENG,Engine,80.658,3.667,69.651,51.444,1652.95,148.576,23.181,81.945,528,59.745,34.059,0,0
A015,12-01-2025 15:00,A015-ENG,Engine,83.826,3.207,69.63,49.656,1713.465,150.588,23.017,82.975,527,65.366,29.44,1,1
A015,12-01-2025 16:00,A015-ENG,Engine,97.417,6.476,64.808,52.661,1916.574,125.015,23.009,81.706,416,74.52,23.536,1,1
A015,12-01-2025 18:00,A015-ENG,Engine,82.145,2.992,74.395,51.294,1792.303,143.38,23.062,82.529,594,81.42,27.894,1,1
A015,12-01-2025 20:00,A015-ENG,Engine,80.281,3.698,73.934,51.259,1746.779,146.094,23.592,80.529,481,85.347,21.777,1,1
A015,13-01-2025 02:00,A015-ENG,Engine,79.906,3.309,73.349,53.053,1810.829,146.583,22.817,80.225,729,68.817,29.042,1,0
A015,13-01-2025 05:00,A015-ENG,Engine,81.587,3.699,64.958,51.922,1929.278,144.083,23.296,82.787,666,66.184,32.25,1,0
A015,13-01-2025 12:00,A015-ENG,Engine,81.406,3.926,71.375,47.986,1677.603,147.88,22.466,79.83,579,59.477,28.949,1,0
A015,13-01-2025 16:00,A015-ENG,Engine,78.949,3.395,73.201,52.206,1748.095,140.896,23.335,85.819,616,65.143,26.813,0,0
A015,13-01-2025 20:00,A015-ENG,Engine,82.332,3.216,69.263,50.646,1799.548,149.318,23.245,82.811,688,61.001,38.506,1,1
A015,14-01-2025 01:00,A015-ENG,Engine,80.436,3.5,69.738,51.417,1834.051,144.236,22.47,85.438,414,74.201,33.262,1,0
A015,14-01-2025 02:00,A015-ENG,Engine,79.349,3.898,67.182,53.035,1846.472,140.781,23.488,78.876,474,61.919,29.828,1,0
A015,14-01-2025 04:00,A015-ENG,Engine,84.917,3.878,73.474,53.74,1927.382,140.568,23.235,86.043,755,70.136,27.141,1,1
A015,14-01-2025 06:00,A015-ENG,Engine,89.701,6.325,62.62,55.113,1845.189,135.54,23.203,86.594,633,72.839,22.454,1,0
A015,14-01-2025 07:00,A015-ENG,Engine,89.126,3.809,71.758,53.614,1813.86,144.003,23.143,83.997,708,59.028,27.519,1,0
A015,14-01-2025 11:00,A015-ENG,Engine,83.841,3.724,70.568,48.87,1679.379,148.669,23.451,83.434,801,64.29,31.002,1,0
A015,14-01-2025 14:00,A015-ENG,Engine,81.284,3.241,72.839,47.082,1759.705,144.416,22.768,82.895,786,63.17,32.676,1,1
A015,14-01-2025 16:00,A015-ENG,Engine,85.212,3.763,73.797,52.633,1783.627,143.254,22.873,79.14,608,72.11,27.347,1,0
A015,14-01-2025 19:00,A015-ENG,Engine,94.668,7.34,61.531,50.774,1654.898,130.264,23.138,87.146,681,69.274,35.969,1,1
A015,15-01-2025 02:00,A015-ENG,Engine,82.625,3.454,71.719,53.413,1863.583,147.465,22.935,84.537,779,85.794,30.618,1,1
A015,15-01-2025 04:00,A015-ENG,Engine,78.317,3.858,74.046,49.657,1720.301,143.867,22.882,82.063,548,84.305,39.967,1,0
A015,15-01-2025 05:00,A015-ENG,Engine,80.061,3.626,71.897,53.744,1849.861,143.845,23.022,82.815,475,81.233,32.066,1,0
A015,15-01-2025 13:00,A015-ENG,Engine,79.006,3.212,71.781,53.621,1874.925,145.264,22.801,84.606,565,73.054,30.707,1,1
A015,15-01-2025 14:00,A015-ENG,Engine,85.23,3.879,69.23,52.361,1882.195,146.083,22.786,80.282,808,71.313,33.085,1,1
A015,15-01-2025 21:00,A015-ENG,Engine,81.514,4.065,66.896,51.286,1698.097,146.726,22.774,81.703,737,88.324,32.771,1,1
A015,15-01-2025 23:00,A015-ENG,Engine,83.044,4.092,69.97,55.639,1999.508,146.37,22.804,83.801,649,83.666,34.255,1,1
A015,16-01-2025 06:00,A015-ENG,Engine,85.587,2.908,70.243,50.807,1808.304,150.243,23.218,84.817,487,86.427,36.846,1,1
A015,16-01-2025 09:00,A015-ENG,Engine,83.284,3.792,69.081,52.222,1755.328,145.536,22.698,88.762,677,79.131,32.897,1,1
A015,16-01-2025 22:00,A015-ENG,Engine,85.441,4.213,66.34,52.916,1694.965,139.807,22.776,83.223,492,66.484,25.744,1,1
A015,17-01-2025 11:00,A015-ENG,Engine,87.034,3.82,71.258,52.451,1807.974,131.513,22.616,82.884,871,82.022,28.843,1,1
A015,17-01-2025 14:00,A015-ENG,Engine,83.921,4.426,71.88,54.523,1870.955,145.126,22.395,83.998,674,83.34,29.047,1,1
A016,01-01-2025 06:00,A016-ENG,Engine,77.854,2.541,77.958,58.702,1796.074,146.066,24.105,78.413,386,60.684,30.974,0,0
A016,01-01-2025 19:00,A016-ENG,Engine,74.743,2.616,78.636,57.767,1720.747,155.718,23.839,71.852,333,59.963,34.147,0,0
A016,02-01-2025 03:00,A016-ENG,Engine,70.874,2.865,73.185,56.203,1852.575,156.967,24.064,75.207,523,54.759,40.691,0,0
A016,02-01-2025 04:00,A016-ENG,Engine,74.798,2.416,74.088,53.447,1720.35,149.036,23.701,75.341,382,53.843,31.317,0,0
A016,02-01-2025 05:00,A016-ENG,Engine,74.987,2.809,73.813,53.615,1757.425,143.954,23.781,80.269,370,55.971,37.656,0,0
A016,02-01-2025 09:00,A016-ENG,Engine,72.989,2.01,77.325,57.398,1631.634,144.185,23.921,73.43,500,54.028,37.203,0,0
A016,02-01-2025 21:00,A016-ENG,Engine,72.877,2.614,76.343,56.469,1729.398,149.352,24.343,76.773,275,63.666,29.714,0,0
A016,02-01-2025 23:00,A016-ENG,Engine,80.908,2.258,80.203,53.833,1778.947,146.045,23.901,74.428,506,54.386,23.687,0,0
A016,03-01-2025 03:00,A016-ENG,Engine,74.057,2.321,77.487,54.935,1919.61,156.751,23.893,77.14,190,61.162,39.634,0,0
A016,03-01-2025 07:00,A016-ENG,Engine,76.381,2.696,79,57.994,1753.914,142.482,23.399,78.345,354,59.291,25.113,0,0
A016,03-01-2025 12:00,A016-ENG,Engine,73.198,2.672,77.053,52.981,1762.67,150.709,23.78,76.214,461,62.583,25.553,0,0
A016,03-01-2025 13:00,A016-ENG,Engine,73.493,2.167,74.781,55.275,1789.749,149.03,23.779,75.535,397,56.667,25.962,0,0
A016,03-01-2025 15:00,A016-ENG,Engine,79.917,2.994,74.712,53.542,1817.647,149.518,23.403,75.114,242,44.866,38.793,0,0
A016,03-01-2025 16:00,A016-ENG,Engine,73.294,2.17,76.359,56.072,1941.065,152.372,24.07,78.932,326,56.058,23.294,0,0
A016,03-01-2025 17:00,A016-ENG,Engine,72.933,2.655,73.403,56.82,1876.504,143.578,23.841,78.707,416,56.354,29.925,0,0
A016,03-01-2025 18:00,A016-ENG,Engine,76.713,2.338,74.203,51.083,1980.708,149.646,24.17,74.264,532,67.343,28.528,0,0
A016,03-01-2025 21:00,A016-ENG,Engine,70.563,2.622,77.505,53.952,1810.594,156.806,23.809,80.654,183,63.807,35.328,0,0
A016,04-01-2025 01:00,A016-ENG,Engine,94.189,5.254,62.599,53.586,1915.141,135.711,23.443,75.147,191,51.07,31.189,1,1
A016,04-01-2025 05:00,A016-ENG,Engine,75.934,2.703,75.124,51.818,1878.825,152.722,23.17,75.725,484,55.823,31.698,0,0
A016,04-01-2025 06:00,A016-ENG,Engine,79.776,2.632,78.253,57.922,1937.487,151.658,23.995,77.81,329,71.711,28.065,0,0
A016,04-01-2025 14:00,A016-ENG,Engine,73.047,2.61,73.128,53.999,1786.777,140.307,23.366,77.583,329,57.792,21.211,0,0
A016,04-01-2025 22:00,A016-ENG,Engine,74.133,2.573,75.138,53.175,1866.139,145.409,24.624,78.451,315,56.381,25.117,0,0
A016,05-01-2025 08:00,A016-ENG,Engine,75.526,2.661,73.919,50.535,1822.427,147.762,22.927,77.032,544,58.937,35.42,0,0
A016,05-01-2025 09:00,A016-ENG,Engine,73.917,3.08,78.042,56.44,1833.317,148.325,23.212,80.026,380,48.264,29.23,0,1
A016,05-01-2025 15:00,A016-ENG,Engine,77.52,2.814,75.472,55.524,1937.132,146.877,23.452,79.375,372,70.281,30.398,0,1
A016,05-01-2025 20:00,A016-ENG,Engine,79.897,3.12,73.323,54.688,1938.299,144.967,23.329,77.642,536,49.349,30.544,0,0
A016,06-01-2025 03:00,A016-ENG,Engine,76.876,2.953,78.25,56.427,1839.545,145.641,23.44,78.951,418,68.939,32.721,0,0
A016,06-01-2025 04:00,A016-ENG,Engine,71.205,2.834,73.725,55.661,1700.661,144.496,23.998,76.259,245,55.541,32.484,0,0
A016,06-01-2025 07:00,A016-ENG,Engine,80.21,3.155,75.018,55.925,1748.805,150.264,23.323,76.954,373,53.902,25.532,0,0
A016,06-01-2025 10:00,A016-ENG,Engine,78.904,3.478,72.943,52.904,1741.666,143.083,23.604,75.554,266,60.635,31.599,0,0
A016,06-01-2025 15:00,A016-ENG,Engine,77.265,3.245,71.481,54.288,1744.75,142.539,23.939,79.307,402,54.556,34.582,0,0
A016,06-01-2025 16:00,A016-ENG,Engine,76.095,2.274,74.212,53.212,1870.366,145.909,23.905,76.799,241,60.852,22.968,0,0
A016,06-01-2025 17:00,A016-ENG,Engine,75.243,3.138,76.441,51.837,1840.623,148.336,23.712,78.183,579,44.821,30.836,0,0
A016,06-01-2025 21:00,A016-ENG,Engine,79.068,3.59,71.873,56.457,1709.728,154.588,22.747,80.687,537,62.72,33.598,0,1
A016,07-01-2025 02:00,A016-ENG,Engine,78.18,2.378,71.433,57.59,1795.795,149.826,23.841,77.9,357,53.875,23.169,0,1
A016,07-01-2025 05:00,A016-ENG,Engine,78.366,2.939,79.536,51.662,1794.761,142.838,23.681,78.31,322,66.813,26.429,0,0
A016,07-01-2025 08:00,A016-ENG,Engine,81.146,3.072,72.564,53.087,1810.092,145.949,23.971,77.412,380,66.478,33.809,0,0
A016,07-01-2025 09:00,A016-ENG,Engine,75.18,3.288,73.845,53.349,1701.413,155.879,23.841,75.905,262,67.389,26.954,0,0
A016,07-01-2025 13:00,A016-ENG,Engine,78.656,2.816,76.373,56.28,1698.927,157.278,23.72,82.027,349,57.612,37.254,0,0
A016,07-01-2025 15:00,A016-ENG,Engine,73.859,2.845,74.037,53.964,1765.782,145.507,23.608,78.377,480,73.728,31.262,0,0
A016,07-01-2025 18:00,A016-ENG,Engine,75.96,2.546,77.926,56.989,1813.569,150.133,23.439,80.097,478,64.429,31.056,0,0
A016,07-01-2025 20:00,A016-ENG,Engine,93.388,5.386,69.726,53.735,1783.825,134.589,23.362,76.937,277,73.6,33.706,1,0
A016,07-01-2025 22:00,A016-ENG,Engine,74.444,3.234,72.884,54.952,1849.656,148.705,23.145,77.952,562,67.953,31.012,0,0
A016,07-01-2025 23:00,A016-ENG,Engine,76.828,2.776,76.803,52.343,1672.763,142.607,23.628,77.84,477,51.661,39.621,0,0
A016,08-01-2025 05:00,A016-ENG,Engine,90.379,6.303,58.266,49.319,1707.297,139.457,23.502,79.258,293,68.722,30.135,1,1
A016,08-01-2025 08:00,A016-ENG,Engine,79.093,3.904,76.94,52.175,1838.183,150.942,23.729,77.958,389,65.991,38.361,0,1
A016,08-01-2025 11:00,A016-ENG,Engine,75.74,3.4,73.17,54.818,1554.192,142.987,23.216,80.087,507,51.892,41.369,0,0
A016,08-01-2025 14:00,A016-ENG,Engine,71.278,3.101,75.591,52.191,1841.637,151.809,23.487,79.798,540,53.827,29.534,0,0
A016,08-01-2025 18:00,A016-ENG,Engine,82.21,2.823,79.614,50.734,1693.335,140.125,22.81,81.932,307,61.081,29.764,0,1
A016,08-01-2025 19:00,A016-ENG,Engine,72.666,3.013,74.282,51.458,1583.843,150.799,23.76,76.552,620,54.122,33.092,0,0
A016,08-01-2025 20:00,A016-ENG,Engine,76.683,3.106,70.12,55.569,1778.166,151.071,23.194,77.074,314,62.743,24.91,0,1
A016,08-01-2025 22:00,A016-ENG,Engine,78.138,3.2,71.395,54.576,1796.594,144.756,24.008,78.6,444,55.194,34.056,0,0
A016,09-01-2025 00:00,A016-ENG,Engine,78.389,2.708,76.389,56.012,1811.931,155.025,23.523,79.931,537,74.91,32.473,0,1
A016,09-01-2025 04:00,A016-ENG,Engine,78.697,3.299,74.953,53.398,1759.98,153.511,23.936,81.714,528,64.667,31.754,0,0
A016,09-01-2025 17:00,A016-ENG,Engine,76.78,3.339,72.812,53.499,1788.315,146.641,23.369,83.351,314,71.55,25.319,0,1
A016,09-01-2025 18:00,A016-ENG,Engine,80.352,3.223,73.559,55.976,1836.167,155.117,23.139,78.419,625,69.614,28.924,0,1
A016,09-01-2025 21:00,A016-ENG,Engine,79.396,3.329,75.604,54.599,1711.452,139.182,23.252,77.772,362,65.854,32.286,0,0
A016,10-01-2025 01:00,A016-ENG,Engine,78.193,3.554,74.94,50.187,1887.072,153.042,23.603,80.075,689,71.148,26.656,0,0
A016,10-01-2025 02:00,A016-ENG,Engine,81.43,3.64,72.466,48.917,1819.328,135.125,23.934,81.788,615,65.397,35.074,0,0
A016,10-01-2025 08:00,A016-ENG,Engine,79.524,3.575,72.71,54.957,1884.723,154.442,23.498,80.865,683,70.317,30.132,0,0
A016,10-01-2025 12:00,A016-ENG,Engine,77.814,3.365,73.164,53.522,1818.498,146.599,23.275,79.069,563,59.088,33.728,0,0
A016,10-01-2025 13:00,A016-ENG,Engine,80.327,3.243,69.663,55.489,1820.875,151.764,23.297,81.707,525,58.517,14.649,0,1
A016,10-01-2025 20:00,A016-ENG,Engine,94.778,6.029,55.833,52.492,1838.691,130.135,23.14,79.931,380,68.783,38.373,1,1
A016,10-01-2025 21:00,A016-ENG,Engine,79.409,3.2,68.28,52.06,1796.799,151.328,22.825,79.086,515,59.02,21.8,0,1
A016,11-01-2025 04:00,A016-ENG,Engine,77.647,3.698,72.824,53.721,1855.82,149.91,23.416,82.191,529,58.969,34.91,0,0
A016,11-01-2025 10:00,A016-ENG,Engine,81.979,3.573,72.836,51.731,1980.007,152.99,23.421,83.8,654,68.83,24.095,1,0
A016,11-01-2025 13:00,A016-ENG,Engine,82.365,3.221,72.74,53.928,1809.756,148.548,23.391,81.774,603,65.203,25.005,0,0
A016,11-01-2025 23:00,A016-ENG,Engine,81.012,3.263,67.526,55.32,1788.555,145.994,23.683,80.549,720,73.151,29.978,1,1
A016,12-01-2025 05:00,A016-ENG,Engine,81.228,2.765,75.454,49.578,1692.286,150.504,22.856,81.213,469,62.321,30.36,0,0
A016,12-01-2025 16:00,A016-ENG,Engine,80.788,3.494,72.203,51.511,1719.136,140.846,22.954,78.616,648,60.566,28.786,0,0
A016,12-01-2025 19:00,A016-ENG,Engine,79.712,3.268,75.27,51.085,1706.111,139.159,23.062,79.496,683,88.575,23.192,1,1
A016,12-01-2025 21:00,A016-ENG,Engine,84.166,4.161,69.22,49.264,1819.07,147.186,23.086,84.041,463,62.053,29.345,1,0
A016,12-01-2025 23:00,A016-ENG,Engine,85.545,3.304,75.147,57.027,1740.71,143.026,22.935,78.352,703,73.995,36.467,1,1
A016,13-01-2025 07:00,A016-ENG,Engine,83.849,2.328,69.529,50.338,1865.813,145.573,22.437,81.751,499,69.961,36.312,1,0
A016,13-01-2025 14:00,A016-ENG,Engine,86.467,3.494,69.631,48.425,2004.281,148.203,23.359,85.925,597,73.181,26.371,1,1
A016,13-01-2025 16:00,A016-ENG,Engine,79.356,3.247,72.666,52.106,1744.02,150.416,23.282,85.706,675,74.372,32.67,1,1
A016,13-01-2025 21:00,A016-ENG,Engine,83.328,3.316,69.026,52.141,1864.397,148.282,23.295,82.209,673,80.644,31.739,1,1
A016,13-01-2025 22:00,A016-ENG,Engine,85.827,3,71.697,49.466,1732.601,147.997,23.111,81.124,616,69.168,34.65,1,1
A016,13-01-2025 23:00,A016-ENG,Engine,84.04,3.475,72.543,52.159,1808.602,139.242,22.868,83.084,411,63.77,28.353,1,0
A016,14-01-2025 09:00,A016-ENG,Engine,81.914,3.862,70.684,51.614,1832.552,151.067,23.52,84.222,512,79.939,26.715,1,1
A016,14-01-2025 12:00,A016-ENG,Engine,84.598,3.914,73.925,50.862,1839.151,140.001,22.373,84.504,566,83.539,30.021,1,1
A016,14-01-2025 14:00,A016-ENG,Engine,83.193,3.783,71.734,54.894,1655.198,145.466,22.314,83.952,819,68.552,30.714,1,1
A016,14-01-2025 22:00,A016-ENG,Engine,81.185,3.016,68.603,52.998,1734.565,146.413,23.001,85.647,642,76.48,34.389,1,0
A016,14-01-2025 23:00,A016-ENG,Engine,95.665,6.083,58.142,50.313,1699.445,129.454,22.902,84.208,717,80.422,30.154,1,0
A016,15-01-2025 04:00,A016-ENG,Engine,80.083,3.244,72.629,51.75,1870.111,142.458,22.75,85.551,452,81.126,36.961,1,0
A016,15-01-2025 08:00,A016-ENG,Engine,82.173,3.835,65.23,48.159,1842.848,147.533,23.218,79.419,715,86.442,27.198,1,0
A016,15-01-2025 12:00,A016-ENG,Engine,82.252,3.535,72.872,52.896,1807.171,142.795,23.32,84.335,778,68.106,28.267,1,1
A016,15-01-2025 15:00,A016-ENG,Engine,84.598,3.925,70.255,51.912,1726.113,148.324,22.114,83.974,658,77.062,28.892,1,0
A016,15-01-2025 17:00,A016-ENG,Engine,83.752,4.425,68.089,54.216,1781.466,145.509,23.158,81.312,553,69.233,25.471,1,0
A016,15-01-2025 22:00,A016-ENG,Engine,81.555,3.393,70.008,53.333,1730.929,144.749,22.25,85.575,597,68.83,33.169,1,1
A016,15-01-2025 23:00,A016-ENG,Engine,87.651,3.561,74.203,52.815,1811.131,144.59,22.962,83.995,473,89.686,23.929,1,0
A016,16-01-2025 00:00,A016-ENG,Engine,83.612,4.32,71.238,50.387,1773.587,150.11,22.715,84.27,536,79.076,28.903,1,1
A016,16-01-2025 08:00,A016-ENG,Engine,102.837,6.535,60.086,52.743,1769.105,128.74,23.277,88.571,651,86.832,32.787,1,1
A016,16-01-2025 14:00,A016-ENG,Engine,84.956,3.351,70.695,52.25,1744.454,145.792,22.909,85.403,759,78.287,30.527,1,0
A016,17-01-2025 06:00,A016-ENG,Engine,84.314,4.161,69.443,54.227,1795.354,144.931,22.81,84.24,781,78.176,26.149,1,1
A016,17-01-2025 10:00,A016-ENG,Engine,83.687,3.459,71.575,53.007,1829.222,144.755,23.211,83.974,586,82.337,39.086,1,1
A016,17-01-2025 12:00,A016-ENG,Engine,81.925,4.23,68.893,51.723,1878.066,149.575,22.456,82.023,561,75.016,37.75,1,0
A017,01-01-2025 03:00,A017-ENG,Engine,74.769,2.891,77.39,54.186,1852.613,147.446,24.197,75.308,209,41.473,29.308,0,0
A017,01-01-2025 06:00,A017-ENG,Engine,74.657,2.495,76.788,56.321,1707.08,141.761,23.934,77.225,291,47.519,23.598,0,0
A017,01-01-2025 07:00,A017-ENG,Engine,76.863,2.39,77.012,56.627,1781.306,153.28,24.213,75.542,476,53.675,37.157,0,0
A017,01-01-2025 08:00,A017-ENG,Engine,72.637,1.952,77.405,54.274,1819.921,159.769,24.414,76.095,227,55.928,33.904,0,0
A017,01-01-2025 12:00,A017-ENG,Engine,73.467,2.906,73.996,57.496,1886.861,153.773,24.763,76.143,416,57.978,32.341,0,0
A017,01-01-2025 13:00,A017-ENG,Engine,77.533,2.296,73.951,54.478,1700.763,147.234,23.837,76.916,368,45.47,27.393,0,0
A017,01-01-2025 14:00,A017-ENG,Engine,77.823,3.23,72.137,55.565,1856.606,144.934,23.875,76.973,224,64.063,36.38,0,0
A017,01-01-2025 17:00,A017-ENG,Engine,75.031,2.604,72.75,54.533,1696.885,143.216,24.253,70.745,398,68.472,32.843,0,0
A017,01-01-2025 23:00,A017-ENG,Engine,77.221,3.142,78.981,54.736,1833.922,144.413,23.492,77.117,240,64.996,21.285,0,0
A017,02-01-2025 08:00,A017-ENG,Engine,74.522,2.488,74.023,54.193,1799.055,154.205,24.565,75.376,252,47.192,27.051,0,0
A017,02-01-2025 11:00,A017-ENG,Engine,96.215,4.816,65.259,57.512,1846.708,135.565,23.745,75.575,471,61.19,26.154,1,0
A017,02-01-2025 12:00,A017-ENG,Engine,74.752,3.068,73.75,55.574,1829.139,151.181,24.168,77.752,347,49.452,34.01,0,0
A017,02-01-2025 15:00,A017-ENG,Engine,74.692,3.039,71.764,56.15,1742.272,148.43,24.452,75.349,409,50.892,27.496,0,0
A017,03-01-2025 00:00,A017-ENG,Engine,72.406,3.639,76.393,55.582,1815.397,142.575,23.549,79.471,374,43.799,29.393,0,0
A017,03-01-2025 04:00,A017-ENG,Engine,76.322,2.368,73.299,54.915,1765.397,152.429,23.67,75.815,549,54.644,35.651,0,1
A017,03-01-2025 19:00,A017-ENG,Engine,78.689,2.855,75.515,53.765,1695.117,146.149,23.899,74.898,248,53.419,33.509,0,0
A017,03-01-2025 22:00,A017-ENG,Engine,73.813,2.238,75.198,55.614,1715.619,149.041,24.511,78.948,235,64.608,27.295,0,0
A017,03-01-2025 23:00,A017-ENG,Engine,74.555,3.126,69.376,59.479,1759.855,155.553,24.04,77.416,469,62.554,30.367,0,0
A017,04-01-2025 00:00,A017-ENG,Engine,77.269,3.013,73.811,53.45,1823.964,150.781,23.611,74.782,231,62.763,31.767,0,0
A017,04-01-2025 01:00,A017-ENG,Engine,73.503,2.58,73.362,54.219,1742.838,146.632,24.098,76.66,175,67.214,30.024,0,0
A017,04-01-2025 02:00,A017-ENG,Engine,93.854,5.71,64.766,53.939,1729.458,139.116,23.51,76.294,413,57.973,27.146,1,1
A017,04-01-2025 11:00,A017-ENG,Engine,72.924,3.182,73.808,53.97,1678.06,147.386,23.389,79.606,203,53.673,35.794,0,0
A017,04-01-2025 13:00,A017-ENG,Engine,78.254,2.9,72.178,53.498,1795.142,156.539,23.852,75.314,418,55.451,27.483,0,1
A017,04-01-2025 17:00,A017-ENG,Engine,73.867,2.762,73.626,53.579,1824.473,154.665,23.852,73.26,544,64.267,20.687,0,0
A017,05-01-2025 07:00,A017-ENG,Engine,82.024,2.799,73.235,53.064,1682.482,145.619,23.501,76.572,206,54.838,34.584,0,0
A017,05-01-2025 08:00,A017-ENG,Engine,75.557,2.742,70.47,55.666,1786.694,153.605,23.82,80.76,458,59.673,25.137,0,0
A017,05-01-2025 10:00,A017-ENG,Engine,76.585,3.069,73.053,53.407,1845.687,144.924,23.974,78.626,518,53.139,34.847,0,0
A017,05-01-2025 12:00,A017-ENG,Engine,78.065,2.896,76.966,57.196,1745.397,143.21,23.464,76.732,302,61.083,29.947,0,0
A017,05-01-2025 14:00,A017-ENG,Engine,80.67,2.732,73.328,55.969,1667.055,146.596,23.407,78.786,379,55.355,33.658,0,1
A017,05-01-2025 19:00,A017-ENG,Engine,75.331,3.656,73.126,50.352,1785.238,153.245,24.222,72.483,282,56.739,28.127,0,1
A017,05-01-2025 21:00,A017-ENG,Engine,79.76,2.939,73.686,54.517,1828.962,144.842,24.31,79.27,381,63.561,30.115,0,0
A017,06-01-2025 00:00,A017-ENG,Engine,89.801,7.134,65.935,53.284,1917.945,139.042,23.303,77.772,430,67.059,34.436,1,0
A017,06-01-2025 02:00,A017-ENG,Engine,72.548,3.493,71.56,57.312,1914.78,148.994,23.338,80.248,337,67.215,26.13,0,1
A017,06-01-2025 11:00,A017-ENG,Engine,77.498,2.843,76.968,53.144,1828.801,149.582,22.781,76.176,484,67.027,36.109,0,0
A017,06-01-2025 13:00,A017-ENG,Engine,81.264,2.618,71.626,55.361,1992.722,148.676,23.11,73.65,367,72.165,38.239,0,0
A017,07-01-2025 07:00,A017-ENG,Engine,79.922,2.965,75.214,49.391,1785.659,151.771,24.06,79.609,426,75.276,29.729,0,0
A017,07-01-2025 09:00,A017-ENG,Engine,81.171,2.83,76.918,51.99,1887.543,144.233,23.831,79.281,449,67.732,24.836,0,0
A017,07-01-2025 10:00,A017-ENG,Engine,81.661,4.179,71.26,54.694,1884.935,145.554,23.228,78.851,287,65.997,17.374,0,0
A017,07-01-2025 15:00,A017-ENG,Engine,79.846,3.515,68.565,52.222,1695.709,145.725,23.275,74.644,299,71.698,36.725,0,0
A017,07-01-2025 19:00,A017-ENG,Engine,81.774,3.342,72.831,55.14,1728.779,147.48,23.04,80.539,550,75.839,32.264,0,1
A017,08-01-2025 01:00,A017-ENG,Engine,80.692,2.998,71.486,53.497,2028.868,153.357,23.325,77.269,525,59.598,24.378,0,0
A017,08-01-2025 03:00,A017-ENG,Engine,79.281,2.522,73.753,55.968,1793.047,154.375,22.755,81.549,310,64.877,25.501,0,0
A017,08-01-2025 11:00,A017-ENG,Engine,79.037,3.12,69.559,51.112,1754.99,145.095,23.347,82.214,641,76.019,32.101,0,0
A017,08-01-2025 16:00,A017-ENG,Engine,78.41,3.41,68.051,53.123,1834.533,141.683,23.243,76.978,589,74.885,26.94,0,0
A017,08-01-2025 17:00,A017-ENG,Engine,83.852,3.483,73.72,54.61,1917.716,135.287,23.689,77.996,459,58.339,29.305,0,0
A017,08-01-2025 18:00,A017-ENG,Engine,75.793,3.002,73.797,52.845,1825.874,144.508,23.919,78.737,519,75.023,30.315,0,1
A017,08-01-2025 19:00,A017-ENG,Engine,78.82,3.623,72.476,53.053,1736.842,147.618,23.549,80.104,380,72.569,29.884,0,1
A017,09-01-2025 03:00,A017-ENG,Engine,76.568,3.113,65.256,55.344,1828.133,149.234,23.637,79.808,691,70.147,29.781,0,0
A017,09-01-2025 04:00,A017-ENG,Engine,76.925,2.926,68.642,49.668,1822.634,143.413,23.525,83.166,631,64.796,31.824,0,0
A017,09-01-2025 05:00,A017-ENG,Engine,75.447,3.38,73.842,57.143,1767.038,152.427,23.192,81.791,355,61.888,30.625,0,1
A017,09-01-2025 07:00,A017-ENG,Engine,81.056,3.539,75.619,49.181,1842.798,143.252,23.359,77.751,313,70.373,24.657,0,0
A017,09-01-2025 11:00,A017-ENG,Engine,82.793,3.696,75.237,52.445,1879.885,148.954,23.299,80.133,449,75.484,32.861,1,0
A017,09-01-2025 15:00,A017-ENG,Engine,78.382,3.273,70.094,53.74,1934.249,154.094,23.174,83.696,387,78.221,26.516,1,0
A017,09-01-2025 19:00,A017-ENG,Engine,80.509,3.829,71.097,53.925,1890.097,152.89,23.498,79.574,454,79.052,36.147,1,1
A017,09-01-2025 22:00,A017-ENG,Engine,81.713,3.308,74.309,51.225,1908.58,145.829,23.281,79.911,693,60.665,33.94,0,1
A017,10-01-2025 14:00,A017-ENG,Engine,83.088,3.809,67.311,49.685,1896.463,146.417,22.95,81.915,465,79.611,32.081,1,1
A017,10-01-2025 18:00,A017-ENG,Engine,78.878,3.173,72.301,52.095,1847.226,144.488,24.065,80.302,675,73.947,26.738,0,1
A017,11-01-2025 05:00,A017-ENG,Engine,78.883,3.26,67.298,53.568,1942.808,148.52,22.978,81.78,599,50.326,38.525,0,1
A017,11-01-2025 07:00,A017-ENG,Engine,82.576,3.253,70.557,55.184,1951.399,153.646,23.821,81.573,611,79.954,31.834,1,0
A017,11-01-2025 09:00,A017-ENG,Engine,79.971,3.02,68.491,53.771,1841.809,144.54,22.906,78.417,550,60.949,28.068,0,0
A017,12-01-2025 09:00,A017-ENG,Engine,79.094,3.829,69.048,56.231,1792.022,142.463,23.615,80.948,379,62.904,28.394,1,0
A017,12-01-2025 10:00,A017-ENG,Engine,81.957,2.785,77.925,52.833,1886.717,152.553,22.801,79.284,550,86.087,25.889,1,1
A017,12-01-2025 18:00,A017-ENG,Engine,77.646,3.593,64.586,52.482,1736.32,146.41,23.63,83.672,771,70.62,33.28,1,0
A017,12-01-2025 21:00,A017-ENG,Engine,81.409,4.123,70.083,52.108,1833.174,143.451,23.027,84.807,524,76.698,31.898,1,1
A017,13-01-2025 00:00,A017-ENG,Engine,80.034,3.827,71.086,54.507,1758.608,140.348,23.259,82.158,636,73.118,24.544,1,1
A017,13-01-2025 03:00,A017-ENG,Engine,86.741,3.572,72.962,52.5,1830.369,143.027,23.212,82.89,414,75.359,21.288,1,1
A017,13-01-2025 05:00,A017-ENG,Engine,79.611,3.875,65.684,53.384,1860.342,141.858,22.891,80.447,622,78.485,31.408,1,0
A017,13-01-2025 07:00,A017-ENG,Engine,83.677,3.646,71.029,52.925,1744.919,139.826,23.592,83.588,677,84.874,27.456,1,0
A017,13-01-2025 10:00,A017-ENG,Engine,82.345,3.85,74.838,55.806,1858.329,141.957,22.77,81.487,526,94.327,32.467,1,0
A017,13-01-2025 13:00,A017-ENG,Engine,81.553,3.67,66.037,54.182,1895.421,148.951,22.968,83.213,664,78.192,28.418,1,1
A017,13-01-2025 16:00,A017-ENG,Engine,84.892,3.46,70.977,54.981,1819.04,146.45,23.23,81.202,758,57.757,24.986,1,0
A017,13-01-2025 20:00,A017-ENG,Engine,80.254,3.416,70.918,53.749,1756.435,143.963,22.653,82.563,469,80.968,26.62,1,0
A017,13-01-2025 22:00,A017-ENG,Engine,81.045,3.915,69.728,54.579,1762.367,151.205,22.947,84.604,492,76.298,25.905,1,1
A017,14-01-2025 04:00,A017-ENG,Engine,82.485,3.461,70.908,53.485,1799.266,143.156,22.853,86.535,782,56.485,45.103,1,0
A017,14-01-2025 09:00,A017-ENG,Engine,85.345,3.251,74.184,55.032,1771.936,142.05,23.332,81.609,678,67.63,28.193,1,0
A017,14-01-2025 12:00,A017-ENG,Engine,81.9,4.03,68.466,54.339,1842.417,153.584,22.992,83.991,710,73.773,30.542,1,0
A017,14-01-2025 19:00,A017-ENG,Engine,80.487,4.244,67.059,54.673,1906.549,138.924,22.968,86.694,667,77.738,34.516,1,0
A017,14-01-2025 23:00,A017-ENG,Engine,86.582,3.327,67.853,51.222,1805.244,146.951,23.37,83.321,468,83.436,28.236,1,1
A017,15-01-2025 00:00,A017-ENG,Engine,82.238,3.631,70.207,54.801,1730.605,144.635,22.866,81.348,784,72.857,26.597,1,0
A017,15-01-2025 07:00,A017-ENG,Engine,83.971,3.806,68.327,52.6,1709.168,142.689,23.067,83.482,572,77.77,34.838,1,0
A017,15-01-2025 13:00,A017-ENG,Engine,79.48,4.202,71.869,53.573,1610.642,144.876,23.112,86.218,812,95.438,30.061,1,1
A017,15-01-2025 14:00,A017-ENG,Engine,82.329,4.221,70.956,51.973,1658.937,137.075,22.925,83.673,619,76.147,34.498,1,0
A017,15-01-2025 17:00,A017-ENG,Engine,82.279,4.078,69.957,52.29,1851.868,148.414,22.671,82.116,737,63.366,21.554,1,1
A017,15-01-2025 22:00,A017-ENG,Engine,97.055,6.317,61.059,51.78,1825.51,128.096,23.031,82.792,606,77.667,26.831,1,1
A017,16-01-2025 04:00,A017-ENG,Engine,87.962,3.827,73.372,54.273,1800.282,144.087,23.182,82.823,606,90.585,27.194,1,0
A017,16-01-2025 05:00,A017-ENG,Engine,87.967,3.833,64.292,56.05,2046.498,147.557,23.132,85.06,824,84.037,28.488,1,0
A017,16-01-2025 06:00,A017-ENG,Engine,81.722,4.312,69.209,53.694,1845.38,136.372,23.063,85.815,622,72.344,30.039,1,1
A017,16-01-2025 09:00,A017-ENG,Engine,87.11,4.275,64.523,53.76,1882.868,138.94,22.602,82.734,823,87.962,36.119,1,1
A017,16-01-2025 14:00,A017-ENG,Engine,87.388,4.333,67.863,49.557,1938.318,146.621,22.776,80.634,782,85.327,32.48,1,1
A017,16-01-2025 16:00,A017-ENG,Engine,83.322,4.158,69.519,52.659,1707.903,146.015,22.809,83.855,800,85.485,23.686,1,1
A017,16-01-2025 18:00,A017-ENG,Engine,83.103,4.201,68.824,54.336,1750.475,149.296,22.829,83.99,723,81.15,30.794,1,1
A017,16-01-2025 20:00,A017-ENG,Engine,82.508,3.955,61.867,52.199,1814.383,142.247,22.672,83.132,751,85.36,27.286,1,0
A017,17-01-2025 00:00,A017-ENG,Engine,85.905,4.568,69.737,51.74,1910.045,149.795,23.157,85.432,792,83.659,33.33,1,0
A017,17-01-2025 01:00,A017-ENG,Engine,87.565,4.081,68.788,53.863,1715.611,148.983,22.527,83.898,559,67.76,27.708,1,0
A017,17-01-2025 04:00,A017-ENG,Engine,86.761,4.232,68.613,48.398,1818.458,139.971,23.031,85.443,880,76.108,23.267,1,1
A017,17-01-2025 05:00,A017-ENG,Engine,89.103,4.073,66.858,54.203,1871.852,147.491,22.92,82.489,597,72.011,27.992,1,1
A017,17-01-2025 06:00,A017-ENG,Engine,98.863,8.511,58.181,52.346,1697.617,138.02,22.47,88.536,797,72.887,31.552,1,1
A017,17-01-2025 10:00,A017-ENG,Engine,86.079,4.266,65.357,53.161,1785.377,149.619,23.328,80.382,885,96.252,34.587,1,1
A017,17-01-2025 11:00,A017-ENG,Engine,86.524,4.383,69.281,53.174,1868.062,137.359,22.719,84.911,505,77.986,35.71,1,0
A017,17-01-2025 13:00,A017-ENG,Engine,82.895,4.403,68.724,53.294,1962.998,145.812,22.948,84.263,677,82.163,31.349,1,0
A018,01-01-2025 05:00,A018-ENG,Engine,72.169,1.892,80.484,54.477,1552.141,145.736,23.952,78.859,221,45.907,26.418,0,0
A018,01-01-2025 06:00,A018-ENG,Engine,72.57,1.982,80.838,55.558,1788.029,152.111,23.951,75.488,203,52.367,28.116,0,0
A018,01-01-2025 07:00,A018-ENG,Engine,66.81,2.29,78.225,52.593,1765.384,145.671,24.043,77.148,300,58.604,29.227,0,0
A018,01-01-2025 09:00,A018-ENG,Engine,72.822,2.631,77.78,55.466,1810.784,160.046,24.288,74.937,168,64.376,40.581,0,0
A018,01-01-2025 12:00,A018-ENG,Engine,69.689,2.519,79.841,56.614,1728.947,155.332,24.085,76.104,140,47.836,17.618,0,0
A018,01-01-2025 19:00,A018-ENG,Engine,72.216,2.182,78.214,53.23,1698.872,152.1,24.064,76.306,196,56.81,29.883,0,0
A018,01-01-2025 21:00,A018-ENG,Engine,72.848,2.519,76.129,53.873,1930.334,151.729,23.989,77.092,230,30.147,33.366,0,0
A018,01-01-2025 22:00,A018-ENG,Engine,70.694,1.884,77.469,56.629,1850.975,146.24,23.713,74.325,174,50.251,29.008,0,1
A018,01-01-2025 23:00,A018-ENG,Engine,72.288,2.039,76.702,54.058,1905.392,155.748,23.709,74.699,366,35.61,21.946,0,0
A018,02-01-2025 00:00,A018-ENG,Engine,70.33,2.338,78.996,56.902,2034.124,145.418,23.496,78.832,135,48.587,34.036,0,0
A018,02-01-2025 01:00,A018-ENG,Engine,68.472,2.732,80.762,53.44,1940.226,151.865,23.855,75.815,457,33.651,23.331,0,0
A018,02-01-2025 02:00,A018-ENG,Engine,72.624,1.815,76.052,53.172,1747.56,150.298,24.338,76.906,487,59.274,32.027,0,0
A018,02-01-2025 09:00,A018-ENG,Engine,67.497,2.463,76.105,55.672,1687.488,151.216,23.835,75.293,328,52.476,21.462,0,0
A018,02-01-2025 15:00,A018-ENG,Engine,71.468,2.804,77.324,53.712,1648.887,143.283,24.281,71.923,317,62.868,28.721,0,0
A018,02-01-2025 18:00,A018-ENG,Engine,69.18,2.117,74.629,55.412,1827.6,144.399,24.179,73.382,394,45.856,31.129,0,0
A018,02-01-2025 22:00,A018-ENG,Engine,71.127,1.913,77.802,56.671,1673.86,146.957,23.567,75.284,543,53.524,30.945,0,0
A018,02-01-2025 23:00,A018-ENG,Engine,74.736,2.226,75.96,56.269,1920.035,150.914,23.604,74.048,383,55.002,22.169,0,0
A018,03-01-2025 00:00,A018-ENG,Engine,75.163,2.449,72.968,49.726,1784.345,156.458,23.544,77.925,456,53.018,27.131,0,0
A018,03-01-2025 03:00,A018-ENG,Engine,75.511,2.437,76.964,52.445,1679.358,141.516,24.207,77.04,371,69.424,29.397,0,0
A018,03-01-2025 10:00,A018-ENG,Engine,71.974,2.889,77.857,54.45,1819.659,145.823,23.647,74.247,531,56.349,33.448,0,0
A018,03-01-2025 16:00,A018-ENG,Engine,75.834,2.476,76.703,54.17,1756.741,150.358,23.07,76.792,253,50.145,34.5,0,0
A018,03-01-2025 19:00,A018-ENG,Engine,71.676,2.417,77.509,53.425,1881.281,143.255,23.664,77.663,460,64.051,36.715,0,0
A018,03-01-2025 23:00,A018-ENG,Engine,76.293,2.27,75.766,55.044,1854.487,150.926,23.785,79.127,249,49.137,22.373,0,1
A018,04-01-2025 02:00,A018-ENG,Engine,73.086,2.139,77.675,53.449,1850.803,150.9,24.273,77.415,219,56.49,23.147,0,0
A018,04-01-2025 03:00,A018-ENG,Engine,72.988,2.355,81.766,51.181,1913.073,150.675,23.604,77.953,220,55.534,25.056,0,0
A018,04-01-2025 07:00,A018-ENG,Engine,71.663,2.887,74.463,53.077,1711.558,148.742,23.795,74.449,437,44.044,24.452,0,0
A018,04-01-2025 11:00,A018-ENG,Engine,68.706,2.746,78.639,52.748,1770.85,148.61,23.939,74.189,306,53.154,37.745,0,0
A018,04-01-2025 15:00,A018-ENG,Engine,75.211,2.803,72.552,51.169,1864.378,149.324,23.959,75.931,301,48.452,26.315,0,0
A018,04-01-2025 19:00,A018-ENG,Engine,77.207,2.222,80.727,58.661,1686.4,145.213,23.67,76.822,195,62.07,35.51,0,0
A018,04-01-2025 20:00,A018-ENG,Engine,74.152,2.079,74.163,52.804,1758.864,147.355,23.021,76.443,312,42.838,30.332,0,0
A018,05-01-2025 02:00,A018-ENG,Engine,71.856,2.593,76.343,53.664,1770.343,149.723,23.703,78.181,519,50.545,20.762,0,0
A018,05-01-2025 05:00,A018-ENG,Engine,72.498,2.525,77.869,53.493,1823.419,145.821,23.307,76.325,300,43.473,32.903,0,0
A018,05-01-2025 06:00,A018-ENG,Engine,72.616,2.712,75.543,48.182,1748.681,151.622,24.032,75.023,251,48.911,33.452,0,0
A018,05-01-2025 07:00,A018-ENG,Engine,77.34,2.346,73.466,52.575,2011.466,149.788,24.103,77.464,462,47.273,24.435,0,0
A018,05-01-2025 09:00,A018-ENG,Engine,76.792,2.72,77.361,53.03,2013.385,154.657,23.32,78.745,312,63.737,32.266,0,0
A018,05-01-2025 15:00,A018-ENG,Engine,79.362,2.554,80.406,54.857,1929.905,145.601,23.913,79.746,593,54.034,27.697,0,0
A018,05-01-2025 18:00,A018-ENG,Engine,73.308,2.584,76.635,51.361,1839.062,152.442,23.455,77.244,482,48.047,38.937,0,0
A018,05-01-2025 19:00,A018-ENG,Engine,75.676,2.018,75.34,58.194,1836.542,147.24,23.01,78.236,498,51.363,34.237,0,0
A018,06-01-2025 02:00,A018-ENG,Engine,73.651,2.639,78.326,58.76,1733.23,148.716,23.579,75.777,358,38.863,24.866,0,0
A018,06-01-2025 03:00,A018-ENG,Engine,73.585,2.508,74.243,55.432,1639.021,149.264,23.524,78.092,546,57.943,31.085,0,1
A018,06-01-2025 04:00,A018-ENG,Engine,75.629,2.295,73.777,55.06,1837.171,143.831,23.152,77.128,511,48.332,30.147,0,0
A018,06-01-2025 06:00,A018-ENG,Engine,70.341,2.725,74.443,52.522,1809.405,151.225,23.7,79.991,515,52.725,36.124,0,0
A018,06-01-2025 10:00,A018-ENG,Engine,70.725,2.764,74.157,53.584,1726.082,152.84,23.756,78.272,551,42.896,27.095,0,0
A018,06-01-2025 13:00,A018-ENG,Engine,71.1,3.025,77.261,54.91,1866.548,150.103,23.706,76.553,557,47.139,24.586,0,0
A018,06-01-2025 14:00,A018-ENG,Engine,77.504,2.36,76.045,52.846,1814.429,142.595,23.391,76.624,579,60.522,21.159,0,1
A018,06-01-2025 23:00,A018-ENG,Engine,75.235,2.751,76.692,49.517,2001.824,143.777,23.289,75.328,364,48.252,29.645,0,0
A018,07-01-2025 01:00,A018-ENG,Engine,76.244,2.451,71.378,55.347,1824.417,148.593,23.051,83,394,47.823,26.83,0,0
A018,07-01-2025 09:00,A018-ENG,Engine,70.98,2.788,72.271,53.636,1856.658,149.577,23.411,81.885,331,52.014,30.536,0,1
A018,07-01-2025 12:00,A018-ENG,Engine,76.743,2.811,76.1,53.95,1800.728,153.361,23.598,78.468,650,48.837,27.976,0,0
A018,07-01-2025 19:00,A018-ENG,Engine,74.469,3.195,77.748,51.395,1947.206,145.794,23.579,79.549,331,50.03,34.298,0,0
A018,07-01-2025 23:00,A018-ENG,Engine,74.741,3.368,75.05,53.887,1687.334,152.729,22.912,80.723,349,69.011,21.672,0,0
A018,08-01-2025 06:00,A018-ENG,Engine,78.989,2.821,75.016,52.881,1788.07,148.597,22.908,78.603,461,60.216,29.396,0,0
A018,08-01-2025 17:00,A018-ENG,Engine,71.585,2.876,74.392,53.146,1826.686,147.233,23.221,80.562,529,57.018,26.006,0,1
A018,08-01-2025 18:00,A018-ENG,Engine,78.084,2.491,75.511,54.169,1722.586,146.292,23.113,77.957,528,59.099,38.062,0,0
A018,09-01-2025 04:00,A018-ENG,Engine,71.814,2.724,73.377,52.194,1921.646,153.35,23.264,78.671,670,58.029,20.848,0,0
A018,09-01-2025 05:00,A018-ENG,Engine,73.715,3.457,77.328,57.235,1732.566,154.845,23.089,80.313,528,46.284,27.673,0,0
A018,09-01-2025 06:00,A018-ENG,Engine,74.883,2.897,74.487,52.927,1876.997,144.929,23.359,79.075,414,73.079,29.994,0,0
A018,09-01-2025 09:00,A018-ENG,Engine,75.071,2.341,74.728,53.224,1825.131,143.692,23.09,81.907,682,66.201,23.775,0,1
A018,09-01-2025 12:00,A018-ENG,Engine,71.649,3.283,74.727,56.009,1898.748,141.31,23.617,78.531,449,57.866,23.622,0,0
A018,09-01-2025 17:00,A018-ENG,Engine,76.095,3.662,75.798,50.765,1780.807,142.669,23.213,79.42,618,55.922,30.387,0,0
A018,09-01-2025 19:00,A018-ENG,Engine,79.699,2.82,79.282,51.924,1914.272,149.771,23.31,78.31,366,52.846,25.752,0,0
A018,09-01-2025 20:00,A018-ENG,Engine,77.592,2.547,75.8,54.637,1642.655,144.969,23.079,77.791,362,61.957,31.375,0,0
A018,10-01-2025 03:00,A018-ENG,Engine,78.282,2.468,71.363,53.159,1775.631,143.396,22.625,80.955,669,57.55,31.613,0,0
A018,10-01-2025 05:00,A018-ENG,Engine,75.729,2.688,78.433,54.373,1772.319,144.123,23.571,80.277,691,62.801,33.033,0,0
A018,10-01-2025 07:00,A018-ENG,Engine,72.589,3.016,76.724,54.592,1711.325,144.813,23.476,82.39,351,64.987,34.373,0,1
A018,10-01-2025 09:00,A018-ENG,Engine,91.733,4.842,66.139,53.968,1764.662,130.133,23.874,78.383,691,59.63,21.993,1,0
A018,10-01-2025 23:00,A018-ENG,Engine,95.651,4.76,65.364,53.571,1707.425,140.147,22.995,79.184,458,57.446,23.256,1,1
A018,11-01-2025 00:00,A018-ENG,Engine,77.432,2.946,76.828,48.461,1774.405,156.039,22.497,79.869,353,60.043,30.747,0,0
A018,11-01-2025 02:00,A018-ENG,Engine,80.845,3.283,71.494,53.744,1734.764,146.406,23.257,76.072,464,54.342,27.498,0,0
A018,11-01-2025 08:00,A018-ENG,Engine,76.751,2.782,77.593,52.752,1696.874,143.431,23.988,81.686,457,66.702,27.288,0,0
A018,11-01-2025 10:00,A018-ENG,Engine,77.871,3.149,76.748,52.774,1691.642,142.743,22.822,81.003,528,51.899,25.905,0,0
A018,11-01-2025 14:00,A018-ENG,Engine,76.69,3.388,74.501,56.652,1797.058,147.853,23.075,80.053,363,62.852,35.956,0,0
A018,11-01-2025 19:00,A018-ENG,Engine,80.423,2.941,73.232,50.383,1685.456,148.413,23.071,80.801,533,69.058,32.2,0,0
A018,11-01-2025 21:00,A018-ENG,Engine,82.875,2.596,70.965,52.912,1847.081,146.572,22.986,84.054,383,70.346,26.997,0,1
A018,11-01-2025 22:00,A018-ENG,Engine,74.884,3.21,78.723,56.807,1767.842,144.566,23.222,84.403,446,65.561,33.993,0,0
A018,12-01-2025 01:00,A018-ENG,Engine,80.077,3.503,71.036,49.397,1808.712,156.455,23.187,79.081,373,68.571,31.647,0,1
A018,12-01-2025 03:00,A018-ENG,Engine,77.158,3.285,70.735,49.367,2011.636,145.473,23.487,81.129,652,66.16,30.286,0,0
A018,12-01-2025 05:00,A018-ENG,Engine,76.441,3.315,73.965,53.722,1738.711,149.962,23.463,82.982,448,60.67,27.602,0,0
A018,12-01-2025 09:00,A018-ENG,Engine,77.661,3.388,70.519,54.365,1644.77,140.02,23.531,83.626,751,60.659,27.966,0,1
A018,12-01-2025 11:00,A018-ENG,Engine,76.974,3.262,72.057,51.19,1780.244,143.962,23.017,81.502,477,69.112,27.454,0,0
A018,12-01-2025 12:00,A018-ENG,Engine,79.865,3.539,73.37,51.066,1774.894,143.227,22.866,81.016,614,54.498,24.306,0,0
A018,12-01-2025 14:00,A018-ENG,Engine,91.177,5.36,58.11,54.408,1834.611,137.427,23.6,81.532,565,62.983,31.668,1,1
A018,12-01-2025 22:00,A018-ENG,Engine,77.298,3.437,72.195,53.045,1739.152,142.944,22.986,83.262,427,69.866,32.251,0,0
A018,13-01-2025 03:00,A018-ENG,Engine,81.45,3.135,73.539,53.276,1801.37,150.835,23.292,81.56,455,75.621,26.734,0,0
A018,13-01-2025 07:00,A018-ENG,Engine,79.987,3.727,73.791,55.593,1807.226,145.187,22.596,83.836,469,78.167,34.92,1,0
A018,13-01-2025 10:00,A018-ENG,Engine,80.01,3.597,68.792,53.846,1735.573,144.815,23.112,79.414,428,54.111,33.258,0,0
A018,13-01-2025 15:00,A018-ENG,Engine,84.812,3.772,75.434,55.853,1788.844,144,23.434,82.357,788,73.859,26.146,1,1
A018,13-01-2025 16:00,A018-ENG,Engine,80.828,2.782,70.597,51.118,1763.297,146.552,23.774,84.189,450,61.831,30.11,0,1
A018,13-01-2025 18:00,A018-ENG,Engine,86.584,2.958,72.857,52.851,1682.649,151.737,23.203,79.345,669,69.257,26.061,0,0
A018,13-01-2025 21:00,A018-ENG,Engine,77.441,2.82,71.898,54.532,1667.705,153.236,23.821,84.14,422,62.569,27.627,0,1
A018,13-01-2025 22:00,A018-ENG,Engine,75.579,3.421,70.121,50.954,1731.495,147.572,23.457,80.718,473,76.553,24.379,0,0
A018,14-01-2025 01:00,A018-ENG,Engine,80.699,2.643,71.981,57.283,1803.84,142.497,23.048,81.697,464,68.463,30.916,0,1
A018,14-01-2025 02:00,A018-ENG,Engine,81.095,3.679,72.179,54.269,1779.392,141.709,22.392,81.739,479,64.646,40.965,0,1
A018,14-01-2025 03:00,A018-ENG,Engine,79.325,3.679,76.707,52.96,1639.744,145.661,22.998,86.148,560,70.808,28.044,0,1
A018,14-01-2025 05:00,A018-ENG,Engine,77.789,3.287,75.354,52.218,1837.404,152.162,23.107,84.906,425,76.026,36.208,0,0
A018,14-01-2025 11:00,A018-ENG,Engine,84.117,2.922,67.966,51.146,1858.238,142.156,22.938,84.534,782,55.264,29.373,0,0
A018,14-01-2025 13:00,A018-ENG,Engine,78.034,3.765,73.465,49.396,1787.579,147.205,22.878,79.825,603,56.625,26.551,0,0
A018,14-01-2025 15:00,A018-ENG,Engine,81.706,3.569,78.751,53.484,1783.803,152.234,23.502,81.7,677,81.729,31.604,1,0
A018,14-01-2025 21:00,A018-ENG,Engine,82.577,3.244,70.981,55.956,1747.412,144.68,22.536,85.219,506,63.613,29.727,0,0
A018,15-01-2025 16:00,A018-ENG,Engine,83.861,3.166,72.898,55.81,1752.901,147.151,22.623,85.456,561,72.307,23.712,1,1
A018,15-01-2025 21:00,A018-ENG,Engine,81.727,3.742,72.586,47.092,1787.801,142.588,23.349,80.855,833,74.464,30.094,1,0
A018,16-01-2025 00:00,A018-ENG,Engine,82.277,3.284,68.298,50.574,1691.766,140.048,22.941,86.384,702,70.399,35.9,1,1
A018,16-01-2025 12:00,A018-ENG,Engine,86.394,3.514,74.791,54.194,1809.565,145.792,22.377,83.583,864,90.906,39.095,1,0
A018,16-01-2025 13:00,A018-ENG,Engine,82.832,3.711,71.006,55.249,1825.888,147.956,22.522,82.818,502,61.885,32.353,1,0
A018,16-01-2025 17:00,A018-ENG,Engine,82.202,3.62,70.706,52.232,1777.015,146.971,22.933,82.969,689,75.591,25.289,1,1
A018,16-01-2025 19:00,A018-ENG,Engine,83.335,3.89,69.913,55.314,1739.237,140.739,23.369,84.191,521,61.486,27.319,1,1
A018,17-01-2025 08:00,A018-ENG,Engine,81.008,4.229,71.153,51.039,1729.622,140.33,22.719,84.432,651,71.207,40.458,1,0
A018,17-01-2025 14:00,A018-ENG,Engine,81.248,3.69,74.234,52.188,1806.239,143.535,23.193,83.551,714,74.677,32.169,1,1
A019,01-01-2025 07:00,A019-ENG,Engine,74.912,2.505,75.901,53.137,1875.674,152.723,23.772,78.125,294,61.804,34.606,0,0
A019,01-01-2025 19:00,A019-ENG,Engine,77.23,2.061,76.594,52.777,1788.686,151.772,23.416,74.382,507,53.76,30.927,0,0
A019,01-01-2025 22:00,A019-ENG,Engine,72.61,2.665,78.608,55.981,1749.014,144.599,23.645,76.996,401,59.769,29.013,0,0
A019,01-01-2025 23:00,A019-ENG,Engine,70.997,2.892,73.742,55.075,1914.566,149.568,24.485,73.439,170,44.915,18.49,0,0
A019,02-01-2025 09:00,A019-ENG,Engine,72.146,3.002,75.099,54.836,1754.933,149.477,22.685,75.031,164,55.583,27.701,0,1
A019,02-01-2025 14:00,A019-ENG,Engine,74.191,2.592,75.629,55.936,1869.202,146.778,23.908,75.717,335,56.504,37.472,0,0
A019,02-01-2025 15:00,A019-ENG,Engine,85.657,6.608,69.457,53.758,1783.655,133.77,24.01,75.722,225,47.785,39.552,1,1
A019,02-01-2025 18:00,A019-ENG,Engine,75.415,1.872,75.31,53.506,1693.119,148.991,23.915,77.127,367,57.609,29.758,0,0
A019,02-01-2025 20:00,A019-ENG,Engine,68.922,2.205,77.356,59.925,1749.559,148.587,24.017,79.254,196,50.271,27.814,0,1
A019,02-01-2025 23:00,A019-ENG,Engine,75.831,2.448,81.243,53.148,1796.481,140.855,23.644,77.766,491,56.258,35.43,0,0
A019,03-01-2025 01:00,A019-ENG,Engine,75.529,2.228,76.451,49.604,1862.303,146.759,23.273,71.507,433,59.619,29.347,0,0
A019,03-01-2025 02:00,A019-ENG,Engine,76.381,2.669,74.781,53.712,1819.348,151.223,23.642,75.288,514,59.348,31.624,0,0
A019,03-01-2025 03:00,A019-ENG,Engine,75.756,2.772,72.456,55.284,1877.679,147.642,23.617,78.629,188,65.824,25.313,0,1
A019,03-01-2025 08:00,A019-ENG,Engine,78.036,2.605,79.646,52.171,1845.943,145.838,23.89,75.697,530,49.22,31.669,0,0
A019,03-01-2025 12:00,A019-ENG,Engine,73.315,2.89,75.741,55.844,1802.312,150.32,23.836,78.842,556,49.97,26.234,0,0
A019,03-01-2025 14:00,A019-ENG,Engine,79.905,2.448,70.357,55.34,1837.715,149.494,23.336,75.454,230,59.563,31.245,0,0
A019,03-01-2025 16:00,A019-ENG,Engine,74.129,2.713,71.745,53.158,1859.964,148.103,23.929,78.91,248,67.041,31.968,0,0
A019,04-01-2025 00:00,A019-ENG,Engine,79.139,2.731,78.958,55.125,1697.998,153.505,24.243,77.592,540,48.384,22.604,0,0
A019,04-01-2025 05:00,A019-ENG,Engine,72.322,3.227,75.459,55.51,1827.254,152.177,24.113,76.652,206,67.328,28.57,0,0
A019,04-01-2025 13:00,A019-ENG,Engine,75.078,2.494,74.556,52.471,1805.185,147.573,23.41,74.545,495,72.106,26.241,0,0
A019,04-01-2025 15:00,A019-ENG,Engine,73.395,3.164,78.247,53.551,1885.831,147.275,23.47,77.862,462,66.206,24.971,0,0
A019,04-01-2025 20:00,A019-ENG,Engine,81.216,2.501,72.046,57.749,1890.736,147.693,23.744,78.991,309,66.628,34.572,0,0
A019,05-01-2025 02:00,A019-ENG,Engine,74.53,2.855,74.247,54.138,1813.473,148.94,23.685,76.054,489,62.1,24.111,0,0
A019,05-01-2025 04:00,A019-ENG,Engine,73.963,3.023,72.171,54.779,1725.652,152.372,23.394,75.13,447,52.833,31.681,0,0
A019,05-01-2025 05:00,A019-ENG,Engine,87.454,5.219,61.978,54.184,1727.15,127.427,23.837,74.132,579,56.827,29.375,1,1
A019,05-01-2025 06:00,A019-ENG,Engine,77.073,2.783,77.751,55.572,1690.176,146.323,22.947,80.246,223,56.584,40.87,0,0
A019,05-01-2025 08:00,A019-ENG,Engine,79.016,2.684,71.838,57.155,1828.325,140.056,23.934,73.687,577,53.98,32.181,0,0
A019,05-01-2025 11:00,A019-ENG,Engine,74.17,3.153,71.139,56.398,1774.473,148.086,23.792,80.171,264,62.867,27.502,0,0
A019,05-01-2025 13:00,A019-ENG,Engine,87.669,5.397,63.686,52.594,1649.779,139.877,23.67,81.989,266,64.792,37.928,1,1
A019,05-01-2025 15:00,A019-ENG,Engine,77.162,3.088,70.615,53.231,1685.463,146.434,24.095,75.791,514,48.267,23.337,0,0
A019,05-01-2025 16:00,A019-ENG,Engine,71.172,2.656,78.817,54.351,1612.171,145.291,22.934,76.825,547,62.003,29.186,0,0
A019,05-01-2025 23:00,A019-ENG,Engine,77.677,3.439,77.991,55.789,1833.879,143.946,23.133,77.535,426,46.53,33.03,0,1
A019,06-01-2025 00:00,A019-ENG,Engine,73.585,2.889,74.734,53.605,1836.901,145.808,23.683,78.964,223,72.858,30.448,0,1
A019,06-01-2025 07:00,A019-ENG,Engine,73.333,2.861,74.213,53.252,1905.807,152.438,23.548,80.563,377,68.711,30.206,0,0
A019,06-01-2025 15:00,A019-ENG,Engine,81.007,2.237,78.744,51.818,1927.397,146.344,24.074,73.658,355,66.879,34.91,0,0
A019,06-01-2025 21:00,A019-ENG,Engine,77.798,2.485,68.985,54.714,1831.088,147.121,23.606,79.821,262,49.159,16.518,0,0
A019,06-01-2025 23:00,A019-ENG,Engine,78.529,2.803,69.961,54.79,1817.563,148.523,23.205,77.715,363,66.449,30.422,0,0
A019,07-01-2025 05:00,A019-ENG,Engine,75.608,3.223,77.317,53.734,1948.898,146.835,22.961,76.032,412,50.802,32.057,0,0
A019,07-01-2025 07:00,A019-ENG,Engine,76.43,2.7,78.461,56.206,1812.985,145.763,24.349,78.861,361,70.641,37.583,0,1
A019,07-01-2025 15:00,A019-ENG,Engine,76.27,2.942,76.866,55.411,1827.552,149.43,22.826,80.282,604,55.192,26.591,0,0
A019,08-01-2025 00:00,A019-ENG,Engine,80.165,3.076,75.793,52.255,1840.173,149.598,23.828,78.976,302,57.073,29.621,0,0
A019,08-01-2025 03:00,A019-ENG,Engine,82.451,2.794,71.014,52.423,1823.175,153.514,23.108,79.112,329,63.707,37.354,0,1
A019,08-01-2025 04:00,A019-ENG,Engine,77.453,3.228,70.288,49.595,1772.513,143.826,23.415,77.936,449,65.235,31.248,0,0
A019,08-01-2025 07:00,A019-ENG,Engine,76.718,2.692,72.739,52.402,1824.3,146.682,23.652,79.855,486,71.24,33.034,0,0
A019,08-01-2025 09:00,A019-ENG,Engine,78.345,3.474,74.186,53.387,1922.899,153.812,23.141,79.811,311,66.187,28.436,0,0
A019,08-01-2025 15:00,A019-ENG,Engine,75.115,3.294,77.079,54.521,1743.712,148.944,23.212,81.697,303,68.968,30.688,0,1
A019,08-01-2025 16:00,A019-ENG,Engine,78.639,3.068,73.148,54.558,1860.375,143.249,23.445,79.148,435,67.078,31.947,0,0
A019,09-01-2025 02:00,A019-ENG,Engine,80.317,3.604,72.365,53.037,1638.96,148.264,23.897,79.733,633,59.568,34.423,0,0
A019,09-01-2025 03:00,A019-ENG,Engine,81.105,3.296,71.592,52.514,1815.369,148.364,23.467,78.537,460,74.897,37.983,0,0
A019,09-01-2025 05:00,A019-ENG,Engine,80.85,2.464,72.794,53.036,1737.558,147.772,23.094,78.854,634,59.498,26.823,0,0
A019,09-01-2025 07:00,A019-ENG,Engine,79.296,3.413,68.026,56.508,1780.27,145.431,23.523,79.612,313,67.472,28.124,0,1
A019,09-01-2025 12:00,A019-ENG,Engine,81.829,2.891,73.57,54.857,1792.002,142.836,22.777,81.512,524,71.465,26.532,0,0
A019,09-01-2025 13:00,A019-ENG,Engine,80.234,2.644,73.371,50.066,1694.454,145.877,23.629,76.023,517,72.719,35.899,0,0
A019,09-01-2025 14:00,A019-ENG,Engine,75.612,3.238,73.608,60.79,1915.244,146.746,23.03,80.822,663,66.482,31.803,0,0
A019,09-01-2025 20:00,A019-ENG,Engine,76.913,3.479,72.291,53.393,1854.251,147.345,22.945,83.397,645,71.614,24.366,0,1
A019,10-01-2025 01:00,A019-ENG,Engine,79.014,2.92,73.535,53.554,1821.18,144.332,23.644,80.799,631,66.802,35.185,0,0
A019,10-01-2025 13:00,A019-ENG,Engine,82.507,3.342,72.799,52.516,1800.202,147.021,23.457,78.259,448,67.313,30.699,0,0
A019,10-01-2025 15:00,A019-ENG,Engine,84.312,3.697,71.143,51.166,1714.77,147.662,23.152,78.701,622,73.276,32.547,1,1
A019,10-01-2025 17:00,A019-ENG,Engine,80.362,3.002,64.558,50.991,1826.616,151.873,23.327,79.135,338,70.417,17.816,0,1
A019,11-01-2025 03:00,A019-ENG,Engine,78.156,3.579,73.231,53.879,1702.789,147.282,23.086,82.946,614,71.346,37.435,0,0
A019,11-01-2025 04:00,A019-ENG,Engine,78.822,3.869,69.159,56.152,1736.797,145.61,23.209,79.914,569,80.274,21.484,1,0
A019,11-01-2025 06:00,A019-ENG,Engine,83.639,2.841,70.981,53.197,1888.118,152.576,23.748,81.473,510,78.542,33.329,1,0
A019,11-01-2025 10:00,A019-ENG,Engine,84.639,3.357,75.157,53.296,1932.692,148.729,23.124,80.287,522,65.094,28.995,0,1
A019,11-01-2025 16:00,A019-ENG,Engine,80.27,3.457,68.466,49.498,1809.627,151.502,23.17,77.244,630,66.316,27.516,1,1
A019,11-01-2025 21:00,A019-ENG,Engine,80.148,3.796,70.35,53.378,1724.375,152.434,22.735,79.564,520,65.136,23.195,1,1
A019,12-01-2025 03:00,A019-ENG,Engine,82.196,3.168,72.46,52.518,1855.253,138.838,23.704,78.376,683,85.127,30.383,1,1
A019,12-01-2025 04:00,A019-ENG,Engine,78.691,3.709,72.719,53.84,1934.715,141.047,23.225,78.724,521,80.198,33.66,1,0
A019,12-01-2025 09:00,A019-ENG,Engine,80.44,3.236,69.696,57.786,1755.33,148.614,23.409,84.954,490,86.619,20.594,1,0
A019,12-01-2025 16:00,A019-ENG,Engine,79.883,3.545,71.425,51.831,1761.29,146.107,23.341,79.766,522,76.266,29.035,1,1
A019,12-01-2025 20:00,A019-ENG,Engine,83.125,3.616,76.085,54.17,1850.958,152.821,22.94,83.236,504,65.396,34.729,1,0
A019,13-01-2025 00:00,A019-ENG,Engine,77.932,3.862,76.155,51.236,1713.035,147.954,23.364,79.638,452,69.252,37.598,1,0
A019,13-01-2025 02:00,A019-ENG,Engine,81.474,3.346,65.243,54.118,1718.159,146.177,22.841,84.071,423,57.42,34.014,1,1
A019,13-01-2025 03:00,A019-ENG,Engine,81.265,4.02,72.44,55.219,1832.792,145.281,23.038,78.806,606,86.389,28.657,1,1
A019,13-01-2025 04:00,A019-ENG,Engine,79.637,3.726,65.612,55.165,1730.551,144.916,23.048,79.817,487,76.94,22.242,1,0
A019,13-01-2025 06:00,A019-ENG,Engine,77.522,3.286,74.08,52.858,1784.968,140.756,23.336,82.1,763,71.467,34.352,1,0
A019,13-01-2025 07:00,A019-ENG,Engine,84.511,3.455,74.008,46.928,1666.504,142.193,22.813,84.363,744,56.124,33.938,1,1
A019,13-01-2025 08:00,A019-ENG,Engine,78.268,3.873,74.073,48.825,1696.572,151.281,23.136,83.528,787,72.377,33.393,1,0
A019,13-01-2025 10:00,A019-ENG,Engine,79.005,3.305,74.613,51.171,1748.681,149.114,23.439,81.262,490,82.07,24.651,1,0
A019,13-01-2025 13:00,A019-ENG,Engine,86.437,3.322,71.309,53.325,1704.674,144.245,23.718,82.917,612,76.227,33.685,1,0
A019,13-01-2025 14:00,A019-ENG,Engine,81.57,4.697,69.269,51.823,1918.566,149.113,22.928,81.451,675,72.484,31.278,1,1
A019,13-01-2025 22:00,A019-ENG,Engine,80.89,3.34,73.263,52.227,1540.787,144.47,23.492,81.779,670,62.492,27.494,1,0
A019,14-01-2025 02:00,A019-ENG,Engine,77.326,3.291,70.261,51.47,1831.414,147.659,22.267,82.203,682,66.832,30.54,1,0
A019,14-01-2025 03:00,A019-ENG,Engine,85.774,3.39,69.347,48.827,1847.83,146.125,23.227,81.259,637,78.986,37.078,1,1
A019,14-01-2025 07:00,A019-ENG,Engine,102.245,6.394,58.008,55.357,1727.964,128.086,22.96,80.924,708,74.938,28.382,1,1
A019,14-01-2025 08:00,A019-ENG,Engine,79.358,3.124,70.916,51.607,1856.446,152.204,23.489,84.914,709,66.805,35.229,1,0
A019,14-01-2025 11:00,A019-ENG,Engine,91.07,6.027,60.379,53.004,1723.011,123.996,22.83,81.374,802,67.089,23.602,1,1
A019,14-01-2025 13:00,A019-ENG,Engine,78.904,3.086,73.053,53.058,1770.052,142.77,23.636,83.586,807,78.584,34.083,1,0
A019,14-01-2025 18:00,A019-ENG,Engine,83.939,4.315,66.599,52.922,1793.244,146.369,23.301,85.958,610,77.037,21.769,1,0
A019,14-01-2025 19:00,A019-ENG,Engine,80.476,3.775,72.064,54.429,1741.942,151.471,23.42,84.068,830,67.128,26.984,1,1
A019,14-01-2025 22:00,A019-ENG,Engine,96.639,5.611,63.711,52.337,1825.389,136.197,22.866,83.929,499,86.402,29.266,1,1
A019,15-01-2025 03:00,A019-ENG,Engine,87.149,3.617,72.67,48.492,1676.719,141.807,22.921,84.4,625,65.362,25.219,1,0
A019,15-01-2025 04:00,A019-ENG,Engine,81.328,4.155,72.113,52.544,1816.586,146.122,23.364,79.07,457,72.369,30.779,1,1
A019,15-01-2025 06:00,A019-ENG,Engine,86.578,3.797,70.435,49.022,1745.38,153.051,22.423,82.975,755,73.354,31.082,1,1
A019,15-01-2025 07:00,A019-ENG,Engine,81.647,3.956,66.1,50.782,1658.555,146.564,23.06,82.653,616,77.202,23.776,1,1
A019,15-01-2025 08:00,A019-ENG,Engine,80.214,3.583,70.515,52.541,1699.407,143.771,23.064,82.68,475,75.974,34.682,1,0
A019,15-01-2025 09:00,A019-ENG,Engine,82.954,3.29,71.915,56.27,1703.99,141.854,23.501,84.885,825,70.143,38.377,1,1
A019,15-01-2025 10:00,A019-ENG,Engine,85.315,3.937,75.206,55.151,1941.332,143.028,23.075,87.019,546,72.551,28.055,1,1
A019,15-01-2025 16:00,A019-ENG,Engine,80.072,4.089,67.077,51.032,1884.334,143.072,22.992,83.655,519,64.754,37.171,1,0
A019,15-01-2025 21:00,A019-ENG,Engine,81.658,3.741,69.941,50.957,1847.624,151.827,23.157,82.558,657,70.539,23.707,1,0
A019,15-01-2025 22:00,A019-ENG,Engine,82.035,3.337,64.967,53.573,1674.951,147.511,22.698,84.473,677,76.09,30.739,1,1
A019,16-01-2025 06:00,A019-ENG,Engine,87.627,4.09,69.195,52.221,1903.066,145.336,23.695,84.314,762,69.523,19.898,1,1
A019,16-01-2025 09:00,A019-ENG,Engine,81.134,3.838,69.212,54.728,1846.014,145.98,22.468,82.814,597,64.244,25.912,1,0
A019,16-01-2025 23:00,A019-ENG,Engine,88.028,3.882,63.1,49.862,1778.452,143.149,22.599,81.612,869,77.756,37.633,1,1
A019,17-01-2025 00:00,A019-ENG,Engine,95.659,5.887,58.722,55.305,1866.818,128.587,22.535,83.298,632,69.458,28.352,1,1
A019,17-01-2025 04:00,A019-ENG,Engine,81.764,3.957,67.371,52.648,1655.922,141.831,23.397,85.437,636,85.768,30.043,1,0
A019,17-01-2025 07:00,A019-ENG,Engine,85.704,3.511,69.517,51.908,1909.217,147.873,22.909,85.802,749,78.473,25.914,1,0
A019,17-01-2025 08:00,A019-ENG,Engine,86.407,3.498,68.426,55.06,1914.984,146.593,22.74,84.137,866,72.763,29.344,1,1
A019,17-01-2025 10:00,A019-ENG,Engine,82.842,3.686,70.303,48.298,1774.4,144.351,23.059,84.875,594,82.397,30.141,1,0
A020,01-01-2025 05:00,A020-ENG,Engine,70.797,2.579,78.88,53.082,2048.867,149.971,23.687,79.422,287,34.639,25.339,0,0
A020,01-01-2025 11:00,A020-ENG,Engine,74.085,2.558,78.684,57.259,1809.471,145.84,23.953,74.351,285,38.862,34.976,0,1
A020,02-01-2025 03:00,A020-ENG,Engine,71.901,2.415,76.336,54.937,1849.767,153.33,24.022,75.996,260,47.961,27.961,0,0
A020,02-01-2025 20:00,A020-ENG,Engine,70.904,2.522,80.658,55.128,1801.865,146.828,24.086,75.629,425,55.753,27.443,0,0
A020,02-01-2025 21:00,A020-ENG,Engine,70.821,1.955,78.218,57.44,1871.255,157.35,24.824,75.926,435,56.076,29.984,0,0
A020,02-01-2025 22:00,A020-ENG,Engine,72.323,2.219,78.36,53.923,1787.702,145.013,23.578,75.076,406,52.667,30.406,0,0
A020,03-01-2025 12:00,A020-ENG,Engine,71.145,2.708,78.841,54.231,1798.562,148.055,23.75,74.036,382,45.735,29.228,0,0
A020,03-01-2025 13:00,A020-ENG,Engine,75.833,3.07,78.411,54.188,1903.159,144.844,23.924,77.147,360,49.946,20.712,0,0
A020,03-01-2025 20:00,A020-ENG,Engine,67.673,2.322,72.43,54.186,1940.548,148.867,23.466,75.676,237,45.916,38.507,0,0
A020,03-01-2025 22:00,A020-ENG,Engine,70.569,2.106,77.594,50.846,1702.783,150.316,23.06,73.16,557,56.636,21.894,0,0
A020,03-01-2025 23:00,A020-ENG,Engine,69.642,2.423,76.968,55.204,1775.744,152.717,23.698,75.983,395,54.272,20.089,0,0
A020,04-01-2025 00:00,A020-ENG,Engine,75.371,1.595,73.41,52.838,1835.853,148.387,23.911,75.663,258,51.107,29.997,0,0
A020,04-01-2025 17:00,A020-ENG,Engine,73.892,2.61,78.542,53.505,1744.213,145.473,23.69,78.523,270,60.018,36.567,0,0
A020,04-01-2025 21:00,A020-ENG,Engine,77.264,2.817,76.604,53.591,1956.668,151.613,23.765,78.753,492,49.977,29.547,0,0
A020,04-01-2025 22:00,A020-ENG,Engine,72.746,2.682,70.737,52.774,1719.805,149.628,23.783,81.334,580,46.674,22.448,0,0
A020,04-01-2025 23:00,A020-ENG,Engine,72.631,2.74,77.898,53.537,1801.819,146.856,23.733,76.467,209,65.812,28.606,0,0
A020,05-01-2025 00:00,A020-ENG,Engine,75.428,2.472,76.188,55.75,1917.697,145.404,23.63,73.217,444,61.817,44.237,0,0
A020,05-01-2025 03:00,A020-ENG,Engine,73.297,2.294,76.412,51.206,1662.01,147.746,23.84,74.118,265,57.998,27.577,0,0
A020,05-01-2025 04:00,A020-ENG,Engine,73.692,1.971,82.029,54.45,1813.673,148.205,24.191,75.053,259,43.376,26.506,0,0
A020,05-01-2025 12:00,A020-ENG,Engine,82.255,2.089,76.997,55.315,1828.117,146.879,23.451,78.403,370,49.09,35.808,0,0
A020,05-01-2025 13:00,A020-ENG,Engine,75.666,3.043,77.782,54.605,1882.721,142.968,23.485,77.432,416,48.045,33.667,0,0
A020,05-01-2025 20:00,A020-ENG,Engine,72.664,2.699,83.921,54.112,1784.887,157.449,23.721,76.644,355,42.224,35.426,0,0
A020,05-01-2025 23:00,A020-ENG,Engine,73.721,2.477,80.528,53.46,1852.465,140.62,23.419,80.27,468,62.557,33.346,0,0
A020,06-01-2025 05:00,A020-ENG,Engine,73.525,2.853,72.083,50.178,1759.269,145.903,23.44,80.603,533,57.014,33.868,0,0
A020,06-01-2025 07:00,A020-ENG,Engine,73.438,2.512,77.229,52.835,1879.777,153.365,23.214,77.565,451,59.313,36.505,0,0
A020,06-01-2025 08:00,A020-ENG,Engine,76.793,2.65,78.944,53.563,1779.373,149.829,23.644,77.145,571,63.171,35.537,0,0
A020,06-01-2025 12:00,A020-ENG,Engine,72.083,2.749,74.387,51.755,1719.89,141.91,23.632,78.6,617,49.91,25.755,0,0
A020,06-01-2025 15:00,A020-ENG,Engine,76.252,2.456,73.593,49.528,1705.65,154.152,23.423,75.03,349,49.541,29.996,0,0
A020,07-01-2025 05:00,A020-ENG,Engine,71.819,2.623,75.171,53.077,1676.386,152.826,23.128,78.362,338,56.09,30.133,0,0
A020,07-01-2025 10:00,A020-ENG,Engine,75.707,2.737,79.471,53.106,1858.377,148.35,24.079,77.52,299,49.463,20.587,0,0
A020,07-01-2025 11:00,A020-ENG,Engine,77.977,3.283,73.896,53.379,1647.617,148.295,23.311,78.012,516,56.63,32.396,0,0
A020,07-01-2025 14:00,A020-ENG,Engine,74.169,2.387,80.681,53.831,1784.027,145.619,23.392,78.017,591,55.573,28.94,0,0
A020,07-01-2025 17:00,A020-ENG,Engine,78.766,2.423,73.102,54.866,1847.549,145.577,23.602,76.744,486,62.077,31.061,0,0
A020,08-01-2025 00:00,A020-ENG,Engine,77.802,2.49,72.373,53.935,1837.112,140.088,24.258,79.858,618,42.601,32.186,0,0
A020,08-01-2025 05:00,A020-ENG,Engine,87.129,5.031,59.073,54.281,1743.988,129.112,23.527,74.548,603,63.6,30.436,1,0
A020,08-01-2025 06:00,A020-ENG,Engine,75.725,3.397,76.487,51.233,1811.533,141.718,23.659,78.229,650,55.354,25.393,0,0
A020,08-01-2025 13:00,A020-ENG,Engine,74.356,2.963,76.009,49.113,1774.299,146.803,23.24,78.291,642,63.29,21.976,0,0
A020,08-01-2025 21:00,A020-ENG,Engine,76.99,2.597,77.422,53.743,1766.4,146.21,22.664,81.493,595,71.024,33.899,0,0
A020,08-01-2025 23:00,A020-ENG,Engine,76.557,2.702,78.545,52.476,1777.594,140.174,23.481,79.981,527,57.805,36.371,0,1
A020,09-01-2025 03:00,A020-ENG,Engine,72.289,3.443,72.258,50.32,1767.932,145.234,23.183,82.468,622,62.187,34.375,0,0
A020,09-01-2025 05:00,A020-ENG,Engine,74.778,3.317,68.861,53.991,1947.861,147.899,23.87,75.643,499,70.705,31.025,0,0
A020,09-01-2025 07:00,A020-ENG,Engine,77.992,2.68,73.885,54.417,1926.293,152.402,23.171,79.524,603,46.93,33.047,0,0
A020,09-01-2025 14:00,A020-ENG,Engine,76.741,2.617,74.884,53.219,1805.929,153.297,23.094,81.094,643,55.042,30.051,0,0
A020,09-01-2025 19:00,A020-ENG,Engine,72.208,2.775,77.174,51.184,1678.795,147.918,23.2,79.206,451,50.202,38.473,0,0
A020,09-01-2025 20:00,A020-ENG,Engine,76.849,2.797,77.045,54.144,1829.097,145.662,22.904,82.589,640,55.635,23.167,0,0
A020,10-01-2025 00:00,A020-ENG,Engine,80.478,2.939,75.588,53.624,1978.169,149.026,23.476,84.144,493,63.075,28.331,0,0
A020,10-01-2025 06:00,A020-ENG,Engine,80.539,3.009,73.919,53.437,1725.713,146.433,23.424,81.51,518,62.264,17.893,0,0
A020,10-01-2025 08:00,A020-ENG,Engine,77.693,2.808,76.259,57.736,1778.537,138.222,23.202,80.361,344,68.122,26.383,0,1
A020,10-01-2025 13:00,A020-ENG,Engine,74.48,3.416,78.294,51.082,1873.273,138.994,23.096,81.464,478,69.21,26.618,0,0
A020,10-01-2025 14:00,A020-ENG,Engine,80.587,3.1,72.345,53.146,1898.941,143.905,22.908,78.537,381,81.772,34.444,0,1
A020,10-01-2025 15:00,A020-ENG,Engine,78.135,2.836,70.831,51.816,1753.768,150.423,23.367,81.888,588,53.612,28.745,0,0
A020,10-01-2025 21:00,A020-ENG,Engine,77.159,2.92,79.504,55.689,1843.045,148.079,23.924,80.506,462,60.345,29.463,0,0
A020,11-01-2025 04:00,A020-ENG,Engine,79.413,2.959,72.866,55.059,1795.111,145.015,23.501,79.284,619,37.837,36.796,0,0
A020,11-01-2025 05:00,A020-ENG,Engine,73.679,2.759,74.949,56.261,1879.988,150.964,22.82,82.755,582,61.556,38.745,0,0
A020,11-01-2025 11:00,A020-ENG,Engine,74.477,3.06,71.783,52.258,1672.225,143.971,22.854,78.254,625,67.988,26.342,0,0
A020,11-01-2025 16:00,A020-ENG,Engine,78.957,3.454,72.252,52.606,1943.976,147.567,22.955,78.465,543,62.948,26.85,0,0
A020,11-01-2025 21:00,A020-ENG,Engine,80.058,2.917,74.605,53.273,1667.031,150.863,22.688,82.938,653,57.329,30.886,0,0
A020,12-01-2025 05:00,A020-ENG,Engine,81.268,3.111,76.349,53.082,1790.329,148.531,23.207,82.172,718,64.269,34.424,0,0
A020,12-01-2025 06:00,A020-ENG,Engine,80.667,3.314,76.297,51.623,1980.262,149.112,23.872,81.086,564,56.75,29.389,0,0
A020,12-01-2025 10:00,A020-ENG,Engine,79.551,2.493,70.918,54.156,1867.092,140.055,23.24,88.704,700,74.434,24.149,0,0
A020,12-01-2025 13:00,A020-ENG,Engine,82.005,3.084,72.561,53.624,1682.431,144.319,23.113,80.631,393,69.274,25.901,0,0
A020,12-01-2025 18:00,A020-ENG,Engine,76.358,3.379,73.135,51.515,1790.532,148.073,22.62,82.386,754,65.96,34.054,0,0
A020,12-01-2025 22:00,A020-ENG,Engine,81.261,3.524,68.954,52.248,1854.863,144.118,22.507,84.093,718,73.058,36.574,1,1
A020,13-01-2025 00:00,A020-ENG,Engine,90.477,5.298,65.734,53.1,1812.048,130.858,22.966,80.688,496,58.891,30.803,1,0
A020,13-01-2025 01:00,A020-ENG,Engine,79.462,3.566,73.02,56.268,1915.93,149.584,23.384,83.484,652,62.367,31.232,0,0
A020,13-01-2025 21:00,A020-ENG,Engine,78.953,3.441,75.776,53.705,1921.448,147.165,23.311,82.259,583,77.075,38.429,0,0
A020,13-01-2025 22:00,A020-ENG,Engine,80.132,3.568,71.855,52.881,1853.882,143.505,23.181,83.22,606,49.827,29.299,0,0
A020,14-01-2025 01:00,A020-ENG,Engine,82.565,3.468,71.626,51.221,1883.939,147.78,23.45,82.31,597,71.595,24.788,1,0
A020,14-01-2025 04:00,A020-ENG,Engine,80.98,3.467,72.833,49.621,1726.699,145.307,23.323,81.041,498,63.48,28.68,0,1
A020,14-01-2025 13:00,A020-ENG,Engine,77.518,3.229,69.738,51.67,1599.184,145.931,22.425,82.163,461,77.748,30.811,1,1
A020,14-01-2025 15:00,A020-ENG,Engine,86.12,3.135,70.731,51.603,1791.189,144.717,22.673,85.062,525,69.432,34.232,1,1
A020,14-01-2025 16:00,A020-ENG,Engine,92.186,7.676,58.894,50.45,1710.957,135.717,22.912,83.69,773,81.516,22.055,1,1
A020,14-01-2025 17:00,A020-ENG,Engine,96.7,7.13,57.521,53.95,1800.594,137.685,23.04,80.026,488,65.278,36.917,1,1
A020,14-01-2025 18:00,A020-ENG,Engine,81.143,3.739,69.853,54.133,1819.26,148.364,23.453,81.462,645,80.518,33.454,1,0
A020,14-01-2025 20:00,A020-ENG,Engine,81.508,3.858,74.327,52.965,1934.308,143.663,23.073,83.625,497,72.449,27.413,1,1
A020,15-01-2025 00:00,A020-ENG,Engine,82.656,3.51,70.409,53.567,1812.642,142.713,22.493,82.542,464,80.636,33.387,1,0
A020,15-01-2025 04:00,A020-ENG,Engine,80.052,3.512,64.522,51.039,1764.878,144.854,23.054,83.416,765,79.202,38.742,1,0
A020,15-01-2025 07:00,A020-ENG,Engine,85.685,3.997,70.754,53.549,1906.322,144.553,23.325,83.637,795,59.367,39.935,1,0
A020,15-01-2025 08:00,A020-ENG,Engine,83.676,3.665,76.795,54.438,1815.399,150.553,22.87,83.84,785,65.772,35.367,1,0
A020,15-01-2025 10:00,A020-ENG,Engine,83.106,4.082,69.06,49.814,1670.512,143.11,22.893,82.733,716,58.233,37.143,1,1
A020,15-01-2025 13:00,A020-ENG,Engine,84.021,4.053,70.427,50.667,1707.84,140.521,22.962,82.44,640,74.739,27.065,1,1
A020,15-01-2025 15:00,A020-ENG,Engine,83.125,3.494,67.678,49.34,1830.794,150.215,23.128,86.896,733,73.367,37.704,1,0
A020,16-01-2025 01:00,A020-ENG,Engine,97.624,6.226,68.819,52.694,1723.805,126.473,23.589,85.619,578,69.943,27.261,1,1
A020,16-01-2025 07:00,A020-ENG,Engine,83.017,3.546,73.559,53.15,1788.504,147.01,23.362,82.473,783,55.19,34.757,1,0
A020,16-01-2025 10:00,A020-ENG,Engine,80.582,2.956,75.046,49.165,2005.506,148.706,23.851,82.834,801,68.139,36.957,0,0
A020,16-01-2025 14:00,A020-ENG,Engine,84.013,3.418,69.894,55.111,1703.343,144.031,23.267,83.416,517,86.362,25.522,1,1
A020,17-01-2025 07:00,A020-ENG,Engine,83.173,3.9,68.364,54.845,1881.033,141.189,22.825,86.584,877,82.143,23.241,1,1
A021,01-01-2025 01:00,A021-ENG,Engine,70.25,2.325,77.186,57.682,1836.366,155.18,23.631,73.016,184,40.705,37.317,0,0
A021,01-01-2025 08:00,A021-ENG,Engine,72.026,1.892,77.553,53.925,1644.543,144.961,23.861,71.976,122,43.286,34.162,0,0
A021,01-01-2025 14:00,A021-ENG,Engine,71.553,1.887,78.534,60.091,1883.742,149.449,23.703,77.272,247,44.782,25.796,0,0
A021,01-01-2025 15:00,A021-ENG,Engine,75.382,2.41,78.761,56.584,1776.647,149.285,23.971,74.498,226,56.223,35.532,0,0
A021,01-01-2025 16:00,A021-ENG,Engine,65.57,2.195,80.983,53.519,2017.468,146.269,24.151,74.036,208,41.875,30.603,0,0
A021,01-01-2025 19:00,A021-ENG,Engine,70.983,2.432,83.38,56.495,1656.561,146.281,24.273,73.193,376,51.969,27.57,0,0
A021,02-01-2025 00:00,A021-ENG,Engine,70.588,1.993,79.551,56.579,1827.511,153.943,24.358,74.698,137,60.422,28.008,0,0
A021,02-01-2025 05:00,A021-ENG,Engine,71.229,2.397,81.463,51.972,1725.927,146.805,23.875,75.571,338,54.903,26.139,0,0
A021,02-01-2025 06:00,A021-ENG,Engine,75.48,2.099,75.367,52.201,1817.339,148.077,23.654,77.369,377,46.748,23.399,0,0
A021,02-01-2025 08:00,A021-ENG,Engine,72.985,2.339,76.535,57.009,1743.553,148.543,24.245,75.927,366,46.131,42.58,0,0
A021,02-01-2025 20:00,A021-ENG,Engine,74.448,1.998,76.726,54.716,1968.448,153.503,24.731,75.481,235,48.664,33.626,0,0
A021,02-01-2025 22:00,A021-ENG,Engine,79.9,5.712,69.468,55.634,1732.032,135.066,23.746,79.524,407,50.12,31.384,1,1
A021,03-01-2025 09:00,A021-ENG,Engine,72.687,2.16,75.811,53.031,1881.827,146.191,24.066,75.771,163,62.089,26.643,0,0
A021,03-01-2025 13:00,A021-ENG,Engine,72.431,1.373,77.002,53.656,1945.851,155.066,23.851,74.222,510,51.488,25.531,0,0
A021,03-01-2025 18:00,A021-ENG,Engine,72.719,2.006,82.684,53.001,1716.489,153.39,23.611,76.8,526,53.47,35.097,0,0
A021,03-01-2025 20:00,A021-ENG,Engine,76.672,2.495,79.141,52.598,1865.613,144.64,24.174,77.046,324,51.344,36.534,0,0
A021,04-01-2025 08:00,A021-ENG,Engine,72.093,2.332,80.655,55.134,1843.309,150.917,24.114,80.244,540,55.228,25.418,0,0
A021,04-01-2025 10:00,A021-ENG,Engine,69.136,1.988,74.077,54.543,1760.135,148.205,23.83,79.542,350,38.961,37.121,0,0
A021,04-01-2025 14:00,A021-ENG,Engine,70.495,2.402,76.746,53.181,1853.667,151.478,23.337,75.171,440,56.959,24.63,0,0
A021,05-01-2025 03:00,A021-ENG,Engine,70.376,3.086,77.275,55.525,1662.797,143.499,23.391,75.645,511,44.264,25.414,0,0
A021,05-01-2025 04:00,A021-ENG,Engine,73.649,2.26,81.512,54.123,1914.098,147.767,23.491,78.693,427,42.282,35.634,0,0
A021,06-01-2025 01:00,A021-ENG,Engine,73.281,2.934,75.091,53.842,1760.607,142.953,23.727,77.897,531,71.6,33.532,0,0
A021,06-01-2025 04:00,A021-ENG,Engine,75.206,2.73,75.599,53.11,1932.049,147.645,23.88,76.448,457,65.271,28.143,0,1
A021,06-01-2025 06:00,A021-ENG,Engine,76.093,2.565,75.258,52.558,1703.133,148.749,23.87,80.524,278,58.307,31.569,0,0
A021,06-01-2025 15:00,A021-ENG,Engine,71.529,2.318,78.213,56.847,1831.558,152.213,22.876,79.339,601,57.087,26.129,0,0
A021,06-01-2025 18:00,A021-ENG,Engine,72.73,2.853,77.213,57.792,1813.882,150.596,23.216,75.698,334,69.787,34.571,0,0
A021,07-01-2025 02:00,A021-ENG,Engine,68.754,2.827,79.879,54.586,1783.158,146.298,23.488,80.335,514,38.178,29.767,0,0
A021,07-01-2025 04:00,A021-ENG,Engine,76.764,3.053,73.386,56.316,1590.446,149.185,23.437,79.393,378,44.263,33.998,0,1
A021,07-01-2025 05:00,A021-ENG,Engine,76.591,2.582,77.484,55.237,1733.732,145.554,24.454,76.014,420,38.062,25.982,0,0
A021,07-01-2025 12:00,A021-ENG,Engine,79.648,2.592,78.761,53.734,1828.84,144.148,23.577,79.24,271,56.595,35.778,0,0
A021,07-01-2025 15:00,A021-ENG,Engine,76.464,2.914,74.856,53.634,1696.683,144.409,23.46,81.372,437,49.08,31.637,0,0
A021,07-01-2025 16:00,A021-ENG,Engine,77.99,2.38,75.674,54.164,1710.417,150.061,22.963,77.96,603,53.166,32.286,0,0
A021,07-01-2025 17:00,A021-ENG,Engine,76.553,2.62,75.929,55.368,1630.164,147.01,23.528,78.92,560,49.512,34.312,0,0
A021,07-01-2025 20:00,A021-ENG,Engine,75.261,2.539,76.002,53.214,1734.276,138.121,23.52,82.212,480,60.377,29.252,0,0
A021,07-01-2025 21:00,A021-ENG,Engine,76.268,2.389,79.172,49.105,1751.072,151.891,23.044,76.467,290,51.386,24.185,0,1
A021,07-01-2025 22:00,A021-ENG,Engine,77.165,2.464,71.619,51.859,1861.314,150.8,23.261,79.937,611,43.575,29.244,0,0
A021,08-01-2025 05:00,A021-ENG,Engine,75.188,2.911,74.052,52.271,1881.788,142.376,23.128,76.373,471,50.941,28.265,0,0
A021,08-01-2025 09:00,A021-ENG,Engine,77.188,2.434,74.737,54.002,1801.399,150.961,23.706,77.898,343,48.367,21.763,0,0
A021,08-01-2025 14:00,A021-ENG,Engine,80.373,1.823,77.074,52.811,1805.136,145.423,23.372,77.554,658,66.763,23.397,0,1
A021,08-01-2025 18:00,A021-ENG,Engine,87.457,5.039,66.784,53.608,1882.599,124.697,23.224,81.517,584,53.798,33.028,1,0
A021,08-01-2025 21:00,A021-ENG,Engine,79.153,3.593,76.655,52.759,1881.588,144.815,23.228,79.584,333,50.417,25.607,0,0
A021,09-01-2025 00:00,A021-ENG,Engine,76.253,2.874,73.759,51.142,1816.574,153.52,23.535,76.971,381,81.456,23.821,0,0
A021,09-01-2025 01:00,A021-ENG,Engine,74.867,3.18,79.995,53.189,1866.714,154.835,23.008,80.404,491,54.926,23.954,0,0
A021,09-01-2025 12:00,A021-ENG,Engine,75.638,2.175,75.006,54.009,1724.997,146.266,23.402,81.035,624,63.612,26.894,0,1
A021,09-01-2025 14:00,A021-ENG,Engine,73.801,3.244,75.414,59.942,1813.303,150.548,23.751,81.136,678,65.32,36.595,0,1
A021,09-01-2025 15:00,A021-ENG,Engine,80.592,2.577,79.78,51.139,1805.038,141.309,22.731,79.719,526,62.873,29.451,0,0
A021,09-01-2025 16:00,A021-ENG,Engine,74.737,2.68,73.914,52.606,1786.611,142.317,23.737,82.631,338,59.965,29.043,0,0
A021,09-01-2025 18:00,A021-ENG,Engine,76.63,3.184,75.258,52.825,1880.374,152.339,23.172,79.034,592,62.767,26.823,0,1
A021,10-01-2025 01:00,A021-ENG,Engine,88.8,5.544,69.872,55.577,1931.753,141.871,23.157,81.39,503,53.063,27.198,1,0
A021,10-01-2025 03:00,A021-ENG,Engine,76.566,2.713,72.803,56.973,1692.554,143.572,23.426,78.498,592,74.071,23.951,0,0
A021,10-01-2025 04:00,A021-ENG,Engine,74.923,2.919,73.658,54.2,1780.515,147.699,23.58,78.76,446,59.762,28.871,0,1
A021,10-01-2025 07:00,A021-ENG,Engine,81.358,2.281,77.697,50.747,1774.492,151.111,23.039,79.615,694,75.244,38.065,0,1
A021,10-01-2025 10:00,A021-ENG,Engine,77.981,3.1,74.656,50.987,1677.538,142.629,23.428,81.21,579,42.053,39.088,0,0
A021,10-01-2025 12:00,A021-ENG,Engine,72.3,2.998,74.538,52.509,1674.553,150.117,23.251,78.631,498,54.728,24.568,0,0
A021,10-01-2025 18:00,A021-ENG,Engine,79.467,3.194,76.687,55.402,1772.55,144.292,23.433,81.138,404,58.846,30.424,0,0
A021,10-01-2025 19:00,A021-ENG,Engine,73.841,3.356,75.198,53.589,1780.774,142.372,22.759,79.318,458,88.86,37.717,0,0
A021,10-01-2025 21:00,A021-ENG,Engine,79.997,3.504,75.357,55.302,1878,147.682,23.271,80.937,685,62.491,23.615,0,0
A021,10-01-2025 23:00,A021-ENG,Engine,74.7,2.983,73.379,54.913,1743.085,151.114,23.326,81.989,613,66.233,36.983,0,0
A021,11-01-2025 07:00,A021-ENG,Engine,75.992,2.921,75.792,50.189,1865.525,147.148,23.439,79.634,744,69.985,30.123,0,0
A021,12-01-2025 06:00,A021-ENG,Engine,80.502,2.629,75.431,54.874,1678.63,149.309,22.964,77.108,609,69.223,24.687,0,0
A021,12-01-2025 14:00,A021-ENG,Engine,82.183,2.843,70.961,52.871,1693.6,147.954,23.512,80.988,774,56.652,34.88,0,0
A021,12-01-2025 15:00,A021-ENG,Engine,79.155,3.079,71.773,54.225,1867.912,138.691,24.177,79.188,775,58.042,27.605,0,0
A021,12-01-2025 19:00,A021-ENG,Engine,80.731,3.393,72.012,53.08,1690.193,146.953,23.421,81.287,773,62.384,25.206,0,0
A021,12-01-2025 21:00,A021-ENG,Engine,76.044,3.037,72.673,53.24,1998.793,146.68,23.755,81.476,618,61.917,18.415,0,0
A021,13-01-2025 00:00,A021-ENG,Engine,81.287,2.693,73.759,55.177,1875.49,145.71,23.286,80.582,785,76.271,34.688,0,1
A021,13-01-2025 03:00,A021-ENG,Engine,77.825,2.998,72.329,52.844,1766.212,152.425,22.766,82.469,481,62.022,29.697,0,0
A021,13-01-2025 04:00,A021-ENG,Engine,76.256,3.574,75.103,52.102,1869.468,143.821,23.189,80.066,587,70.388,31.862,0,0
A021,13-01-2025 10:00,A021-ENG,Engine,74.933,3.224,73.212,49.545,1938.856,151.64,23.246,84.107,570,67.954,27.992,0,0
A021,14-01-2025 03:00,A021-ENG,Engine,79.826,2.872,75.723,50.966,1717.382,141.709,22.669,84.319,641,61.288,42.127,0,0
A021,14-01-2025 09:00,A021-ENG,Engine,78.148,3.159,75.321,51.626,1888.114,151.719,23.806,84.29,424,60.687,31.957,0,0
A021,14-01-2025 13:00,A021-ENG,Engine,81.21,3.312,74.526,52.359,1907.93,145.767,22.958,84.117,705,60.918,37.687,0,0
A021,15-01-2025 02:00,A021-ENG,Engine,84.059,2.933,76.06,51.548,1860.86,149.644,23.266,80.983,505,63.305,30.839,0,1
A021,15-01-2025 03:00,A021-ENG,Engine,79.245,3.643,72.922,52.996,1861.422,150.528,22.639,85.341,453,74.305,30.829,1,0
A021,15-01-2025 09:00,A021-ENG,Engine,79.247,3.317,71.527,53.812,1981.64,137.443,22.763,83.994,489,66.282,20.437,0,0
A021,15-01-2025 10:00,A021-ENG,Engine,82.103,3.247,69.555,52.583,1678.786,149.951,23.375,84.476,800,66.153,35.273,0,1
A021,15-01-2025 20:00,A021-ENG,Engine,80.085,3.205,71.672,53.73,1719.988,143.857,23.093,82.139,488,74.038,36.325,1,0
A021,15-01-2025 22:00,A021-ENG,Engine,96.277,6.703,59.909,47.527,1758.516,134.945,22.951,88.861,518,71.946,31.389,1,1
A021,16-01-2025 04:00,A021-ENG,Engine,79.31,3.096,73.056,51.639,2061.626,139.28,22.909,89.268,766,71.096,31.461,0,0
A021,16-01-2025 08:00,A021-ENG,Engine,80.076,3.191,71.355,51.926,1804.196,140.106,22.214,81.675,622,62.492,36.301,0,0
A021,16-01-2025 10:00,A021-ENG,Engine,80.856,3.035,75.203,53.25,1854.893,146.8,22.004,82.319,698,46.666,32.218,0,0
A021,16-01-2025 15:00,A021-ENG,Engine,80.083,3.131,69.862,51.514,1808.707,148.289,22.852,84.334,541,67.146,25.47,1,1
A021,16-01-2025 20:00,A021-ENG,Engine,78.063,3.717,75.168,53.606,1819.258,148.091,23.777,84.573,774,70.016,40.655,1,0
A021,16-01-2025 21:00,A021-ENG,Engine,84.141,3.042,72.361,53.604,1793.384,144.774,22.399,85.826,544,86.539,32.034,1,0
A021,17-01-2025 01:00,A021-ENG,Engine,78.108,3.457,72.481,49.819,1714.167,147.472,22.76,82.739,762,65.065,33.494,0,0
A021,17-01-2025 02:00,A021-ENG,Engine,78.718,2.872,69.726,53.359,1729.92,141.09,22.516,83.757,594,78.422,25.399,1,0
A021,17-01-2025 04:00,A021-ENG,Engine,83.895,3.187,73.583,50.55,1820.562,147.506,22.617,88.34,877,70.082,30.242,1,0
A021,17-01-2025 05:00,A021-ENG,Engine,83.765,4.263,72.522,52.479,1920.565,145.174,22.427,83.739,505,66.346,38.486,1,1
A021,17-01-2025 06:00,A021-ENG,Engine,87.142,3.014,77.142,50.17,1635.626,139.159,22.851,83.898,662,69.603,27.248,1,0
A021,17-01-2025 10:00,A021-ENG,Engine,96.431,5.596,53.063,52.342,1974.991,139.719,23.2,83.52,641,75.815,26.197,1,1
A021,17-01-2025 13:00,A021-ENG,Engine,80.926,4.069,73.888,55.084,1745.45,143.883,22.901,85.117,666,79.681,33.372,1,1
A022,01-01-2025 05:00,A022-ENG,Engine,72.119,2.364,81.249,56.744,1905.922,141.795,24.136,73.023,414,52.64,35.906,0,0
A022,01-01-2025 07:00,A022-ENG,Engine,71.977,1.974,79.601,58.499,1805.367,146.696,24.348,77.031,362,56.003,31.22,0,0
A022,01-01-2025 09:00,A022-ENG,Engine,73.715,2.41,73.589,54.888,1818.286,155.099,24.402,76.53,485,70.696,32.8,0,0
A022,01-01-2025 13:00,A022-ENG,Engine,72.991,2.509,79.362,54.478,1773.007,156.46,23.966,76.135,133,66.741,32.685,0,1
A022,01-01-2025 16:00,A022-ENG,Engine,78.947,2.059,74.905,53.328,1761.232,152.896,23.723,71.525,450,47.595,28.52,0,0
A022,01-01-2025 22:00,A022-ENG,Engine,75.108,2.045,78.373,52.667,1837.304,156.213,24.46,72.941,136,43.265,32.119,0,1
A022,02-01-2025 07:00,A022-ENG,Engine,71.767,2.882,78.048,54.85,1679.249,154.942,23.854,73.736,414,47.607,36.888,0,0
A022,02-01-2025 08:00,A022-ENG,Engine,74.139,1.936,77.774,53.777,1673.04,148.199,23.39,74.61,237,35.24,26.681,0,0
A022,02-01-2025 11:00,A022-ENG,Engine,76.796,2.586,80.171,55.403,1880.889,149.938,23.925,78.477,405,53.751,22.205,0,0
A022,02-01-2025 16:00,A022-ENG,Engine,68.755,2.406,75.425,53.436,1833.4,151.724,23.596,72.654,496,62.056,31.423,0,0
A022,02-01-2025 17:00,A022-ENG,Engine,71.113,2.283,79.432,55.834,1840.846,153.577,23.489,77.844,472,60.646,35.941,0,0
A022,02-01-2025 19:00,A022-ENG,Engine,68.075,2.838,79.585,55.823,1807.878,146.901,24.069,75.211,434,59.266,27.732,0,0
A022,02-01-2025 21:00,A022-ENG,Engine,73.416,2.506,72.37,53.531,1758.594,149.089,23.874,72.842,254,48.708,28.662,0,0
A022,03-01-2025 04:00,A022-ENG,Engine,70.477,2.932,77.151,48.396,1852.639,149.196,23.66,76.812,224,56.053,33.487,0,0
A022,03-01-2025 07:00,A022-ENG,Engine,75.462,2.091,75.626,53.906,1837.61,144.422,23.374,76.326,221,56.269,34.18,0,0
A022,03-01-2025 09:00,A022-ENG,Engine,78.949,3.04,81.262,54.239,1841.753,150.659,23.654,76.507,272,56.444,25.765,0,0
A022,03-01-2025 11:00,A022-ENG,Engine,75.175,2.946,79.146,55.297,1772.977,152.786,24.358,76.957,454,57.084,23.203,0,0
A022,03-01-2025 15:00,A022-ENG,Engine,76.526,2.971,76.291,56.001,1843.446,146.999,23.358,79.158,377,54.618,28.852,0,0
A022,03-01-2025 19:00,A022-ENG,Engine,74.439,2.859,78.062,52.508,1848.704,145.653,23.827,72.792,517,52.653,27.117,0,0
A022,04-01-2025 00:00,A022-ENG,Engine,74.664,2.124,74.891,55.823,1801.305,147.724,23.712,78.706,505,59.479,27.135,0,0
A022,04-01-2025 14:00,A022-ENG,Engine,75.131,2.283,75.546,48.058,1831.742,152.6,24.19,74.879,290,47.613,35.116,0,0
A022,05-01-2025 02:00,A022-ENG,Engine,71.497,1.842,76.321,55.706,1885.872,149.086,24.471,77.191,569,56.712,31.779,0,0
A022,05-01-2025 06:00,A022-ENG,Engine,73.841,2.548,72.663,56.652,1801.446,142.047,23.912,76.144,304,46.582,29.534,0,0
A022,05-01-2025 07:00,A022-ENG,Engine,76.783,2.424,79.84,54.058,1860.084,141.895,23.702,75.381,505,54.879,31.049,0,0
A022,05-01-2025 11:00,A022-ENG,Engine,74.083,2.806,74.533,51.584,1829.973,153.473,23.607,73.285,602,56.166,28.792,0,0
A022,05-01-2025 16:00,A022-ENG,Engine,74.39,2.395,79.097,55.686,1843.27,151.702,23.819,75.551,552,62.768,27.983,0,0
A022,05-01-2025 17:00,A022-ENG,Engine,74.231,2.573,79.33,55.687,2070.069,149.012,23.63,77.576,531,58.147,30.694,0,0
A022,05-01-2025 19:00,A022-ENG,Engine,74.371,3.493,76.782,58.43,1827.778,149.81,23.775,78.556,331,63.945,32.871,0,0
A022,06-01-2025 02:00,A022-ENG,Engine,74.648,2.707,77.144,53.041,1938.317,144.489,23.742,75.073,276,59.589,35.44,0,0
A022,06-01-2025 03:00,A022-ENG,Engine,78.263,2.658,75.868,54.425,1660.956,145.556,23.639,80.861,519,53.259,28.997,0,0
A022,06-01-2025 04:00,A022-ENG,Engine,77.52,2.893,76.418,56.693,1743.912,151.512,23.477,77.38,550,60.45,30.056,0,0
A022,06-01-2025 08:00,A022-ENG,Engine,75.761,2.656,71.494,53.58,1798.834,150.284,23.432,77.978,337,55.18,27.636,0,0
A022,06-01-2025 12:00,A022-ENG,Engine,76.341,2.755,72.794,54.086,1802.306,143.209,23.926,77.393,491,59.439,26.238,0,0
A022,06-01-2025 13:00,A022-ENG,Engine,75.321,2.396,74.471,53.041,1835.43,145.67,23.861,77.881,268,47.69,35.302,0,0
A022,06-01-2025 20:00,A022-ENG,Engine,73.472,3.315,71.047,55.824,1900.707,143.117,23.424,78.625,501,45.292,28.908,0,0
A022,06-01-2025 22:00,A022-ENG,Engine,69.966,2.799,75.075,53.049,1800.44,147.303,23.085,79.516,603,55.475,31.37,0,0
A022,07-01-2025 03:00,A022-ENG,Engine,74.774,2.559,81.476,55.871,1684.438,150.604,23.495,79.035,593,57.018,33.21,0,0
A022,07-01-2025 05:00,A022-ENG,Engine,71.015,2.08,75.58,50.773,1952.669,152.317,24.129,77.991,555,62.705,29.608,0,0
A022,07-01-2025 07:00,A022-ENG,Engine,78.008,3.031,70.88,57.568,1660.519,152.34,23.407,78.711,448,55.269,34.861,0,0
A022,07-01-2025 08:00,A022-ENG,Engine,79.957,2.846,72.035,52.938,1762.193,152.028,24.107,79.949,386,58.919,24.487,0,0
A022,07-01-2025 11:00,A022-ENG,Engine,75.321,2.712,77.894,54.532,1802.168,151.37,23.778,78.987,442,68.348,32.435,0,0
A022,07-01-2025 13:00,A022-ENG,Engine,75.558,2.382,71.734,55.866,1644.286,158.367,22.857,81.032,427,62.9,33.771,0,0
A022,07-01-2025 15:00,A022-ENG,Engine,74.913,3.138,77.864,51.794,1779.143,148.516,23.311,79.214,403,67.074,32.51,0,1
A022,07-01-2025 18:00,A022-ENG,Engine,78.678,2.755,78.451,54.849,1925.167,147.908,23.743,78.976,318,56.244,33.525,0,0
A022,07-01-2025 23:00,A022-ENG,Engine,80.418,2.854,72.708,54.706,1889.696,143.112,23.207,77.701,557,58.855,28.915,0,0
A022,08-01-2025 00:00,A022-ENG,Engine,76.18,2.382,76.038,51.99,1757.555,150.941,23.627,78.089,641,70.547,35.392,0,0
A022,08-01-2025 03:00,A022-ENG,Engine,77.839,2.344,72.778,50.782,1784.433,149.934,23.423,80.366,463,61.486,24.905,0,0
A022,08-01-2025 08:00,A022-ENG,Engine,78.98,3.131,72.876,50.829,1815.487,146.436,23.317,78.346,631,60.953,30.186,0,0
A022,08-01-2025 10:00,A022-ENG,Engine,77.568,3.274,74.272,56.321,1814,151.589,23.787,78.694,621,63.515,35.805,0,0
A022,08-01-2025 14:00,A022-ENG,Engine,76.605,3.23,73.92,55.242,1976.601,142.414,22.888,78.999,616,61.765,27.341,0,0
A022,08-01-2025 20:00,A022-ENG,Engine,75.428,2.844,75.629,50.896,1915.039,149.952,23.451,80.734,497,52.964,31.793,0,0
A022,08-01-2025 21:00,A022-ENG,Engine,79.644,2.68,74.382,53.75,1804.683,149.977,23.062,76.039,524,56.967,35.324,0,0
A022,08-01-2025 23:00,A022-ENG,Engine,77.405,3.003,72.661,52.548,1784.525,148.823,23.739,80.389,467,58.355,35.543,0,1
A022,09-01-2025 02:00,A022-ENG,Engine,77.371,3.403,71.093,54.148,1743.449,150.425,22.646,82.262,641,70.107,30.822,0,1
A022,09-01-2025 05:00,A022-ENG,Engine,78.15,3.122,74.479,54.152,1884.472,148.633,23.945,79.452,620,63.309,41.344,0,0
A022,09-01-2025 06:00,A022-ENG,Engine,82.008,3.243,76.245,53.003,1724.731,143.687,23.301,82.03,309,62.072,32.003,0,0
A022,09-01-2025 07:00,A022-ENG,Engine,78.536,3.652,76.59,52.579,1682.085,149.217,23.457,80.4,320,59.035,33.65,0,0
A022,09-01-2025 09:00,A022-ENG,Engine,80.022,2.837,71.79,52.912,1889.346,146.813,23.665,83.323,584,60.911,24.296,0,0
A022,09-01-2025 11:00,A022-ENG,Engine,78.964,3.435,78.422,51.452,1823.101,145.435,22.934,82.451,395,71.703,31.799,0,1
A022,09-01-2025 13:00,A022-ENG,Engine,75.856,2.669,72.143,53.258,1773.497,148.363,23.737,80.672,404,54.876,35.093,0,0
A022,09-01-2025 17:00,A022-ENG,Engine,90.598,6.806,65.961,57.314,1967.187,147.803,23.104,78.124,586,62.015,34.224,1,1
A022,10-01-2025 01:00,A022-ENG,Engine,80.525,2.643,78.236,48.917,1876.473,153.414,23.438,80.698,571,66.962,21.235,0,0
A022,10-01-2025 05:00,A022-ENG,Engine,79.007,2.751,68.883,52.513,1807.681,143.611,22.99,78.101,558,62.537,29.087,0,0
A022,10-01-2025 09:00,A022-ENG,Engine,88.002,3.101,71.45,53.804,1770.69,148.519,23.214,83.035,404,74.974,27.011,0,0
A022,10-01-2025 17:00,A022-ENG,Engine,84.338,2.597,72.468,51.633,1844.631,143.129,24.078,78.887,644,66.201,33.132,0,0
A022,10-01-2025 18:00,A022-ENG,Engine,78.314,2.642,73.154,53.858,1753.218,145.272,22.901,86.178,589,69.953,23.887,0,1
A022,10-01-2025 19:00,A022-ENG,Engine,76.969,3.494,75.761,53.81,1798.687,153.417,22.905,79.507,496,78.976,29.491,0,0
A022,10-01-2025 22:00,A022-ENG,Engine,73.649,2.855,70.815,52.732,1913.356,145.778,22.884,80.162,593,63.261,29.096,0,0
A022,10-01-2025 23:00,A022-ENG,Engine,82.727,2.909,74.264,51.092,1709.004,151.514,23.559,83.405,456,74.24,20.211,0,1
A022,11-01-2025 01:00,A022-ENG,Engine,79.799,3.143,74.32,48.676,1813.152,145.646,23.046,79.187,479,62.12,28.239,0,0
A022,11-01-2025 03:00,A022-ENG,Engine,82.616,2.847,77.864,52.347,1836.624,143.299,23.138,84.57,684,60.498,29.791,0,0
A022,11-01-2025 11:00,A022-ENG,Engine,75.216,3.122,75.295,52.759,1749.983,138.432,23.103,81.89,603,76.546,14.406,0,0
A022,11-01-2025 12:00,A022-ENG,Engine,77.59,3.577,73.334,50.095,1878.323,148.25,23.742,82.08,723,80.231,37.602,0,0
A022,11-01-2025 15:00,A022-ENG,Engine,77.411,3.404,70.698,55.03,1762.551,145.993,22.728,83.052,618,69.904,31.216,0,0
A022,11-01-2025 16:00,A022-ENG,Engine,78.09,3.563,75.942,52.213,1802.226,139.362,23.159,81.057,674,69.235,33.536,0,0
A022,11-01-2025 21:00,A022-ENG,Engine,78.069,3.603,67.727,51.061,1932.713,150.643,23.249,82.558,400,69.643,41.738,0,1
A022,12-01-2025 00:00,A022-ENG,Engine,77.88,3.766,68.504,49.017,1870.512,148.721,23.427,82.153,544,75.276,30.24,1,0
A022,12-01-2025 06:00,A022-ENG,Engine,70.519,2.94,72.517,54.372,1919.535,139.905,22.925,82.337,762,64.874,30.081,0,0
A022,12-01-2025 09:00,A022-ENG,Engine,79.813,3.094,76.319,51.541,1628.624,139.709,23.392,79.996,505,65.599,28.281,0,0
A022,12-01-2025 14:00,A022-ENG,Engine,76.031,3.173,67.407,53.067,1891.968,145.325,23.204,80.23,763,62.917,32.237,0,0
A022,12-01-2025 21:00,A022-ENG,Engine,78.28,3.024,70.265,51.21,1649.818,153.346,23.673,84.292,599,67.361,25.586,0,0
A022,13-01-2025 00:00,A022-ENG,Engine,78.977,3.64,75.771,50.607,2020.028,142.585,23.27,84.454,665,71.648,33.401,0,0
A022,13-01-2025 05:00,A022-ENG,Engine,81.291,3.393,71.661,54.965,1817.937,147.619,23.247,83.182,545,67.172,22.275,0,0
A022,13-01-2025 13:00,A022-ENG,Engine,83.792,4.154,68.67,52.588,1711.841,147.167,22.801,82.628,604,61.55,23.977,1,0
A022,13-01-2025 16:00,A022-ENG,Engine,84.068,3.128,69.388,55.299,1718.894,147.001,23.514,82.191,533,65.859,24.359,1,0
A022,13-01-2025 20:00,A022-ENG,Engine,85.034,3.943,69.304,55.72,1771.043,145.789,23.114,86.903,424,59.021,28.401,1,0
A022,13-01-2025 22:00,A022-ENG,Engine,79.803,3.698,73.034,52.998,1889.062,147.395,23.378,79.88,730,61.317,27.474,0,1
A022,13-01-2025 23:00,A022-ENG,Engine,85.534,3.782,70.577,53.191,1887.634,149.364,23.157,81.149,435,71.2,25.394,1,0
A022,14-01-2025 01:00,A022-ENG,Engine,76.927,3.014,69.853,52.684,1876.571,152.229,22.91,84.079,663,73.192,35.904,0,1
A022,14-01-2025 02:00,A022-ENG,Engine,81.282,3.552,72.078,52.09,1701.554,138.118,22.507,82.386,451,70.584,32.26,1,0
A022,14-01-2025 04:00,A022-ENG,Engine,79.756,3.925,72.444,50.246,1704.43,140.723,23.095,83.445,814,71.523,25.48,1,0
A022,14-01-2025 13:00,A022-ENG,Engine,79.085,3.68,70.856,51.219,1729.973,146.747,23.024,85.163,784,63.169,44.097,1,0
A022,14-01-2025 14:00,A022-ENG,Engine,77.921,4.258,69.89,54.509,1846.128,144.589,23.292,82.86,586,74.442,33.453,1,1
A022,14-01-2025 16:00,A022-ENG,Engine,77.913,3.098,70.073,51.475,1761.027,141.036,23.015,84.757,627,67.425,28.556,0,1
A022,14-01-2025 18:00,A022-ENG,Engine,81.631,3.209,70.281,55.288,1764.877,153.773,22.835,81.808,684,88.153,36.884,1,1
A022,14-01-2025 22:00,A022-ENG,Engine,82.942,3.209,71.054,55.248,1772.958,149.708,23.561,83.332,492,82.303,24.591,1,1
A022,15-01-2025 03:00,A022-ENG,Engine,88.253,4.127,71.173,51.552,1912.004,148.817,23.098,84.859,593,64.165,34.158,1,1
A022,15-01-2025 06:00,A022-ENG,Engine,83.28,3.514,78.108,52.342,1729.112,149.557,23.041,80.727,559,85.746,23.782,1,0
A022,15-01-2025 10:00,A022-ENG,Engine,81.999,4.272,71.375,55.064,1641.307,146.017,22.803,85.136,804,82.346,39.537,1,1
A022,15-01-2025 11:00,A022-ENG,Engine,85.642,3.633,75.063,51.106,1887.373,140.775,22.518,81.315,475,71.224,28.953,1,1
A022,15-01-2025 22:00,A022-ENG,Engine,82.488,3.978,67.647,52.229,1810.478,148.374,23.034,83.858,578,70.32,29.776,1,0
A022,16-01-2025 00:00,A022-ENG,Engine,81.168,3.102,72.549,49.411,1803.046,136.063,23.27,84.182,778,71.369,29.727,1,0
A022,16-01-2025 03:00,A022-ENG,Engine,80.192,3.477,69.771,50.344,1874.484,151.807,22.731,83.736,670,75.701,35.507,1,1
A022,16-01-2025 04:00,A022-ENG,Engine,82.834,3.619,72.641,52.874,1758.192,144.386,23.057,82.165,769,80.127,21.741,1,0
A022,16-01-2025 07:00,A022-ENG,Engine,83.085,3.563,72.591,54.913,1745.59,151.217,23.326,83.433,533,75.475,27.956,1,1
A022,16-01-2025 11:00,A022-ENG,Engine,82.588,3.306,75.127,52.242,1768.326,150.347,22.567,81.515,534,72.568,31.036,1,0
A022,16-01-2025 14:00,A022-ENG,Engine,84.589,3.677,72.191,49.581,1733.743,144.009,22.916,85.061,695,86.297,28.326,1,1
A022,16-01-2025 17:00,A022-ENG,Engine,83.05,4.031,70.8,52.787,1740.039,145.877,22.234,86.031,760,91.421,30.807,1,1
A022,16-01-2025 19:00,A022-ENG,Engine,95.866,5.651,62.332,53.604,1830.897,140.868,23.473,83.252,620,70.437,24.38,1,1
A022,17-01-2025 01:00,A022-ENG,Engine,81.513,3.661,75.966,52.554,1737.602,142.71,22.796,80.913,812,79.253,38.587,1,0
A022,17-01-2025 02:00,A022-ENG,Engine,83.046,3.792,70.133,52.716,1777.138,149.229,22.133,82.151,616,83.175,27.97,1,1
A022,17-01-2025 06:00,A022-ENG,Engine,84.792,4.417,71.985,51.72,1985.226,150.593,23.259,84.029,564,68.83,36.187,1,1
A022,17-01-2025 11:00,A022-ENG,Engine,88.091,3.506,71.018,49.931,1938.998,141.484,22.214,82.819,536,70.418,25.681,1,1
A022,17-01-2025 13:00,A022-ENG,Engine,84.498,3.653,72.861,50.489,1761.592,147.927,22.767,84.228,841,86.517,16.74,1,1
A022,17-01-2025 14:00,A022-ENG,Engine,86.265,3.999,68.47,52.954,1729.984,139.817,22.478,83.07,845,80.963,43.471,1,1
A023,01-01-2025 01:00,A023-ENG,Engine,72.031,2.711,71.343,54.763,1754.18,145.771,24.28,75.516,132,50.95,25.592,0,0
A023,01-01-2025 02:00,A023-ENG,Engine,70.054,2.234,81.014,57.495,1827.737,151.254,23.893,76.919,249,55.945,33.341,0,0
A023,01-01-2025 04:00,A023-ENG,Engine,75.012,3.144,83.389,57.427,1994.491,146.113,23.67,75.412,224,56.891,29.733,0,0
A023,01-01-2025 09:00,A023-ENG,Engine,73.397,2.408,78.126,51.282,1704.134,151.345,24.579,73.277,413,57.38,35.083,0,0
A023,01-01-2025 12:00,A023-ENG,Engine,71.036,2.117,80.699,53.311,1924.224,152.16,24.148,73.719,451,70.035,30.109,0,0
A023,01-01-2025 13:00,A023-ENG,Engine,72.309,2.481,76.865,52.794,1689.406,150.141,23.156,79.026,423,50.271,34.044,0,0
A023,01-01-2025 14:00,A023-ENG,Engine,77.549,2.414,73.814,53.433,1818.037,147.72,24.352,73.071,397,44.259,25.39,0,1
A023,01-01-2025 22:00,A023-ENG,Engine,75.041,2.959,76.194,55.329,1842.819,147.708,23.846,74.49,492,54.979,26.698,0,0
A023,02-01-2025 05:00,A023-ENG,Engine,71.414,2.845,81.896,54.68,1664.957,145.008,23.713,71.697,505,54.279,31.992,0,0
A023,02-01-2025 08:00,A023-ENG,Engine,73.664,3.327,78.17,56.681,1751.466,148.587,24.127,77.921,325,41.797,31.404,0,0
A023,02-01-2025 13:00,A023-ENG,Engine,73.9,2.474,76.244,52.737,1764.493,151.816,24.094,73.812,144,51.2,25.299,0,0
A023,02-01-2025 23:00,A023-ENG,Engine,72.391,2.016,80.445,52.164,1755.968,148.088,23.969,75.279,537,48.777,34.812,0,0
A023,03-01-2025 02:00,A023-ENG,Engine,75.224,2.257,72.343,57.523,1685.554,150.217,23.982,74.674,330,53.332,37.832,0,0
A023,03-01-2025 03:00,A023-ENG,Engine,81.968,4.746,69.54,54.9,1870.564,134.673,23.699,77.856,347,70.898,24.005,1,1
A023,03-01-2025 06:00,A023-ENG,Engine,73.938,2.605,73.645,55.86,1776.259,146.126,23.38,80.168,450,51.051,34.384,0,0
A023,03-01-2025 16:00,A023-ENG,Engine,77.069,2.179,73.408,54.518,1869.821,150.383,24.243,79.92,353,51.934,33.204,0,0
A023,03-01-2025 18:00,A023-ENG,Engine,72.884,2.012,76.72,51.739,1913.518,147.195,23.634,78.877,454,45.628,23.835,0,0
A023,03-01-2025 19:00,A023-ENG,Engine,69.532,2.566,76.1,53.664,1800.191,152.802,23.782,77.339,393,58.496,31.024,0,0
A023,03-01-2025 21:00,A023-ENG,Engine,73.419,2.49,78.473,55.31,1750.546,154.641,24.338,76.671,174,46.94,27.246,0,0
A023,04-01-2025 00:00,A023-ENG,Engine,71.219,3.657,78.036,53.124,1937.685,149.29,23.75,75.557,539,63.475,37.521,0,1
A023,04-01-2025 03:00,A023-ENG,Engine,69.705,2.893,75.407,54.657,1741.17,148.834,24.654,71.906,237,63.674,40.191,0,0
A023,04-01-2025 08:00,A023-ENG,Engine,72.392,2.618,75.656,55.305,1791.311,146.86,23.579,76.695,575,68.423,38.939,0,0
A023,04-01-2025 14:00,A023-ENG,Engine,74.362,3.519,71.763,57.373,1861.446,141.876,23.54,80.939,219,60.329,26.837,0,0
A023,04-01-2025 18:00,A023-ENG,Engine,71.194,3.228,75.373,53.781,1712.766,146.14,23.019,78.313,468,49.425,29.832,0,0
A023,04-01-2025 20:00,A023-ENG,Engine,77.446,3.064,75.97,55.482,1927.037,148.764,24.06,76.656,415,60.654,23.976,0,0
A023,04-01-2025 21:00,A023-ENG,Engine,74.709,3.154,77.549,54.051,1760.947,151.256,23.933,77.934,538,74.516,26.128,0,1
A023,05-01-2025 08:00,A023-ENG,Engine,73.604,2.749,77.108,56.705,1941.273,142.676,23.328,76.658,376,60.645,29.572,0,0
A023,05-01-2025 09:00,A023-ENG,Engine,71.7,2.782,76.152,54.625,1796.576,155.178,23.69,75.332,410,49.027,27.243,0,0
A023,05-01-2025 10:00,A023-ENG,Engine,73.984,2.899,74.853,53.738,1739.655,150.951,23.62,76.865,543,54.923,35.333,0,0
A023,05-01-2025 23:00,A023-ENG,Engine,96.22,6.399,61.097,55.566,1851.851,130.55,24.009,79.17,266,52.027,31.431,1,1
A023,06-01-2025 00:00,A023-ENG,Engine,74.436,2.825,72.327,51.778,1784.799,146.599,24.201,76.587,295,55.971,32.424,0,0
A023,06-01-2025 09:00,A023-ENG,Engine,80.748,2.816,75.078,53.728,1821.077,145.228,23.946,78.718,233,77.94,29.68,0,1
A023,06-01-2025 10:00,A023-ENG,Engine,77.567,3.483,74.235,53.185,1802.566,141.449,23.908,78.132,453,63.378,27.626,0,0
A023,06-01-2025 12:00,A023-ENG,Engine,78.536,2.74,73.978,55.176,1711.966,145.799,24.009,77.764,256,61.935,23.355,0,0
A023,06-01-2025 16:00,A023-ENG,Engine,72.505,2.89,74.912,55.091,1909.011,146.447,23.923,80.216,298,61.374,31.375,0,0
A023,06-01-2025 21:00,A023-ENG,Engine,75.157,3.014,74.249,54.738,1830.717,143.83,23.402,81.226,348,56.416,23.655,0,0
A023,07-01-2025 00:00,A023-ENG,Engine,75.407,2.777,75.301,51.147,1660.319,148.816,23.979,79.169,251,81.111,29.184,0,0
A023,07-01-2025 05:00,A023-ENG,Engine,74.708,3.311,70.953,53.348,1769.713,157.826,22.992,76.6,447,67.703,25.951,0,0
A023,07-01-2025 09:00,A023-ENG,Engine,71.919,3.43,70.761,56.272,1791.549,158.622,24.131,80.141,436,60.87,37.414,0,0
A023,07-01-2025 13:00,A023-ENG,Engine,83.88,6.804,66.831,53.56,1678.639,131.401,23.29,80.253,269,64.695,24.859,1,1
A023,07-01-2025 14:00,A023-ENG,Engine,83.699,2.132,74.437,56.195,1921.085,149.223,24.051,78.486,502,57.728,30.679,0,0
A023,07-01-2025 16:00,A023-ENG,Engine,74.844,3.001,79.385,53.519,1731.764,152.921,23.352,81.04,540,58.735,34.564,0,1
A023,08-01-2025 01:00,A023-ENG,Engine,69.964,3.394,70.696,52.137,1827.963,152.914,23.242,77.96,515,52.311,30.117,0,0
A023,08-01-2025 07:00,A023-ENG,Engine,81.928,4.712,72.213,53.58,1784.029,126.491,22.745,80.112,499,72.905,25.221,1,1
A023,08-01-2025 13:00,A023-ENG,Engine,80.468,2.826,76.629,48.623,2031.198,150.796,23.586,78.572,305,62.809,29.82,0,1
A023,08-01-2025 15:00,A023-ENG,Engine,79.76,2.903,75.268,57.808,1694.802,149.732,23.328,82.202,680,63.109,28.66,0,1
A023,08-01-2025 19:00,A023-ENG,Engine,82.923,2.725,74.565,54.588,1785.696,142.331,23.572,76.159,384,65.962,30.961,0,0
A023,08-01-2025 21:00,A023-ENG,Engine,76.998,3.333,76.089,51.255,1717.291,146.182,23.898,81.602,536,66.039,32.166,0,1
A023,08-01-2025 22:00,A023-ENG,Engine,76.436,2.767,76.905,57.017,1799.134,154.012,23.689,79.548,408,47.802,41.324,0,1
A023,08-01-2025 23:00,A023-ENG,Engine,81.642,2.957,70.405,56.384,1747.855,145.829,22.832,82.65,344,70.856,21.078,0,1
A023,09-01-2025 01:00,A023-ENG,Engine,77.288,3.527,75.745,52.204,1673.965,148.256,23.461,78.233,293,57.814,32.028,0,0
A023,09-01-2025 11:00,A023-ENG,Engine,75.257,2.924,73.611,55.25,1674.477,146.613,23.928,78.955,415,73.655,34.434,0,0
A023,09-01-2025 17:00,A023-ENG,Engine,90.462,6.807,65.013,55.878,1988.045,131.508,23.194,80.588,613,74.265,40.106,1,1
A023,09-01-2025 22:00,A023-ENG,Engine,80.931,2.784,68.328,51.47,1768.385,156.517,23.107,83.834,330,70.971,29.721,0,0
A023,10-01-2025 01:00,A023-ENG,Engine,75.483,3.232,71.297,52.198,1860.467,141.015,23.547,83.314,389,67.741,34.008,0,0
A023,10-01-2025 03:00,A023-ENG,Engine,76.996,3.926,71.95,52.521,1776.082,151.108,23.06,83.884,655,50.195,26.559,0,0
A023,10-01-2025 07:00,A023-ENG,Engine,79.221,3.07,70.672,52.861,1742.198,143.203,23.213,79.696,486,83.432,34.472,0,0
A023,10-01-2025 10:00,A023-ENG,Engine,74.075,2.994,72.048,53.367,1852.52,146.838,23.331,77.723,344,44.509,28.708,0,0
A023,10-01-2025 11:00,A023-ENG,Engine,75.7,3.686,74.679,52.962,1830.685,144.758,23.103,76.762,440,46.628,29.569,0,1
A023,10-01-2025 21:00,A023-ENG,Engine,76.666,3.696,74.726,55.773,1976.453,148.108,22.803,81.675,702,68.869,35.57,0,0
A023,10-01-2025 22:00,A023-ENG,Engine,82.91,3.336,72.491,53.026,1802.052,151.596,23.362,84.66,382,66.596,29.804,0,0
A023,11-01-2025 00:00,A023-ENG,Engine,78.69,3.607,69.738,52.498,1780.17,139.414,23.507,77.948,608,75.883,25.065,0,1
A023,11-01-2025 02:00,A023-ENG,Engine,84.68,3.594,68.396,54.59,1795.979,143.371,23.797,83.948,466,61.968,35.312,0,0
A023,11-01-2025 04:00,A023-ENG,Engine,78.859,3.007,76.185,56.159,1858.014,148.556,22.954,82.088,699,63.736,21.176,0,1
A023,11-01-2025 07:00,A023-ENG,Engine,78.402,3.77,72.436,52.486,1815.018,145.673,23.204,82.12,454,68.348,43.311,0,1
A023,11-01-2025 09:00,A023-ENG,Engine,76.38,4.002,71.187,51.534,1962.04,150.656,22.971,82.13,502,71.81,24.065,0,1
A023,11-01-2025 10:00,A023-ENG,Engine,78.084,2.895,72.536,54.591,1814.262,145.634,22.985,82.278,579,66.621,29.456,0,0
A023,11-01-2025 11:00,A023-ENG,Engine,78.466,3.411,73.269,57.043,1830.26,151.904,23.542,83.539,626,65.787,24.457,0,0
A023,11-01-2025 14:00,A023-ENG,Engine,83.582,3.691,73.998,51.413,1716.259,141.548,23.192,82.2,532,63.811,37.676,0,0
A023,11-01-2025 18:00,A023-ENG,Engine,78.531,3.712,71.134,53.223,1850.744,150.315,23.201,82.929,742,62.391,28.329,0,0
A023,11-01-2025 19:00,A023-ENG,Engine,82.145,3.398,68.897,53.906,1846.705,146.577,23.311,83.842,509,53.888,34.359,0,1
A023,12-01-2025 01:00,A023-ENG,Engine,81.016,3.117,77.156,52.066,1708.905,150.236,22.65,81.708,706,56.694,24.42,0,0
A023,12-01-2025 05:00,A023-ENG,Engine,80.014,3.513,73.18,50.844,1704.363,153.059,22.994,82.836,431,80.219,28.972,1,0
A023,12-01-2025 16:00,A023-ENG,Engine,83.918,3.5,72.732,53.681,1763.053,147.797,22.935,80.972,539,68.948,30.362,1,1
A023,12-01-2025 22:00,A023-ENG,Engine,79.601,3.487,73.251,53.434,1850.464,149.21,22.874,80.908,413,72.914,25.037,1,0
A023,12-01-2025 23:00,A023-ENG,Engine,81.705,3.184,66.097,53.434,1793.433,151.438,23.008,82.339,391,66.338,26.46,1,0
A023,13-01-2025 00:00,A023-ENG,Engine,78.696,3.469,69.616,54.517,1734.246,146.3,23.425,84.774,581,50.676,34.295,0,1
A023,13-01-2025 07:00,A023-ENG,Engine,82.464,3.417,69.555,52.059,1957.737,142.44,22.778,80.635,586,78.011,30.908,1,0
A023,13-01-2025 19:00,A023-ENG,Engine,80.683,3.426,67.847,52.22,1695.301,143.221,23.496,80.946,521,67.912,32.944,1,1
A023,14-01-2025 03:00,A023-ENG,Engine,82.686,3.437,72.968,48.307,1856.974,145.435,23.538,82.635,450,76.133,32.933,1,1
A023,14-01-2025 06:00,A023-ENG,Engine,84.839,3.281,73.36,50.094,1811.664,148.602,22.839,85.033,695,75.684,31.78,1,1
A023,14-01-2025 18:00,A023-ENG,Engine,82.816,3.404,70.206,52.281,1804.266,147.488,23.289,81.995,430,77.05,21.62,1,1
A023,15-01-2025 04:00,A023-ENG,Engine,79.8,4.152,67.147,52.598,1790.582,143.18,22.977,82.019,482,70.532,30.739,1,0
A023,15-01-2025 14:00,A023-ENG,Engine,99.199,7.344,61.298,50.836,1867.464,132.168,23.097,82.315,637,85.908,32.528,1,1
A023,15-01-2025 16:00,A023-ENG,Engine,95.57,5.447,60.759,52.473,1903.479,129.905,22.704,87.332,489,72.652,30.969,1,0
A023,15-01-2025 22:00,A023-ENG,Engine,84.433,3.706,71.102,51.603,1917.205,142.442,22.943,85.388,499,71.463,35.094,1,0
A023,16-01-2025 01:00,A023-ENG,Engine,87.999,4.292,75.201,51.53,1688.578,145.648,22.62,83.962,743,63.928,28.116,1,1
A023,16-01-2025 09:00,A023-ENG,Engine,82.838,3.389,68.979,50.893,1962.906,149.708,23.243,84.876,749,70.742,33.671,1,1
A023,16-01-2025 11:00,A023-ENG,Engine,80.754,3.934,75.216,48.87,1720.503,145.88,23.26,88.397,849,77.473,33.736,1,0
A023,16-01-2025 13:00,A023-ENG,Engine,83.703,4.221,68.048,52.017,1816.875,142.128,22.546,83.031,783,72.894,27.386,1,1
A023,16-01-2025 14:00,A023-ENG,Engine,79.5,4.111,68.369,52.088,1919.377,138.669,23.351,85.342,867,71.37,18.158,1,0
A023,16-01-2025 15:00,A023-ENG,Engine,83.847,4.485,67.581,54.283,1966.126,140.547,22.804,85.06,785,80.905,32.858,1,0
A023,16-01-2025 20:00,A023-ENG,Engine,82.441,3.525,68.845,55.464,1744.849,148.924,22.889,86.692,760,78.361,31.806,1,0
A023,16-01-2025 22:00,A023-ENG,Engine,81.433,3.568,71.002,50.543,1934.339,145.154,22.537,85.848,880,81.828,32.229,1,1
A023,16-01-2025 23:00,A023-ENG,Engine,86.35,3.562,68.403,51.888,1798.75,142.491,22.505,84.128,709,70.248,30.281,1,1
A023,17-01-2025 06:00,A023-ENG,Engine,84.586,3.501,68.606,53.661,1646.185,143.071,22.868,85.546,690,69.252,32.49,1,1
A023,17-01-2025 07:00,A023-ENG,Engine,83.339,4.205,70.076,52.909,1749.476,141.412,22.3,83.683,818,76.08,27.014,1,1
A023,17-01-2025 12:00,A023-ENG,Engine,80.499,3.945,71.779,52.125,1875.312,146.709,22.596,82.593,550,84.243,27.155,1,0
A023,17-01-2025 13:00,A023-ENG,Engine,78.448,4.154,68.51,56.238,1882.437,141.814,23.356,83.649,717,81.144,32.255,1,0
A024,01-01-2025 08:00,A024-ENG,Engine,71.942,2.075,77.512,56.31,1746.292,153.756,24.89,76.942,346,40.24,28.882,0,0
A024,01-01-2025 10:00,A024-ENG,Engine,75.929,1.755,81.467,56.068,1697.881,160.707,23.876,74.465,136,44.285,32.318,0,0
A024,01-01-2025 14:00,A024-ENG,Engine,71.073,1.752,83.715,56.552,1821.69,150.222,24.296,72.296,385,49.791,23.894,0,0
A024,01-01-2025 17:00,A024-ENG,Engine,68.26,2.049,79.414,59.985,1690.397,149.458,24.088,75.495,507,48.837,21.88,0,0
A024,01-01-2025 20:00,A024-ENG,Engine,70.442,1.797,80.297,56.439,1874.561,155.018,23.384,74.526,123,68.905,35.105,0,0
A024,01-01-2025 23:00,A024-ENG,Engine,68.35,2.522,76.143,55.55,1758.741,154.748,24.158,77.606,442,31.925,27.113,0,0
A024,02-01-2025 01:00,A024-ENG,Engine,70.039,2.385,77.386,52.558,1822.499,153.747,23.474,80.169,455,39.467,31.504,0,0
A024,02-01-2025 02:00,A024-ENG,Engine,74.689,2.729,74.729,53.318,1758.024,147.374,24.059,75.9,321,35.887,37.097,0,0
A024,02-01-2025 04:00,A024-ENG,Engine,74.095,2.272,83.496,59.523,1794.012,151.478,23.786,77.822,227,56.882,28.406,0,0
A024,02-01-2025 05:00,A024-ENG,Engine,72.139,2.389,80.54,53.029,1782.363,143.213,23.969,75.939,130,37.066,22.853,0,0
A024,02-01-2025 07:00,A024-ENG,Engine,71.016,2.845,77.617,52.392,1847.897,154.12,24.385,76.538,212,53.162,33.078,0,0
A024,02-01-2025 08:00,A024-ENG,Engine,71.261,2.505,79.41,58.638,1979.231,145.808,24.19,75.891,330,51.177,35.871,0,0
A024,02-01-2025 14:00,A024-ENG,Engine,69.648,2.342,79.431,53.003,1968.931,149.518,23.947,76.3,421,52.731,28.703,0,0
A024,02-01-2025 20:00,A024-ENG,Engine,69.656,2.426,77.216,56.26,1790.77,148.055,24.267,74.781,502,49.214,26.835,0,0
A024,02-01-2025 21:00,A024-ENG,Engine,82.608,5.021,65.985,55.558,1838.916,131.931,23.661,75.853,314,45.733,31.903,1,0
A024,03-01-2025 02:00,A024-ENG,Engine,73.665,1.952,78.007,54.894,1875.891,152.753,23.283,71.993,263,45.038,35.686,0,0
A024,03-01-2025 07:00,A024-ENG,Engine,70.183,2.246,74.318,55.616,1597.749,148.168,23.63,79.788,233,60.513,25.244,0,0
A024,03-01-2025 16:00,A024-ENG,Engine,71.937,2.635,79.668,55.14,1864.618,145.194,23.162,77.866,460,52.84,35.991,0,0
A024,04-01-2025 01:00,A024-ENG,Engine,72.219,1.981,76.359,51.29,1736.184,147.317,23.388,75.36,199,42.624,34.671,0,0
A024,04-01-2025 06:00,A024-ENG,Engine,71.869,2.651,76.316,52.918,1765.693,147.332,23.641,75.313,263,50.49,31.163,0,0
A024,04-01-2025 09:00,A024-ENG,Engine,69.73,1.971,77.85,50.574,1646.659,155.622,23.199,75.961,545,57.781,34.797,0,1
A024,04-01-2025 23:00,A024-ENG,Engine,73.472,3.119,77.939,53.636,1731.272,146.089,22.944,76.114,218,56.222,25.895,0,1
A024,05-01-2025 00:00,A024-ENG,Engine,72.596,2.166,80.789,54.19,1902.13,147.086,22.427,80.854,446,45.196,23.125,0,0
A024,05-01-2025 02:00,A024-ENG,Engine,74.563,2.925,76.804,51.193,1848.722,148.847,24.358,77.992,422,59.595,28.388,0,1
A024,05-01-2025 12:00,A024-ENG,Engine,72.818,2.432,77.699,53.749,1735.443,143.679,23.836,76.295,499,40.894,27.572,0,0
A024,05-01-2025 18:00,A024-ENG,Engine,74.603,2.214,75.528,51.895,1863.486,143.306,22.927,76.302,420,65.061,25.516,0,0
A024,05-01-2025 19:00,A024-ENG,Engine,71.665,2.67,72.686,57.24,1644.898,145.164,23.245,76.661,295,66.243,28.063,0,0
A024,06-01-2025 00:00,A024-ENG,Engine,78.275,2.47,71.307,54.372,1849.012,152.778,23.887,78.809,590,47.251,37.773,0,0
A024,06-01-2025 07:00,A024-ENG,Engine,75.843,2.627,77.044,55.833,1870.846,151.809,23.254,79.512,328,66.682,21.733,0,0
A024,06-01-2025 14:00,A024-ENG,Engine,75.222,2.912,80.432,56.177,1805.903,154.686,23.352,78.225,437,59.078,28.612,0,0
A024,06-01-2025 15:00,A024-ENG,Engine,71.336,2.904,74.407,54.085,1758.491,150.247,23.579,76.615,336,42.998,34.19,0,0
A024,07-01-2025 04:00,A024-ENG,Engine,77.756,2.608,73.709,53.769,1799.178,150.105,23.513,77.162,590,53.969,40.498,0,0
A024,07-01-2025 07:00,A024-ENG,Engine,71.805,3.207,73.288,55.93,1974.879,155.028,22.83,78.867,629,56.11,38.09,0,0
A024,07-01-2025 08:00,A024-ENG,Engine,75.58,2.457,76.903,53.124,1669.77,152.034,22.841,79.1,454,53.435,33.309,0,0
A024,07-01-2025 11:00,A024-ENG,Engine,71.491,2.756,81.109,54.518,1698.271,141.814,23.466,81.968,433,55.157,26.115,0,0
A024,07-01-2025 15:00,A024-ENG,Engine,76.951,2.07,73.588,54.922,1726.395,147.443,22.576,80.812,490,63.672,29.693,0,0
A024,07-01-2025 19:00,A024-ENG,Engine,75.042,3.097,74.116,55.679,1805.157,151.801,23.229,78.349,294,57.083,35.854,0,1
A024,08-01-2025 00:00,A024-ENG,Engine,73.518,2.879,79.499,54.997,1678.61,155.067,23.459,81.011,484,58.63,35.994,0,1
A024,08-01-2025 03:00,A024-ENG,Engine,73.015,2.617,74.461,50.112,1841.655,149.326,23.359,80.253,553,60.711,23.379,0,0
A024,08-01-2025 07:00,A024-ENG,Engine,74.585,3.077,70.983,55.008,1707.897,147.568,23.53,77.848,565,53.536,31.316,0,1
A024,08-01-2025 13:00,A024-ENG,Engine,74.828,2.652,79.293,54.199,1803.763,147.031,23.161,77.616,370,54.218,27.755,0,0
A024,08-01-2025 15:00,A024-ENG,Engine,77.438,2.731,77.77,52.355,1773.335,154.978,23.67,81.263,479,57.661,25.493,0,0
A024,08-01-2025 17:00,A024-ENG,Engine,76.275,2.948,72.692,53.602,1791.84,149.761,23.577,82.016,332,70.603,28.442,0,0
A024,08-01-2025 18:00,A024-ENG,Engine,73.478,2.661,78.36,54.044,1998.766,151.298,23.246,78.38,428,65.533,28.37,0,0
A024,09-01-2025 00:00,A024-ENG,Engine,71.203,2.862,74.159,50.927,1857.573,152.791,22.867,81.774,497,52.876,29.458,0,0
A024,09-01-2025 02:00,A024-ENG,Engine,74.442,2.783,77.057,55.964,1807.701,150.003,23.734,81.765,440,53.644,26.566,0,0
A024,09-01-2025 03:00,A024-ENG,Engine,75.299,2.815,76.312,51.096,1731.561,149.385,23.668,79.588,592,54.995,31.861,0,0
A024,09-01-2025 04:00,A024-ENG,Engine,74.421,3.118,74.639,54.762,1884.44,141.297,23.382,77.515,638,51.297,36.852,0,0
A024,09-01-2025 14:00,A024-ENG,Engine,76.997,2.708,72.765,53.769,1932.484,149.454,22.917,80.324,308,66.668,29.148,0,0
A024,09-01-2025 19:00,A024-ENG,Engine,79.691,2.929,74.114,51.744,1758.799,149.343,23.244,79.837,672,60.633,27.217,0,0
A024,09-01-2025 21:00,A024-ENG,Engine,76.709,3.304,72.914,50.97,1934.655,143.719,23.46,79.807,335,50.693,23.156,0,0
A024,09-01-2025 23:00,A024-ENG,Engine,74.434,2.689,73.336,55.807,1689.541,148.828,23.924,80.187,318,71,30.507,0,0
A024,10-01-2025 05:00,A024-ENG,Engine,74.124,2.805,71.239,53.388,1849.721,148.089,23.728,80.767,459,61.546,27.033,0,0
A024,10-01-2025 06:00,A024-ENG,Engine,79.826,3.507,74.235,54.126,1731.469,144.618,22.471,81.675,581,56.682,38.335,0,0
A024,10-01-2025 09:00,A024-ENG,Engine,74.101,2.295,72.641,57.604,1897.71,144.94,23.387,78.641,493,67.297,24.734,0,0
A024,10-01-2025 13:00,A024-ENG,Engine,73.125,3.189,73.564,56.83,1862.112,145.235,23.344,82.909,453,67.178,26.513,0,0
A024,10-01-2025 20:00,A024-ENG,Engine,76.803,3.532,70.559,54.307,1896.901,144.382,23.196,82.353,511,53.895,30.13,0,0
A024,10-01-2025 23:00,A024-ENG,Engine,73.977,2.903,72.081,54.335,1881.133,146.219,23.015,83.759,415,46.549,28.572,0,0
A024,11-01-2025 01:00,A024-ENG,Engine,79.734,3.151,74.647,50.965,1794.774,142.307,23.032,78.435,488,71.26,29.421,0,0
A024,11-01-2025 02:00,A024-ENG,Engine,79.642,2.534,76.124,51.938,1869.881,140.761,23.276,81.723,636,73.834,26.401,0,0
A024,11-01-2025 10:00,A024-ENG,Engine,81.041,3.413,76.886,56.134,1777.258,146.36,23.263,83.261,598,57.544,34.52,0,0
A024,11-01-2025 14:00,A024-ENG,Engine,78.212,2.999,81.067,54.212,1802.749,149.357,23.098,82.971,412,64.516,29.269,0,0
A024,11-01-2025 17:00,A024-ENG,Engine,81.25,3.071,70.517,53.174,1763.228,148.407,23.142,84.031,391,63.903,31.421,0,0
A024,11-01-2025 21:00,A024-ENG,Engine,79.771,2.867,73.355,50.788,1848.101,141.984,22.761,84.774,451,63.51,26.398,0,1
A024,12-01-2025 11:00,A024-ENG,Engine,77.419,3.371,71.551,52.725,1858.103,148.266,23.338,78.879,636,66.809,26.252,0,0
A024,12-01-2025 18:00,A024-ENG,Engine,79.948,2.615,75.573,52.493,1671.126,146.376,22.738,84.327,513,49.414,34.725,0,0
A024,13-01-2025 00:00,A024-ENG,Engine,80.197,3.602,75.785,48.837,1877.059,145.858,22.985,81.515,543,64.776,25.958,0,0
A024,13-01-2025 03:00,A024-ENG,Engine,83.431,2.825,77.717,56.511,1983.707,152.598,23.276,82.67,437,67.786,25.424,0,1
A024,13-01-2025 07:00,A024-ENG,Engine,76.469,3.664,72.738,54.048,1891.964,148.42,23.124,83.934,772,66.333,27.929,0,0
A024,13-01-2025 10:00,A024-ENG,Engine,80.036,3.457,78.085,54.18,1813.144,144.06,23.081,83.03,560,62.843,34.07,0,0
A024,13-01-2025 12:00,A024-ENG,Engine,81.082,2.745,73.861,52.43,1857.221,146.992,22.573,81.844,707,61.644,30.014,0,0
A024,13-01-2025 22:00,A024-ENG,Engine,80.327,2.83,74.377,52.323,1891.231,149.798,22.515,81.953,532,56.406,32.014,0,1
A024,14-01-2025 00:00,A024-ENG,Engine,81.092,3.788,75.996,53.979,1919.465,149.121,23.4,84.476,752,73.197,24.799,0,1
A024,14-01-2025 09:00,A024-ENG,Engine,80.702,2.907,72.847,56.165,1746.448,146.015,23.256,81.75,812,87.052,29.259,1,1
A024,14-01-2025 11:00,A024-ENG,Engine,77.749,3.435,74.258,50.606,1954.214,142.757,23.286,83.158,613,75.051,25.04,0,0
A024,14-01-2025 18:00,A024-ENG,Engine,80.617,3.486,70.192,52.743,1775.189,148.186,23.266,78.278,707,70.574,32.194,1,1
A024,15-01-2025 02:00,A024-ENG,Engine,83.551,3.06,73.939,52.131,1828.959,145.953,23.712,84.894,811,64.696,29.015,0,0
A024,15-01-2025 05:00,A024-ENG,Engine,83.036,3.502,69.321,52.019,1706.442,143.199,22.692,81.418,508,67.627,25.556,1,0
A024,15-01-2025 09:00,A024-ENG,Engine,82.129,3.147,72.416,50.759,1723.333,146.5,23.676,84.229,673,72.69,28.671,1,1
A024,15-01-2025 10:00,A024-ENG,Engine,82.214,2.963,72.298,52.386,1853.555,147.138,22.715,85.918,832,78.952,27.131,1,0
A024,15-01-2025 11:00,A024-ENG,Engine,80.87,3.747,72.341,54.798,1949.517,149.761,23.302,85.469,521,68.683,24.541,1,0
A024,15-01-2025 15:00,A024-ENG,Engine,84.735,3.224,69.644,52.424,1745.983,144.608,22.79,82.07,582,55.325,34.069,0,1
A024,15-01-2025 21:00,A024-ENG,Engine,81.843,2.769,70.29,51.296,1768.028,149.648,23.284,79.973,546,67.004,35.004,0,1
A024,16-01-2025 06:00,A024-ENG,Engine,79.034,3.738,69.431,51.343,1892.485,143.709,22.659,82.75,557,62.284,35.286,1,0
A024,16-01-2025 08:00,A024-ENG,Engine,79.658,3.502,70.392,50.698,1753.997,145.662,22.826,84.047,534,76.032,23.629,1,1
A024,16-01-2025 10:00,A024-ENG,Engine,83.533,2.921,71.503,54.107,1769.483,141.928,23.277,82.756,589,67.174,28.256,1,1
A024,16-01-2025 13:00,A024-ENG,Engine,81.822,4.113,72.364,47.881,1773.043,145.105,23.497,84.547,713,52.303,32.162,1,0
A024,16-01-2025 14:00,A024-ENG,Engine,81.252,3.478,74.915,52.514,1817.332,143.321,22.436,84.729,791,65.341,30.746,1,0
A024,16-01-2025 19:00,A024-ENG,Engine,82.479,3.021,66.654,49.787,1762.509,146.976,23.254,87.127,482,77.351,23.461,1,0
A024,16-01-2025 22:00,A024-ENG,Engine,84.955,3.604,70.542,53.18,1807.522,149.175,22.462,82.182,741,68.316,21.281,1,1
A024,17-01-2025 04:00,A024-ENG,Engine,82.742,3.324,70.882,53.48,1723.06,145.665,22.631,83.445,626,78.877,32.422,1,1
A024,17-01-2025 09:00,A024-ENG,Engine,78.002,3.413,73.316,54.394,1764.949,149.166,22.636,88.934,757,65.337,30.283,1,0
A024,17-01-2025 13:00,A024-ENG,Engine,85.703,3.401,72.172,53.95,1931.772,146.698,22.823,84.175,825,71.366,39.216,1,1
A025,01-01-2025 05:00,A025-ENG,Engine,75.434,3.172,74.083,58.292,1760.385,156.543,24.173,76.075,273,49.83,37.862,0,0
A025,01-01-2025 06:00,A025-ENG,Engine,76.254,2.634,74.291,51.731,1881.602,151.759,24.576,74.755,250,76.883,25.266,0,1
A025,01-01-2025 07:00,A025-ENG,Engine,74.249,2.344,75.363,54.037,1979.015,152.441,24.055,78.263,300,66.657,20.9,0,0
A025,01-01-2025 13:00,A025-ENG,Engine,75.395,2.937,75.863,56.821,1611.161,152.083,24.043,74.952,486,67.998,34.128,0,1
A025,01-01-2025 17:00,A025-ENG,Engine,68.988,2.932,76.126,53.293,1811.75,142.782,23.564,75.394,265,50.215,39.882,0,0
A025,01-01-2025 21:00,A025-ENG,Engine,78.087,2.852,75.8,56.247,1867.765,148.675,23.581,72.471,463,57.582,23.875,0,0
A025,01-01-2025 23:00,A025-ENG,Engine,74.602,3.293,71.417,55.122,1707.956,155.497,24.135,73.501,186,66.108,36.165,0,0
A025,02-01-2025 00:00,A025-ENG,Engine,75.482,3.282,75.367,55.747,1856.167,151.014,23.959,74.977,274,63.655,32.067,0,0
A025,02-01-2025 03:00,A025-ENG,Engine,76.097,2.134,73.953,56.03,1866.54,151.293,23.854,76.788,500,75.336,32.635,0,0
A025,02-01-2025 07:00,A025-ENG,Engine,76.13,2.979,72.397,54.199,1772.246,145.609,24.085,83.06,366,51.03,32.717,0,0
A025,02-01-2025 11:00,A025-ENG,Engine,76.675,3.357,73.441,54.389,1693.463,147.848,24.05,71.8,137,64.175,23.496,0,0
A025,02-01-2025 14:00,A025-ENG,Engine,80.266,3.519,74.983,54.228,1807.377,145.152,23.666,75.352,444,64.478,33.83,0,0
A025,02-01-2025 20:00,A025-ENG,Engine,77.961,2.896,72.523,57.512,1803.164,152.767,23.333,75.559,278,55.437,27.274,0,0
A025,02-01-2025 22:00,A025-ENG,Engine,80.782,3.261,74.958,53.315,1863.8,151.176,24.051,77.27,252,61.497,21.817,0,1
A025,03-01-2025 06:00,A025-ENG,Engine,70.067,2.835,76.562,54.499,1750.953,146.672,23.696,73.884,386,66.124,34.073,0,1
A025,03-01-2025 15:00,A025-ENG,Engine,73.297,3.136,78.403,51.966,1615.673,148.797,23.555,77.079,458,76.922,27.294,0,0
A025,03-01-2025 17:00,A025-ENG,Engine,76.379,3.054,74.126,55.227,1807.643,155.907,23.94,77.427,174,54.606,29.904,0,0
A025,03-01-2025 19:00,A025-ENG,Engine,76.396,2.466,73.827,55.791,1858.157,148.15,23.701,78.414,267,58.235,25.225,0,0
A025,04-01-2025 02:00,A025-ENG,Engine,75.798,2.973,72.751,55.552,1960.839,147.785,23.997,75.73,301,36.703,30.844,0,0
A025,04-01-2025 03:00,A025-ENG,Engine,76.139,2.438,74.361,56.247,2032.017,149.471,24.042,76.978,524,69.31,31.552,0,0
A025,04-01-2025 06:00,A025-ENG,Engine,78.632,3.137,70.782,53.163,1746.43,143.665,23.493,77.428,182,69.484,29.392,0,1
A025,04-01-2025 11:00,A025-ENG,Engine,70.908,3.244,71.885,54.303,1788.479,146.508,22.845,74.914,299,53.482,24.95,0,0
A025,04-01-2025 12:00,A025-ENG,Engine,75.422,3.042,73.228,56.641,2047.96,141.727,23.94,73.594,193,68.574,20.523,0,0
A025,04-01-2025 17:00,A025-ENG,Engine,75.363,3.057,71.128,55.927,1862.915,148.979,23.732,77.776,281,66.946,33.954,0,0
A025,04-01-2025 22:00,A025-ENG,Engine,73.182,3.429,72.539,55.328,1801.276,147.463,23.442,73.23,478,63.561,31.304,0,0
A025,05-01-2025 00:00,A025-ENG,Engine,75.997,3.057,71.032,51.763,1793.937,138.203,23.863,75.255,289,81.432,32.652,0,1
A025,05-01-2025 03:00,A025-ENG,Engine,78.309,3.234,72.376,51.292,1891.116,141.909,23.63,77.531,398,62.852,31.036,0,0
A025,05-01-2025 05:00,A025-ENG,Engine,79.301,3.061,72.004,55.336,1808.377,153.663,23.973,75.766,284,62.214,28.759,0,0
A025,05-01-2025 07:00,A025-ENG,Engine,80.791,3.059,73.241,52.9,1909.723,140.153,23.199,80.753,471,65.403,27.796,0,0
A025,05-01-2025 09:00,A025-ENG,Engine,76.966,3.286,79.557,50.91,1696.388,149.721,23.393,78.408,274,55.536,30.276,0,1
A025,05-01-2025 22:00,A025-ENG,Engine,79.916,3.223,75.548,53.803,1696.578,145.467,23.22,78.244,334,72.491,22.89,0,0
A025,06-01-2025 00:00,A025-ENG,Engine,78.66,3.781,67.624,55.596,1784.231,149.625,23.792,79.327,535,80.004,32.853,1,0
A025,06-01-2025 01:00,A025-ENG,Engine,83.233,2.994,74.812,56.621,1854.401,146.045,23.393,80.346,534,70.203,27.832,0,0
A025,06-01-2025 04:00,A025-ENG,Engine,75.607,3.08,72.689,51.164,1754.639,158.563,23.646,81.679,366,63.148,33.18,0,0
A025,06-01-2025 05:00,A025-ENG,Engine,77.406,3.418,71.914,54.577,1891.257,154.032,23.992,78.058,329,77.476,34.582,0,0
A025,06-01-2025 09:00,A025-ENG,Engine,93.983,6.441,59.456,52.501,1831.967,126.952,23.749,77.92,626,68.803,30.509,1,1
A025,06-01-2025 12:00,A025-ENG,Engine,75.709,2.643,73.173,56.949,1836.739,151.039,24.315,76.234,301,80.202,36.184,0,1
A025,06-01-2025 13:00,A025-ENG,Engine,84.886,3.61,70.54,55.453,1777.64,150.769,23.251,79.438,399,63.85,20.019,0,1
A025,06-01-2025 14:00,A025-ENG,Engine,75.143,3.067,71.558,54.311,1739.919,144.793,23.42,78.427,257,66.716,30.377,0,0
A025,06-01-2025 16:00,A025-ENG,Engine,81.545,3.132,73.007,55.288,1692.32,153.752,23.35,78.08,566,65.815,26.678,0,1
A025,06-01-2025 19:00,A025-ENG,Engine,81.128,4.162,72.776,55.532,1835.968,145.833,23.706,78.03,297,61.808,30.914,0,1
A025,06-01-2025 20:00,A025-ENG,Engine,74.458,2.967,75.933,52.655,1701.728,140.936,23.991,77.991,366,58.483,25.785,0,1
A025,07-01-2025 00:00,A025-ENG,Engine,80.189,3.398,70.534,52.568,1850.605,145.981,23.772,78.886,446,73.944,24.375,0,0
A025,07-01-2025 01:00,A025-ENG,Engine,78.094,3.131,73.069,54.402,1804.305,143.856,23.33,77.084,595,80.205,22.812,0,0
A025,07-01-2025 06:00,A025-ENG,Engine,78.654,3.565,72.622,54.881,1761.623,149.124,23.221,82.305,543,71.363,29.735,0,0
A025,07-01-2025 11:00,A025-ENG,Engine,76.93,3.607,73.281,52.009,1841.149,147.611,23.682,79.924,542,63.714,32.269,0,0
A025,07-01-2025 15:00,A025-ENG,Engine,84.634,3.33,76.256,50.189,1815.678,146.352,23.26,74.845,630,72.696,34.128,0,1
A025,07-01-2025 22:00,A025-ENG,Engine,77.182,3.202,74.063,54.431,1859.341,152.999,23.465,82.804,581,82.26,29.508,0,0
A025,08-01-2025 07:00,A025-ENG,Engine,83.075,4.051,71.663,51.925,1559.035,143.663,23.509,82.254,588,65.657,27.88,1,1
A025,08-01-2025 16:00,A025-ENG,Engine,80.469,3.234,66.695,52.217,1801.848,144.859,24.317,81.413,384,73.692,30.509,1,1
A025,09-01-2025 01:00,A025-ENG,Engine,82.37,3.639,74.064,52.227,1865.461,146.225,23.141,78.777,448,62.435,31.71,0,0
A025,09-01-2025 05:00,A025-ENG,Engine,75.267,3.477,70.88,55.444,1956.325,149.841,22.786,81.195,379,67.794,30.974,0,1
A025,09-01-2025 08:00,A025-ENG,Engine,82.726,3.753,66.862,53.504,1745.681,155.549,23.136,78.141,582,65.068,36.425,1,0
A025,09-01-2025 09:00,A025-ENG,Engine,82.01,3.713,65.366,51.984,1842.735,144.156,22.975,81.417,383,81.274,27.279,1,0
A025,09-01-2025 10:00,A025-ENG,Engine,85.388,3.554,70.826,53.282,1810.673,137.428,22.805,82.797,331,86.489,27.956,1,0
A025,09-01-2025 15:00,A025-ENG,Engine,77.707,2.735,71.224,55.468,1843.829,147.812,23.683,79.232,581,52.383,32.406,0,1
A025,09-01-2025 19:00,A025-ENG,Engine,79.897,3.738,74.023,57.876,1849.486,145.2,23.039,83.569,629,75.493,28.498,1,0
A025,09-01-2025 20:00,A025-ENG,Engine,84.218,3.834,70.281,56.916,1800.029,145.571,23.865,81.955,342,69.266,34.294,1,0
A025,10-01-2025 01:00,A025-ENG,Engine,78.358,3.36,68.456,51.669,1711.799,143.339,24.169,78.798,384,68.488,32,1,0
A025,10-01-2025 02:00,A025-ENG,Engine,89.836,5.407,66.537,54.221,1948.243,135.31,23.358,78.621,610,72.964,26.214,1,1
A025,10-01-2025 03:00,A025-ENG,Engine,80.941,3.241,74.868,54.625,1891.821,146.164,23.319,81.661,621,70.082,37.566,1,1
A025,10-01-2025 04:00,A025-ENG,Engine,84.8,3.274,69.456,52.787,1763.593,144.193,22.617,80.77,619,67.202,27.828,1,1
A025,10-01-2025 12:00,A025-ENG,Engine,78.644,3.914,67.792,53.88,1901.671,150.263,23.35,77.137,405,65.243,32.001,1,1
A025,10-01-2025 15:00,A025-ENG,Engine,84.769,3.319,67.791,54.514,1860.15,149.59,23.563,78.911,642,73.411,28.624,1,1
A025,10-01-2025 17:00,A025-ENG,Engine,85.355,2.936,65.399,56.641,1970.381,151.766,23.795,78.292,698,82.333,25.651,1,0
A025,10-01-2025 23:00,A025-ENG,Engine,79.824,3.639,72.867,54.486,1945.068,144.466,23.021,79.626,377,68.767,25.487,1,1
A025,11-01-2025 01:00,A025-ENG,Engine,81.526,3.707,71.461,51.779,1876.311,149.87,22.691,84.816,578,76.823,25.501,1,0
A025,11-01-2025 03:00,A025-ENG,Engine,83.239,3.67,70.883,54.084,1796.29,149.939,23.74,80.576,344,70.361,23.28,1,0
A025,11-01-2025 05:00,A025-ENG,Engine,79.028,3.415,67.32,52.394,1736.166,150.799,23.317,80.611,563,78.231,34.023,1,0
A025,11-01-2025 11:00,A025-ENG,Engine,80.885,3.694,68.03,50.922,1882.684,144.243,22.99,80.149,491,73.631,32.366,1,0
A025,11-01-2025 13:00,A025-ENG,Engine,80.153,3.812,69.195,50.723,1790.978,152.452,22.665,83.237,748,69.787,29.836,1,0
A025,11-01-2025 15:00,A025-ENG,Engine,84.367,4.115,71.047,53.941,1622.396,144.451,22.855,83.794,494,67.37,24.916,1,1
A025,11-01-2025 16:00,A025-ENG,Engine,82.092,3.86,69.914,54.182,1624.475,151.418,23.222,80.301,501,70.542,31.852,1,1
A025,11-01-2025 23:00,A025-ENG,Engine,82.583,4.355,73.317,54.771,1947.452,146.271,22.797,80.658,699,65.417,28.859,1,1
A025,12-01-2025 05:00,A025-ENG,Engine,84.824,3.94,73.313,52.376,1882.778,146.939,23.727,82.457,381,68.515,29.7,1,0
A025,12-01-2025 19:00,A025-ENG,Engine,88.637,3.687,73.856,54.202,1752.6,152.227,23.376,83.588,388,58.617,33.317,1,1
A025,12-01-2025 21:00,A025-ENG,Engine,85.407,3.566,70.599,50.175,1895.781,146.315,23.008,82.551,743,79.495,27.571,1,1
A025,12-01-2025 22:00,A025-ENG,Engine,83.576,3.752,62.699,53.169,1730.577,145.899,23.273,83.635,682,79.796,18.918,1,0
A025,13-01-2025 00:00,A025-ENG,Engine,83.012,3.769,71.001,51.577,1764.86,145.864,23.735,78.461,538,67.874,38.013,1,1
A025,13-01-2025 01:00,A025-ENG,Engine,83.241,3.643,67.081,52.082,1599.27,144.139,23.49,83.52,474,73.902,23.092,1,1
A025,13-01-2025 07:00,A025-ENG,Engine,81.649,4.301,66.539,53.743,1810.047,150.298,23.261,83.254,552,77.665,32.827,1,0
A025,13-01-2025 08:00,A025-ENG,Engine,79.501,4.506,67.509,55.792,1927.685,145.847,23.075,81.049,741,78.214,31.702,1,0
A025,13-01-2025 17:00,A025-ENG,Engine,82.705,4.374,71.762,54.566,1693.824,144.076,23.136,84.345,647,66.87,24.33,1,1
A025,13-01-2025 19:00,A025-ENG,Engine,84.97,4.133,68.806,52.615,2003.077,140.323,23.287,80.557,793,89.582,30.36,1,1
A025,14-01-2025 03:00,A025-ENG,Engine,86.222,3.789,63.591,54.629,1776.523,145.175,23.325,85.076,576,82.396,30.124,1,1
A025,14-01-2025 05:00,A025-ENG,Engine,81.651,3.696,71.99,51.602,1822.291,146.228,23.102,82.719,603,83.257,26.342,1,1
A025,14-01-2025 13:00,A025-ENG,Engine,95.807,6.084,65.138,51.301,2076.919,137.265,22.644,81.712,604,85.699,27.618,1,1
A025,14-01-2025 14:00,A025-ENG,Engine,79.232,3.627,65.684,54.628,1830.64,148.358,22.535,85.749,515,80.049,23.692,1,1
A025,14-01-2025 19:00,A025-ENG,Engine,86.181,3.744,66.594,57.611,1741.669,149.819,22.585,83.859,608,84.808,20.942,1,1
A025,15-01-2025 04:00,A025-ENG,Engine,83.812,4.454,66.776,55.241,1810.227,142.519,23.073,83.786,786,72.052,27.676,1,1
A025,15-01-2025 12:00,A025-ENG,Engine,86.54,3.817,69.121,52.341,1818.595,142.518,22.46,86.333,738,77.216,26.67,1,0
A025,15-01-2025 16:00,A025-ENG,Engine,88.171,3.541,67.717,50.27,1905.921,147.154,22.871,83.336,625,85.293,26.449,1,1
A025,15-01-2025 19:00,A025-ENG,Engine,88.628,4.371,70.319,52.005,1792.954,148.389,22.354,84.683,529,80.393,28.822,1,1
A025,16-01-2025 04:00,A025-ENG,Engine,85.767,4.304,70.229,52.241,1631.628,144.853,22.687,84.546,624,83.315,33.217,1,1
A025,16-01-2025 05:00,A025-ENG,Engine,83.038,4.085,67.92,48.09,1803.116,145.444,22.929,82.245,634,72.652,23.283,1,0
A025,16-01-2025 07:00,A025-ENG,Engine,89.317,4.208,65.832,55.441,1841.811,142.192,23.075,80.291,844,83.231,18.947,1,1
A025,16-01-2025 16:00,A025-ENG,Engine,81.806,3.929,66.44,54.527,1870.153,152.05,22.863,86.218,673,83.116,25.481,1,1
A025,16-01-2025 17:00,A025-ENG,Engine,89.929,4.421,68.551,54.349,1714.226,145.773,22.777,85.526,719,79.256,38.957,1,1
A025,16-01-2025 20:00,A025-ENG,Engine,82.868,4.716,66.458,50.282,1814.009,143.675,23.283,83.019,843,74.115,29.75,1,1
A025,16-01-2025 21:00,A025-ENG,Engine,87.525,4.606,64.464,51.619,1857.636,149.06,23.288,81.81,724,81.241,31.843,1,1
A025,16-01-2025 22:00,A025-ENG,Engine,83.708,3.597,65.705,46.629,1868.996,146.051,22.798,82.397,532,66.063,31.671,1,0
A025,16-01-2025 23:00,A025-ENG,Engine,81.754,4.23,67.469,59.153,1748.843,136.684,22.614,81.095,642,94.177,37.863,1,1
A025,17-01-2025 00:00,A025-ENG,Engine,85.823,3.751,69.099,52.44,2020.359,144.899,23.005,84.972,748,79.259,30.833,1,0
A025,17-01-2025 01:00,A025-ENG,Engine,84.888,4.495,67.523,52.828,1814.103,150.836,23.297,84.74,511,90.818,30.503,1,0
A025,17-01-2025 14:00,A025-ENG,Engine,86.485,3.903,68.188,52.932,1803.904,141.331,22.485,83.793,676,76.248,32.301,1,1
A026,01-01-2025 02:00,A026-ENG,Engine,74.728,2.371,78.071,53.185,1887.532,136.305,23.626,79.041,280,59.992,24.932,0,0
A026,01-01-2025 07:00,A026-ENG,Engine,75.728,2.289,78.02,53.393,1871.936,150.374,24.416,73.858,245,55.104,32.025,0,0
A026,01-01-2025 09:00,A026-ENG,Engine,74.941,2.874,81.85,55.177,1711.557,146.119,24.101,76.281,437,58.289,26.46,0,0
A026,01-01-2025 14:00,A026-ENG,Engine,74.002,2.622,75.771,54.806,1781.392,155.443,24.206,75.373,178,71.957,20.834,0,0
A026,01-01-2025 16:00,A026-ENG,Engine,73.448,2.905,73.262,52.765,1784.324,147.074,23.729,75.008,486,50.105,21.745,0,0
A026,01-01-2025 20:00,A026-ENG,Engine,73.26,2.904,76.016,56.425,1737.068,152.776,23.553,77.201,392,51.13,24.252,0,1
A026,01-01-2025 21:00,A026-ENG,Engine,84.172,5.524,72.129,52.35,1823.707,144.984,23.884,76.585,315,63.161,20.552,1,0
A026,02-01-2025 02:00,A026-ENG,Engine,76.041,3.357,75.856,53.565,1611.124,151.231,24.254,74.986,277,56.032,21.318,0,0
A026,02-01-2025 03:00,A026-ENG,Engine,74.646,2.588,78.87,52.529,1962.879,151.529,23.913,74.569,402,64.683,27.673,0,0
A026,02-01-2025 06:00,A026-ENG,Engine,76.828,2.444,78.27,55.66,1832.584,154.577,23.832,77.263,461,56.223,32.023,0,0
A026,02-01-2025 12:00,A026-ENG,Engine,79.298,3.087,76.868,54.463,1720.618,152.736,24.2,74.434,162,62.356,22.402,0,0
A026,02-01-2025 13:00,A026-ENG,Engine,76.866,3.328,77.795,58.542,1723.552,145.022,23.951,73.069,519,78.711,36.759,0,1
A026,02-01-2025 14:00,A026-ENG,Engine,74.573,2.158,76.03,55.197,1980.769,151.105,24.262,77.198,175,62.19,26.669,0,0
A026,02-01-2025 18:00,A026-ENG,Engine,74.09,2.424,76.876,52.319,1802.229,146.806,24.161,75.455,241,66.201,27.904,0,1
A026,03-01-2025 14:00,A026-ENG,Engine,74.483,2.789,75.378,50.877,1843.185,149.67,23.881,73.648,386,52.719,27.991,0,0
A026,03-01-2025 15:00,A026-ENG,Engine,77.368,2.571,74.028,54.213,1753.306,150.486,23.564,77.534,308,60.031,23.597,0,0
A026,03-01-2025 16:00,A026-ENG,Engine,74.021,2.269,76.079,59.835,1567.086,152.885,23.421,77.793,428,51.201,33.139,0,0
A026,03-01-2025 17:00,A026-ENG,Engine,76.051,2.541,74.877,55.56,1916.636,146.881,23.97,75.93,215,64.539,33.571,0,0
A026,03-01-2025 19:00,A026-ENG,Engine,77.078,3.269,75,53.794,1695.902,151.143,23.518,77.049,375,75.649,22.327,0,0
A026,04-01-2025 00:00,A026-ENG,Engine,76.409,2.695,73.744,57.005,1885.418,149.506,23.592,79.415,259,74.522,22.788,0,0
A026,04-01-2025 02:00,A026-ENG,Engine,77.119,3.15,72.285,56.29,1931.11,145.591,23.87,76.074,238,58.723,27.342,0,0
A026,04-01-2025 06:00,A026-ENG,Engine,77.002,2.623,73.646,56.363,1902.861,147.472,23.986,79.949,464,62.034,23.715,0,0
A026,04-01-2025 11:00,A026-ENG,Engine,73.293,2.973,78.912,54.556,1835.005,153.432,23.569,81.279,538,58.813,31.867,0,0
A026,04-01-2025 18:00,A026-ENG,Engine,80.319,2.8,76.155,53.696,1821.309,150.902,24.051,75.143,236,62.384,25.192,0,0
A026,04-01-2025 22:00,A026-ENG,Engine,78.498,2.616,75.963,54.977,1813.729,150.733,23.175,79.34,484,54.912,29.998,0,1
A026,05-01-2025 06:00,A026-ENG,Engine,75.527,2.401,75.117,57.736,1821.413,152.148,23.268,73.658,252,58.836,42.708,0,0
A026,05-01-2025 10:00,A026-ENG,Engine,76.461,3.307,74.12,54.259,1716.713,147.829,24.043,78.957,281,76.217,34.339,0,0
A026,05-01-2025 11:00,A026-ENG,Engine,78.341,2.974,78.317,54.622,1887.719,149.864,23.751,80.051,546,79.283,29.721,0,1
A026,05-01-2025 14:00,A026-ENG,Engine,78.897,3.203,76.464,51.695,1716.642,145.677,24.203,73.341,430,71.723,29.623,0,0
A026,05-01-2025 17:00,A026-ENG,Engine,77.897,3.806,74.252,50.287,1772.474,154.622,24.447,82.207,236,75.009,30.634,0,0
A026,06-01-2025 04:00,A026-ENG,Engine,77.661,3.109,74.575,53.424,1741.889,149.914,23.622,78.574,254,67.944,34.734,0,0
A026,06-01-2025 10:00,A026-ENG,Engine,79.234,2.812,76.911,53.793,1762.228,144.768,23.551,76.121,621,51.282,27.728,0,0
A026,06-01-2025 20:00,A026-ENG,Engine,78.647,2.62,75.885,52.996,1600.674,143.916,23.464,80.245,409,75.143,34.047,0,1
A026,07-01-2025 00:00,A026-ENG,Engine,71.754,3.212,69.088,59.425,1872.541,144.668,24.373,80.924,321,69.697,32.173,0,0
A026,07-01-2025 01:00,A026-ENG,Engine,83.174,3.392,77.954,54.336,1755.246,155.438,24.269,76.499,455,64.275,35.935,0,1
A026,07-01-2025 10:00,A026-ENG,Engine,76.022,3.215,70.301,53.483,1663.837,151.03,22.916,75.44,264,58.711,22.138,0,1
A026,07-01-2025 12:00,A026-ENG,Engine,76.409,3.441,69.39,54.259,1765.535,145.006,23.439,78.162,531,68.869,30.769,0,0
A026,07-01-2025 20:00,A026-ENG,Engine,82.942,2.944,71.691,55.048,1829.153,144.885,23.272,77.283,586,63.368,32.064,0,1
A026,07-01-2025 21:00,A026-ENG,Engine,77.968,3.443,73.747,53.609,1883.986,146.642,23.556,76.535,382,56.043,24.318,0,0
A026,08-01-2025 09:00,A026-ENG,Engine,78.484,3.311,73.35,50.623,1931.354,151.867,23.159,80.528,368,63.546,34.362,0,1
A026,08-01-2025 12:00,A026-ENG,Engine,79.918,3.249,73.498,54.653,1724.02,148.169,23.373,78.045,444,74.13,39.466,0,1
A026,08-01-2025 13:00,A026-ENG,Engine,79.537,3.366,74.042,55.953,1776.821,148.273,23.849,78.296,599,62.859,27.288,0,1
A026,09-01-2025 11:00,A026-ENG,Engine,81.052,3.152,71.802,55.489,1753.194,145.391,23.436,80.628,600,65.777,28.127,0,0
A026,09-01-2025 17:00,A026-ENG,Engine,93.319,4.866,62.641,53.169,1904.342,123.51,23.803,82.2,339,68.713,32.216,1,1
A026,10-01-2025 02:00,A026-ENG,Engine,84.387,3.535,73.501,56.717,1673.336,142.18,23.838,78.492,433,74.676,31.483,1,0
A026,10-01-2025 03:00,A026-ENG,Engine,75.906,3.622,74.763,53.343,1745.559,146.763,23.649,77.97,613,83.441,20.703,1,0
A026,10-01-2025 05:00,A026-ENG,Engine,80.234,3.534,71.018,53.067,1834.992,144.283,23.51,82.849,673,70.977,37.275,1,1
A026,10-01-2025 07:00,A026-ENG,Engine,76.789,3.832,66.705,51.62,1915.515,144.053,23.685,81.089,680,73.808,28.002,1,0
A026,10-01-2025 08:00,A026-ENG,Engine,79.082,3.393,71.298,50.798,1808.606,150.016,23.326,80.333,456,72.157,24.919,0,1
A026,10-01-2025 15:00,A026-ENG,Engine,80.019,3.527,71.249,54.875,1799.698,145.769,24.02,82.561,451,59.515,27.857,0,0
A026,10-01-2025 16:00,A026-ENG,Engine,79.985,3.989,74.118,54.889,1612.545,139.553,23.257,79.057,692,66.222,27.142,1,1
A026,10-01-2025 19:00,A026-ENG,Engine,81.206,3.327,70.966,54.46,1954.991,151.453,22.804,82.76,615,66.091,29.357,0,0
A026,10-01-2025 23:00,A026-ENG,Engine,79.44,3.35,69.182,54.293,1782.711,150.987,22.778,83.888,487,69.41,25.752,1,0
A026,11-01-2025 09:00,A026-ENG,Engine,78.676,3.781,73.797,53.398,1944.935,148.466,22.992,81.566,653,69.729,32.703,1,0
A026,11-01-2025 10:00,A026-ENG,Engine,77.671,3.995,73.428,56.015,1648.959,144.096,23.498,78.097,693,83.517,33.191,1,1
A026,11-01-2025 13:00,A026-ENG,Engine,81.272,3.545,70.507,54.388,1841.533,143.381,23.111,82.47,611,75.763,24.901,1,1
A026,11-01-2025 16:00,A026-ENG,Engine,80.481,3.034,67.923,56.507,1889.951,147.46,23.675,82.365,739,79.259,31.421,1,1
A026,11-01-2025 19:00,A026-ENG,Engine,79.957,3.875,70.905,54.046,1868.415,147.613,22.622,82.807,690,66.466,22.532,1,0
A026,11-01-2025 23:00,A026-ENG,Engine,78.412,3.484,72.076,50.529,1717.851,149.255,23.123,81.078,693,82.747,24.144,1,0
A026,12-01-2025 01:00,A026-ENG,Engine,81.874,3.442,67.606,53.687,1809.87,150.804,22.61,79.398,541,66.316,18.938,1,1
A026,12-01-2025 08:00,A026-ENG,Engine,81.333,3.685,71.552,48.517,1825.689,146.04,22.814,86.094,392,84.423,31.544,1,1
A026,12-01-2025 12:00,A026-ENG,Engine,76.338,3.07,74.433,50.693,1881.434,149.043,23.442,84.42,651,64.255,38.924,0,0
A026,12-01-2025 20:00,A026-ENG,Engine,81.083,3.475,72.192,54.192,1749.589,148.65,23.068,82.649,607,77.737,33.736,1,0
A026,13-01-2025 00:00,A026-ENG,Engine,80.373,3.776,76.993,53.115,1754.271,148.046,22.528,84.732,685,72.052,26.037,1,0
A026,13-01-2025 08:00,A026-ENG,Engine,78.697,3.554,71.001,51.265,1744.216,141.921,23.411,82.835,444,77.99,28.256,1,1
A026,13-01-2025 11:00,A026-ENG,Engine,82.519,3.621,73.53,54.921,1804.208,145.358,22.996,80.401,465,69.574,23.656,1,0
A026,13-01-2025 17:00,A026-ENG,Engine,79.612,3.739,73.408,56.524,2006.845,147.639,22.819,83.173,777,68.835,36.196,1,0
A026,13-01-2025 18:00,A026-ENG,Engine,85.695,3.297,73.144,53.12,1757.163,140.837,23.217,84.03,563,92.294,25.854,1,0
A026,13-01-2025 19:00,A026-ENG,Engine,85.266,3.235,75.375,52.37,1731.571,145.92,23.124,80.971,486,85.097,31.892,1,1
A026,14-01-2025 01:00,A026-ENG,Engine,82.091,3.521,68.477,56.36,1895.092,140.197,23.142,81.863,561,76.487,17.379,1,1
A026,14-01-2025 09:00,A026-ENG,Engine,88.034,3.919,70.635,51.821,1707.29,142.531,22.759,85.276,754,85.43,34.905,1,0
A026,14-01-2025 15:00,A026-ENG,Engine,82.818,3.879,71.64,53.311,1862.385,142.47,23.245,80.768,813,83.061,22.045,1,1
A026,14-01-2025 18:00,A026-ENG,Engine,86.918,4.104,67.196,53.116,2016.706,146.57,23.019,80.416,747,69.962,30.699,1,1
A026,14-01-2025 21:00,A026-ENG,Engine,80.663,4.027,63.103,49.392,1884.079,153.635,23.063,83.578,764,64.413,26.498,1,1
A026,14-01-2025 22:00,A026-ENG,Engine,85.41,3.644,73.409,50.612,1780.104,146.276,22.822,80.302,655,78.531,34.018,1,0
A026,15-01-2025 00:00,A026-ENG,Engine,82.129,3.413,71.88,52.429,1836.452,147.911,22.213,78.642,625,85.73,26.541,1,1
A026,15-01-2025 02:00,A026-ENG,Engine,85.024,3.796,73.719,49.621,1756.94,151.798,22.383,84.482,818,77.042,33.955,1,0
A026,15-01-2025 05:00,A026-ENG,Engine,86.41,3.673,67.699,50.981,1758.853,150.477,22.853,81.792,625,80.875,27.011,1,1
A026,15-01-2025 07:00,A026-ENG,Engine,86.154,3.762,69.176,49.831,1877.871,149.048,23.082,81.238,742,83.989,20.354,1,1
A026,15-01-2025 10:00,A026-ENG,Engine,87.945,3.461,70.29,52.732,1931.069,139.403,22.594,84.275,520,60.996,20.011,1,1
A026,15-01-2025 12:00,A026-ENG,Engine,86.796,3.983,68.763,50.618,1836.77,151.447,23.228,79.858,799,85.979,27.409,1,1
A026,15-01-2025 14:00,A026-ENG,Engine,85.099,3.757,70.167,53.825,1770.677,144.38,22.827,84.446,511,87.296,30.559,1,0
A026,15-01-2025 19:00,A026-ENG,Engine,79.872,3.682,68.673,51.781,1708.593,141.96,23.179,81.016,615,84.289,24.139,1,0
A026,16-01-2025 08:00,A026-ENG,Engine,87.301,4.665,69.321,52.28,1677.931,148.571,22.5,82.648,644,61.66,30.016,1,1
A026,16-01-2025 12:00,A026-ENG,Engine,80.852,3.43,67.775,51.984,1724.17,146.365,22.822,82.532,484,85.367,32.049,1,1
A026,17-01-2025 01:00,A026-ENG,Engine,84.807,3.663,68.05,50.28,1772.305,142.916,22.925,83.79,868,91.142,35.339,1,1
A026,17-01-2025 04:00,A026-ENG,Engine,84.137,4.077,65.877,51.931,1750.483,139.686,22.939,86.201,663,88.779,29.946,1,0
A026,17-01-2025 05:00,A026-ENG,Engine,82.914,3.997,66.918,53.985,1752.567,138.638,22.673,85.1,646,86.806,35.357,1,1
A026,17-01-2025 07:00,A026-ENG,Engine,88.299,3.352,66.517,51.166,1777.835,142.872,22.713,84.378,851,79.035,28.965,1,0
A027,01-01-2025 01:00,A027-ENG,Engine,72.219,2.165,79.199,58.861,1888.633,148.212,23.627,75.689,292,58.402,28.527,0,0
A027,01-01-2025 10:00,A027-ENG,Engine,73.736,2.842,80.952,53.357,1783.542,145.525,24.544,76.104,447,50.631,30.011,0,1
A027,01-01-2025 14:00,A027-ENG,Engine,74.903,2.249,79.355,54.273,1738.757,146.249,23.601,72.004,218,64.687,35.519,0,0
A027,01-01-2025 19:00,A027-ENG,Engine,72.813,2.519,75.406,54.269,1761.738,156.625,23.889,75.959,136,65.207,33.689,0,0
A027,01-01-2025 23:00,A027-ENG,Engine,74.015,2.169,76.168,54.966,1693.657,147.693,23.58,75.471,479,57.792,34.853,0,0
A027,02-01-2025 00:00,A027-ENG,Engine,69.772,2.56,76.672,53.133,1884.923,156.058,24.094,77.44,382,48.786,27.998,0,0
A027,02-01-2025 03:00,A027-ENG,Engine,73.476,2.809,79.251,55.728,1800.216,143.105,23.927,73.048,258,52.684,16.86,0,1
A027,02-01-2025 08:00,A027-ENG,Engine,77.95,3.138,79.077,55.243,1688.266,144.155,24.392,74.1,268,65.237,26.294,0,0
A027,02-01-2025 13:00,A027-ENG,Engine,71.071,2.387,80.892,58.31,1744.841,150.236,23.206,75.249,285,58.271,28.28,0,0
A027,02-01-2025 17:00,A027-ENG,Engine,78.321,2.244,79.501,56.621,1680.565,143.516,24.068,74.036,455,64.782,27.139,0,0
A027,02-01-2025 21:00,A027-ENG,Engine,71.914,2.505,72.914,53.389,1752.434,149.105,23.728,72.28,198,62.934,30.38,0,0
A027,02-01-2025 22:00,A027-ENG,Engine,72.69,2.579,78.194,56.871,1914.444,155.408,23.818,72.751,421,61.119,31.731,0,0
A027,03-01-2025 02:00,A027-ENG,Engine,71.696,2.496,78.536,56.347,1644.136,150.627,23.421,81.975,209,51.859,28.166,0,0
A027,03-01-2025 05:00,A027-ENG,Engine,77.053,2.587,76.256,58.292,1791.778,149.39,23.243,72.595,381,55.17,39.939,0,0
A027,03-01-2025 06:00,A027-ENG,Engine,75.091,2.915,77.924,51.037,1966.385,150.902,23.354,79.737,228,52.796,33.546,0,0
A027,03-01-2025 07:00,A027-ENG,Engine,70.35,3.149,76.722,54.626,1798.811,151.332,23.527,76.257,500,70.947,33.927,0,1
A027,03-01-2025 12:00,A027-ENG,Engine,73.159,3.086,77.605,53.857,1935.186,156.308,23.672,76.929,323,60.702,30.652,0,0
A027,03-01-2025 18:00,A027-ENG,Engine,74.136,2.307,75.401,50.768,1811.132,147.319,23.618,78.147,203,78.444,27.905,0,0
A027,03-01-2025 20:00,A027-ENG,Engine,79.487,2.535,73.454,55.942,1701.576,155.683,23.72,76.34,201,53.742,27.839,0,0
A027,04-01-2025 05:00,A027-ENG,Engine,72.186,2.009,78.36,51.733,1698.326,148.356,23.602,72.561,267,53.096,27.733,0,0
A027,04-01-2025 14:00,A027-ENG,Engine,72.168,2.441,78.182,49.598,1676.785,146.302,22.824,77.425,515,51.662,33.42,0,0
A027,04-01-2025 22:00,A027-ENG,Engine,76.004,2.626,69.832,53.307,1747.417,145.952,23.11,79.022,321,56.581,26.282,0,0
A027,04-01-2025 23:00,A027-ENG,Engine,77.676,3.084,73.753,59.305,2008.087,143.468,23.324,77.035,543,65.893,36.802,0,1
A027,05-01-2025 01:00,A027-ENG,Engine,73.986,2.514,73.488,53.239,1820.459,142.578,23.878,75.492,316,45.723,26.695,0,0
A027,05-01-2025 05:00,A027-ENG,Engine,75.437,3.48,81.645,59.631,1892.142,148.421,23.276,73.53,515,65.176,30.487,0,0
A027,05-01-2025 06:00,A027-ENG,Engine,77.903,1.803,76.691,53.979,1679.147,156.975,23.892,81.618,212,59.505,31.515,0,0
A027,05-01-2025 10:00,A027-ENG,Engine,74.437,3.146,74.034,59.037,1749.786,155.222,23.486,75.643,478,63.976,27.975,0,0
A027,05-01-2025 18:00,A027-ENG,Engine,79.472,2.087,77.108,56.471,1844.756,152.79,23.379,77.785,568,64.835,27.015,0,0
A027,05-01-2025 19:00,A027-ENG,Engine,77.308,2.76,77.213,53.174,1810.259,149.309,23.796,77.079,257,55.898,33.386,0,1
A027,05-01-2025 21:00,A027-ENG,Engine,72.325,2.775,72.581,56.037,1734.11,150.142,23.376,76.264,288,55.158,25.177,0,0
A027,06-01-2025 03:00,A027-ENG,Engine,79.191,2.98,74.407,53.981,1717.188,146.419,23.213,78.297,245,55.531,30.075,0,1
A027,06-01-2025 04:00,A027-ENG,Engine,80.126,2.867,72.473,53.779,1883.758,147.125,23.607,77.756,429,71.861,42.246,0,1
A027,06-01-2025 06:00,A027-ENG,Engine,73.131,3.446,76.72,52.675,1903.112,154.964,23.002,71.622,445,57.233,30.138,0,0
A027,06-01-2025 11:00,A027-ENG,Engine,76.853,2.778,77.482,56.581,1820.086,152.147,23.661,76.989,458,44.382,38.445,0,0
A027,06-01-2025 12:00,A027-ENG,Engine,75.299,2.78,72.494,53.268,1925.555,148.831,23.346,79.309,550,56.628,25.3,0,0
A027,06-01-2025 13:00,A027-ENG,Engine,77.576,2.344,76.18,58.188,1876.736,149.061,24.105,80.811,626,73.856,27.067,0,0
A027,07-01-2025 00:00,A027-ENG,Engine,77.698,2.791,77.177,54.389,1652.366,147.239,23.21,76.467,408,59.85,25.19,0,0
A027,07-01-2025 12:00,A027-ENG,Engine,75.739,2.62,79.27,54.272,1799.004,148.893,23.599,79.447,603,43.732,30.012,0,0
A027,07-01-2025 14:00,A027-ENG,Engine,78.171,3.15,74.325,51.905,1689.501,146.449,23.781,77.546,499,75.299,27.049,0,1
A027,07-01-2025 15:00,A027-ENG,Engine,73.832,3.093,74.499,52.313,1804.874,148.94,23.211,79.185,579,43.401,23.205,0,0
A027,07-01-2025 17:00,A027-ENG,Engine,76.616,2.699,73.493,53.928,1716.398,152.306,23.235,77.413,588,50.854,31.492,0,0
A027,07-01-2025 18:00,A027-ENG,Engine,75.574,3.432,74.062,56.092,1873.909,145.415,23.551,79.505,423,54.003,24.452,0,0
A027,07-01-2025 19:00,A027-ENG,Engine,82.276,2.761,77.981,54.954,1731.797,151.261,23.211,82.939,490,55.903,26.181,0,0
A027,07-01-2025 23:00,A027-ENG,Engine,97.242,3.792,61.101,52.222,1698.633,132.464,23.418,79.835,535,68.316,37.627,1,0
A027,08-01-2025 00:00,A027-ENG,Engine,76.489,2.666,74.331,53.318,1705.64,149.805,23.021,80.136,382,62.665,31.57,0,0
A027,08-01-2025 08:00,A027-ENG,Engine,76.93,2.706,72.728,53.198,1851.44,145.818,23.31,78.003,579,59.991,18.245,0,0
A027,08-01-2025 17:00,A027-ENG,Engine,78.264,2.331,68.326,58.499,1899.992,144.797,23.628,81.341,606,67.988,18.102,0,1
A027,08-01-2025 18:00,A027-ENG,Engine,76.57,2.618,76.369,53.974,1734.658,146.503,23.486,82.665,353,58.445,31.834,0,0
A027,08-01-2025 20:00,A027-ENG,Engine,78.653,2.445,74.296,53.445,1683.994,150.339,22.95,79.19,603,55.324,34.35,0,0
A027,08-01-2025 22:00,A027-ENG,Engine,76.844,2.651,77.219,54.827,1964.589,151.608,23.254,78.629,392,75.989,29.166,0,0
A027,08-01-2025 23:00,A027-ENG,Engine,78.394,3.495,81.074,53.289,1784.36,147.732,23.655,79.278,506,50.547,22.386,0,0
A027,09-01-2025 03:00,A027-ENG,Engine,75.492,3.575,74.135,54.657,1797.668,140.645,23.124,80.95,394,72.388,27.716,0,0
A027,09-01-2025 06:00,A027-ENG,Engine,80.445,3.352,74.195,53.352,1890.519,142.696,23.268,82.706,672,51.289,34.068,0,1
A027,09-01-2025 09:00,A027-ENG,Engine,88.833,5.69,63.554,52.465,1852.15,144.71,23.744,79.807,534,63.264,24.549,1,0
A027,09-01-2025 12:00,A027-ENG,Engine,74,2.81,72.645,55.117,1753.224,151.786,22.987,76.213,537,65.183,20.915,0,0
A027,09-01-2025 13:00,A027-ENG,Engine,80.072,2.672,71.299,50.931,1747.282,152.774,24.416,80.646,411,62.597,28.392,0,0
A027,09-01-2025 14:00,A027-ENG,Engine,79.347,2.986,75.01,54.201,1894.392,148.784,23.334,80.301,455,57.584,25.02,0,0
A027,09-01-2025 20:00,A027-ENG,Engine,78.229,2.911,71.099,50.797,1721.774,145.662,23.677,82.807,485,55.091,27.547,0,0
A027,10-01-2025 02:00,A027-ENG,Engine,81.035,2.868,71.675,52.794,1804.005,150.888,23.81,81.221,621,71.424,30.213,0,0
A027,10-01-2025 06:00,A027-ENG,Engine,76.578,2.579,75.785,57.133,1981.613,144.667,23.288,76.836,428,63.354,45.225,0,0
A027,10-01-2025 09:00,A027-ENG,Engine,81.571,3.347,69.456,55.077,1833.792,138.315,23.068,82.846,627,66.979,36.514,0,0
A027,10-01-2025 10:00,A027-ENG,Engine,77.817,3.532,73.814,53.778,1923.079,150.812,23.487,79.36,684,61.731,30.065,0,0
A027,10-01-2025 14:00,A027-ENG,Engine,80.127,2.785,71.2,53.919,1711.837,151.463,23.51,85.288,706,69.242,25.346,0,0
A027,10-01-2025 18:00,A027-ENG,Engine,78.295,2.786,73.414,54.847,1782.839,145.692,23.46,81.397,500,59.546,22.81,0,0
A027,10-01-2025 19:00,A027-ENG,Engine,81.715,4.125,78.461,53.288,1934.512,141.475,23.206,80.047,476,60.956,31.018,0,0
A027,10-01-2025 23:00,A027-ENG,Engine,79.014,2.957,73.699,55.447,1867.022,150.59,23.303,79.229,425,64.451,30.206,0,1
A027,11-01-2025 05:00,A027-ENG,Engine,75.682,2.712,71.203,54.887,1742.453,145.361,23.961,77.867,696,73.36,24.123,0,1
A027,11-01-2025 06:00,A027-ENG,Engine,77.097,2.751,70.298,52.815,1751.05,142.118,23.4,77.275,465,67.435,27.311,0,0
A027,11-01-2025 09:00,A027-ENG,Engine,78.572,3.201,73.712,51.686,1876.751,140.207,23.736,81.593,546,62.89,36.356,0,0
A027,11-01-2025 11:00,A027-ENG,Engine,82.493,3.179,74.126,56.565,1809.352,148.427,23.345,79.684,640,63.797,35.677,0,0
A027,11-01-2025 17:00,A027-ENG,Engine,77.92,3.555,71.229,53.86,1830.969,142.633,23.686,82.355,632,67.312,30.008,0,0
A027,11-01-2025 19:00,A027-ENG,Engine,84.188,3.844,67.039,53.926,1691.578,155.958,22.839,82.477,697,67.371,33.016,1,1
A027,11-01-2025 22:00,A027-ENG,Engine,79.957,2.928,71.387,51.053,2041.279,136.262,22.99,81.551,608,63.359,31.344,0,0
A027,12-01-2025 03:00,A027-ENG,Engine,82.658,3.789,74.18,52.232,1794.921,142.938,23.254,82.297,709,71.287,36.659,1,1
A027,12-01-2025 04:00,A027-ENG,Engine,80.827,3.591,71.686,52.175,1856.407,143.496,23.355,83.479,695,67.851,33.312,0,0
A027,12-01-2025 07:00,A027-ENG,Engine,80.51,3.189,68.507,53.265,1742.787,143.082,23.115,83.212,729,71.289,31.812,0,0
A027,12-01-2025 09:00,A027-ENG,Engine,81.887,2.849,70.387,50.035,1718.044,143.458,22.996,80.904,711,62.345,24.547,0,1
A027,12-01-2025 15:00,A027-ENG,Engine,79.825,3.255,72.02,54.851,1908.455,138.592,23.02,78.504,738,69.918,23.518,0,0
A027,12-01-2025 17:00,A027-ENG,Engine,81.808,3.212,73.011,56.799,1777.4,144.678,23.788,81.085,565,70.989,20.471,0,1
A027,13-01-2025 04:00,A027-ENG,Engine,78.382,3.622,69.023,52.532,1846.096,142.294,23.159,81.733,467,67.11,28.012,1,0
A027,13-01-2025 07:00,A027-ENG,Engine,81.261,3.489,72.314,52.821,1768.558,146.52,22.907,81.042,675,62.987,29.544,0,0
A027,13-01-2025 15:00,A027-ENG,Engine,75.841,3.583,69.151,49.441,1704.094,149.749,23.49,85.441,465,79.866,25.977,1,0
A027,13-01-2025 17:00,A027-ENG,Engine,85.042,3.121,69.65,51.091,1628.558,145.231,23.256,80.451,681,79.97,25.83,1,0
A027,14-01-2025 01:00,A027-ENG,Engine,80.198,3.542,70.739,50.206,1767.106,140.457,22.655,82.396,659,54.735,33.996,0,0
A027,14-01-2025 02:00,A027-ENG,Engine,78.35,3.711,71.945,54.63,1761.089,144.467,22.99,83.106,454,69.134,32.299,1,0
A027,14-01-2025 06:00,A027-ENG,Engine,79.067,3.675,72.437,50.624,1897.096,139.014,23.403,85.279,563,87.384,28.315,1,1
A027,14-01-2025 13:00,A027-ENG,Engine,81.859,3.486,68.926,51.836,1740.439,149.698,23.547,81.305,810,77.671,30.683,1,0
A027,14-01-2025 14:00,A027-ENG,Engine,85.476,3.375,73.613,54.063,1788.429,148.443,22.889,84.085,739,57.612,27.332,1,1
A027,14-01-2025 18:00,A027-ENG,Engine,81.737,3.92,74.904,53.293,1755.141,146.375,22.886,82.497,670,76.175,31.969,1,0
A027,14-01-2025 20:00,A027-ENG,Engine,87.468,3.805,73.615,51.526,1919.378,141.943,22.787,86.579,659,71.397,30.921,1,0
A027,15-01-2025 01:00,A027-ENG,Engine,88.396,7.337,55.579,52.791,1776.601,143.6,22.737,82.88,480,76.776,40.42,1,1
A027,15-01-2025 02:00,A027-ENG,Engine,81.164,3.389,70.013,54.849,1709.95,141.165,22.682,82.753,452,56.162,24.672,1,1
A027,15-01-2025 05:00,A027-ENG,Engine,85.06,3.21,72.544,51.6,1780.749,142.605,22.616,83.933,828,73.431,29.198,1,1
A027,15-01-2025 13:00,A027-ENG,Engine,85.925,2.852,66.705,55.131,1873.914,142.713,23.056,83.157,449,70.681,32.461,1,0
A027,15-01-2025 17:00,A027-ENG,Engine,91.825,7.01,63.077,49.846,1781.383,125.432,22.53,83.945,808,75.122,33.405,1,1
A027,16-01-2025 04:00,A027-ENG,Engine,81.591,4.061,66.875,51.455,1880.302,142.572,22.926,84.148,521,72.562,29.373,1,1
A027,16-01-2025 06:00,A027-ENG,Engine,84.826,4.405,71.039,52.01,1748.048,145.042,23.279,83.326,663,80.115,28.152,1,0
A027,16-01-2025 09:00,A027-ENG,Engine,82.136,3.785,69.35,53.456,1853.083,144.719,22.424,86.977,557,63.349,26.319,1,1
A027,16-01-2025 15:00,A027-ENG,Engine,85.002,3.301,68.448,53.059,1763.293,142.549,22.786,83.611,804,72.403,37.576,1,1
A027,16-01-2025 16:00,A027-ENG,Engine,84.023,3.385,75.251,50.673,1927.075,144.628,23.328,83.434,706,79.926,37.076,1,0
A027,16-01-2025 21:00,A027-ENG,Engine,83.74,4.114,72.153,51.656,1889.579,145.131,22.456,88.416,804,69.335,31.329,1,0
A027,17-01-2025 02:00,A027-ENG,Engine,83.971,3.627,68.514,48.739,1846.541,142.662,21.994,84.429,702,80.834,42.422,1,1
A027,17-01-2025 09:00,A027-ENG,Engine,96.608,5.747,57.235,51.145,1882.264,137.284,22.413,84.265,801,61.954,30.482,1,1
A027,17-01-2025 10:00,A027-ENG,Engine,84.194,3.969,66.083,49.627,1949.234,146.187,22.822,84.261,656,77.828,22.889,1,1
A027,17-01-2025 12:00,A027-ENG,Engine,83.484,4.103,68.397,51.803,1715.965,148.388,22.929,87.118,819,71.9,43.418,1,1
A027,17-01-2025 14:00,A027-ENG,Engine,107.172,6.972,62.07,52.339,1820.333,135.714,23.066,83.23,707,63.644,24.563,1,1
A028,01-01-2025 00:00,A028-ENG,Engine,70.767,2.084,79.731,56.522,1639.37,149.891,23.741,73.966,326,43.996,34.679,0,0
A028,01-01-2025 03:00,A028-ENG,Engine,75.338,2.547,78.546,55.846,1797.557,149.057,23.782,75.206,190,42.563,30.653,0,0
A028,01-01-2025 05:00,A028-ENG,Engine,71.599,2.938,76.716,53.351,1864.488,146.089,23.491,74.519,359,50.736,36.778,0,0
A028,01-01-2025 09:00,A028-ENG,Engine,69.774,2.935,77.515,52.992,1783.126,142.578,23.923,76.618,314,65.191,15.41,0,0
A028,01-01-2025 11:00,A028-ENG,Engine,72.417,2.737,83.798,56.208,1813.739,144.742,23.222,74.542,185,61.13,32.024,0,1
A028,01-01-2025 17:00,A028-ENG,Engine,72.661,1.681,78.897,53.161,1869.024,152.005,23.689,74.062,298,55.016,26.517,0,0
A028,01-01-2025 20:00,A028-ENG,Engine,72.861,2.488,79.103,52.43,1721.207,142.094,24.591,76.077,507,59.859,28.26,0,1
A028,02-01-2025 00:00,A028-ENG,Engine,75.105,2.49,80.633,55.17,1840.313,148.816,23.925,75.102,463,59.956,34.656,0,0
A028,02-01-2025 02:00,A028-ENG,Engine,76.622,2.758,82.815,54.796,1790.922,152.462,23.604,77.56,335,55,34.594,0,1
A028,02-01-2025 14:00,A028-ENG,Engine,71.115,3.164,76.086,52.465,1904.339,145.082,23.359,78.933,457,49.813,34.367,0,0
A028,02-01-2025 17:00,A028-ENG,Engine,78.363,2.309,72.414,55.626,1855.61,140.37,23.316,77.187,205,53.333,34.105,0,0
A028,02-01-2025 22:00,A028-ENG,Engine,75.345,2.442,76.338,57.268,1807.831,150.292,24.195,74.213,326,57.114,39.739,0,0
A028,03-01-2025 00:00,A028-ENG,Engine,73.562,3.151,80.081,54.042,1815.186,151.828,23.415,77.84,419,42.986,34.462,0,0
A028,03-01-2025 06:00,A028-ENG,Engine,84.619,5.852,69.635,53.97,1801.701,139.412,24.224,77.193,548,68.258,25.411,1,0
A028,03-01-2025 08:00,A028-ENG,Engine,74.133,2.66,71.782,48.497,1812.272,152.416,24.806,76.126,196,53.511,36.02,0,0
A028,03-01-2025 12:00,A028-ENG,Engine,85.995,5.32,65.067,53.128,1651.065,127.307,23.831,75.601,472,55.16,36.038,1,0
A028,03-01-2025 14:00,A028-ENG,Engine,71.225,2.504,78.878,56.257,1767.114,149.16,24.231,79.338,529,58.394,34.285,0,0
A028,03-01-2025 16:00,A028-ENG,Engine,74.823,2.579,77.709,52.956,1795.333,145.771,23.149,76.009,172,55.275,27.521,0,1
A028,03-01-2025 19:00,A028-ENG,Engine,76.036,2.63,77.32,54.865,1665.52,145.168,23.652,75.278,405,50.637,40.108,0,0
A028,04-01-2025 00:00,A028-ENG,Engine,69.165,2.422,78.168,54.009,1703.668,150.424,23.358,78.538,514,46.078,35.771,0,0
A028,04-01-2025 02:00,A028-ENG,Engine,75.463,2.118,79.94,50.098,1832.813,146.546,23.411,76.156,353,50.932,35.304,0,0
A028,04-01-2025 03:00,A028-ENG,Engine,71.657,2.59,77.31,52.125,1696.74,143.173,23.336,78.218,418,54.552,25.55,0,0
A028,04-01-2025 04:00,A028-ENG,Engine,69.573,2.727,73.608,52.572,1777.999,150.738,23.143,75.071,403,50.065,21.69,0,0
A028,04-01-2025 11:00,A028-ENG,Engine,77.187,2.885,80.349,56.542,1826.698,148.11,23.368,74.573,378,50.821,23.15,0,0
A028,04-01-2025 16:00,A028-ENG,Engine,75.681,2.778,73.309,55.46,1730.958,149.675,23.464,76.548,350,55.382,30.187,0,1
A028,04-01-2025 18:00,A028-ENG,Engine,75.409,2.302,78.6,54.467,1846.887,147.5,24.17,74.714,375,64.722,38.025,0,0
A028,04-01-2025 20:00,A028-ENG,Engine,71.539,3.576,75.177,54.716,1933.155,154.398,23.57,76.954,409,54.344,28.904,0,0
A028,04-01-2025 23:00,A028-ENG,Engine,76.731,2.405,74.672,58.717,1983.705,151.047,23.672,79.265,506,52.741,38.407,0,0
A028,05-01-2025 00:00,A028-ENG,Engine,72.937,2.329,77.775,55.014,1891.479,150.941,24.426,78.76,429,51.269,27.392,0,0
A028,05-01-2025 05:00,A028-ENG,Engine,72.834,2.757,81.021,54.046,1673.345,153.225,23.531,77.177,285,47.236,37.092,0,0
A028,05-01-2025 09:00,A028-ENG,Engine,76.773,3.185,77.435,54.225,1823.348,150.868,23.368,78.009,250,57.406,21.301,0,0
A028,05-01-2025 16:00,A028-ENG,Engine,76.857,2.772,73.582,53.687,1963.203,156.202,23.557,81.394,378,80.526,23.368,0,1
A028,05-01-2025 18:00,A028-ENG,Engine,72.325,2.808,76.58,51.332,1728.266,154.434,23.899,77.842,370,59.867,29.107,0,1
A028,05-01-2025 22:00,A028-ENG,Engine,76.46,3.739,73.531,54.358,1732.421,151.006,23.319,78.695,512,52.174,30.616,0,0
A028,06-01-2025 01:00,A028-ENG,Engine,72.461,2.958,73.298,55.422,1715.36,145.828,23.921,78.118,517,56.576,30.752,0,0
A028,06-01-2025 10:00,A028-ENG,Engine,78.893,2.658,75.303,52.083,1920.548,147.744,24.117,78.019,422,63.792,27.117,0,0
A028,06-01-2025 15:00,A028-ENG,Engine,71.299,2.809,73.653,51.513,1895.571,142.78,23.317,80.21,488,67.492,20.661,0,1
A028,06-01-2025 21:00,A028-ENG,Engine,79.27,3.174,75.144,50.333,1594.189,147.688,23.553,80.069,460,74.982,28.6,0,0
A028,07-01-2025 00:00,A028-ENG,Engine,72.988,3.557,78.819,55.352,1879.982,147.486,23.525,78.128,270,53.863,24.197,0,0
A028,07-01-2025 03:00,A028-ENG,Engine,80.068,3.345,77.37,55.809,1721.778,144.924,23.508,78.451,406,56.019,32.801,0,0
A028,07-01-2025 09:00,A028-ENG,Engine,80.053,2.833,79.889,53.297,1863.174,154.703,23.822,79.748,412,69.767,35.656,0,0
A028,07-01-2025 13:00,A028-ENG,Engine,79.25,2.977,75.467,56.682,1828.389,146.382,22.91,76.528,611,51.115,22.186,0,0
A028,07-01-2025 15:00,A028-ENG,Engine,74.136,2.779,68.185,54.185,1847.527,145.082,22.705,77.428,501,72.529,33.937,0,0
A028,07-01-2025 17:00,A028-ENG,Engine,75.988,2.799,77.459,55.971,1821.277,144.696,23.694,79.593,361,48.711,32.967,0,1
A028,07-01-2025 18:00,A028-ENG,Engine,72.59,2.606,71.353,51.793,1811.025,146.211,22.967,75.736,524,42.372,32.969,0,0
A028,08-01-2025 11:00,A028-ENG,Engine,79.772,3.268,72.83,55.993,1717.313,148.097,23.051,79.406,660,66.829,27.335,0,0
A028,08-01-2025 12:00,A028-ENG,Engine,76.167,3.621,74.085,54.521,1680.717,148.863,23.058,81.445,335,65.003,26.685,0,0
A028,08-01-2025 15:00,A028-ENG,Engine,97.724,5.376,61.936,56.391,1725.657,146.637,23.355,83.225,395,42.346,26.305,1,1
A028,08-01-2025 17:00,A028-ENG,Engine,83.973,2.671,75.837,55.02,1784.246,149.599,23.431,76.805,359,65.137,38.517,0,0
A028,08-01-2025 19:00,A028-ENG,Engine,77.828,2.94,74.642,55.162,1722.791,144.826,23.551,79.53,674,63.658,26.292,0,0
A028,08-01-2025 21:00,A028-ENG,Engine,81.256,2.821,74.154,50.806,1836.251,149.925,24.022,79.504,300,70.602,26.848,0,0
A028,09-01-2025 00:00,A028-ENG,Engine,80.825,3.046,78.313,52.468,1858.434,143.789,23.647,83.128,492,69.97,38.643,0,0
A028,09-01-2025 05:00,A028-ENG,Engine,79.18,3.104,69.251,54.305,1710.812,140.661,23.328,82.974,684,72.374,33.793,0,0
A028,09-01-2025 07:00,A028-ENG,Engine,77.788,3.122,72.891,51.866,1774.138,148.366,23.346,76.662,397,71.801,17.206,0,0
A028,09-01-2025 08:00,A028-ENG,Engine,80.207,3.05,77.324,51.61,1842.465,153.135,23.547,81.828,512,67.356,34.124,0,1
A028,09-01-2025 12:00,A028-ENG,Engine,93.069,4.903,70.088,54.328,1803.62,134.869,22.958,79.285,415,69.259,32.689,1,0
A028,09-01-2025 14:00,A028-ENG,Engine,75.189,3.481,74.673,53.858,1801.442,147.757,22.697,79.522,456,70.723,22.837,0,1
A028,09-01-2025 19:00,A028-ENG,Engine,78.532,3.426,73.086,51.737,1815.279,145.651,23.575,78.256,419,62.35,31.874,0,0
A028,09-01-2025 20:00,A028-ENG,Engine,75.468,3.767,71.039,52.334,1843.474,148.001,23.441,78.448,406,59.836,31.072,0,0
A028,10-01-2025 00:00,A028-ENG,Engine,76.578,2.775,71.668,53.906,1677.489,145.83,23.839,79.666,478,71.927,24.415,0,0
A028,10-01-2025 06:00,A028-ENG,Engine,74.158,3.125,73.312,51.731,1901.188,148.323,23.35,79.781,647,68.645,28.264,0,0
A028,10-01-2025 10:00,A028-ENG,Engine,78.078,2.941,70.175,54.126,1920.883,148.83,22.965,78.8,639,72.18,26.796,0,0
A028,10-01-2025 16:00,A028-ENG,Engine,78.754,3.23,76.961,53.483,1875.596,148.89,23.543,78.842,602,69.464,37.29,0,0
A028,10-01-2025 18:00,A028-ENG,Engine,79.551,2.756,72.832,57.144,2001.492,141.186,22.86,82.732,642,66.278,33.523,0,0
A028,10-01-2025 20:00,A028-ENG,Engine,81.041,3.076,76.741,51.766,1815.745,151.674,23.346,81.754,494,72.727,26.839,0,1
A028,10-01-2025 21:00,A028-ENG,Engine,79.115,3.626,72.271,50.523,1804.25,148.833,23.048,79.203,531,66.076,23.686,0,0
A028,10-01-2025 22:00,A028-ENG,Engine,82.276,3.539,70.011,52.636,1779.151,150.918,23.292,81.242,395,66.583,32.809,0,1
A028,10-01-2025 23:00,A028-ENG,Engine,76.405,2.771,73.108,52.722,1774.208,147.539,23.555,79.524,667,50.36,30.218,0,0
A028,11-01-2025 03:00,A028-ENG,Engine,82.145,3.102,73.131,54.08,1716.172,152.809,22.996,80.628,606,68.244,29.288,0,0
A028,11-01-2025 07:00,A028-ENG,Engine,78.533,3.885,71.979,52.475,1776.076,144.933,23.159,79.445,461,68.475,33.296,0,0
A028,11-01-2025 10:00,A028-ENG,Engine,80.954,3.175,69.907,53.561,1644.121,158.309,23.283,84.006,420,73.319,28.958,0,0
A028,11-01-2025 15:00,A028-ENG,Engine,80.091,3.014,68.638,54.899,1764.13,143.27,23.28,80.129,586,62.483,29.124,0,0
A028,11-01-2025 18:00,A028-ENG,Engine,79.332,3.134,72.286,55.675,1899.976,152.621,22.866,83.313,459,61.389,32.063,0,1
A028,12-01-2025 03:00,A028-ENG,Engine,78.428,3.626,75.617,53.91,1844.804,143.454,22.931,81.597,393,68.45,33.056,0,1
A028,12-01-2025 11:00,A028-ENG,Engine,78.743,3.069,72.753,55.026,1843.363,139.352,22.66,81.545,500,68.881,34.244,0,0
A028,12-01-2025 12:00,A028-ENG,Engine,73.584,2.977,75.35,58.132,1636.444,140.911,23.728,82.041,398,76.488,23.784,0,1
A028,12-01-2025 13:00,A028-ENG,Engine,90.71,6.922,68.781,54.016,1840.132,124.6,23.441,83.142,574,75.905,35.217,1,1
A028,12-01-2025 14:00,A028-ENG,Engine,81.898,3.223,70.183,53.194,1810.376,143.402,23.392,82.812,759,61.723,33.186,0,0
A028,12-01-2025 15:00,A028-ENG,Engine,80.622,3.461,72.346,56.759,1883.563,147.929,23.202,84.02,515,59.298,34.678,0,0
A028,12-01-2025 23:00,A028-ENG,Engine,85.26,3.847,67.376,52.739,1705.387,151.198,23.346,80.598,669,81.997,32.98,1,0
A028,13-01-2025 04:00,A028-ENG,Engine,82.4,3.636,72.286,52.549,1810.493,144.951,23.199,81.407,497,65.368,27.878,1,0
A028,13-01-2025 07:00,A028-ENG,Engine,80.427,2.972,72.816,52.279,1800.409,148.671,22.752,79.426,402,77.073,31.063,1,1
A028,13-01-2025 14:00,A028-ENG,Engine,83.58,3.293,71.747,54.664,1782.189,140.101,23.365,85.137,783,73.528,28.161,1,1
A028,13-01-2025 16:00,A028-ENG,Engine,84.938,3.54,74.939,50.459,1803.669,144.544,22.296,85.274,603,78.896,31.352,1,1
A028,13-01-2025 20:00,A028-ENG,Engine,80.947,3.109,69.288,55.115,1637.488,148.596,23.145,84.691,693,60.733,32.117,0,0
A028,14-01-2025 11:00,A028-ENG,Engine,88.792,3.797,75.56,53.647,1788.816,141.004,22.977,86.961,729,71.524,29.925,1,1
A028,14-01-2025 12:00,A028-ENG,Engine,81.793,3.765,73.531,52.738,1656.35,150.124,23.102,84.635,619,68.211,37.398,1,0
A028,14-01-2025 13:00,A028-ENG,Engine,81.314,3.698,72.377,53.981,1687.744,156.578,23.261,86.128,642,64.196,29.494,1,1
A028,14-01-2025 14:00,A028-ENG,Engine,85.218,3.303,75.921,49.984,1804.713,141.57,23.424,82.215,782,67.204,34.176,1,0
A028,14-01-2025 16:00,A028-ENG,Engine,84.099,3.257,71.6,52.541,1720.443,144.308,23.317,84.004,605,64.193,26.712,1,1
A028,14-01-2025 20:00,A028-ENG,Engine,82.092,3.546,74.665,48.943,1658.577,138.164,23.08,82.595,550,86.047,32.423,1,0
A028,15-01-2025 00:00,A028-ENG,Engine,83.673,3.892,73.138,53.507,1816.276,155.709,23.434,81.485,723,70.945,43.237,1,1
A028,15-01-2025 02:00,A028-ENG,Engine,84.464,3.54,72.628,48.97,1859.004,143.126,22.57,83.381,699,77.971,23.911,1,1
A028,15-01-2025 06:00,A028-ENG,Engine,80.792,3.552,72.048,48.36,1772.803,145.507,22.984,81.242,711,76.032,29.853,1,1
A028,15-01-2025 10:00,A028-ENG,Engine,81.813,3.316,69.292,50.794,1955.323,147.506,22.515,82.605,595,74.797,31.753,1,1
A028,15-01-2025 12:00,A028-ENG,Engine,82.84,3.795,71.387,50.584,1761.007,146.9,22.862,84.213,691,60.464,28.205,1,1
A028,15-01-2025 13:00,A028-ENG,Engine,83.074,3.594,68.401,54.185,1871.052,143.215,23.018,83.573,754,67.797,35.919,1,0
A028,15-01-2025 16:00,A028-ENG,Engine,80.498,3.963,73.126,52.425,1640.133,145.728,22.717,84.137,600,68.04,29.548,1,0
A028,15-01-2025 17:00,A028-ENG,Engine,80.326,3.731,74.625,50.747,1846.257,141.537,23.117,82.766,750,57.887,33.255,1,0
A028,15-01-2025 19:00,A028-ENG,Engine,82.87,3.672,73.01,49.743,1753.238,150.055,23.08,84.145,481,77.7,29.309,1,1
A028,15-01-2025 22:00,A028-ENG,Engine,82.224,4.452,71.502,51.041,1850.524,149.629,23.143,85.862,793,83.806,29.123,1,0
A028,16-01-2025 03:00,A028-ENG,Engine,81.369,3.937,67.068,52.247,1774.98,150.619,22.809,86.589,860,84.61,40.192,1,1
A028,16-01-2025 04:00,A028-ENG,Engine,84.289,3.749,71.527,50.859,1945.754,145.097,22.792,79.478,732,80.951,23.482,1,1
A028,16-01-2025 08:00,A028-ENG,Engine,83.097,3.647,75.456,52.702,1682.574,146.805,23.054,83.35,741,73.094,33.47,1,0
A028,16-01-2025 11:00,A028-ENG,Engine,82.346,3.879,73.43,53.635,1731.528,151.094,22.726,85.418,622,84.907,32.442,1,1
A028,16-01-2025 14:00,A028-ENG,Engine,80.113,4.108,69.072,52.378,1609.019,147.761,22.518,86.434,834,74.968,33.838,1,1
A028,16-01-2025 20:00,A028-ENG,Engine,85.873,3.414,67.088,52.519,1786.178,146.093,22.489,85.324,824,71.66,35.994,1,1
A028,16-01-2025 22:00,A028-ENG,Engine,82.035,3.127,67.604,52.819,1896.837,143.522,22.885,84.358,626,73.598,24.102,1,0
A028,16-01-2025 23:00,A028-ENG,Engine,85.377,3.811,73.149,49.462,1773.903,143.292,22.562,79.916,631,75.932,32.314,1,0
A028,17-01-2025 00:00,A028-ENG,Engine,81.088,3.539,70.228,50.041,1795.885,140.556,22.767,88.522,626,77.648,24.762,1,1
A028,17-01-2025 01:00,A028-ENG,Engine,91.167,6.083,59.638,50.099,1893.002,138.144,22.815,83.394,523,86.644,27.752,1,1
A028,17-01-2025 10:00,A028-ENG,Engine,82.076,4.147,66.406,50.571,1714.248,139.131,22.349,87.888,727,94.191,20.348,1,1
A029,01-01-2025 01:00,A029-ENG,Engine,75.902,2.32,73.688,53.966,2042.554,141.521,24.888,74.47,217,50.888,36.451,0,0
A029,01-01-2025 04:00,A029-ENG,Engine,69.077,3.265,75.276,53.06,1900.293,149.132,24.479,75.495,444,54.779,32.897,0,1
A029,01-01-2025 15:00,A029-ENG,Engine,77.385,2.45,73.335,54.991,1928.687,144.721,24.077,74.615,229,45.175,29.358,0,0
A029,01-01-2025 17:00,A029-ENG,Engine,72.256,3.013,73.984,54.727,1678.437,144.027,23.658,77.468,435,66.859,31.438,0,0
A029,01-01-2025 22:00,A029-ENG,Engine,77.596,2.607,73.766,59.392,1876.72,152.735,23.502,75.967,415,68.052,33.692,0,0
A029,01-01-2025 23:00,A029-ENG,Engine,73.451,2.886,74.176,56.504,1810.735,149.272,23.895,72.235,486,49.354,35.743,0,0
A029,02-01-2025 03:00,A029-ENG,Engine,75.987,2.352,74.153,53.073,1753.166,144.083,24.395,75.621,174,52.896,32.594,0,0
A029,02-01-2025 07:00,A029-ENG,Engine,77.219,2.428,77.462,51.866,1826.357,149.541,23.973,75.288,190,65.467,31.216,0,0
A029,02-01-2025 15:00,A029-ENG,Engine,72.83,3.014,76.493,55.163,1909.84,146.463,24.017,79.875,215,57.236,27.66,0,0
A029,02-01-2025 18:00,A029-ENG,Engine,73.955,2.951,77.473,55.454,1742.172,152.726,24.349,76.338,380,63.01,24.736,0,1
A029,03-01-2025 01:00,A029-ENG,Engine,76.873,2.785,75.437,57.081,1792.699,151.339,24.241,77.776,476,62.031,37.333,0,0
A029,03-01-2025 06:00,A029-ENG,Engine,70.366,3.123,73.567,54.155,1741.095,149.39,23.54,74.612,299,63.769,16.629,0,0
A029,03-01-2025 10:00,A029-ENG,Engine,74.15,3.083,74.706,55.335,1826.311,154.248,23.602,76.73,179,61.925,31.421,0,0
A029,03-01-2025 16:00,A029-ENG,Engine,77.374,3.06,75.36,54.712,1823.212,152.495,23.541,75.42,211,59.341,28.451,0,0
A029,03-01-2025 20:00,A029-ENG,Engine,74.28,3.145,74.469,50.104,1743.508,145.855,23.664,73.736,393,62.422,31.349,0,0
A029,04-01-2025 02:00,A029-ENG,Engine,75.377,3.024,78.855,54.048,1826.901,144.125,24.221,77.164,455,65.593,25.103,0,0
A029,04-01-2025 03:00,A029-ENG,Engine,77.498,3.013,71.079,52.06,1804.971,138.941,23.478,77.705,286,74.795,30.162,0,0
A029,04-01-2025 06:00,A029-ENG,Engine,74.373,2.74,73.547,56.33,1894.997,151,24.237,80.145,185,82.369,24.948,0,0
A029,04-01-2025 08:00,A029-ENG,Engine,89.083,5.219,66.057,56.579,1651.5,139.044,23.621,79.329,245,61.833,26.664,1,0
A029,04-01-2025 09:00,A029-ENG,Engine,85.274,6.638,57.992,58.18,1756.081,129.937,23.394,75.015,378,68.775,27.745,1,1
A029,04-01-2025 10:00,A029-ENG,Engine,81.491,2.163,71.361,54.797,2014.619,147.118,23.865,79.582,471,54.547,38.343,0,1
A029,04-01-2025 17:00,A029-ENG,Engine,73.614,2.621,72.542,58.481,1890.85,149.162,23.703,79.607,391,63.329,30.048,0,0
A029,04-01-2025 19:00,A029-ENG,Engine,80.582,3.598,77.899,52.781,1827.613,146.279,23.657,78.292,369,55.456,31.06,0,0
A029,04-01-2025 20:00,A029-ENG,Engine,77.198,2.82,72.843,54.26,1826.05,144.94,23.837,76.974,411,57.659,31.634,0,0
A029,04-01-2025 21:00,A029-ENG,Engine,79.97,2.85,74.789,51.896,1846.532,145.846,23.724,75.854,581,58.006,26.169,0,0
A029,04-01-2025 22:00,A029-ENG,Engine,76.206,2.77,74.684,56.195,1714.491,157.889,24.345,77.292,471,67.1,31.702,0,1
A029,05-01-2025 00:00,A029-ENG,Engine,79.46,3.239,74.211,51.252,1869.882,146.553,23.884,76.715,538,61.125,27.692,0,0
A029,05-01-2025 01:00,A029-ENG,Engine,78.25,2.346,71.665,57.111,1778.748,146.949,24.421,77.498,309,57.663,32.937,0,0
A029,05-01-2025 02:00,A029-ENG,Engine,72.683,3.264,79.278,50.032,1921.896,147.97,23.459,78.084,499,68.952,30.936,0,1
A029,05-01-2025 03:00,A029-ENG,Engine,77.981,3.415,70.078,54.643,1788.784,148.803,24.022,76.02,508,57.293,23.725,0,0
A029,05-01-2025 04:00,A029-ENG,Engine,77.808,2.869,72.663,55.183,1732.615,150.362,24.085,76.239,396,71.563,24.848,0,0
A029,05-01-2025 07:00,A029-ENG,Engine,79.936,2.91,72.056,54.918,1869.685,151.854,23.34,81.539,585,62.661,29.454,0,0
A029,05-01-2025 16:00,A029-ENG,Engine,78.55,3.761,74.346,50.857,1624.495,149.227,23.529,74.943,431,73.448,27.253,0,1
A029,05-01-2025 17:00,A029-ENG,Engine,77.168,2.787,75.213,56.691,1817.856,149.807,23.565,78.989,395,56.73,20.182,0,0
A029,05-01-2025 18:00,A029-ENG,Engine,78.916,2.667,70.832,56.145,1702.367,147.65,23.302,80.482,553,53.233,32.838,0,0
A029,05-01-2025 23:00,A029-ENG,Engine,71.864,2.137,74.504,54.574,1847.209,144.99,23.121,76.931,241,50.693,24.238,0,0
A029,06-01-2025 03:00,A029-ENG,Engine,80.131,3.345,76.774,54.553,1819.338,151.864,24.365,78.075,268,68.147,31.43,0,0
A029,06-01-2025 05:00,A029-ENG,Engine,74.639,2.937,70.408,53.184,1981.203,147.188,23.279,75.47,576,58.809,28.995,0,1
A029,06-01-2025 10:00,A029-ENG,Engine,75.314,3.607,75.514,55.586,1933.993,157.714,23.89,79.752,622,63.325,27.417,0,0
A029,07-01-2025 05:00,A029-ENG,Engine,79.163,3.424,75.707,54.7,1741.022,148.511,23.37,76.862,478,60.976,22.92,0,0
A029,07-01-2025 12:00,A029-ENG,Engine,81.629,3.128,76.065,50.857,1709.314,153.559,23.335,79.139,331,52.701,31.804,0,0
A029,07-01-2025 23:00,A029-ENG,Engine,83.929,3.495,74.116,50.833,1929.525,142.278,24.106,77.889,267,58.064,37.635,0,0
A029,08-01-2025 11:00,A029-ENG,Engine,80.207,3.174,74.547,52.594,1701.275,155.465,23.48,77.616,388,79.464,21.807,0,0
A029,08-01-2025 16:00,A029-ENG,Engine,82.961,2.855,69.73,52.59,1736.061,145.803,23.659,81.451,635,77.035,36.939,0,0
A029,08-01-2025 18:00,A029-ENG,Engine,80.652,3.692,71.346,52.119,1976.555,148.86,23.652,80.38,439,77.151,33.735,1,0
A029,08-01-2025 19:00,A029-ENG,Engine,80.038,3.751,76.047,53.15,1975.305,149.874,23.533,80.299,477,75.656,30.578,0,1
A029,09-01-2025 02:00,A029-ENG,Engine,77.252,3.291,73.259,51.124,1990.382,149.883,23.568,79.791,352,70.661,32.097,0,0
A029,09-01-2025 15:00,A029-ENG,Engine,82.454,3.735,73.055,48.954,1738.506,146.101,23.102,78.324,433,78.684,34.797,1,1
A029,09-01-2025 19:00,A029-ENG,Engine,76.59,3.603,74.742,55.136,1735.907,148.437,23.425,78.705,692,81.483,32.652,1,1
A029,09-01-2025 22:00,A029-ENG,Engine,79.937,3.878,71.951,51.919,1758.08,148.971,22.801,82.936,647,71.206,32.542,1,0
A029,10-01-2025 02:00,A029-ENG,Engine,78.527,3.168,68.387,55.921,1790.706,151.319,23.862,77.95,345,85.978,34.566,1,0
A029,10-01-2025 09:00,A029-ENG,Engine,78.444,3.944,73.129,55.335,1725.421,143.712,22.871,79.997,513,70.781,34.892,1,0
A029,10-01-2025 16:00,A029-ENG,Engine,80.098,3.671,73.004,53.755,1732.343,147.175,23.543,80.277,616,74.464,33.186,1,0
A029,11-01-2025 02:00,A029-ENG,Engine,81.361,3.345,67.995,52.809,1623.999,138.442,23.108,80.449,716,70.154,32.925,1,1
A029,11-01-2025 07:00,A029-ENG,Engine,77.048,3.564,71.169,53.75,1849.072,148.387,23.591,83.536,451,62.289,31.271,0,0
A029,11-01-2025 09:00,A029-ENG,Engine,83.418,3.371,71.369,52.138,1700.208,143.586,23.618,78.305,461,71.936,32.959,1,0
A029,11-01-2025 14:00,A029-ENG,Engine,91.105,6.156,61.125,52.878,1793.773,138.769,23.786,80.83,659,68.92,27.077,1,1
A029,11-01-2025 15:00,A029-ENG,Engine,83.516,3.696,73.074,53.21,1953.493,142.598,22.624,78.755,449,75.4,33.841,1,0
A029,11-01-2025 21:00,A029-ENG,Engine,79.471,4.607,67.859,53.577,1617.396,154.375,22.887,82.132,484,77.832,34.064,1,1
A029,11-01-2025 23:00,A029-ENG,Engine,80.67,3.895,71.208,51.512,1722.515,146.085,22.948,79.395,735,80.437,37.592,1,1
A029,12-01-2025 00:00,A029-ENG,Engine,80.564,3.606,68.319,55.091,1778.782,150.397,23.49,82.172,573,76.618,25.334,1,0
A029,12-01-2025 03:00,A029-ENG,Engine,82.15,3.603,70.832,53.907,1798.995,146.232,23.561,81.601,546,75.508,35.038,1,0
A029,12-01-2025 06:00,A029-ENG,Engine,81.328,3.836,71.098,55.105,1935.955,148.533,23.578,82.075,499,69.6,30.19,1,1
A029,12-01-2025 08:00,A029-ENG,Engine,84.863,3.671,67.715,53.636,1911.278,150.899,23.26,83.769,714,70.047,34.023,1,1
A029,12-01-2025 09:00,A029-ENG,Engine,83.218,3.156,72.521,58.349,1710.109,147.75,23.168,83.043,677,71.264,31.804,1,1
A029,12-01-2025 10:00,A029-ENG,Engine,96.867,6.315,63.475,55.097,1908.475,127.404,22.9,80.886,754,57.917,31.822,1,1
A029,12-01-2025 18:00,A029-ENG,Engine,84.329,3.038,70.516,53.968,1816.373,149.078,23.485,81.889,725,76.969,26.854,1,1
A029,13-01-2025 06:00,A029-ENG,Engine,85.281,3.625,74.515,54.643,1868.194,156.14,22.93,83.874,405,61.634,32.493,1,0
A029,13-01-2025 10:00,A029-ENG,Engine,84.194,3.804,68.616,52.043,1908.226,149.295,23.187,80.858,662,79.22,26.456,1,1
A029,13-01-2025 13:00,A029-ENG,Engine,78.116,3.495,69.963,50.083,1650.29,141.911,23.193,82.887,604,68.989,26.026,1,0
A029,13-01-2025 17:00,A029-ENG,Engine,85.055,4.08,71.048,50.873,1717.24,149.007,22.675,78.409,732,71.683,25.588,1,0
A029,13-01-2025 19:00,A029-ENG,Engine,87.065,3.631,68.2,51.73,1693.607,145.841,22.486,77.634,672,79.851,27.447,1,1
A029,14-01-2025 00:00,A029-ENG,Engine,81.536,3.799,69.68,52.057,1919.823,151.074,22.225,84.255,752,80.961,32.824,1,0
A029,14-01-2025 04:00,A029-ENG,Engine,79.837,3.691,67.276,51.53,1675.613,147.843,22.555,80.613,813,90.015,22.585,1,1
A029,14-01-2025 08:00,A029-ENG,Engine,88.178,4.012,68.766,52.977,1775.265,147.392,23.202,79.828,643,87.393,38.659,1,1
A029,14-01-2025 11:00,A029-ENG,Engine,88.032,4.447,68.657,56.069,1788.313,148.925,23.318,81.778,749,84.218,28.733,1,1
A029,14-01-2025 12:00,A029-ENG,Engine,85.56,4.139,74.66,55.386,1738.16,142.673,23.43,86.115,606,60.261,32.127,1,0
A029,14-01-2025 14:00,A029-ENG,Engine,97.271,8.104,58.208,48.853,1668.713,133.274,23.089,82.925,621,63.081,33.357,1,1
A029,14-01-2025 15:00,A029-ENG,Engine,80.787,3.67,71.504,50.433,1812.389,150.116,23.04,82.044,651,82.734,29.855,1,1
A029,15-01-2025 05:00,A029-ENG,Engine,83.316,3.82,70.064,49.514,1814.208,142.612,22.746,80.554,458,66.11,27.452,1,0
A029,15-01-2025 08:00,A029-ENG,Engine,81.835,3.421,64.509,50.996,1910.441,146.02,22.799,86.497,770,81.374,27.52,1,1
A029,15-01-2025 12:00,A029-ENG,Engine,84.618,4.068,69.855,54.288,1927.458,141.911,22.709,85.83,734,78.543,31.79,1,1
A029,15-01-2025 15:00,A029-ENG,Engine,85.338,4.19,68.711,50.341,1846.723,145.593,22.774,87.842,712,80.903,27.344,1,1
A029,15-01-2025 16:00,A029-ENG,Engine,83.579,4.865,70.253,53.346,1736.093,145.532,23.246,85.391,799,62.435,28.442,1,1
A029,15-01-2025 18:00,A029-ENG,Engine,88.213,3.683,67.167,53.689,1878.491,142.756,23.109,83.525,515,77.133,30.646,1,1
A029,16-01-2025 00:00,A029-ENG,Engine,83.699,4.459,70.486,49.467,1808.895,142.489,22.373,83.633,723,92.359,32.241,1,1
A029,16-01-2025 11:00,A029-ENG,Engine,81.671,4.648,59.914,52.394,1823.966,147.982,21.948,81.649,756,85.984,37.467,1,0
A029,16-01-2025 12:00,A029-ENG,Engine,88.04,4.61,68.391,52.847,1753.066,145.257,23.036,86.145,833,74.489,34.053,1,0
A029,16-01-2025 15:00,A029-ENG,Engine,86.439,3.652,63.619,52.507,1826.977,150.614,23.28,82.859,550,86.23,33.414,1,0
A029,16-01-2025 16:00,A029-ENG,Engine,85.214,3.939,71.933,54.201,1892.223,150.739,22.643,83.962,731,85.227,25.333,1,1
A029,16-01-2025 18:00,A029-ENG,Engine,84.647,4.069,70.939,50.874,1949.517,146.782,23.038,84.74,808,82.555,29.037,1,1
A029,16-01-2025 20:00,A029-ENG,Engine,81.941,4.425,69.344,50.187,1912.338,144.725,22.615,81.948,862,73.263,31.653,1,1
A029,16-01-2025 21:00,A029-ENG,Engine,90.859,4.532,72.911,51.302,1879.949,142.864,22.055,82.411,785,94.343,32.132,1,1
A029,16-01-2025 22:00,A029-ENG,Engine,85.296,3.394,71.942,53.658,1756.539,150.936,22.35,84.801,670,80.502,28.229,1,1
A029,17-01-2025 01:00,A029-ENG,Engine,86.278,4.361,68.287,52.33,1818.149,143.963,22.622,84.585,744,70.261,26.602,1,0
A029,17-01-2025 03:00,A029-ENG,Engine,85.609,4.446,71.636,50.778,1879.471,139.249,22.498,84.79,621,83.528,31.395,1,0
A029,17-01-2025 05:00,A029-ENG,Engine,89.044,4.299,65.264,55.374,1784.232,152.625,22.782,82.88,856,72.659,22.617,1,1
A029,17-01-2025 09:00,A029-ENG,Engine,89.32,3.687,68.458,49.077,1823.085,142.422,22.34,87.47,547,91.076,26.09,1,1
A029,17-01-2025 15:00,A029-ENG,Engine,88.14,4.775,65.824,51.43,1750.607,145.239,22.56,82.973,720,77.95,25.426,1,1
A030,01-01-2025 03:00,A030-ENG,Engine,78.414,2.72,75.517,53.992,1885.637,151.239,24.04,76.427,105,56.668,36.671,0,1
A030,01-01-2025 04:00,A030-ENG,Engine,73.599,2.66,77.02,55.522,1747.382,144.219,23.32,76.553,444,37.118,31.42,0,0
A030,01-01-2025 07:00,A030-ENG,Engine,74.734,2.41,79.034,54.588,1668.577,148.038,24.043,71.123,264,61.151,26.03,0,0
A030,01-01-2025 08:00,A030-ENG,Engine,73.428,2.943,77.683,55.076,2082.198,153.731,23.792,75.712,507,60.544,32.344,0,0
A030,01-01-2025 13:00,A030-ENG,Engine,67.955,2.108,76.79,55.028,1777.342,148.446,23.692,78.417,397,48.372,29.671,0,1
A030,01-01-2025 14:00,A030-ENG,Engine,74.029,2.543,73.873,57.412,1643.299,145.913,24.281,73.402,333,61.856,36.954,0,1
A030,01-01-2025 16:00,A030-ENG,Engine,72.199,2.317,75.217,56.498,1675.797,150.777,24.05,74.308,249,62.778,23.432,0,0
A030,01-01-2025 19:00,A030-ENG,Engine,74.853,2.179,72.625,54.113,1718,148.839,24.628,74.056,390,48.874,31.9,0,0
A030,01-01-2025 21:00,A030-ENG,Engine,74.343,2.634,79.115,55.405,1725.785,150.196,23.424,78.704,303,52.258,24.223,0,0
A030,01-01-2025 23:00,A030-ENG,Engine,71.869,2.726,82.952,52.148,1814.113,143.121,24.419,75.077,220,63.711,22.615,0,0
A030,02-01-2025 03:00,A030-ENG,Engine,78.395,3.11,80.098,52.579,1839.643,158.466,23.987,76.265,245,56.217,29.793,0,0
A030,02-01-2025 07:00,A030-ENG,Engine,74.111,2.52,70.311,53.889,1690.192,140.728,24.056,74.643,425,78.132,29.155,0,0
A030,02-01-2025 11:00,A030-ENG,Engine,77.137,2.583,75.381,53.102,1792.788,152.179,23.892,75.63,358,63.241,34.641,0,0
A030,02-01-2025 14:00,A030-ENG,Engine,71.222,2.898,79.16,50.509,1859.313,149.221,23.432,75.409,459,72.963,20.667,0,0
A030,02-01-2025 23:00,A030-ENG,Engine,73.635,2.587,76.165,58.731,1868.997,151.582,23.765,72.218,492,54.985,27.569,0,1
A030,03-01-2025 05:00,A030-ENG,Engine,73.615,3.297,77.022,52.399,1861.231,142.43,23.308,79.398,258,70.705,29.17,0,1
A030,03-01-2025 10:00,A030-ENG,Engine,73.363,2.877,76.841,57.538,1818.986,151.286,23.75,74.685,193,63.751,30.691,0,0
A030,03-01-2025 14:00,A030-ENG,Engine,72.042,2.861,77.816,57.963,1823.711,152.55,24.236,73.225,234,54.884,32.176,0,0
A030,03-01-2025 21:00,A030-ENG,Engine,77.56,2.56,76.522,55.189,1690.803,145.254,23.564,75.734,474,71.479,31.126,0,1
A030,03-01-2025 23:00,A030-ENG,Engine,74.337,2.67,68.821,52.697,1823.749,155.303,24.314,77.226,332,62.435,34.501,0,0
A030,04-01-2025 00:00,A030-ENG,Engine,74.722,3.018,72.049,55.308,1772.352,144.976,24.16,78.634,308,63.002,36.586,0,0
A030,04-01-2025 01:00,A030-ENG,Engine,72.797,2.793,74.316,53.132,1712.064,151.933,23.964,78.065,328,53.315,34.463,0,0
A030,04-01-2025 03:00,A030-ENG,Engine,77.295,2.516,75.527,54.033,1646.671,146.721,23.708,78.203,346,44.325,35.503,0,0
A030,04-01-2025 06:00,A030-ENG,Engine,75.074,3.4,78.148,53.429,1745.27,150.571,23.914,75.256,235,55.002,23.417,0,1
A030,04-01-2025 15:00,A030-ENG,Engine,74.301,2.028,77.753,55.925,1715.336,150.232,23.889,75.758,465,74.845,34.015,0,0
A030,04-01-2025 22:00,A030-ENG,Engine,76.117,2.824,72.018,56.698,1823.113,146.745,23.12,75.594,387,58.515,35.795,0,0
A030,05-01-2025 01:00,A030-ENG,Engine,79.872,2.995,79.111,55.512,1808.831,152.408,24.091,75.911,381,60.49,25.218,0,0
A030,05-01-2025 06:00,A030-ENG,Engine,77.462,2.691,77.008,51.197,1986.364,148.087,23.088,81.655,450,52.626,33.984,0,0
A030,05-01-2025 15:00,A030-ENG,Engine,88.736,5.488,65.541,51.654,1904.218,134.005,23.422,77.486,312,69.107,32.363,1,1
A030,05-01-2025 16:00,A030-ENG,Engine,75.472,3.401,74.978,56.794,1792.215,151.956,24.283,79.229,339,73.549,36.593,0,0
A030,05-01-2025 18:00,A030-ENG,Engine,77.221,3.447,76.796,53.153,1669.592,139.783,24.229,73.567,280,62.27,25.849,0,1
A030,06-01-2025 04:00,A030-ENG,Engine,76.072,3.225,74.963,58.557,1728.58,145.606,23.823,76.518,265,55.958,24.104,0,0
A030,06-01-2025 12:00,A030-ENG,Engine,80.989,3.289,71.733,55.527,1778.399,147.596,23.295,78.633,467,65.189,37.832,0,1
A030,06-01-2025 13:00,A030-ENG,Engine,78.97,3.098,77.413,48.259,1947.301,140.039,24.026,79.904,614,66.236,36.978,0,0
A030,06-01-2025 14:00,A030-ENG,Engine,77.752,3.568,75.404,55.72,1807.369,148.354,23.351,78.771,499,53.878,27.045,0,0
A030,06-01-2025 19:00,A030-ENG,Engine,82.578,2.997,75.595,53.564,1882.9,150.387,23.781,76.657,317,60.29,30.118,0,1
A030,06-01-2025 21:00,A030-ENG,Engine,77.895,2.255,74.69,54.457,1737.831,156.355,23.679,76.868,501,75.387,30.869,0,0
A030,06-01-2025 22:00,A030-ENG,Engine,74.055,2.988,71.159,56.208,1803.791,154.232,24.063,76.677,364,65.411,30.166,0,0
A030,07-01-2025 02:00,A030-ENG,Engine,76.56,3.301,71.181,52.502,1665.616,146.825,22.766,76.624,254,61.346,27.278,0,0
A030,07-01-2025 03:00,A030-ENG,Engine,98.37,6.007,62.038,53.585,1657.73,144.721,23.66,77.598,540,73.127,30.191,1,1
A030,07-01-2025 04:00,A030-ENG,Engine,78.843,2.922,69.131,54.753,1881.236,147.472,23.464,80.594,363,69.445,36.309,0,1
A030,07-01-2025 05:00,A030-ENG,Engine,78.069,3.043,72.275,54.871,1816.596,146.063,23.172,79.102,324,59.961,27.262,0,0
A030,07-01-2025 06:00,A030-ENG,Engine,80.719,3.038,69.86,54.046,1907.959,147.789,23.485,75.483,525,63.522,26.575,0,0
A030,07-01-2025 07:00,A030-ENG,Engine,80.396,3.572,73.548,49.704,1826.01,157.552,23.119,75.387,470,56.74,33.043,0,1
A030,07-01-2025 10:00,A030-ENG,Engine,77.022,3.181,75.919,54.129,1859.043,147.215,23.329,81.834,318,66.627,24.098,0,0
A030,07-01-2025 11:00,A030-ENG,Engine,75.794,2.785,74.183,52.712,1682.738,143.103,23.913,78.821,442,68.221,28.88,0,0
A030,07-01-2025 13:00,A030-ENG,Engine,81.892,3.309,73.539,51.128,1474.777,143.792,24.021,78.054,480,60.782,33.619,0,0
A030,07-01-2025 16:00,A030-ENG,Engine,74.283,3.543,75.16,55.47,1687.294,142.051,24.255,79.186,555,50.258,27.791,0,0
A030,07-01-2025 17:00,A030-ENG,Engine,77.052,3.395,73.769,52.83,1700.648,148.918,22.849,79.641,657,65.678,28.209,0,0
A030,07-01-2025 18:00,A030-ENG,Engine,76.149,2.322,73.287,56.005,1769.034,146.496,23.586,77.327,373,63.411,34.953,0,0
A030,08-01-2025 01:00,A030-ENG,Engine,80.882,2.72,72.178,55.488,2028.373,149.109,23.529,75.131,599,69.287,29.857,0,0
A030,08-01-2025 02:00,A030-ENG,Engine,75.926,3.482,71.575,51.5,1769.291,147.931,23.558,76.697,435,75.845,34.031,0,1
A030,08-01-2025 05:00,A030-ENG,Engine,81.834,2.77,76.675,53.439,1778.144,142.944,23.796,80.166,505,65.808,25.584,0,0
A030,08-01-2025 07:00,A030-ENG,Engine,79.615,3.13,73.429,55.108,1841.564,151.925,23.542,77.715,489,63.492,32.748,0,0
A030,08-01-2025 15:00,A030-ENG,Engine,76.968,3.314,74.582,54.902,1935.015,149.814,23.471,80.423,437,65.465,35.877,0,0
A030,08-01-2025 16:00,A030-ENG,Engine,77.945,3.451,69.558,52.821,1764.866,150.197,23.752,82.559,413,61.478,33.93,0,0
A030,08-01-2025 20:00,A030-ENG,Engine,80.605,3.129,76.549,54.512,1714.281,151.606,23.424,82.573,463,61.522,31.49,0,0
A030,09-01-2025 02:00,A030-ENG,Engine,82.23,6.347,56.645,55.539,1727.253,135.097,23.357,76.721,463,57.77,35.614,1,1
A030,09-01-2025 03:00,A030-ENG,Engine,79.63,3.331,73.602,52.47,1857.359,149.521,23.493,80.738,370,84.158,18.161,1,0
A030,09-01-2025 09:00,A030-ENG,Engine,79.396,2.69,74.373,56.313,1611.936,149.483,23.744,80.326,473,70.772,36.998,0,0
A030,09-01-2025 10:00,A030-ENG,Engine,78.923,3.377,69.359,54.739,1718.602,154.928,22.934,84.997,660,59.11,20.104,0,0
A030,09-01-2025 21:00,A030-ENG,Engine,80.424,2.731,77.82,55.143,1761.363,139.157,23.398,79.571,640,65.157,32.715,0,1
A030,10-01-2025 01:00,A030-ENG,Engine,81.686,3.472,70.255,54.262,1998.237,150.157,23.243,79.726,437,69.143,24.769,1,0
A030,10-01-2025 07:00,A030-ENG,Engine,80.667,2.892,73.673,52.883,1798.038,141.041,22.986,80.03,519,58.017,33.823,0,0
A030,10-01-2025 09:00,A030-ENG,Engine,82.357,3.018,72.296,53.115,1856.129,148.854,23.391,83.208,652,82.517,37.598,1,0
A030,10-01-2025 17:00,A030-ENG,Engine,81.133,3.244,70.795,51.876,1787.508,150.014,23.25,82.869,366,70.514,25.702,1,0
A030,10-01-2025 18:00,A030-ENG,Engine,79.688,4.071,73.971,50.996,1791.261,151.559,23.469,80.699,573,55.888,24.473,0,0
A030,10-01-2025 19:00,A030-ENG,Engine,79.235,3.751,69.734,54.393,1589.212,142.825,22.902,77.71,515,71.927,25.177,1,1
A030,10-01-2025 22:00,A030-ENG,Engine,75.849,3.249,70.132,53.864,1667.843,146.928,22.888,81.835,347,77.787,35.77,1,0
A030,11-01-2025 00:00,A030-ENG,Engine,83.457,3.305,71.609,52.63,1932.651,147.276,23.082,80.855,689,70.754,31.745,1,0
A030,11-01-2025 01:00,A030-ENG,Engine,78.666,3.634,72.307,55.113,1537.072,148.892,23.142,80.864,478,68.001,28.31,0,0
A030,11-01-2025 03:00,A030-ENG,Engine,78.638,3.534,69.235,53.98,1594.57,146.691,23.26,80.107,508,77.067,31.065,1,1
A030,11-01-2025 07:00,A030-ENG,Engine,78.566,4.044,75.04,52.834,1893.959,147.498,22.883,83.694,692,60.033,28.806,0,0
A030,11-01-2025 16:00,A030-ENG,Engine,79.564,3.581,72.518,56.59,1763.788,148.665,23.304,80.594,502,70.488,28.402,1,1
A030,11-01-2025 21:00,A030-ENG,Engine,79.78,4.183,72.277,49.31,1845.571,146.788,22.652,80.378,654,70.63,29.349,1,1
A030,11-01-2025 23:00,A030-ENG,Engine,80.514,3.393,75.412,48.253,1977.808,148.846,23.432,85.196,443,86.155,32.696,1,1
A030,12-01-2025 00:00,A030-ENG,Engine,82.139,3.797,69.658,54.464,1702.05,146.719,23.412,77.627,734,55.957,31.365,1,0
A030,12-01-2025 04:00,A030-ENG,Engine,81.088,3.47,68.65,54.944,1816.808,148.476,23.124,78.247,625,65.879,32.087,1,1
A030,12-01-2025 09:00,A030-ENG,Engine,90.017,6.197,53.751,52.366,1821.186,148.774,23.051,81.538,720,66.947,21.318,1,1
A030,12-01-2025 18:00,A030-ENG,Engine,85.355,3.474,72.182,50.368,1796.003,147.759,23.083,81.18,396,60.966,38.935,1,1
A030,12-01-2025 21:00,A030-ENG,Engine,78.111,3.702,69.097,55.733,1842.47,147.379,23.218,82.113,539,75.277,24.516,1,1
A030,12-01-2025 23:00,A030-ENG,Engine,85.77,3.458,69.424,50.601,1863.917,146.996,23.033,80.983,452,77.998,29.164,1,1
A030,13-01-2025 06:00,A030-ENG,Engine,82.778,3.87,71.553,52.598,1820.023,143.86,23.378,81.715,593,78.179,27.725,1,0
A030,13-01-2025 08:00,A030-ENG,Engine,103.056,6.611,58.974,51.052,1689.471,137.099,22.715,81.43,463,68.733,37.904,1,1
A030,13-01-2025 10:00,A030-ENG,Engine,83.284,4.015,73.517,53.87,1694.349,147.691,23.327,81.855,647,80.069,23.452,1,0
A030,13-01-2025 12:00,A030-ENG,Engine,82.355,4.196,74.747,53.501,1812.401,151.276,23.487,81.924,402,71.906,32.236,1,0
A030,13-01-2025 16:00,A030-ENG,Engine,83.678,3.861,74.653,50.062,1900.151,148.571,23.117,83.377,684,86.287,32.801,1,1
A030,13-01-2025 17:00,A030-ENG,Engine,85.062,3.026,71.303,57.874,1955.166,150.896,23.122,85.159,706,77.586,21.893,1,1
A030,13-01-2025 19:00,A030-ENG,Engine,82.735,3.855,63.744,54.781,1705.772,148.386,23.107,84.61,737,87.293,30.445,1,0
A030,13-01-2025 22:00,A030-ENG,Engine,79.714,3.787,74.202,54.981,1724.221,154.76,23.276,84.419,624,75.684,28.49,1,1
A030,14-01-2025 02:00,A030-ENG,Engine,92.349,6.935,62.722,50.09,1867.931,138.99,22.755,81.67,766,71.09,38.066,1,1
A030,14-01-2025 06:00,A030-ENG,Engine,82.345,4.087,75.121,54.233,1620.793,152.712,23.028,81.611,796,60.892,30.159,1,1
A030,14-01-2025 09:00,A030-ENG,Engine,79.421,3.738,70.75,52.251,1551.324,146.515,22.978,80.09,579,75.546,26.61,1,1
A030,14-01-2025 10:00,A030-ENG,Engine,86.074,4.049,69.196,51.157,1688.007,136.924,23.061,83.266,622,71.947,35.889,1,0
A030,14-01-2025 20:00,A030-ENG,Engine,82.05,3.948,71.679,54.049,1725.765,151.878,23.752,84.787,447,85.542,22.421,1,1
A030,14-01-2025 22:00,A030-ENG,Engine,85.26,3.474,68.662,51.019,1763.753,145.925,22.747,80.975,530,62.377,24.685,1,0
A030,15-01-2025 07:00,A030-ENG,Engine,89.652,4.373,73.11,53.48,1741.12,149.949,22.725,88.285,643,83.125,21.132,1,1
A030,15-01-2025 12:00,A030-ENG,Engine,87.408,3.877,70.653,52.41,1825.415,144.542,22.562,88.168,813,95.855,37.58,1,1
A030,15-01-2025 21:00,A030-ENG,Engine,82.977,4.844,67.882,46.584,1742.212,138.909,22.628,83.06,591,67.731,38.163,1,1
A030,16-01-2025 00:00,A030-ENG,Engine,88.427,3.824,66.927,50.845,1812.143,144.092,23.28,85.45,753,75.112,27.341,1,1
A030,16-01-2025 03:00,A030-ENG,Engine,96.137,5.003,61.462,55.329,1726.806,140.408,22.657,86.496,481,77.901,31.176,1,1
A030,16-01-2025 06:00,A030-ENG,Engine,83.69,3.996,72.086,54.694,1756.291,141.141,22.827,82.868,517,66.549,35.093,1,1
A030,16-01-2025 07:00,A030-ENG,Engine,81.883,3.929,71.273,52.686,1730.848,149.311,22.839,85.58,620,81.685,31.301,1,1
A030,16-01-2025 10:00,A030-ENG,Engine,82.261,2.978,72.927,56.652,1753.323,155.979,22.925,86.173,663,82.941,29.594,1,0
A030,16-01-2025 12:00,A030-ENG,Engine,84.256,3.959,64.45,53.707,1817.712,149.721,23.109,86.62,663,78.539,23.14,1,0
A030,16-01-2025 20:00,A030-ENG,Engine,86.203,4.513,69.156,49.775,1951.533,148.097,23.011,88.151,704,91.919,24.799,1,1
A030,16-01-2025 23:00,A030-ENG,Engine,84.755,3.399,69.268,50.51,1920.42,138.234,22.844,81.536,854,80.279,24.447,1,0
A030,17-01-2025 00:00,A030-ENG,Engine,85.372,4.264,69.104,51.841,1908.044,141.851,23.045,83.967,595,97.257,25.933,1,1
A030,17-01-2025 01:00,A030-ENG,Engine,85.524,4.014,68.531,54.8,1920.749,145.326,22.809,84.887,487,83.327,21.672,1,0
A030,17-01-2025 03:00,A030-ENG,Engine,85.716,4.419,66.979,49.032,1763.126,147.702,22.72,84.971,581,75.405,29.208,1,0
A030,17-01-2025 04:00,A030-ENG,Engine,86.855,4.571,66.018,56.077,1761.158,137.017,23.231,86.971,616,76.054,24.625,1,1
A030,17-01-2025 05:00,A030-ENG,Engine,102.032,7.331,58.618,51.141,1795.576,129.602,23.027,85.296,521,87.897,23.825,1,1
A030,17-01-2025 13:00,A030-ENG,Engine,87.052,4.482,71.711,51.213,1828.383,144.145,23.039,81.955,740,64.853,31.426,1,1
A031,01-01-2025 02:00,A031-ENG,Engine,69.037,1.962,82.693,56.768,1603.707,145.692,23.681,74.194,188,47.021,22.802,0,0
A031,01-01-2025 04:00,A031-ENG,Engine,71.35,3.064,77.331,53.885,1697.81,146.23,24.135,76.414,328,67.46,30.136,0,0
A031,01-01-2025 08:00,A031-ENG,Engine,73.364,2.154,77.3,54.125,1846.936,143.728,23.748,74.388,397,61.502,27.08,0,0
A031,01-01-2025 10:00,A031-ENG,Engine,72.223,2.916,78.939,55.921,1833.328,151.022,24.058,76.032,353,51.35,25.597,0,0
A031,01-01-2025 12:00,A031-ENG,Engine,76.201,2.564,75.46,55.398,1853.904,157.433,23.444,73.978,179,64.071,28.83,0,0
A031,01-01-2025 22:00,A031-ENG,Engine,74.31,1.966,75.608,56.909,1755.754,147.529,24.594,76.447,446,64.087,36.272,0,0
A031,02-01-2025 00:00,A031-ENG,Engine,74.306,2.434,75.438,54.515,1708.868,142.851,23.747,74.521,328,41.039,31.834,0,0
A031,02-01-2025 04:00,A031-ENG,Engine,73.279,2.334,77.669,54.721,1704.548,148.118,23.834,76.862,418,55.77,30.147,0,0
A031,02-01-2025 08:00,A031-ENG,Engine,74.509,2.956,73.725,56.306,1901.768,146.178,23.803,74.308,467,57.127,24.399,0,0
A031,02-01-2025 13:00,A031-ENG,Engine,73.53,2.37,79.682,56.344,1823.874,155.258,23.961,75.33,371,49.801,28.238,0,0
A031,02-01-2025 16:00,A031-ENG,Engine,75.778,2.751,79.547,53.616,1763.459,147.758,24.046,76.792,367,47.205,21.093,0,0
A031,02-01-2025 17:00,A031-ENG,Engine,75.207,2.202,73.459,54.356,2021.007,147.029,24.075,73.192,184,68.057,28.956,0,0
A031,03-01-2025 00:00,A031-ENG,Engine,77.108,2.959,76.481,55.236,1908.519,148.275,24.07,77.284,218,50.681,25.709,0,0
A031,03-01-2025 01:00,A031-ENG,Engine,76.226,3.13,74.26,57.884,1723.931,142.897,22.989,75.558,174,55.789,26.259,0,0
A031,03-01-2025 04:00,A031-ENG,Engine,79.24,2.6,77.953,50.308,1790.242,152.518,24.013,75.805,211,49.431,29.838,0,0
A031,03-01-2025 06:00,A031-ENG,Engine,77.124,3.152,81.506,57.974,1784.97,146.406,23.586,76.115,445,48.487,31.257,0,0
A031,03-01-2025 10:00,A031-ENG,Engine,72.784,3.465,74.799,54.698,1864.062,142.951,23.537,76.104,212,53.161,28.546,0,0
A031,03-01-2025 11:00,A031-ENG,Engine,74.197,3.155,75.259,52.622,1906.744,150.25,23.454,75.226,437,55.642,26.629,0,0
A031,03-01-2025 15:00,A031-ENG,Engine,70.494,2.361,75.748,57.561,1815.71,143.035,23.429,74.823,417,57.485,34.812,0,0
A031,03-01-2025 19:00,A031-ENG,Engine,74.502,2.54,75.566,56.273,1908.725,147.436,23.403,76.299,266,60.369,26.263,0,0
A031,03-01-2025 21:00,A031-ENG,Engine,70.1,2.506,80.161,56.959,2076.051,148.272,23.912,78.894,352,47.544,30.022,0,0
A031,03-01-2025 23:00,A031-ENG,Engine,77.24,2.625,80.335,52.177,1834.349,143.703,23.8,75.92,333,52.972,32.36,0,0
A031,04-01-2025 03:00,A031-ENG,Engine,75.96,3.055,76.347,58.642,1777.015,144.248,23.763,76.074,420,55.805,23.797,0,0
A031,04-01-2025 04:00,A031-ENG,Engine,76.702,3.155,75.427,53.508,1727.904,153.879,24.061,78.282,421,54.624,38.737,0,0
A031,04-01-2025 12:00,A031-ENG,Engine,71.792,3.045,75.263,54.41,1879.469,148.042,23.901,80.321,369,59.641,21.075,0,0
A031,05-01-2025 05:00,A031-ENG,Engine,76.587,3.1,74.039,55.651,1747.952,155.447,23.818,75.088,400,55.42,26.299,0,0
A031,05-01-2025 10:00,A031-ENG,Engine,74.953,2.776,72.891,53.03,1986.634,149.257,23.399,79.107,381,75.923,32.979,0,1
A031,05-01-2025 17:00,A031-ENG,Engine,78.259,2.71,71.641,57.821,1784.769,149.144,24.046,80.967,525,61.726,40.471,0,0
A031,05-01-2025 18:00,A031-ENG,Engine,75.135,3.002,72.722,57.12,1752.874,146.148,23.08,76.492,242,42.681,27.746,0,0
A031,05-01-2025 19:00,A031-ENG,Engine,75.967,3.075,74.746,55.038,1875.758,150.509,23.638,80.592,540,62.118,24.173,0,0
A031,05-01-2025 22:00,A031-ENG,Engine,77.475,2.661,75.94,52.471,1779.24,148.672,23.799,77.593,530,47.639,28.28,0,0
A031,06-01-2025 00:00,A031-ENG,Engine,77.285,2.764,70,56.538,1902.488,146.757,23.599,77.07,298,59.88,18.651,0,0
A031,06-01-2025 03:00,A031-ENG,Engine,79.373,2.839,74.015,52.187,1944.104,146.926,23.514,78.758,470,47.453,29.96,0,1
A031,06-01-2025 05:00,A031-ENG,Engine,75.777,2.777,77.39,54.471,1709.272,148.099,23.501,77.96,308,58.087,24.455,0,0
A031,06-01-2025 23:00,A031-ENG,Engine,75.836,2.377,69.625,53.797,1859.706,146.71,23.662,79.821,305,46.209,27.031,0,0
A031,07-01-2025 03:00,A031-ENG,Engine,73.469,2.733,74.017,54.826,1710.751,154.863,23.478,81.062,450,55.61,45.532,0,0
A031,07-01-2025 05:00,A031-ENG,Engine,78.441,2.791,75.478,52.87,1785.173,139.717,23.591,78.467,588,66.01,29.569,0,0
A031,07-01-2025 11:00,A031-ENG,Engine,79.026,2.549,74.952,52.442,1826.071,146.581,23.405,79.117,303,68.904,39.601,0,0
A031,07-01-2025 12:00,A031-ENG,Engine,75.011,3.15,72.405,58.319,1857.795,143.126,23.313,77.114,567,66.292,29.559,0,1
A031,07-01-2025 14:00,A031-ENG,Engine,74.611,2.924,73.527,55.329,1936.461,152.217,23.861,81.407,470,50.044,19.16,0,0
A031,07-01-2025 19:00,A031-ENG,Engine,79.425,3.117,71.688,51.812,1687.093,155.84,24.052,79.453,432,71.309,29.34,0,0
A031,08-01-2025 01:00,A031-ENG,Engine,77.074,3.319,68.347,54.766,1754.047,146.64,23.659,80.851,598,55.201,30.378,0,0
A031,08-01-2025 10:00,A031-ENG,Engine,82.689,2.894,70.708,56.295,1764.71,155.15,23.403,79.452,291,62.823,23.677,0,1
A031,08-01-2025 14:00,A031-ENG,Engine,79.516,3.143,76.267,51.431,1810.092,148.266,23.176,78.165,519,59.489,33.38,0,0
A031,08-01-2025 15:00,A031-ENG,Engine,78.52,2.721,72.161,54.405,1870.308,155.414,23.351,80.945,366,67.921,27.937,0,0
A031,08-01-2025 19:00,A031-ENG,Engine,75.496,2.933,72.933,54.563,1828.433,146.943,23.139,77.559,508,73.228,32.741,0,0
A031,09-01-2025 02:00,A031-ENG,Engine,92.637,6.083,64.816,49.485,1596.57,135.254,22.953,78.854,309,51.193,37.771,1,1
A031,09-01-2025 08:00,A031-ENG,Engine,74.765,2.861,74.683,54.111,1773.879,148.041,23.09,75.997,668,73.461,34.432,0,0
A031,09-01-2025 13:00,A031-ENG,Engine,80.198,3.54,72.493,54.898,1750.952,147.778,23.189,80.353,606,69.035,29.973,0,0
A031,09-01-2025 18:00,A031-ENG,Engine,81.14,3.165,74.348,52.142,1787.363,144.619,23.418,78.751,340,67.946,32.116,0,0
A031,09-01-2025 19:00,A031-ENG,Engine,77.633,2.972,71.423,51.985,1910.52,147.397,23.268,80.603,416,75.889,25.527,0,0
A031,09-01-2025 23:00,A031-ENG,Engine,80.252,3.325,70.869,53.047,1675.073,146.335,23.218,78.583,441,66.76,27.972,0,0
A031,10-01-2025 03:00,A031-ENG,Engine,83.841,3.319,73.435,50.745,1903.595,152.476,22.686,81.268,661,70.212,36.974,0,0
A031,10-01-2025 08:00,A031-ENG,Engine,73.482,3.479,73.363,54.535,1660.455,146.704,22.982,83.175,352,69.13,29.081,0,0
A031,10-01-2025 13:00,A031-ENG,Engine,81.596,3.153,77.838,57.388,1861.019,140.249,23.275,81.029,652,69.749,19.215,0,0
A031,10-01-2025 19:00,A031-ENG,Engine,81.231,3.578,70.759,52.165,1700.424,143.254,23.096,80.894,460,73.17,31.834,1,0
A031,10-01-2025 22:00,A031-ENG,Engine,82.199,3.483,75.643,54.191,1626.924,145.488,23.687,79.54,359,69.635,25.403,0,1
A031,11-01-2025 00:00,A031-ENG,Engine,79.352,4.136,72.407,54.788,1654.464,143.383,23.298,82.761,631,67.291,36.575,1,1
A031,11-01-2025 05:00,A031-ENG,Engine,85.908,3.727,74.266,50.784,1748.377,140.635,23.022,83.27,470,62.675,31.776,1,1
A031,11-01-2025 09:00,A031-ENG,Engine,82.644,3.554,71.899,56.588,1778.67,142.433,23.427,83.583,535,76.38,32.798,1,1
A031,11-01-2025 15:00,A031-ENG,Engine,80.531,3.539,73.456,51.098,1610.08,145.252,22.919,78.76,608,68.79,24.004,1,0
A031,11-01-2025 17:00,A031-ENG,Engine,84.212,3.547,72.081,53.57,1849.619,150.356,23.978,78.897,535,69.41,30.557,1,0
A031,12-01-2025 04:00,A031-ENG,Engine,83.093,3.152,73.34,52.567,1870.685,143.198,23.618,81.36,682,72.884,23.627,1,0
A031,12-01-2025 06:00,A031-ENG,Engine,97.367,6.601,66.342,50.603,1809.401,139.213,23.284,81.751,665,69.781,22.436,1,1
A031,12-01-2025 12:00,A031-ENG,Engine,81.372,3.312,74.315,52.119,1805.957,146.465,22.984,85.097,670,100,25.068,1,0
A031,12-01-2025 15:00,A031-ENG,Engine,81.042,3.081,65.722,53.174,1692.536,149.868,23.541,81.086,452,58.576,34.157,0,0
A031,12-01-2025 18:00,A031-ENG,Engine,84.232,3.709,69.631,49.822,1734.476,144.803,22.999,82.812,573,90.18,35.495,1,0
A031,13-01-2025 01:00,A031-ENG,Engine,83.972,3.538,70.68,52.988,1879.454,142.644,22.978,82.883,506,75.104,39.391,1,1
A031,13-01-2025 04:00,A031-ENG,Engine,83.242,3.719,68.517,48.924,1816.683,149.134,23.271,79.695,624,84.347,29.209,1,0
A031,13-01-2025 06:00,A031-ENG,Engine,86.986,3.43,76.015,52.663,1817.52,149.677,23.24,81.233,479,66.149,27.857,1,1
A031,13-01-2025 22:00,A031-ENG,Engine,81.67,3.485,68.816,51.061,1671.511,143.59,22.793,84.605,735,68.613,30.833,1,1
A031,14-01-2025 01:00,A031-ENG,Engine,84.191,4.319,72.45,54.907,1870.266,144.701,22.363,81.076,804,81.589,24.033,1,1
A031,14-01-2025 02:00,A031-ENG,Engine,86.379,3.846,74.536,55.123,1876.876,138.867,22.68,82.9,714,72.25,27.538,1,0
A031,14-01-2025 06:00,A031-ENG,Engine,79.976,3.797,70.986,54.258,1809.647,145.492,22.335,83.105,472,74.201,23.24,1,0
A031,14-01-2025 13:00,A031-ENG,Engine,84.72,3.748,68.979,52.883,1665.818,144.387,23.217,84.372,471,76.842,20.944,1,1
A031,14-01-2025 14:00,A031-ENG,Engine,81.872,3.635,71.294,52.364,1796.115,142.237,22.772,83.418,544,86.633,25.599,1,1
A031,14-01-2025 19:00,A031-ENG,Engine,86.31,3.669,69.955,54.395,1583.426,150.586,22.908,82.377,551,67.579,31.194,1,1
A031,14-01-2025 21:00,A031-ENG,Engine,83.532,3.799,69.997,51.585,1861.893,143.178,23.395,85.254,563,82.767,25.104,1,1
A031,14-01-2025 23:00,A031-ENG,Engine,85.863,3.705,73.738,50.38,1952.504,147.768,23.257,84.608,465,73.774,23.731,1,1
A031,15-01-2025 10:00,A031-ENG,Engine,82.983,3.524,72.741,46.701,1847.667,147.845,22.456,83.476,707,76.079,29.22,1,1
A031,15-01-2025 12:00,A031-ENG,Engine,84.789,4.129,69.611,53.612,1764.526,149.281,22.806,81.903,577,65.093,21.481,1,0
A031,16-01-2025 04:00,A031-ENG,Engine,81.944,3.404,72.197,55.724,1667.47,146.976,23.244,81.656,605,74.778,22.585,1,0
A031,16-01-2025 07:00,A031-ENG,Engine,81.534,3.722,71.941,50.912,1826.013,147.071,22.142,80.915,595,87.45,35.367,1,1
A031,16-01-2025 13:00,A031-ENG,Engine,79.486,3.801,68.029,47.29,1811.871,144.542,22.132,82.994,673,83.744,27.091,1,0
A031,16-01-2025 14:00,A031-ENG,Engine,87.99,4.242,70.645,54.995,1722.247,149.326,23.214,80.025,834,82.051,40.169,1,1
A031,16-01-2025 19:00,A031-ENG,Engine,82.763,3.924,69.716,51.166,1679.016,146.974,22.149,82.135,718,76.257,20.271,1,1
A031,16-01-2025 23:00,A031-ENG,Engine,85.078,3.638,67.386,51.512,1899.35,152.98,22.597,85.32,661,60.315,39.36,1,0
A031,17-01-2025 09:00,A031-ENG,Engine,86.921,4.211,74.38,53.711,1962.744,148.146,22.747,81.74,582,84.11,23.631,1,1
A031,17-01-2025 10:00,A031-ENG,Engine,87.121,3.586,71.471,49.767,1888.833,145.945,23.059,88.789,744,70.001,21.535,1,1
A031,17-01-2025 11:00,A031-ENG,Engine,82.776,4.278,69.875,50.726,1908.671,141.328,22.864,83.607,583,83.514,32.196,1,1
A031,17-01-2025 12:00,A031-ENG,Engine,83.021,3.834,67.78,54.616,1807.697,147.633,23.204,82.916,687,97.353,30.065,1,1
A031,17-01-2025 13:00,A031-ENG,Engine,85.757,4.093,66.979,57.171,1651.407,146.381,22.932,87.272,875,85.892,28.748,1,1
A032,01-01-2025 05:00,A032-ENG,Engine,70.518,2.438,80.734,54.404,1718.717,157.284,24.078,74.723,440,37.4,22.613,0,0
A032,01-01-2025 10:00,A032-ENG,Engine,68.441,1.899,83.938,53.996,1823.7,147.782,24.047,78.248,248,42.088,28.013,0,0
A032,01-01-2025 15:00,A032-ENG,Engine,69.162,2.473,81.119,56.412,1996.752,147.071,24.032,73.682,251,47.472,25.496,0,0
A032,02-01-2025 04:00,A032-ENG,Engine,69.4,1.401,78.697,52.185,1829.901,146.723,23.987,75.091,384,49.017,26.001,0,0
A032,02-01-2025 07:00,A032-ENG,Engine,69.547,1.524,78.598,54.701,1892.951,152.63,24.004,76.776,222,33.143,44.844,0,0
A032,02-01-2025 10:00,A032-ENG,Engine,70.661,2.197,77.075,56.182,1720.073,149.338,23.493,73.362,376,44.035,27.553,0,0
A032,02-01-2025 11:00,A032-ENG,Engine,69.336,1.413,75.47,53.777,1689.689,151.002,23.216,73.46,447,37.716,26.245,0,0
A032,02-01-2025 12:00,A032-ENG,Engine,70.724,2.119,78.868,51.986,1841.695,147.747,23.104,74.337,289,38.094,29.778,0,0
A032,03-01-2025 06:00,A032-ENG,Engine,69.627,2.151,82.39,54.743,1847.479,155.743,24.3,78.589,195,50.545,33.52,0,0
A032,03-01-2025 10:00,A032-ENG,Engine,72.123,2.2,78.208,50.731,1724.651,148.253,23.215,73.427,308,41.239,33.64,0,0
A032,03-01-2025 11:00,A032-ENG,Engine,72.043,2.121,77.272,58.532,1708.147,148.552,23.656,77.426,191,56.355,31.47,0,0
A032,03-01-2025 20:00,A032-ENG,Engine,71.214,1.912,80.531,58.191,1750.461,148.058,23.804,78.897,476,49.899,32.811,0,0
A032,03-01-2025 21:00,A032-ENG,Engine,69.35,2.939,80.81,57.66,1827.147,148.305,23.227,76.019,491,49.716,27.387,0,0
A032,04-01-2025 00:00,A032-ENG,Engine,72.344,2.318,74.397,54.423,1819.047,149.506,23.324,77.532,342,44.875,33.719,0,0
A032,04-01-2025 02:00,A032-ENG,Engine,70.879,2.329,76.085,54.709,1851.646,145.095,23.542,79.764,501,54.986,27.556,0,0
A032,04-01-2025 03:00,A032-ENG,Engine,68.474,2.519,78.332,54.63,1756.24,155.388,24.1,75.447,345,44.971,31.269,0,0
A032,04-01-2025 09:00,A032-ENG,Engine,77.508,2.089,80.489,53.337,1910.933,147.499,23.724,74.164,328,45.621,31.524,0,0
A032,04-01-2025 14:00,A032-ENG,Engine,72.782,2.186,79.205,56.409,1731.978,151.059,23.504,81.398,406,39.131,34.131,0,0
A032,04-01-2025 20:00,A032-ENG,Engine,75.168,2.804,79.549,53.505,1751.847,143.578,24.075,81.543,448,34.919,33.315,0,0
A032,05-01-2025 01:00,A032-ENG,Engine,72.4,2.126,80.119,54.244,1762.675,144.141,23.805,77.408,202,38.762,20.479,0,0
A032,05-01-2025 02:00,A032-ENG,Engine,74.338,1.857,70.993,54.492,1737.947,150.508,24.214,76.584,406,40.32,26.073,0,0
A032,05-01-2025 11:00,A032-ENG,Engine,75.23,2.691,79.911,57.231,1685.549,149.999,23.47,75.588,249,57.884,26.83,0,0
A032,05-01-2025 21:00,A032-ENG,Engine,75.555,2.374,80.005,51.965,1817.609,147.621,23.724,77.851,284,60.023,25.405,0,0
A032,06-01-2025 01:00,A032-ENG,Engine,75.279,2.884,77.217,52.729,1724.081,145.185,23.867,80.72,592,53.498,25.804,0,0
A032,06-01-2025 05:00,A032-ENG,Engine,70.296,2.687,79.599,52.992,1887.233,144.335,23.411,75.569,374,50.388,31.94,0,0
A032,06-01-2025 07:00,A032-ENG,Engine,76.388,2.855,83.24,50.719,1822.768,153.075,23.425,77.15,584,65.684,38.623,0,0
A032,06-01-2025 09:00,A032-ENG,Engine,70.323,2.757,72.76,54.193,1691.024,148.777,23.295,77.453,274,54.298,32.578,0,0
A032,06-01-2025 12:00,A032-ENG,Engine,75.358,2.734,76.102,56.232,1784.207,139.777,23.402,76.94,492,42.766,33.04,0,0
A032,06-01-2025 14:00,A032-ENG,Engine,72.231,2.871,77.526,54.078,1830.407,149.871,23.274,77.375,247,54.528,34.083,0,0
A032,06-01-2025 18:00,A032-ENG,Engine,75.338,3.194,75.411,55.189,1632.715,150.562,22.761,74.949,389,64.818,36.176,0,0
A032,06-01-2025 19:00,A032-ENG,Engine,73.148,2.319,77.372,53.275,1782.959,154.985,23.647,77.196,446,46.934,29.751,0,0
A032,06-01-2025 22:00,A032-ENG,Engine,72.613,2.515,78.503,57.362,1671.653,153.563,23.867,81.13,519,52.15,21.969,0,0
A032,07-01-2025 00:00,A032-ENG,Engine,74.11,2.798,75.724,57.518,1761.653,149.834,23.506,78.261,370,46.537,22.142,0,0
A032,07-01-2025 06:00,A032-ENG,Engine,75.57,2.153,72.543,56.615,1899.163,142.562,23.304,79.822,306,47.485,27.244,0,1
A032,07-01-2025 07:00,A032-ENG,Engine,79.887,2.502,72.645,55.165,1756.473,142.082,22.982,80.754,431,51.022,29.786,0,0
A032,07-01-2025 13:00,A032-ENG,Engine,72.998,2.512,78.013,54.816,1818.946,149.443,23.915,78.544,280,57.249,29.557,0,0
A032,07-01-2025 19:00,A032-ENG,Engine,74.648,2.485,75.097,56.513,1854.131,152.592,23.991,76.291,289,48.022,27.107,0,0
A032,08-01-2025 01:00,A032-ENG,Engine,76.657,2.589,74.855,52.405,1888.317,150.438,23.348,80.606,607,51.321,29.932,0,0
A032,08-01-2025 05:00,A032-ENG,Engine,79.702,2.199,77.905,54.41,1818.293,142.914,23.071,79.915,550,47.379,40.288,0,0
A032,08-01-2025 06:00,A032-ENG,Engine,77.415,3.301,77.244,55.364,1810.248,145.45,23.538,81.325,349,52.522,36.511,0,0
A032,08-01-2025 15:00,A032-ENG,Engine,75.272,3.334,74.122,52.833,1963.967,148.348,23.348,82.457,479,45.905,33.986,0,0
A032,08-01-2025 18:00,A032-ENG,Engine,74.377,2.747,77.316,54.975,1836.922,147.424,22.961,79.381,448,56.653,18.431,0,0
A032,08-01-2025 20:00,A032-ENG,Engine,76.58,2.662,74.567,53.898,1759.29,150.754,23.166,78.69,630,44.099,26.948,0,0
A032,08-01-2025 22:00,A032-ENG,Engine,79.244,3.14,75.622,56.168,1707.458,145.352,23.655,83.335,658,51.416,27.667,0,0
A032,09-01-2025 00:00,A032-ENG,Engine,74.771,3.059,79.149,52.96,1746.703,149.969,24.032,80.827,322,48.91,27.098,0,0
A032,09-01-2025 02:00,A032-ENG,Engine,77.259,2.512,74.101,53.105,1890.194,145.128,23.805,79.213,508,51.51,33.105,0,1
A032,09-01-2025 07:00,A032-ENG,Engine,78.48,3.006,76.628,53.958,1775.652,151.697,23.212,81.643,448,52.225,30.866,0,0
A032,09-01-2025 10:00,A032-ENG,Engine,73.755,2.934,79.949,53.864,1679.029,145.232,23.503,80.949,700,56.286,27.43,0,0
A032,09-01-2025 11:00,A032-ENG,Engine,76.844,2.425,77.357,51.492,1725.922,145.675,23.595,83.229,318,50.025,34.562,0,0
A032,09-01-2025 22:00,A032-ENG,Engine,78.065,3.411,69.946,54.653,1806.58,152.605,22.927,81.819,405,52.904,24.589,0,1
A032,10-01-2025 01:00,A032-ENG,Engine,76.574,2.892,75.404,50.685,1785.46,143.093,23.62,76.287,617,46.067,25.086,0,1
A032,10-01-2025 03:00,A032-ENG,Engine,88.053,6.563,70.674,51.866,1763.278,133.593,23.578,81.099,645,57.782,26.992,1,1
A032,10-01-2025 07:00,A032-ENG,Engine,73.422,3.143,73.979,50.232,1768.871,150.176,22.978,79.098,564,63.402,25.083,0,0
A032,10-01-2025 12:00,A032-ENG,Engine,77.443,2.865,80.984,52.113,1713.383,157.008,23.947,82.286,486,66.833,28.146,0,1
A032,10-01-2025 14:00,A032-ENG,Engine,79.28,3.265,71.544,53.639,1879.724,137.598,23.414,80.797,457,64.671,26.616,0,0
A032,10-01-2025 17:00,A032-ENG,Engine,74.568,3.164,77.009,54.878,1874.011,142.787,23.721,76.753,380,56.384,32.133,0,0
A032,10-01-2025 20:00,A032-ENG,Engine,77.296,2.551,74.886,54.668,1760.745,152.752,23.242,80.027,687,53.722,28.705,0,0
A032,10-01-2025 22:00,A032-ENG,Engine,79.354,2.849,76.202,49.112,1721.922,140.459,23.372,80.004,704,65.822,30.812,0,1
A032,11-01-2025 00:00,A032-ENG,Engine,74.269,2.419,76.803,53.74,1837.863,153.557,23.362,81.558,694,55.454,38.001,0,0
A032,11-01-2025 02:00,A032-ENG,Engine,80.886,3.369,78.359,56.161,1789.603,144.997,23.693,83.034,429,66.288,29.936,0,0
A032,11-01-2025 03:00,A032-ENG,Engine,79.597,2.792,75.209,52.097,1775.149,147.952,24.169,77.396,640,64.553,39.508,0,1
A032,11-01-2025 06:00,A032-ENG,Engine,71.684,2.976,77.861,54.04,1851.51,142.617,23.204,82.68,355,64.87,36.325,0,0
A032,11-01-2025 11:00,A032-ENG,Engine,78.318,2.682,74.946,55.002,1705.265,148.414,23.486,83.873,367,61.629,29.669,0,1
A032,11-01-2025 13:00,A032-ENG,Engine,91.324,6.801,69.954,52.111,1906.457,138.235,23.459,82.588,582,71.682,31.333,1,1
A032,11-01-2025 14:00,A032-ENG,Engine,77.81,1.921,78.909,55.104,1768.617,156.246,23.184,81.029,678,58.022,33.251,0,1
A032,11-01-2025 18:00,A032-ENG,Engine,75.165,2.918,79.479,55.492,1932.653,145.082,23.556,80.304,459,56.93,40.726,0,0
A032,11-01-2025 19:00,A032-ENG,Engine,76.292,2.465,74.577,56.829,1779.475,147.549,23.413,81.661,648,61.233,27.539,0,1
A032,12-01-2025 02:00,A032-ENG,Engine,77.201,3.209,76.684,51.377,1815.956,150.814,23.133,81.055,473,72.265,33.412,0,0
A032,12-01-2025 05:00,A032-ENG,Engine,78.151,3.597,74.441,52.226,1841.367,137.423,23.052,79.207,562,49.586,22.94,0,0
A032,12-01-2025 06:00,A032-ENG,Engine,78.128,2.949,75.639,53.875,1770.67,149.285,22.967,80.989,732,62.896,33.623,0,1
A032,12-01-2025 11:00,A032-ENG,Engine,79.674,3.131,75.597,50.8,1874.412,146.988,23.07,79.469,487,64.077,33.582,0,1
A032,12-01-2025 12:00,A032-ENG,Engine,73.071,2.96,77.789,53.241,1716.542,139.168,22.926,81.241,742,66.087,32.336,0,1
A032,12-01-2025 15:00,A032-ENG,Engine,76.431,2.902,73.51,50.357,1810.14,143.092,23.734,82.45,695,65.239,33.449,0,0
A032,12-01-2025 17:00,A032-ENG,Engine,78.374,2.675,76.4,55.55,1820.785,144.93,22.791,81.881,744,67.76,26.385,0,1
A032,12-01-2025 19:00,A032-ENG,Engine,76.01,3.114,71.25,53.539,1778.471,149.766,23.071,80.763,486,58.014,30.566,0,1
A032,12-01-2025 21:00,A032-ENG,Engine,78.816,3.205,71.417,56.931,1710.717,150.994,23.91,85.086,441,61.54,33.927,0,0
A032,13-01-2025 10:00,A032-ENG,Engine,80.263,2.931,76.963,54.28,1720.329,148.257,23.327,80.687,427,68.945,28.38,0,0
A032,13-01-2025 11:00,A032-ENG,Engine,79.649,3.168,74.627,53.601,2027.499,149.204,23.518,78.867,640,69.902,25.715,0,0
A032,13-01-2025 13:00,A032-ENG,Engine,80.738,3.108,74.109,54.548,1985.874,139.08,23.395,82.498,675,64.834,29.587,0,0
A032,13-01-2025 16:00,A032-ENG,Engine,84.054,2.875,72.501,53.005,1862.35,147.791,23.56,84.038,636,78.422,31.496,0,0
A032,13-01-2025 17:00,A032-ENG,Engine,79.825,3.231,70.459,49.675,1865.737,157.28,23.478,84.533,460,67.623,30.227,0,0
A032,13-01-2025 18:00,A032-ENG,Engine,75.536,2.869,77.551,53.351,1740.654,146.215,22.788,84.496,614,70.863,27.612,0,0
A032,13-01-2025 19:00,A032-ENG,Engine,80.126,3.301,70.794,51.6,1858.112,148.878,22.995,80.753,452,65.205,35.007,0,0
A032,13-01-2025 21:00,A032-ENG,Engine,81.687,2.634,69.706,50.652,1667.787,147.612,23.139,82.645,410,67.309,31.95,0,1
A032,14-01-2025 00:00,A032-ENG,Engine,79.986,3.831,76.657,50.341,1790.178,148.228,23.479,82.128,630,73.86,25.748,0,1
A032,14-01-2025 01:00,A032-ENG,Engine,84.931,5.508,62.296,49.408,1869.601,140.23,22.55,84.738,804,66.489,37.022,1,0
A032,14-01-2025 16:00,A032-ENG,Engine,80.754,3.085,69.907,51.532,1821.399,144.622,22.699,82.627,765,60.806,30.025,0,0
A032,14-01-2025 23:00,A032-ENG,Engine,78.403,3.265,71.612,49.135,1709.232,145.471,22.9,83.344,463,71.255,39.576,0,0
A032,15-01-2025 00:00,A032-ENG,Engine,77.85,3.433,71.485,53.267,1876.051,144.327,22.915,82.836,576,61.697,25.366,0,0
A032,15-01-2025 01:00,A032-ENG,Engine,79.675,3.218,68.486,53.942,1888.856,148.925,22.527,87.102,589,62.448,28.682,0,0
A032,15-01-2025 04:00,A032-ENG,Engine,80.029,3.314,71.825,49.891,1651.344,149.215,22.743,82.372,745,54.282,29.993,0,0
A032,15-01-2025 06:00,A032-ENG,Engine,80.976,3.106,76.36,52.74,1809.965,141.737,23.267,82.311,509,77.409,26.855,0,0
A032,15-01-2025 08:00,A032-ENG,Engine,81.476,3.155,70.79,52.412,1826.658,151.548,23.146,84.556,557,67.464,25.806,0,0
A032,15-01-2025 11:00,A032-ENG,Engine,82.146,3.094,74.411,53.991,1882.715,149.21,22.852,81.636,620,74.68,33.307,0,0
A032,15-01-2025 12:00,A032-ENG,Engine,81.469,2.872,69.927,54.639,1855.698,152.126,23.473,80.803,589,61.134,24.888,0,1
A032,15-01-2025 20:00,A032-ENG,Engine,96.053,5.561,61.08,56.302,1819.76,135.576,22.589,88.899,815,71.352,36.849,1,1
A032,16-01-2025 08:00,A032-ENG,Engine,82.293,3.259,73.565,47.743,1694.578,146.355,22.883,88.245,522,85.899,19.923,1,0
A032,16-01-2025 10:00,A032-ENG,Engine,80.303,3.207,73.536,50.016,1885.898,143.119,22.829,83.499,559,66.604,30.266,0,0
A032,16-01-2025 11:00,A032-ENG,Engine,93.441,6.945,58.162,53.139,1879.188,140.744,22.892,82.783,575,77.896,25.929,1,1
A032,16-01-2025 13:00,A032-ENG,Engine,80.728,3.517,74.474,50.953,1772.338,144.172,22.649,84.576,601,77.831,30.311,1,0
A032,16-01-2025 15:00,A032-ENG,Engine,81.593,3.36,73.165,52.953,1867.126,152.418,22.683,85.58,639,57.744,25.371,0,0
A032,16-01-2025 16:00,A032-ENG,Engine,81.792,3.662,72.871,51.135,1662.947,141.496,23.088,86.455,552,63.772,35.978,1,0
A032,16-01-2025 21:00,A032-ENG,Engine,80.37,3.3,75.606,52.53,1780.05,142.425,22.511,83.859,593,79.769,36.172,1,0
A032,16-01-2025 22:00,A032-ENG,Engine,78.132,3.079,72.305,51.26,1947.244,142.911,22.664,85.024,704,74.785,29.702,1,1
A032,16-01-2025 23:00,A032-ENG,Engine,83.02,3.051,72.107,50.579,1769.795,151.705,23.207,86.807,750,57.894,35.973,0,1
A032,17-01-2025 06:00,A032-ENG,Engine,84.228,3.783,73.188,51.765,1807.424,143.098,22.509,81.808,705,71.205,30.066,1,0
A032,17-01-2025 10:00,A032-ENG,Engine,83.302,3.671,71.325,50.544,1831.699,137.173,23.404,78.997,726,74.364,26.588,1,0
A032,17-01-2025 11:00,A032-ENG,Engine,85.098,3.337,77.366,52.753,1826.134,144.342,22.403,83.69,560,76.9,29.713,1,0
A032,17-01-2025 12:00,A032-ENG,Engine,76.521,3.215,72.124,52.125,1688.544,148.946,22.981,86.379,579,64.271,36.871,0,0
A033,01-01-2025 00:00,A033-ENG,Engine,70.466,2.447,76.375,53.8,1823.985,151.391,24.27,75.698,193,58.536,36.767,0,0
A033,01-01-2025 01:00,A033-ENG,Engine,74.835,2.824,74.927,55.98,1807.926,149.256,24.157,73.544,286,57.923,38.652,0,0
A033,01-01-2025 06:00,A033-ENG,Engine,73.393,2.159,74.244,57.002,1893.053,147.014,24.569,76.943,214,71.466,23.894,0,0
A033,01-01-2025 09:00,A033-ENG,Engine,72.059,3.065,76.199,56.994,1850.814,149.99,23.533,75.737,371,60.963,24.029,0,0
A033,01-01-2025 12:00,A033-ENG,Engine,77.671,2.753,73.837,53.466,1620.18,150.341,23.414,73.665,146,55.786,25.157,0,0
A033,01-01-2025 16:00,A033-ENG,Engine,78.276,3.164,76.926,54.257,1848.302,151.718,23.922,74.483,198,58.201,25.959,0,0
A033,02-01-2025 00:00,A033-ENG,Engine,72.577,2.84,72.628,51.702,1697.022,145.796,23.799,76.18,148,59.238,39.856,0,0
A033,02-01-2025 02:00,A033-ENG,Engine,77.219,2.73,71.704,53.705,1793.931,149.09,23.897,74.347,484,57.211,36.831,0,0
A033,02-01-2025 05:00,A033-ENG,Engine,78.037,2.934,75.59,57.883,1667.846,150.175,23.656,77.316,224,74.406,34.51,0,0
A033,02-01-2025 09:00,A033-ENG,Engine,76.363,2.919,75.298,56.637,1933.391,149.339,24.418,73.879,496,57.229,29.239,0,0
A033,02-01-2025 18:00,A033-ENG,Engine,76.965,2.313,74.967,54.981,1807.64,154.192,24.218,76.053,413,69.074,34.03,0,0
A033,02-01-2025 21:00,A033-ENG,Engine,78.88,3.568,71.545,54.641,1836.732,147.186,23.585,76.677,483,52.111,33.665,0,0
A033,02-01-2025 23:00,A033-ENG,Engine,81.023,2.595,77.675,54.975,1802.343,147.163,23.727,74.546,207,71.762,27.633,0,0
A033,03-01-2025 03:00,A033-ENG,Engine,79.465,3.144,72.962,55.601,1782.328,151.707,24.121,75.344,394,61.15,29.813,0,0
A033,03-01-2025 11:00,A033-ENG,Engine,78.498,2.974,73.732,53.781,1757.606,149.67,23.515,79.547,403,55.21,29.587,0,0
A033,03-01-2025 13:00,A033-ENG,Engine,73.759,3.054,76.466,55.052,1799.9,144.79,24.626,75.878,532,59.897,26.958,0,0
A033,03-01-2025 14:00,A033-ENG,Engine,73.551,2.962,76.434,56.236,1767.49,156.385,24.291,75.744,343,79.696,30.208,0,0
A033,03-01-2025 17:00,A033-ENG,Engine,78.768,3.716,72.245,54.883,1869.193,153.159,23.8,73.571,331,70.713,28.209,0,1
A033,03-01-2025 20:00,A033-ENG,Engine,77.434,3.043,74.932,55.592,1661.486,146.128,23.769,75.544,260,61.219,21.845,0,0
A033,03-01-2025 22:00,A033-ENG,Engine,71.38,2.995,72.926,56.726,1851.295,153.921,23.868,77.392,412,74.033,24.141,0,1
A033,04-01-2025 01:00,A033-ENG,Engine,77.025,2.9,72.51,53.94,1847.875,147.773,23.145,77.042,372,75.306,29.775,0,0
A033,04-01-2025 07:00,A033-ENG,Engine,73.848,2.912,71.756,52.859,1765.939,148.097,23.55,78.372,394,67.939,31.014,0,0
A033,04-01-2025 13:00,A033-ENG,Engine,77.261,2.696,74.335,54.681,1745.542,150.351,23.435,76.388,398,59.112,29.128,0,0
A033,04-01-2025 22:00,A033-ENG,Engine,82.388,3.225,70.355,55.78,1720.362,146.567,23.172,78.427,459,60.459,29.334,0,0
A033,05-01-2025 00:00,A033-ENG,Engine,82.072,2.901,75.027,51.174,1793.065,143.176,23.309,76.406,406,66.348,29.146,0,0
A033,05-01-2025 06:00,A033-ENG,Engine,76.55,3.121,74.022,52.911,1935.818,150.381,24.29,79.753,307,70.507,28.411,0,0
A033,05-01-2025 09:00,A033-ENG,Engine,92.258,5.745,66.113,50.324,1902.306,134.827,23.717,78.76,487,64.798,38.498,1,1
A033,05-01-2025 14:00,A033-ENG,Engine,76.082,3.371,71.756,55.428,1718.201,148.185,23.396,81.887,472,63.326,28.578,0,1
A033,05-01-2025 20:00,A033-ENG,Engine,80.882,3.647,73.475,51.679,1759.368,141.384,23.247,76.305,364,55.119,30.37,0,0
A033,05-01-2025 21:00,A033-ENG,Engine,74.8,3.377,76.913,55.179,1886.158,150.844,23.981,77.519,264,64.617,22.961,0,0
A033,06-01-2025 02:00,A033-ENG,Engine,72.916,3.035,74.181,55.01,1889.426,143.973,23.726,74.943,434,62.259,25.118,0,1
A033,06-01-2025 04:00,A033-ENG,Engine,74.564,3.315,74.33,53.255,1863.503,151.189,23.57,76.014,439,62.757,35.174,0,0
A033,06-01-2025 10:00,A033-ENG,Engine,77.082,2.991,71.492,51.865,1844.552,151.723,23.712,78.566,474,75.517,25.275,0,0
A033,06-01-2025 12:00,A033-ENG,Engine,80.256,2.774,74.556,54.117,1944.851,151.737,23.45,82.127,451,73.209,42.591,0,0
A033,06-01-2025 17:00,A033-ENG,Engine,80.847,3.003,71.366,54.167,1697.474,149.129,23.181,79.577,246,61.281,28.49,0,1
A033,06-01-2025 18:00,A033-ENG,Engine,79.905,3.031,73.794,54.344,1851.62,151.51,23.271,78.519,343,80.606,27.043,0,0
A033,07-01-2025 04:00,A033-ENG,Engine,79.114,3.453,71.481,52.545,1918.314,142.9,23.506,82.817,601,74.545,34.091,0,1
A033,07-01-2025 05:00,A033-ENG,Engine,76.929,3.651,71.423,52.803,1992.395,150.705,23.166,79.335,322,66.236,25.746,0,0
A033,07-01-2025 13:00,A033-ENG,Engine,78.717,3.133,71.013,54.127,1759.583,145.667,23.591,80.487,575,100,28.316,1,0
A033,07-01-2025 18:00,A033-ENG,Engine,93.814,6.556,60.525,55.051,1810.852,135.836,23.34,78.235,586,80.496,32.207,1,1
A033,07-01-2025 19:00,A033-ENG,Engine,81.031,3.517,68.851,52.743,1819.207,148.903,23.591,78.141,431,79.388,23.765,1,1
A033,07-01-2025 23:00,A033-ENG,Engine,82.19,3.139,72.183,54.213,1832.468,146.616,23.218,79.068,618,70.987,28.481,0,1
A033,08-01-2025 01:00,A033-ENG,Engine,78.402,3.45,70.276,50.29,1847.571,147.031,24.121,77.714,614,64.031,28.075,0,0
A033,08-01-2025 04:00,A033-ENG,Engine,79.966,3.619,71.931,54.955,1938.683,140.711,22.988,78.934,311,59.182,29.28,0,0
A033,08-01-2025 07:00,A033-ENG,Engine,79.335,3.892,73.457,53.587,1876.002,141.992,23.505,80.188,392,70.077,28.894,0,1
A033,08-01-2025 14:00,A033-ENG,Engine,80.176,3.367,70.633,52.162,1760.816,148.324,23.861,85.288,630,63.045,32.144,0,0
A033,08-01-2025 21:00,A033-ENG,Engine,86.781,6.598,62.364,52.701,1944.944,149.505,23.378,78.674,544,68.703,31.746,1,1
A033,08-01-2025 23:00,A033-ENG,Engine,79.411,3.511,69.97,49.157,1943.205,149.836,24.213,79.405,320,74.376,29.945,1,1
A033,09-01-2025 00:00,A033-ENG,Engine,81.475,3.667,70.968,54.191,1882.64,148.142,23.908,81.884,457,62.373,36.259,0,0
A033,09-01-2025 01:00,A033-ENG,Engine,79.073,2.825,70.146,55.02,1730.018,145.773,23.403,77.929,439,81.306,27.475,1,1
A033,09-01-2025 03:00,A033-ENG,Engine,82.749,3.663,68.411,51.728,1727.388,146.557,23.629,79.517,352,72.624,33.89,1,1
A033,09-01-2025 05:00,A033-ENG,Engine,81.711,3.314,69.606,46.976,1886.062,148.125,23.538,78.778,675,64.525,35.203,0,0
A033,09-01-2025 09:00,A033-ENG,Engine,82.808,3.067,74.346,51.963,1799.674,145.792,23.153,74.649,645,72.877,33.396,1,1
A033,09-01-2025 11:00,A033-ENG,Engine,84.025,3.336,70.947,52.839,1747.577,145.46,23.992,83.434,514,72.717,30.312,1,0
A033,09-01-2025 13:00,A033-ENG,Engine,81.099,3.437,76.87,54.653,1826.413,143.252,23.307,81.974,394,82.63,34.757,1,1
A033,09-01-2025 14:00,A033-ENG,Engine,80.786,3.448,69.2,55,1726.598,153.159,23.706,79.64,614,58.422,42.612,0,0
A033,09-01-2025 15:00,A033-ENG,Engine,79.764,3.386,73.02,48.989,1721.585,148.711,22.862,81.604,607,70.779,27.535,1,0
A033,09-01-2025 17:00,A033-ENG,Engine,78.245,2.906,69.62,53.62,1697.825,142.374,23.207,80.152,399,70.996,31.48,0,0
A033,10-01-2025 01:00,A033-ENG,Engine,79.573,4.03,68.99,52.222,1689.132,144.932,23.052,78.261,543,71.096,25.872,1,1
A033,10-01-2025 02:00,A033-ENG,Engine,82.048,4.123,70.25,53.143,1825.666,150.227,23.888,83.592,433,78.847,47.072,1,0
A033,10-01-2025 03:00,A033-ENG,Engine,78.095,3.528,71.217,55.967,1774.389,144.941,23.318,80.632,645,78.028,37.541,1,0
A033,10-01-2025 05:00,A033-ENG,Engine,84.634,3.728,72.96,54.414,1878.742,150.79,23.055,83.336,659,56.907,24.114,1,1
A033,10-01-2025 08:00,A033-ENG,Engine,83.99,4.289,73.833,55.331,1808.02,150.197,23.793,80.404,542,80.436,38.729,1,0
A033,10-01-2025 11:00,A033-ENG,Engine,80.104,3.543,68.908,53.755,1674.545,151.071,23.778,77.421,448,96.37,32.361,1,0
A033,10-01-2025 14:00,A033-ENG,Engine,80.977,3.644,72.345,51.979,1860.656,146.474,22.84,80.347,643,75.278,29.254,1,0
A033,10-01-2025 15:00,A033-ENG,Engine,80.69,3.18,67.146,54.07,1809.947,140.038,22.842,81.975,411,70.891,36.735,1,0
A033,10-01-2025 17:00,A033-ENG,Engine,87.993,3.532,70.01,57.125,1831.514,147.657,23.552,81.173,494,72.877,35.263,1,1
A033,10-01-2025 18:00,A033-ENG,Engine,82.068,3.92,72.121,52.876,1792.04,146.92,22.409,81.068,543,66.802,29.058,1,0
A033,10-01-2025 19:00,A033-ENG,Engine,81.428,3.786,68.833,51.614,1935.953,147.525,23.419,82.593,650,74.318,32.514,1,0
A033,11-01-2025 02:00,A033-ENG,Engine,83.207,3.913,68.1,52.43,1814.213,143.254,23.174,80.535,694,71.458,31.859,1,1
A033,11-01-2025 05:00,A033-ENG,Engine,83.413,3.387,71.138,54.672,1660.273,145.65,23.174,75.503,678,81.38,33.739,1,1
A033,11-01-2025 12:00,A033-ENG,Engine,79.949,3.559,71.385,54.909,1829.003,147.42,23.134,83.07,651,84.886,35.194,1,0
A033,11-01-2025 19:00,A033-ENG,Engine,82.699,3.284,68.489,55.842,1763.824,148.732,23.068,76.8,661,68.072,24.931,1,0
A033,12-01-2025 01:00,A033-ENG,Engine,81.446,3.857,68.888,53.07,1803.98,143.501,23.165,83.378,555,75.806,30.593,1,0
A033,12-01-2025 03:00,A033-ENG,Engine,79.937,3.508,64.078,52.385,1820.188,142.016,23.282,85.349,630,66.837,20.003,1,0
A033,12-01-2025 07:00,A033-ENG,Engine,83.768,3.977,75.377,55.055,1753.843,154.248,23.428,81.499,698,75.837,31.859,1,1
A033,12-01-2025 09:00,A033-ENG,Engine,97.482,7.672,53.993,53.165,1847.771,137.832,23.298,82.379,389,84.655,19.899,1,1
A033,12-01-2025 12:00,A033-ENG,Engine,83.145,4.026,73.254,51.019,1883.782,151.474,23.546,81.701,596,76.821,30.821,1,1
A033,12-01-2025 19:00,A033-ENG,Engine,82.035,3.413,72.779,52.378,1841.856,143.441,23.385,79.891,713,72.749,32.807,1,0
A033,12-01-2025 20:00,A033-ENG,Engine,84.349,3.836,69.186,52.629,1838.092,143.988,23.657,79.334,666,86.232,26.513,1,0
A033,12-01-2025 21:00,A033-ENG,Engine,81.705,3.918,71.422,53.38,1958.881,148.252,22.863,84.312,653,81.406,21.755,1,1
A033,12-01-2025 22:00,A033-ENG,Engine,82.9,3.637,62.961,52.425,1757.58,144.446,23.522,81.797,420,57.736,19.505,1,1
A033,12-01-2025 23:00,A033-ENG,Engine,85.14,3.526,71.981,56.793,1782.921,150.805,23.854,81.204,480,72.89,31.02,1,1
A033,13-01-2025 00:00,A033-ENG,Engine,79.305,3.653,66.672,47.611,1783.78,142.491,23.299,86.048,653,76.393,37.42,1,1
A033,13-01-2025 05:00,A033-ENG,Engine,87.272,3.794,69.581,50.932,1905.232,141.49,22.84,80.059,637,63.443,34.2,1,0
A033,13-01-2025 06:00,A033-ENG,Engine,86.779,3.402,68.371,55.572,1880.563,152.777,22.955,84.19,686,66.617,36.013,1,1
A033,13-01-2025 07:00,A033-ENG,Engine,83.698,4.017,68.282,60.064,1701.808,147.108,22.765,83.66,397,69.023,30.499,1,0
A033,13-01-2025 08:00,A033-ENG,Engine,83.474,3.927,70.552,50.708,1933.982,144.764,23.784,84.678,396,75.361,24.233,1,1
A033,13-01-2025 14:00,A033-ENG,Engine,88.73,3.958,68.187,51.97,1857.412,141.689,23.846,78.624,786,71.522,35.685,1,1
A033,13-01-2025 17:00,A033-ENG,Engine,87.257,4.175,65.409,56.127,1630.068,145.489,22.856,85.525,607,78.308,30.435,1,1
A033,13-01-2025 21:00,A033-ENG,Engine,84.679,3.722,66.7,50.718,1855.326,146.308,23.244,85.562,657,74.465,38.823,1,0
A033,13-01-2025 22:00,A033-ENG,Engine,85.822,4.682,74.047,54.913,1860.616,141.711,22.845,80.378,478,67.837,30.699,1,1
A033,14-01-2025 00:00,A033-ENG,Engine,85.607,3.8,70.344,47.066,1803.243,147.449,22.618,84.38,633,77.483,27.25,1,1
A033,14-01-2025 05:00,A033-ENG,Engine,85.782,3.776,74.328,52.111,1976.1,148.448,23.692,87.311,432,81.525,36.894,1,1
A033,14-01-2025 14:00,A033-ENG,Engine,82.239,3.809,66.992,51.246,1860.418,148.538,23.054,82.262,801,68.751,37.348,1,0
A033,14-01-2025 15:00,A033-ENG,Engine,96.533,6.521,62.193,53.24,1754.175,124.957,23.183,83.879,501,68.1,23.657,1,0
A033,14-01-2025 20:00,A033-ENG,Engine,83.355,4.011,68.887,50.986,1566.04,143.505,22.826,80.037,589,59.656,32.117,1,0
A033,15-01-2025 00:00,A033-ENG,Engine,87.198,4.419,65.129,52.566,1790.019,142.984,23,82.586,546,76.603,32.259,1,0
A033,15-01-2025 02:00,A033-ENG,Engine,83.22,4.393,71.791,52.616,1667.947,141.098,23.43,82.833,753,84.319,31.867,1,1
A033,15-01-2025 04:00,A033-ENG,Engine,87.436,4.081,74.562,56.362,1781.227,144.813,22.624,80.167,463,80.896,29.045,1,1
A033,15-01-2025 06:00,A033-ENG,Engine,84.399,4.2,69.439,54.815,1796.204,150.582,22.694,82.887,461,82.237,23.617,1,1
A033,15-01-2025 18:00,A033-ENG,Engine,100.447,6.399,65.179,51.212,1793.768,135.036,22.34,86.167,682,86.573,27.049,1,1
A033,15-01-2025 19:00,A033-ENG,Engine,85.375,3.746,67.116,53.576,1872.197,149.711,22.564,85.741,758,100,25.345,1,1
A033,15-01-2025 23:00,A033-ENG,Engine,89.795,3.924,69.598,50.686,1833.449,145.145,22.775,82.476,551,92.654,29.385,1,1
A033,16-01-2025 06:00,A033-ENG,Engine,85.92,3.862,69.311,51.82,1715.389,148.836,22.603,85.371,561,84.493,30.132,1,1
A033,16-01-2025 13:00,A033-ENG,Engine,85.698,4.136,68.297,52.606,1842.471,148.169,22.342,83.391,501,85.235,22.184,1,1
A033,16-01-2025 15:00,A033-ENG,Engine,86.178,3.861,71.901,52.119,1812.406,140.73,22.905,81.796,664,73.972,33.835,1,1
A033,16-01-2025 17:00,A033-ENG,Engine,83.635,3.866,66.573,52.243,1805.364,145.88,23.774,85.879,814,94.132,31.784,1,1
A033,16-01-2025 18:00,A033-ENG,Engine,88.732,4.317,70.021,53.109,1857.418,144.489,22.356,83.569,479,81.768,22.515,1,1
A033,16-01-2025 22:00,A033-ENG,Engine,85.153,4.186,68.352,52.886,1804.656,143.109,23.384,83.717,851,67.849,19.72,1,1
A033,16-01-2025 23:00,A033-ENG,Engine,98.975,7.645,57.517,54.135,1771.584,133.964,23.006,86.838,619,86.533,21.147,1,1
A033,17-01-2025 03:00,A033-ENG,Engine,88.078,3.877,68.469,53.313,1620.796,156.382,23.223,87.807,815,95.205,29.786,1,1
A033,17-01-2025 04:00,A033-ENG,Engine,89.202,3.995,68.03,53.184,1894.114,140.157,23.371,87.204,884,93.671,31.044,1,1
A033,17-01-2025 08:00,A033-ENG,Engine,82.474,4.409,72.194,51.993,1873.936,143.335,22.93,83.7,526,75.779,24.125,1,0
A033,17-01-2025 14:00,A033-ENG,Engine,85.137,4.342,67.16,51.454,1779.335,145.299,22.12,87.197,894,87.871,41.846,1,0
A034,01-01-2025 01:00,A034-ENG,Engine,72.273,2.741,77.247,57.336,1667.961,153.617,24.188,72.334,221,56.402,27.786,0,0
A034,01-01-2025 05:00,A034-ENG,Engine,69.432,2.151,80.124,52.8,1840.503,147.263,23.942,75.694,500,52.637,26.825,0,0
A034,01-01-2025 08:00,A034-ENG,Engine,73.747,2.404,73.793,56.27,1695.254,147.274,23.56,74.313,191,59.47,25.105,0,0
A034,01-01-2025 11:00,A034-ENG,Engine,74.237,2.33,79.81,57.652,1769.904,145.837,24.15,76.099,248,45.045,37.142,0,0
A034,01-01-2025 14:00,A034-ENG,Engine,70.658,2.544,77.487,53.914,1680.381,146.586,24.765,78.382,314,52.795,24.45,0,0
A034,01-01-2025 19:00,A034-ENG,Engine,71.968,2.192,82.235,56.388,1795.479,142.632,24.027,72.255,332,51.846,33.908,0,0
A034,01-01-2025 20:00,A034-ENG,Engine,68.266,2.083,76.726,52.578,1766.042,149.97,23.748,72.396,288,28.461,38.025,0,0
A034,02-01-2025 03:00,A034-ENG,Engine,70.953,2.301,72.29,54.529,1752.258,153.233,24.463,77.137,305,51.236,31.908,0,0
A034,02-01-2025 09:00,A034-ENG,Engine,71.678,3.083,76.451,50.823,1952.675,148.189,24.23,79.506,518,40.535,26.687,0,1
A034,02-01-2025 11:00,A034-ENG,Engine,76.34,2.428,79.541,52.494,1756.038,149.788,24.304,74.416,253,56.524,31.924,0,0
A034,02-01-2025 17:00,A034-ENG,Engine,70.529,2.6,78.567,57.465,1784.944,148.976,23.628,74.581,369,45.14,32.074,0,0
A034,02-01-2025 23:00,A034-ENG,Engine,75.61,1.975,75.031,52.815,1771.559,147.224,23.828,77.016,189,57.652,35.942,0,0
A034,03-01-2025 06:00,A034-ENG,Engine,68.646,2.341,72.225,56.531,1701.695,150.096,23.919,74.838,525,52.026,33.893,0,0
A034,03-01-2025 11:00,A034-ENG,Engine,75.429,2.372,74.018,54.278,1878.124,149.028,23.687,78.187,554,67.426,36.042,0,0
A034,03-01-2025 13:00,A034-ENG,Engine,72.435,2.544,75.067,54.533,1841.746,145.551,23.431,78.149,199,47.3,29.195,0,0
A034,03-01-2025 14:00,A034-ENG,Engine,72.093,2.44,73.718,56.567,1636.451,146.471,23.381,75.303,343,47.961,26.26,0,0
A034,03-01-2025 23:00,A034-ENG,Engine,72.566,2.187,78.402,54.312,1806.756,145.853,24.085,76.379,194,47.655,27.96,0,0
A034,04-01-2025 00:00,A034-ENG,Engine,75.582,2.063,76.711,54.637,1807.915,144.57,23.602,75.536,474,49.75,27.393,0,0
A034,04-01-2025 04:00,A034-ENG,Engine,77.771,2.401,73.423,54.649,1654.7,142.555,23.992,79.265,516,46.335,29.653,0,0
A034,04-01-2025 06:00,A034-ENG,Engine,76.161,2.328,73.768,57.946,1760.115,148.868,23.773,78.575,230,43.451,34.141,0,0
A034,04-01-2025 10:00,A034-ENG,Engine,76.909,2.835,79.94,53.886,1740.091,152.684,23.609,75.269,544,66.132,24.273,0,0
A034,04-01-2025 11:00,A034-ENG,Engine,72.723,2.687,73.963,55.973,1788.186,152.783,23.945,80.849,554,54.956,34.264,0,0
A034,04-01-2025 15:00,A034-ENG,Engine,77.792,2.376,76.974,56.157,1879.759,152.912,23.439,81.567,370,52.015,21.131,0,0
A034,04-01-2025 17:00,A034-ENG,Engine,74.882,2.777,76.836,54.022,1818.147,142.525,24.059,78.642,335,57.48,31.366,0,0
A034,04-01-2025 22:00,A034-ENG,Engine,75.912,2.826,76.473,58.315,1806.717,153.006,23.675,76.93,379,56.693,33.993,0,0
A034,04-01-2025 23:00,A034-ENG,Engine,72.186,2.57,81.371,55.53,1844.674,155.323,23.34,79.041,434,53.613,24.832,0,0
A034,05-01-2025 00:00,A034-ENG,Engine,74.386,2.186,81.768,56.662,1802.518,154.849,23.857,76.71,463,51.441,29.983,0,0
A034,05-01-2025 05:00,A034-ENG,Engine,76.184,2.748,80.075,55.787,2011.797,151.662,23.689,76.229,364,53.091,38.505,0,0
A034,05-01-2025 11:00,A034-ENG,Engine,74.236,2.5,80.296,55.434,1819.662,149.382,24.077,73.381,269,48.125,32.747,0,0
A034,05-01-2025 14:00,A034-ENG,Engine,73.031,2.961,77.431,51.314,1809.583,143.31,23.678,78.813,555,59.841,35.004,0,0
A034,05-01-2025 18:00,A034-ENG,Engine,78.916,2.448,73.363,57.449,1763.662,147.65,23.76,77.269,527,49.767,25.003,0,0
A034,06-01-2025 01:00,A034-ENG,Engine,74.713,3.144,76.445,54.918,1934.264,146.922,23.524,75.547,280,55.105,16.023,0,0
A034,06-01-2025 03:00,A034-ENG,Engine,75.293,2.459,76.91,54.2,1704.563,142.857,23.367,79.998,365,54.203,27.605,0,1
A034,06-01-2025 09:00,A034-ENG,Engine,74.252,2.168,77.803,55.646,1946.314,150.939,23.159,79.448,396,55.147,27.537,0,0
A034,06-01-2025 12:00,A034-ENG,Engine,74.857,2.76,73.079,51.431,1679.105,149.676,24.098,75.85,474,71.129,32.168,0,1
A034,06-01-2025 13:00,A034-ENG,Engine,76.134,2.857,71.646,53.25,1568.554,153.57,23.919,79.248,344,52.729,32.711,0,0
A034,06-01-2025 15:00,A034-ENG,Engine,74.026,2.911,73.594,52.594,1866.142,150.491,23.486,80.697,508,60.083,32.143,0,0
A034,06-01-2025 16:00,A034-ENG,Engine,78.861,2.828,70.373,53.099,1884.092,152.322,24.32,78.975,308,61.721,34.036,0,1
A034,06-01-2025 18:00,A034-ENG,Engine,75.484,2.979,74.669,52.534,1794.952,149.72,24.35,75.75,383,54.661,35.027,0,0
A034,06-01-2025 21:00,A034-ENG,Engine,79.299,2.787,69.2,55.61,1738.293,141.916,23.49,80.272,633,55.028,33.675,0,0
A034,06-01-2025 22:00,A034-ENG,Engine,78.303,2.988,77.461,53.59,1808.998,141.605,23.348,77.887,352,73.123,35.372,0,1
A034,07-01-2025 01:00,A034-ENG,Engine,75.16,2.667,71.988,53.449,1896.282,156.408,23.499,78.299,280,64.819,37.922,0,1
A034,07-01-2025 06:00,A034-ENG,Engine,74.47,2.641,73.281,53.924,1737.96,145.843,23.631,78.792,521,49.034,20.666,0,0
A034,07-01-2025 08:00,A034-ENG,Engine,76.576,2.881,76.064,54.773,1735.893,146.62,23.741,80.519,558,61.837,20.757,0,0
A034,07-01-2025 16:00,A034-ENG,Engine,76.029,3.16,71.378,55.247,1788.344,148.452,23.591,81.09,573,74.721,33.636,0,0
A034,07-01-2025 17:00,A034-ENG,Engine,77.902,3.132,76.789,55.452,2118.684,140.769,23.804,77.856,408,64.788,27.898,0,0
A034,08-01-2025 01:00,A034-ENG,Engine,77.908,2.167,79.748,53.028,1690.024,151.722,23.886,83.101,385,67.811,29.445,0,0
A034,08-01-2025 02:00,A034-ENG,Engine,76.179,3.371,77.818,54.054,1738.125,144.075,23.937,80.011,275,61.282,25.892,0,1
A034,08-01-2025 07:00,A034-ENG,Engine,78.311,2.846,75.85,57.068,1836.442,149.46,23.749,79.667,577,66.578,29.102,0,0
A034,08-01-2025 08:00,A034-ENG,Engine,77.264,2.868,78.317,53.402,1706.41,146.05,23.228,78.16,542,68.849,23.976,0,0
A034,08-01-2025 10:00,A034-ENG,Engine,82.802,2.872,75.316,52.857,1721.28,149.692,23.806,80.928,374,65.739,32.22,0,1
A034,08-01-2025 15:00,A034-ENG,Engine,75.442,2.697,76.763,55.392,1911.342,142.322,22.791,80.416,622,51.192,25.503,0,0
A034,08-01-2025 20:00,A034-ENG,Engine,77.682,2.841,79.665,52.86,1752.772,150.188,23.235,80.214,452,64.35,34.256,0,0
A034,09-01-2025 00:00,A034-ENG,Engine,85.18,5.948,66.783,51.956,1870.099,130.197,23.384,79.513,309,71.453,31.443,1,1
A034,09-01-2025 03:00,A034-ENG,Engine,76.564,2.742,72.189,53.68,1831.015,143.424,23.477,77.438,556,52.314,31.457,0,0
A034,09-01-2025 04:00,A034-ENG,Engine,79.363,3.152,76.911,57.033,1706.788,146.928,23.073,78.669,327,52.361,36.326,0,0
A034,09-01-2025 12:00,A034-ENG,Engine,73.33,2.818,71.603,56.578,1827.568,150.732,23.701,77.671,327,68.434,29.251,0,0
A034,09-01-2025 13:00,A034-ENG,Engine,81.586,2.54,77.918,52.718,1857.124,143.396,24.424,80.551,328,55.538,28.616,0,0
A034,09-01-2025 21:00,A034-ENG,Engine,77.581,3.274,74.563,53.216,1845.922,146.015,23.24,81.526,703,70.871,23.923,0,0
A034,09-01-2025 23:00,A034-ENG,Engine,85.835,2.725,77.299,55.286,1764.808,150.179,22.995,78.283,378,51.253,26.699,0,0
A034,10-01-2025 00:00,A034-ENG,Engine,79.134,3.021,73.931,56.595,1763.545,144.622,23.201,80.628,504,53.063,34.948,0,0
A034,10-01-2025 09:00,A034-ENG,Engine,78.198,2.639,75.124,52.149,1786.562,151.577,23.644,78.792,646,67.088,29.319,0,0
A034,10-01-2025 11:00,A034-ENG,Engine,82.053,3.672,72.603,51.223,1768.126,148.443,23.24,81.762,469,65.322,27.346,0,1
A034,10-01-2025 15:00,A034-ENG,Engine,80.555,3.318,76.022,53.276,1811.531,153.503,23.196,78.094,505,80.024,31.915,0,0
A034,10-01-2025 16:00,A034-ENG,Engine,88.967,6.353,62.995,50.193,1786.975,141.378,23.019,78.646,695,55.124,37.615,1,1
A034,10-01-2025 19:00,A034-ENG,Engine,79.03,3.85,72.056,51.705,1707.343,149.321,23.191,77.077,723,70.083,30.84,0,1
A034,10-01-2025 22:00,A034-ENG,Engine,79.664,3.569,78.211,49.847,1805.721,147.679,23.396,81.419,373,77.003,24.461,0,1
A034,11-01-2025 03:00,A034-ENG,Engine,79.941,2.655,70.344,53.699,1686.61,159.13,22.922,82.22,574,71.259,29.135,0,1
A034,11-01-2025 05:00,A034-ENG,Engine,81.165,2.685,79.467,50.915,1782.948,145.487,23.124,81.835,524,63.062,34.31,0,0
A034,11-01-2025 19:00,A034-ENG,Engine,86.132,3.178,76.132,52.907,1988.723,151.025,23.415,85.746,556,44.58,33.814,0,1
A034,12-01-2025 01:00,A034-ENG,Engine,81.279,3.59,73.235,50.971,1776.044,145.416,22.717,81.492,496,67.903,24.529,0,1
A034,12-01-2025 03:00,A034-ENG,Engine,80.593,2.857,72.769,53.507,1710.892,146.273,22.982,80.885,553,72.632,28.835,0,0
A034,12-01-2025 10:00,A034-ENG,Engine,77.113,2.989,70.836,51.859,1825.948,136.631,23.244,82.925,459,76.973,34.148,0,1
A034,12-01-2025 15:00,A034-ENG,Engine,82.682,2.576,74.749,50.854,1714.976,151.904,23.196,79.115,663,69.407,34.139,0,1
A034,12-01-2025 16:00,A034-ENG,Engine,86.69,2.566,76.218,52.08,1724.509,145.221,23.104,81.041,760,64.969,30.034,0,1
A034,12-01-2025 23:00,A034-ENG,Engine,79.636,3.113,70.28,52.501,1675.864,146.017,23.01,80.514,500,53.162,25.742,0,0
A034,13-01-2025 01:00,A034-ENG,Engine,81.022,3.034,72.603,53.431,1871.48,149.16,22.733,82.794,405,65.214,39.046,0,0
A034,13-01-2025 02:00,A034-ENG,Engine,81.545,3.34,75.388,51.077,1782.419,140.05,23.097,83.518,761,74.021,30.765,0,0
A034,13-01-2025 03:00,A034-ENG,Engine,79.854,3.315,71.255,48.298,1771.661,139.83,23.411,83.337,650,67.983,24.789,0,0
A034,13-01-2025 05:00,A034-ENG,Engine,80.081,2.884,71.909,52.171,1842.486,146.881,22.884,79.216,672,79.691,27.299,0,0
A034,13-01-2025 07:00,A034-ENG,Engine,78.746,2.93,70.738,53.703,1825.381,147.815,23.211,82.179,710,69.885,30.517,0,0
A034,13-01-2025 08:00,A034-ENG,Engine,77.693,2.972,73.878,53.963,1830.039,151.391,23.592,86.106,709,81.772,28.051,0,0
A034,13-01-2025 10:00,A034-ENG,Engine,81.847,3.468,71.694,52.415,1832.004,142.961,23.232,84.607,758,67.807,33.172,1,1
A034,13-01-2025 14:00,A034-ENG,Engine,82.314,3.432,71.019,54.032,1798.961,150.729,23.402,79.142,576,90.019,30.321,1,1
A034,13-01-2025 15:00,A034-ENG,Engine,79.035,3.781,71.218,52.672,1598.822,144.814,23.997,83.836,595,65.976,34.594,1,0
A034,13-01-2025 18:00,A034-ENG,Engine,80.495,3.198,71.998,52.277,1599.644,145.829,23.162,79.966,796,68.65,32.946,0,0
A034,13-01-2025 19:00,A034-ENG,Engine,75.42,3.155,74.399,51.985,1929.259,139.601,22.659,85.537,522,75.396,27.521,0,0
A034,13-01-2025 20:00,A034-ENG,Engine,93.154,6.704,60.123,51.169,1658.112,140.529,22.994,79.278,648,76.156,34.381,1,1
A034,14-01-2025 05:00,A034-ENG,Engine,84.837,3.409,72.965,55.068,1718.541,144.044,23.517,83.082,692,80.071,26.875,1,0
A034,14-01-2025 13:00,A034-ENG,Engine,75.48,3.279,74.653,51.219,1790.816,148.71,23.134,83.644,502,52.728,41.27,0,1
A034,14-01-2025 15:00,A034-ENG,Engine,84.756,3.716,73.867,51.811,1769.491,143.1,23.304,82.497,487,65.505,28.142,1,1
A034,14-01-2025 18:00,A034-ENG,Engine,84.159,3.022,72.999,54.22,1779.801,144.752,22.672,82.091,793,76.731,26.985,1,0
A034,14-01-2025 22:00,A034-ENG,Engine,81.11,3.29,73.235,49.501,1801.5,143.607,22.693,83.759,567,67.006,27.705,1,0
A034,15-01-2025 00:00,A034-ENG,Engine,79.157,3.612,73.052,52.942,1750.268,144.85,22.59,81.159,790,79.947,31.494,1,1
A034,15-01-2025 14:00,A034-ENG,Engine,82.907,3.679,68.109,54.28,1756.734,149.059,23.005,83.599,553,75.098,32.106,1,0
A034,15-01-2025 18:00,A034-ENG,Engine,90.554,6.472,62.632,53.029,1691.417,147.249,22.874,80.501,704,65.472,19.667,1,0
A034,15-01-2025 21:00,A034-ENG,Engine,77.97,3.245,69.497,49.925,1942.072,147.671,23.099,83.725,818,81.69,26.86,1,1
A034,15-01-2025 22:00,A034-ENG,Engine,80.537,4.03,68.377,55.058,1653.441,141.741,22.691,82.37,580,70.022,29.501,1,1
A034,16-01-2025 06:00,A034-ENG,Engine,84.317,3.214,73.02,52.598,1907.046,143.55,23.143,85.697,617,82.446,25.705,1,0
A034,16-01-2025 07:00,A034-ENG,Engine,81.985,4.216,71.545,46.294,1828.842,143.506,23.103,85.755,559,74.516,29.548,1,1
A034,16-01-2025 08:00,A034-ENG,Engine,81.61,3.514,69.725,52.191,1768.486,146.259,22.711,85.236,647,66.967,28.871,1,0
A034,16-01-2025 12:00,A034-ENG,Engine,82.999,3.205,69.548,47.89,1793.762,152.515,23.052,84.796,756,85.817,29.502,1,1
A034,16-01-2025 13:00,A034-ENG,Engine,92.841,5.251,62.578,55.554,1769.801,137.498,22.925,85.171,647,72.999,29.556,1,1
A034,16-01-2025 17:00,A034-ENG,Engine,80.732,4.106,70.236,52.985,2012.652,144.093,22.902,86.146,672,83.564,27.88,1,1
A034,16-01-2025 20:00,A034-ENG,Engine,85.45,3.738,75.074,50.86,1842.215,143.144,22.357,82.716,856,68.069,38.23,1,0
A034,17-01-2025 07:00,A034-ENG,Engine,82.512,3.897,72.492,50.845,1878.883,149.37,22.912,82.19,649,77.598,25.033,1,1
A034,17-01-2025 12:00,A034-ENG,Engine,83.856,4.28,77.367,53.512,1720.707,146.148,23.186,83.793,560,69.961,41.349,1,0
A035,01-01-2025 03:00,A035-ENG,Engine,84.108,5.704,70.135,55.363,1946.358,141.737,23.609,74.516,421,54.183,30.381,1,0
A035,01-01-2025 10:00,A035-ENG,Engine,76.195,2.225,78.287,52.317,1719.114,146.719,23.722,76.853,334,53.818,28.359,0,0
A035,01-01-2025 19:00,A035-ENG,Engine,72.906,2.063,77.953,53.904,1855.939,151.196,23.734,72.603,277,56.783,32.053,0,0
A035,01-01-2025 20:00,A035-ENG,Engine,71.387,3.061,75.312,54.216,1879.881,157.576,24.116,70.738,228,43.802,29.344,0,0
A035,02-01-2025 00:00,A035-ENG,Engine,71.62,2.525,74.393,55.829,1878.865,143.076,23.816,76.113,421,54.518,28.054,0,0
A035,02-01-2025 06:00,A035-ENG,Engine,75.624,2.747,77.044,56.617,1810.35,150.205,24.613,76.024,489,58.235,29.605,0,0
A035,02-01-2025 12:00,A035-ENG,Engine,71.288,2.439,74.39,52.124,1811.699,152.911,23.842,76.475,448,59.925,22.628,0,0
A035,02-01-2025 15:00,A035-ENG,Engine,71.656,2.698,78.006,55.703,1789.353,151.679,24.198,77.374,361,55.52,31.363,0,0
A035,02-01-2025 16:00,A035-ENG,Engine,74.74,3.064,78.399,52.984,1798.599,141.356,23.464,70.286,485,68.766,40.736,0,0
A035,02-01-2025 18:00,A035-ENG,Engine,76.286,2.11,78.343,52.802,1917.255,145.424,24.032,74.876,155,62.973,25.91,0,0
A035,02-01-2025 23:00,A035-ENG,Engine,77.881,2.83,80.937,50.941,1771.752,143.371,23.712,78.119,497,57.858,28.635,0,0
A035,03-01-2025 00:00,A035-ENG,Engine,73.515,3.027,81.886,51.238,1852.538,155.089,23.931,73.503,216,54.113,31.363,0,0
A035,03-01-2025 04:00,A035-ENG,Engine,74.928,1.926,75.581,52.367,1596.017,147.486,23.513,75.412,401,55.137,37.161,0,0
A035,03-01-2025 06:00,A035-ENG,Engine,70.475,2.134,74.694,57.28,1897.483,146.622,23.986,77.896,172,40.568,28.416,0,0
A035,03-01-2025 12:00,A035-ENG,Engine,74.107,2.358,71.783,53.111,1682.968,151.068,23.833,75.707,352,65.411,28.312,0,0
A035,03-01-2025 15:00,A035-ENG,Engine,78.941,2.41,72.853,53.243,1921.553,142.275,23.99,74.631,330,45.142,34.056,0,0
A035,03-01-2025 16:00,A035-ENG,Engine,72.504,2.555,77.397,53.267,1886.164,150.367,23.711,76.092,282,66.847,27.749,0,0
A035,03-01-2025 20:00,A035-ENG,Engine,74.294,2.248,77.023,52.354,1683.879,153.388,23.656,79.007,514,56.291,36.297,0,0
A035,03-01-2025 21:00,A035-ENG,Engine,74.344,2.917,77.11,52.039,1655.542,143.029,24.186,75.807,222,62.9,28.264,0,0
A035,04-01-2025 05:00,A035-ENG,Engine,72.869,3.087,75.877,54.093,1685.433,145.119,23.667,78.534,288,55.364,17.754,0,0
A035,04-01-2025 11:00,A035-ENG,Engine,73.158,2.911,76.927,55.778,1657.709,152.306,23.434,76.155,510,47.841,38.921,0,0
A035,04-01-2025 14:00,A035-ENG,Engine,72.536,2.847,78.787,52.547,1671.168,144.795,23.757,77.87,446,71.298,28.922,0,0
A035,04-01-2025 17:00,A035-ENG,Engine,75.553,2.489,77.294,53.258,1717.232,152.905,23.47,78.74,572,61.47,36.836,0,0
A035,04-01-2025 19:00,A035-ENG,Engine,81.515,5.208,61.731,56.282,1775.382,141.273,24.04,76.368,530,67.992,29.874,1,1
A035,04-01-2025 20:00,A035-ENG,Engine,78.206,2.928,74.124,51.504,1712.137,152.189,24.11,78.704,285,61.187,32.559,0,0
A035,05-01-2025 01:00,A035-ENG,Engine,73.937,2.749,73.673,57.25,2002.477,150.272,23.967,80.785,261,60.548,37.027,0,0
A035,05-01-2025 12:00,A035-ENG,Engine,71.94,3.128,76.786,57.735,1821.384,149.791,23.337,80.2,527,66.654,35.265,0,0
A035,05-01-2025 15:00,A035-ENG,Engine,71.319,2.885,76.371,54.414,1859.48,141.283,23.546,76.543,390,54.998,25.974,0,0
A035,05-01-2025 16:00,A035-ENG,Engine,76.258,3.066,74.893,55.679,1781.87,153.414,23.787,77.001,380,67.526,26.691,0,1
A035,05-01-2025 19:00,A035-ENG,Engine,72.991,3.085,70.167,52.269,1831.807,146.127,24.227,76.081,374,52.515,26.993,0,0
A035,06-01-2025 13:00,A035-ENG,Engine,74.613,2.599,79.745,51.587,1861.198,152.395,23.448,77.211,301,74.412,28.98,0,0
A035,06-01-2025 15:00,A035-ENG,Engine,78.912,2.834,75.425,53.847,1879.494,150.697,23.63,74.797,362,66.05,34.074,0,0
A035,06-01-2025 19:00,A035-ENG,Engine,77.024,2.319,76.878,54.599,1788.961,145.765,23.759,76.659,273,62.924,26.598,0,0
A035,06-01-2025 20:00,A035-ENG,Engine,78.03,3.212,76.056,54.477,1962.431,147.148,24.208,81.479,326,70.462,34.91,0,0
A035,06-01-2025 23:00,A035-ENG,Engine,76.202,2.746,74.383,56.271,1716.861,146.054,24.359,80.39,335,63.557,35.342,0,0
A035,07-01-2025 00:00,A035-ENG,Engine,78.546,2.684,78.801,52.635,1821.35,143.606,23.271,77.298,350,72.104,33.686,0,0
A035,07-01-2025 11:00,A035-ENG,Engine,75.156,2.94,73.508,52.225,1793.529,144.541,23.483,79.539,506,67.984,36.029,0,0
A035,07-01-2025 22:00,A035-ENG,Engine,78.359,2.694,75.351,54.786,1762.851,141.494,23.691,78.963,449,60.073,32.324,0,1
A035,07-01-2025 23:00,A035-ENG,Engine,88.927,5.121,67.983,56.294,1954.628,134.735,22.914,81.189,344,47.548,30.855,1,0
A035,08-01-2025 05:00,A035-ENG,Engine,80.733,2.765,74.025,53.239,1756.976,153.272,23.419,78.914,548,59.664,22.95,0,0
A035,08-01-2025 12:00,A035-ENG,Engine,80.195,1.875,72.556,57.793,2027.427,153.585,22.615,81.45,296,71.594,28.56,0,0
A035,08-01-2025 14:00,A035-ENG,Engine,78.194,3.266,71.172,55.009,1746.731,152.695,23.772,80.11,404,64.18,39.939,0,0
A035,08-01-2025 23:00,A035-ENG,Engine,78.928,2.397,73.531,51.973,1769.192,144.617,23.376,76.9,680,66.351,28.135,0,0
A035,09-01-2025 00:00,A035-ENG,Engine,78.828,3.444,73.147,54.28,1820.727,148.925,23.49,76.981,550,53.653,21.795,0,0
A035,09-01-2025 03:00,A035-ENG,Engine,80.725,2.958,75.648,52.031,1712.681,148.667,23.175,84.04,407,54.42,37.015,0,0
A035,09-01-2025 14:00,A035-ENG,Engine,78.543,3.029,72.893,55.293,1772.042,143.912,23.253,79.18,578,56.603,38.465,0,0
A035,09-01-2025 15:00,A035-ENG,Engine,77.541,3.406,74.27,53.041,1756.34,149.457,23.069,79.096,520,63.451,31.102,0,0
A035,09-01-2025 19:00,A035-ENG,Engine,78.41,3.591,76.837,51.574,1826.37,151.677,23.904,82.2,334,62.206,32.329,0,1
A035,09-01-2025 20:00,A035-ENG,Engine,78.734,3.157,76.365,52.983,1837.678,149.88,23.281,80.499,551,52.128,27.992,0,0
A035,09-01-2025 23:00,A035-ENG,Engine,76.798,2.633,68.243,49.653,1884.602,145.08,23.459,82.096,382,46.119,31.675,0,1
A035,10-01-2025 02:00,A035-ENG,Engine,81.793,3.219,73.621,56.095,1726.566,139.566,23.844,79.923,706,69.796,29.519,0,0
A035,10-01-2025 07:00,A035-ENG,Engine,77.894,3.371,73.292,54.164,1784.684,150.178,24.232,81.024,721,66.969,26.868,0,1
A035,10-01-2025 10:00,A035-ENG,Engine,81.81,2.482,69.411,56.624,1670.431,147.659,23.541,80.914,625,62.279,27.501,0,0
A035,10-01-2025 12:00,A035-ENG,Engine,75.669,2.847,69.499,53.635,1850.175,145.439,23.224,76.947,353,62.719,37.219,0,0
A035,10-01-2025 15:00,A035-ENG,Engine,79.179,3.037,72.923,55.053,1859.516,150.344,23.242,79.956,724,64.324,32.831,0,0
A035,10-01-2025 20:00,A035-ENG,Engine,94.726,7.022,68.555,53.461,1758.878,144.045,23.114,78.782,564,69.993,24.431,1,1
A035,11-01-2025 00:00,A035-ENG,Engine,79.888,3.278,71.569,51.763,2041.19,149.759,22.756,83.001,709,59.966,29.633,0,1
A035,11-01-2025 05:00,A035-ENG,Engine,76.872,3.518,70.489,48.553,1703.295,147.421,23.312,81.134,474,81.701,31.928,1,0
A035,11-01-2025 09:00,A035-ENG,Engine,76.294,3.318,74.412,55.808,1857.089,145.512,23.692,81.26,623,62.368,34.747,0,0
A035,11-01-2025 12:00,A035-ENG,Engine,78.407,3.489,73.644,53.188,1698.615,140.701,23.194,82.746,617,64.515,34.121,0,1
A035,11-01-2025 17:00,A035-ENG,Engine,85.99,2.857,69.784,51.54,1785.726,138.728,22.982,80.272,421,68.806,24.868,0,1
A035,11-01-2025 18:00,A035-ENG,Engine,78.279,3.983,69.977,53.095,1721.163,148.926,23.356,80.361,381,69.495,31.299,1,1
A035,11-01-2025 19:00,A035-ENG,Engine,76.292,3.128,74.338,52.739,1726.729,146.14,22.676,83.114,689,77.045,26.431,0,1
A035,11-01-2025 23:00,A035-ENG,Engine,80.64,2.788,74.452,54.709,1887.259,146.407,23.074,81.559,762,61.654,28.548,0,0
A035,12-01-2025 00:00,A035-ENG,Engine,84.672,3.215,70.747,51.185,1783.058,143.022,23.334,78.867,727,53.542,26.834,0,1
A035,12-01-2025 02:00,A035-ENG,Engine,79.121,3.726,76.185,55.159,1733.214,149.515,23.131,81.848,483,62.558,22.672,0,0
A035,12-01-2025 06:00,A035-ENG,Engine,83.64,2.812,67.952,52.568,1903.355,145.35,23.284,78.954,570,66.702,22.885,0,1
A035,12-01-2025 11:00,A035-ENG,Engine,81.34,3.707,69.588,51.591,1660.297,147.273,22.935,82.22,418,66.668,30.364,1,0
A035,12-01-2025 15:00,A035-ENG,Engine,77.044,3.792,68.814,54.26,1820.658,137.094,23.141,81.066,748,55.904,33.227,0,0
A035,12-01-2025 16:00,A035-ENG,Engine,82.083,3.148,75.415,53.7,1733.845,149.493,23.185,83.37,392,59.077,19.488,0,1
A035,12-01-2025 21:00,A035-ENG,Engine,75.072,3.593,75.437,54.868,1654.38,140.613,23.359,76.934,560,61.421,25.082,0,0
A035,13-01-2025 02:00,A035-ENG,Engine,81.819,3.189,71.031,53.243,1714.036,149.5,23.285,80.17,603,58.699,29.128,0,1
A035,13-01-2025 03:00,A035-ENG,Engine,97.661,7.177,63.489,55.291,1729.843,120.247,22.414,81.266,563,64.991,27.676,1,1
A035,13-01-2025 04:00,A035-ENG,Engine,79.256,3.31,72.189,50.285,1812.169,148.188,22.23,80.077,561,74.562,31.35,1,0
A035,13-01-2025 10:00,A035-ENG,Engine,81.265,3.723,73.411,49.834,1839.108,143.558,23.256,83.293,550,63.708,30.623,1,0
A035,13-01-2025 19:00,A035-ENG,Engine,81.051,3.26,70.429,53.119,1889.12,154.786,23.519,83.217,682,80.66,35,1,1
A035,13-01-2025 21:00,A035-ENG,Engine,77.243,3.686,71.721,54.034,1772.076,144.83,22.997,80.76,460,67.799,30.383,1,0
A035,13-01-2025 22:00,A035-ENG,Engine,82.558,3.356,72.987,51.062,1974.828,149.109,23.512,82.394,493,69.428,35.018,1,1
A035,14-01-2025 03:00,A035-ENG,Engine,84.46,3.474,70.856,53.056,1786.845,140.132,23.207,82.913,494,78.149,32.282,1,0
A035,14-01-2025 09:00,A035-ENG,Engine,78.418,3.565,70.31,56.171,1677.495,146.504,23.316,84.586,741,59.647,24.646,0,0
A035,14-01-2025 11:00,A035-ENG,Engine,81.138,3.43,72.093,50.786,1861.448,138.982,23.017,83.282,618,83.929,34.467,1,0
A035,14-01-2025 12:00,A035-ENG,Engine,78.783,4.016,66.815,55.572,1884.662,145.397,23.243,82.731,535,67.571,32.661,1,1
A035,14-01-2025 14:00,A035-ENG,Engine,86.844,3.908,74.73,50.726,1667.113,150.349,23.39,82.472,475,74.158,22.877,1,0
A035,14-01-2025 22:00,A035-ENG,Engine,77.922,3.939,69.877,54.824,1849.43,144.792,23.415,85.384,798,75.014,31.049,1,0
A035,15-01-2025 04:00,A035-ENG,Engine,83.259,3.78,69.916,55.642,1838.737,148.875,24.102,85.991,710,88.282,26.852,1,1
A035,15-01-2025 05:00,A035-ENG,Engine,81.995,3.793,66.927,53.709,1697.203,142.813,23.101,82.076,670,72.698,24.846,1,1
A035,15-01-2025 06:00,A035-ENG,Engine,85.31,2.502,71.684,52.456,1816.391,149.531,22.817,85.25,527,57.946,34.019,0,1
A035,15-01-2025 07:00,A035-ENG,Engine,79.452,4.194,69.634,54.45,1772.726,144.013,23.829,85.001,567,72.931,37.612,1,0
A035,15-01-2025 08:00,A035-ENG,Engine,84.976,3.223,73.367,50.729,1841.038,137.342,23.103,87.62,809,66.331,34.466,1,0
A035,15-01-2025 21:00,A035-ENG,Engine,82.143,3.548,71.916,51.069,1729.364,141.536,23.303,81.812,570,79.723,30.106,1,0
A035,15-01-2025 22:00,A035-ENG,Engine,81.426,4.162,70.831,52.235,1832.378,149.463,23.049,84.603,676,75.016,33.011,1,0
A035,16-01-2025 02:00,A035-ENG,Engine,88.145,3.773,68.988,53.755,1817.196,138.467,23.103,84.088,767,72.481,28.389,1,0
A035,16-01-2025 08:00,A035-ENG,Engine,78.968,3.695,71.301,57.096,1722.148,150.115,23.024,84.74,825,69.652,29.406,1,1
A035,16-01-2025 12:00,A035-ENG,Engine,84.674,3.73,66.463,51.303,1925.158,143.878,22.074,84.58,808,78.714,30.455,1,1
A035,16-01-2025 15:00,A035-ENG,Engine,88.108,3.792,68.634,55.098,1838.986,142.825,22.499,85.105,648,70.197,33.856,1,1
A035,16-01-2025 16:00,A035-ENG,Engine,79.447,3.61,72.448,53.6,1845.678,148.401,23.473,80.971,657,64.496,28.266,1,1
A035,16-01-2025 20:00,A035-ENG,Engine,83.346,4.586,74.547,49.386,1881.776,138.771,23.755,83.94,782,72.13,13.981,1,1
A035,17-01-2025 00:00,A035-ENG,Engine,83.39,3.486,76.805,55.67,1826.203,140.887,23.652,86.51,496,84.182,29.254,1,0
A035,17-01-2025 01:00,A035-ENG,Engine,84.099,3.844,71.734,53.655,1778.618,140.536,21.968,85.098,803,76.127,25.426,1,1
A035,17-01-2025 05:00,A035-ENG,Engine,81.859,4.326,72.471,50.28,1803.776,145.492,22.965,82.447,846,74.482,25.583,1,0
A035,17-01-2025 06:00,A035-ENG,Engine,81.003,3.472,69.976,53.845,1862.476,150.048,23.093,84.298,727,82.294,20.087,1,0
A035,17-01-2025 13:00,A035-ENG,Engine,84.547,3.923,69.178,52.016,1837.338,146.002,22.992,81.999,780,70.948,30.107,1,0
A036,01-01-2025 00:00,A036-ENG,Engine,70.078,2.353,79.039,53.337,1607.593,142.306,24.757,78.122,240,54.701,36.894,0,1
A036,01-01-2025 04:00,A036-ENG,Engine,68.058,2.625,78.122,56.788,1795.8,148.45,24.437,74.869,395,47.638,22.47,0,0
A036,01-01-2025 05:00,A036-ENG,Engine,72.315,1.929,78.617,53.864,1776.905,150.608,23.683,78.106,137,54.349,29.425,0,0
A036,01-01-2025 07:00,A036-ENG,Engine,71.206,2.092,76.141,57.584,1968.191,153.014,23.583,77.043,187,45.839,26.449,0,0
A036,01-01-2025 15:00,A036-ENG,Engine,71.812,2.651,78.474,54.741,1761.04,150.662,23.749,71.253,266,34.912,28.544,0,0
A036,01-01-2025 20:00,A036-ENG,Engine,70.898,2.313,77.956,56.784,1746.449,141.379,23.515,72.147,470,45.626,34.356,0,0
A036,01-01-2025 23:00,A036-ENG,Engine,73.211,2.136,77.962,51.013,1766.577,150.388,24.134,77.587,373,49.432,28.449,0,0
A036,02-01-2025 01:00,A036-ENG,Engine,65.696,1.984,79.615,52.262,1867.299,142.977,23.449,75.262,403,45.234,38.268,0,0
A036,02-01-2025 04:00,A036-ENG,Engine,66.917,2.145,77.707,54.994,1891.908,150.905,23.672,75.195,208,34.899,27.726,0,0
A036,02-01-2025 08:00,A036-ENG,Engine,70.121,2.066,82.412,55.395,1715.452,149.47,23.838,78.882,471,37.798,37.165,0,0
A036,02-01-2025 20:00,A036-ENG,Engine,72.46,2.26,81.459,54.736,1734.637,150.911,23.797,76.314,534,39.049,25.136,0,0
A036,02-01-2025 21:00,A036-ENG,Engine,72.655,1.862,80.383,57.134,1745.767,147.384,23.668,76.331,535,40.75,33.205,0,0
A036,03-01-2025 07:00,A036-ENG,Engine,70.014,2.556,77.473,55.7,1697.532,148.461,23.566,76.833,553,46.385,25.396,0,0
A036,03-01-2025 15:00,A036-ENG,Engine,78.107,1.996,79.087,55.159,1935.644,144.896,23.818,78.59,196,56.432,29.939,0,0
A036,03-01-2025 16:00,A036-ENG,Engine,73.265,1.973,74.822,55.293,1866.84,145.3,23.556,75.045,313,45.993,33.619,0,0
A036,03-01-2025 21:00,A036-ENG,Engine,74.578,2.768,76.666,54.445,1850.83,150.106,23.617,76.3,498,44.229,25.77,0,0
A036,04-01-2025 01:00,A036-ENG,Engine,74.54,2.329,75.395,53.773,1918.08,146.139,23.547,80.166,353,38.84,30.272,0,0
A036,04-01-2025 02:00,A036-ENG,Engine,72.421,2.49,78.541,54.86,1776.806,152.519,24.412,78.462,361,41.441,31.46,0,0
A036,04-01-2025 03:00,A036-ENG,Engine,66.315,2.363,78.181,53.331,1757.25,148.374,23.963,74.615,248,51.727,35.783,0,0
A036,04-01-2025 04:00,A036-ENG,Engine,74.077,1.915,76.981,55.01,1642.797,148.088,24.43,73.086,541,41.674,29.324,0,0
A036,04-01-2025 06:00,A036-ENG,Engine,72.584,2.465,76.62,53.706,1788.223,150.408,24.059,79.415,361,50.944,27.928,0,0
A036,04-01-2025 10:00,A036-ENG,Engine,75.269,2.564,76.284,53.799,1723.278,152.436,23.665,80.04,348,59.737,33.042,0,0
A036,04-01-2025 16:00,A036-ENG,Engine,74.573,1.931,75.75,54.857,1748.906,151.775,23.716,80.992,550,29.94,37.96,0,0
A036,04-01-2025 17:00,A036-ENG,Engine,68.345,2.67,78.282,53.453,1926.552,143.126,23.635,79.804,217,50.548,28.121,0,0
A036,04-01-2025 18:00,A036-ENG,Engine,71.916,3.211,77.092,52.423,1840.574,151.736,23.631,78.65,357,49.42,28.023,0,0
A036,05-01-2025 06:00,A036-ENG,Engine,72.848,2.255,73.608,54.888,1925.212,154.854,23.733,76.675,497,37.926,16.842,0,0
A036,05-01-2025 17:00,A036-ENG,Engine,78.318,2.824,79.928,53.85,1912.349,145.267,23.495,75.832,551,45.408,37.723,0,0
A036,05-01-2025 22:00,A036-ENG,Engine,69.518,2.346,77.396,56.432,1753.444,146.147,24.018,76.957,263,48.088,23.262,0,0
A036,06-01-2025 07:00,A036-ENG,Engine,76.353,2.642,76.17,54.249,1857.83,149.035,23.724,80.502,442,63.347,24.389,0,0
A036,06-01-2025 08:00,A036-ENG,Engine,75.521,2.37,72.578,54.461,1821.18,146.459,24.287,78.088,620,46.891,33.458,0,0
A036,06-01-2025 13:00,A036-ENG,Engine,73.409,2.21,81.442,53.736,1826.822,149.924,23.3,77.608,517,54.79,25.433,0,0
A036,06-01-2025 14:00,A036-ENG,Engine,74.876,2.769,75.706,52.06,1839.463,149.819,23.489,75.765,351,55.089,32.318,0,0
A036,07-01-2025 00:00,A036-ENG,Engine,75.212,3.416,77.939,55.12,2044.765,154.706,23.312,79.067,518,50.181,27.079,0,0
A036,07-01-2025 02:00,A036-ENG,Engine,72.392,3.319,77.406,55.117,1894.814,147.691,23.531,80.305,358,49.438,24.198,0,0
A036,07-01-2025 07:00,A036-ENG,Engine,79.992,3.083,77.79,54.977,1657.557,148.755,23.568,81.747,526,44.701,24.093,0,0
A036,07-01-2025 08:00,A036-ENG,Engine,73.023,3.184,71.049,55.227,1914.195,141.78,22.751,73.717,414,57.146,28.255,0,0
A036,07-01-2025 09:00,A036-ENG,Engine,74.494,2.363,79.313,54.426,1758.276,151.061,23.284,77.56,481,58.37,23.765,0,0
A036,07-01-2025 10:00,A036-ENG,Engine,74.038,2.571,77.859,52.18,1595.84,151.863,23.024,76.998,520,42.702,31.259,0,1
A036,07-01-2025 11:00,A036-ENG,Engine,78.14,2.683,77.195,54.237,1771.612,150.794,23.615,78.001,343,62.329,30.41,0,0
A036,07-01-2025 15:00,A036-ENG,Engine,69.983,2.758,75.425,52.366,1789.169,149.257,23.704,76.211,329,61.948,33.968,0,0
A036,07-01-2025 23:00,A036-ENG,Engine,77.053,2.738,75.095,53.461,1874.206,144.429,23.319,79.585,662,60.952,31.895,0,1
A036,08-01-2025 01:00,A036-ENG,Engine,74.98,2.635,78.619,52.369,1736.888,150.787,23.374,81.021,281,48.526,28.56,0,0
A036,08-01-2025 02:00,A036-ENG,Engine,76.621,2.706,75.214,56.029,1863.027,150.674,23.45,79.069,315,65.483,36.986,0,1
A036,08-01-2025 04:00,A036-ENG,Engine,78.394,2.36,77.194,57.104,1614.991,139.88,23.816,82.524,449,63.921,31.508,0,1
A036,08-01-2025 09:00,A036-ENG,Engine,91.258,7.302,66.59,49.191,1576.238,132.928,23.695,82.672,618,62.059,26.79,1,1
A036,08-01-2025 18:00,A036-ENG,Engine,76.937,2.717,72.124,53.922,1849.942,144.711,23.376,78.784,583,63.765,34.203,0,1
A036,08-01-2025 20:00,A036-ENG,Engine,71.302,3.295,76.915,53.996,1770.252,148.779,24.028,81.621,590,48.676,25.18,0,0
A036,09-01-2025 04:00,A036-ENG,Engine,73.343,2.715,75.107,55.564,1853.808,155.088,23.438,81.017,527,50.507,37.844,0,0
A036,09-01-2025 14:00,A036-ENG,Engine,76.059,3.248,71.678,52.442,1817.85,139.148,23.681,80.877,687,65.41,16.766,0,0
A036,09-01-2025 15:00,A036-ENG,Engine,79.567,2.91,76.328,54.019,2065.671,147.426,23.244,79.17,494,71.075,27.941,0,0
A036,09-01-2025 19:00,A036-ENG,Engine,77.122,3.041,76.552,51.236,1708.609,141.732,22.998,81.163,485,63.758,28.08,0,0
A036,09-01-2025 23:00,A036-ENG,Engine,75.106,3.293,78.154,56.103,1745.958,149.336,23.964,82.659,433,53.561,32.017,0,0
A036,10-01-2025 03:00,A036-ENG,Engine,73.373,3.454,75.102,53.66,1603.266,142.499,23.541,77.495,333,53.831,29.604,0,0
A036,10-01-2025 06:00,A036-ENG,Engine,76.231,2.667,72.275,54.659,1852.664,145.241,22.994,79.307,425,63.571,35.57,0,0
A036,10-01-2025 09:00,A036-ENG,Engine,78.058,2.51,75.089,56.049,1859.404,147.789,22.672,84.007,429,69.495,28.523,0,0
A036,10-01-2025 13:00,A036-ENG,Engine,83.706,5.654,64.656,53.1,1847.066,143.96,23.39,83.835,600,52.926,28.756,1,0
A036,10-01-2025 16:00,A036-ENG,Engine,79.992,3.339,78.041,54.6,1634.869,140.987,23.583,80.01,454,65.121,30.799,0,0
A036,11-01-2025 01:00,A036-ENG,Engine,87.365,4.878,66.189,50.422,1669.608,133.986,23.501,83.821,476,52.038,27.784,1,1
A036,11-01-2025 10:00,A036-ENG,Engine,78.79,2.853,75.785,53.756,1825.984,141.795,22.802,79.539,427,60.261,29.051,0,1
A036,11-01-2025 11:00,A036-ENG,Engine,79.384,3.414,73.338,51.196,1740.824,154.15,23.238,80.628,745,59.869,22.551,0,0
A036,11-01-2025 19:00,A036-ENG,Engine,92.981,6.128,60.71,55.006,1631.832,127.461,23.33,84.422,376,71.686,33.776,1,1
A036,11-01-2025 22:00,A036-ENG,Engine,73.933,2.95,78.342,52.276,1799.749,150.03,22.568,82.801,466,64.537,36.907,0,0
A036,11-01-2025 23:00,A036-ENG,Engine,76.974,3.437,74.895,53.627,1814.081,148.942,23.687,82.756,557,66.452,24.003,0,1
A036,12-01-2025 05:00,A036-ENG,Engine,74.321,4.029,80.192,52.141,1849.684,153.68,23.367,78.889,755,54.444,36.699,0,0
A036,12-01-2025 06:00,A036-ENG,Engine,91.249,7.352,63.433,53.247,1808.764,140.835,23.471,77.454,584,66.485,28.425,1,1
A036,12-01-2025 12:00,A036-ENG,Engine,72.887,2.423,76.062,52.05,1691.956,139.746,22.877,82.762,630,68.892,20.33,0,0
A036,12-01-2025 13:00,A036-ENG,Engine,77.9,2.752,74.056,50.565,1802.482,151.229,23.518,79.619,761,61.303,37.524,0,0
A036,12-01-2025 14:00,A036-ENG,Engine,77.788,2.854,77.701,56.313,1659.763,150.107,23.96,83.658,571,49.909,31.639,0,0
A036,12-01-2025 19:00,A036-ENG,Engine,93.41,6.945,68.113,50.327,1744.109,126.778,22.782,85.138,636,74.018,25.025,1,1
A036,13-01-2025 01:00,A036-ENG,Engine,95.076,7.253,62.419,50.126,1738.987,126.217,23.226,85.638,419,46.41,27.667,1,1
A036,13-01-2025 14:00,A036-ENG,Engine,82.723,3.364,74.454,53.145,1812.013,149.684,23.182,84.279,596,79.959,27.576,1,0
A036,13-01-2025 20:00,A036-ENG,Engine,76.795,3.291,75.077,50.287,1652.242,139.133,23.203,82.068,575,69.036,40.553,0,0
A036,13-01-2025 22:00,A036-ENG,Engine,79.307,3.087,68.282,51.976,1749.06,152.417,23.558,81.196,719,50.014,31.057,0,1
A036,14-01-2025 01:00,A036-ENG,Engine,95.097,5.812,60.026,50.781,1780.646,128.205,23.269,83.434,736,73.477,21.287,1,1
A036,14-01-2025 03:00,A036-ENG,Engine,79.808,3.385,69.069,54.612,1914.748,143.96,23.293,79.409,488,61.268,24.294,0,0
A036,14-01-2025 07:00,A036-ENG,Engine,80.757,3.214,77.704,53.933,1650.963,145.023,23.03,81.343,725,64.23,27.119,0,0
A036,14-01-2025 11:00,A036-ENG,Engine,79.229,3.424,74.157,51.119,1785.953,147.105,22.964,84.27,594,72.179,32.102,0,0
A036,14-01-2025 12:00,A036-ENG,Engine,80.183,3.055,75.055,53.846,1823.251,139.232,22.734,82.946,725,65.87,20.334,0,1
A036,14-01-2025 13:00,A036-ENG,Engine,80.977,3.108,74.001,53.35,1834.674,149.551,23.247,85.335,493,58.934,28.856,0,0
A036,14-01-2025 18:00,A036-ENG,Engine,81.767,3.418,75.507,52.966,1829.761,143.817,23.369,83.289,679,69.894,35.484,0,0
A036,15-01-2025 03:00,A036-ENG,Engine,80.661,3.712,78.366,51.312,1884.127,144.928,23.037,83.037,494,68.972,34.045,0,1
A036,15-01-2025 07:00,A036-ENG,Engine,82.657,3.63,72.585,50.229,1843.791,146.32,23.067,88.485,818,60.045,28.512,0,1
A036,15-01-2025 09:00,A036-ENG,Engine,80.079,3.339,72.656,53.383,1804.455,146.773,22.951,82.146,572,66.655,29.109,0,0
A036,15-01-2025 15:00,A036-ENG,Engine,79.837,3.646,72.598,51.925,1961.774,140.404,22.985,84.396,718,78.033,26.742,1,0
A036,15-01-2025 19:00,A036-ENG,Engine,78.326,3.173,69.13,57.283,1871.334,145.339,22.654,83.743,674,76.822,36.466,1,1
A036,15-01-2025 21:00,A036-ENG,Engine,84.02,3.668,73.878,50.152,1816.396,144.694,23.371,84.125,649,68.665,28.108,1,0
A036,15-01-2025 22:00,A036-ENG,Engine,80.989,2.917,74.515,54.669,1746.682,150.05,23.536,84.743,580,69.753,39.074,0,0
A036,15-01-2025 23:00,A036-ENG,Engine,82.116,3.283,65.186,52.372,1848.709,146.084,22.242,80.923,735,65.476,25.586,1,1
A036,16-01-2025 00:00,A036-ENG,Engine,81.407,3.672,72.539,52.114,1784.221,145.983,22.951,81.768,542,63.501,30.909,1,0
A036,16-01-2025 04:00,A036-ENG,Engine,78.522,3.186,72.32,49.631,1766.317,151.405,22.975,84.769,555,88.026,31.262,1,0
A036,16-01-2025 06:00,A036-ENG,Engine,81.891,3.087,73.361,51.791,1775.048,150.167,23.199,84.649,625,69.058,30.674,1,0
A036,16-01-2025 07:00,A036-ENG,Engine,96.449,5.24,62.599,51.863,1858.867,130.257,23.04,82.408,513,68.716,30.713,1,1
A036,16-01-2025 16:00,A036-ENG,Engine,80.569,3.548,72.771,50.633,1924.063,143.304,23.115,84.617,815,51.59,40.508,0,0
A036,16-01-2025 18:00,A036-ENG,Engine,84.132,3.351,73.328,54.791,1864.955,144.517,23.634,86.579,488,73.632,34.511,1,0
A036,17-01-2025 07:00,A036-ENG,Engine,84.125,3.128,74.025,55.408,1890.642,145.781,22.737,85.472,582,63.528,32.728,1,0
A036,17-01-2025 12:00,A036-ENG,Engine,86.105,3.174,71.575,50.992,1824.261,152.994,22.851,86.347,529,78.836,29.483,1,1
A036,17-01-2025 13:00,A036-ENG,Engine,77.921,3.025,76.653,49.974,1689.136,146.941,22.77,86.564,772,71.099,26.495,0,1
A037,01-01-2025 01:00,A037-ENG,Engine,71.5,3.056,76.138,54.329,1647.217,147.32,24.443,81.123,130,62.073,35.901,0,0
A037,01-01-2025 06:00,A037-ENG,Engine,77.349,2.79,78.928,55.125,1796.338,149.138,23.86,69.735,114,66.689,36.869,0,0
A037,01-01-2025 09:00,A037-ENG,Engine,73.625,2.771,75.279,53.922,1887.583,144.131,23.728,74.312,259,43.416,34.811,0,0
A037,01-01-2025 10:00,A037-ENG,Engine,72.267,2.695,75.671,56.569,1766.214,153.532,23.993,74.648,225,73.246,29.066,0,0
A037,01-01-2025 15:00,A037-ENG,Engine,74.2,3.111,76.556,54.273,1777.899,147.409,23.783,74.375,229,57.39,33.638,0,0
A037,02-01-2025 01:00,A037-ENG,Engine,78.326,3.113,79.806,54.816,1853.337,151.066,24.069,73.77,524,47.875,24.641,0,0
A037,02-01-2025 02:00,A037-ENG,Engine,75.891,3.373,75.896,50.79,1903.862,152.906,23.574,76.149,356,73.877,22.563,0,0
A037,02-01-2025 03:00,A037-ENG,Engine,75.181,2.41,83.087,54.936,1888.383,146.677,23.749,72.526,397,39.191,30.575,0,0
A037,02-01-2025 04:00,A037-ENG,Engine,73.24,2.894,76.95,55.305,1847.812,143.551,23.804,73.894,448,51.427,25.723,0,0
A037,02-01-2025 19:00,A037-ENG,Engine,75.198,2.895,77.785,55.248,1881.488,152.375,24.018,76.791,145,55.01,33.173,0,0
A037,03-01-2025 01:00,A037-ENG,Engine,73.822,2.565,75.022,50.62,1785.243,150.127,23.567,72.222,510,50.694,29.162,0,1
A037,03-01-2025 02:00,A037-ENG,Engine,75.871,3.097,78.491,54.21,1666.606,146.079,23.671,75.856,519,57.334,35.242,0,0
A037,03-01-2025 03:00,A037-ENG,Engine,79.538,3.409,77.026,54.055,1674.937,148.653,23.313,75.371,168,56.219,25.497,0,0
A037,03-01-2025 09:00,A037-ENG,Engine,76.732,2.932,75.037,53.258,1810.274,152.996,23.559,77.589,373,67.199,32.001,0,0
A037,03-01-2025 14:00,A037-ENG,Engine,72.969,2.907,74.469,56.513,1583.769,153.63,23.613,74.907,438,50.945,32.207,0,0
A037,03-01-2025 16:00,A037-ENG,Engine,73.691,3.051,74.323,57.149,1797.931,143.751,23.461,74.167,549,61.65,32.774,0,1
A037,03-01-2025 17:00,A037-ENG,Engine,78.277,2.696,76.098,53.079,1813.482,151.027,23.975,73.579,333,55.831,32.017,0,0
A037,03-01-2025 20:00,A037-ENG,Engine,74.093,2.841,76.597,54.75,1841.1,151.552,23.453,77.018,284,52.177,34.47,0,0
A037,04-01-2025 12:00,A037-ENG,Engine,74.204,3.243,80.094,54.675,1823.302,148.445,23.225,74.512,417,59.372,22.857,0,0
A037,04-01-2025 15:00,A037-ENG,Engine,76.051,2.727,73.585,51.745,1873.314,146.682,23.434,77.36,307,66.221,30.865,0,0
A037,04-01-2025 19:00,A037-ENG,Engine,75.986,2.971,76.731,52.113,2012.255,144.002,23.754,76.424,269,49.04,33.145,0,0
A037,04-01-2025 21:00,A037-ENG,Engine,72.548,2.97,75.87,54.055,1881.948,149.23,23.894,76.831,201,75.836,23.539,0,0
A037,04-01-2025 22:00,A037-ENG,Engine,78.549,3.275,69.657,56.833,1806.518,147.059,23.792,78.704,388,39.662,32.415,0,0
A037,04-01-2025 23:00,A037-ENG,Engine,75.975,2.512,77.255,57.557,1765.454,149.496,24.498,76.179,334,51.285,23.697,0,0
A037,05-01-2025 08:00,A037-ENG,Engine,80.645,3.192,72.729,54.042,1770.093,151.118,23.778,78.969,576,64.161,25.88,0,0
A037,05-01-2025 16:00,A037-ENG,Engine,73.96,2.919,74.172,54.493,1670.565,148.362,23.94,75.812,317,60.469,30.59,0,0
A037,05-01-2025 17:00,A037-ENG,Engine,71.955,3.614,72.552,53.326,1612.229,154.671,23.79,74.87,531,56.859,28.421,0,0
A037,05-01-2025 18:00,A037-ENG,Engine,75.253,3.025,74.57,53.146,1715.853,150.281,23.18,78.037,247,66.989,30.951,0,1
A037,05-01-2025 19:00,A037-ENG,Engine,79.628,2.872,71.717,53.391,1703.556,149.038,23.727,78.213,310,58.182,29.918,0,0
A037,05-01-2025 22:00,A037-ENG,Engine,76.646,2.757,72.094,55.07,1719.372,149.246,23.402,72.949,342,61.659,30.748,0,1
A037,05-01-2025 23:00,A037-ENG,Engine,78.426,3.061,74.527,54.917,1769.41,139.582,23.291,76.704,272,59.532,34.261,0,0
A037,06-01-2025 00:00,A037-ENG,Engine,74.538,3.071,75.128,55.833,1721.162,154.943,23.991,75.439,421,64.461,32.825,0,1
A037,06-01-2025 02:00,A037-ENG,Engine,74.911,3.154,73.421,56.096,1666.585,145.504,24.09,77.674,259,63.416,23.446,0,0
A037,06-01-2025 03:00,A037-ENG,Engine,74.294,3.17,76.193,52.356,1857.253,154.292,23.931,76.81,584,59.226,34.375,0,1
A037,06-01-2025 09:00,A037-ENG,Engine,77.465,2.886,78.357,51.223,1719.367,143.076,23.576,80.451,399,69.86,30.593,0,0
A037,06-01-2025 11:00,A037-ENG,Engine,74.552,3.235,73.918,55.388,1809.796,151.192,22.728,76.885,525,62.592,35.91,0,0
A037,06-01-2025 12:00,A037-ENG,Engine,74.556,2.912,72.373,53.05,1696.861,144.417,24.042,77.053,485,49.517,29.386,0,1
A037,06-01-2025 13:00,A037-ENG,Engine,79.915,3.33,72.811,57.788,1805.344,147.948,23.632,78.866,343,62.676,29.321,0,1
A037,06-01-2025 15:00,A037-ENG,Engine,79.151,3.179,73.954,51.055,1659.218,150.052,24.08,78.573,633,48.078,38.686,0,0
A037,06-01-2025 17:00,A037-ENG,Engine,88.3,4.205,63.484,53.865,1800.362,141.003,23.202,77.457,329,68.315,31.743,1,1
A037,06-01-2025 20:00,A037-ENG,Engine,78.825,2.699,71.094,49.613,1822.07,145.77,23.956,79.998,264,68.053,34.91,0,0
A037,07-01-2025 01:00,A037-ENG,Engine,75.949,3.552,75.218,54.228,1983.21,143.456,23.658,80.704,375,67.422,36.634,0,0
A037,07-01-2025 05:00,A037-ENG,Engine,79.141,3.192,72.533,48.404,1830.666,147.827,23.749,78.024,543,62.207,20.647,0,0
A037,07-01-2025 09:00,A037-ENG,Engine,81.244,2.831,69.92,51.373,1854.382,153.689,23.983,78.677,399,48.742,38.339,0,0
A037,07-01-2025 10:00,A037-ENG,Engine,73.504,3.523,76.99,53.163,1737.828,151.139,23.619,81.332,308,69.992,38.817,0,1
A037,07-01-2025 13:00,A037-ENG,Engine,86.213,6.16,69.401,51.356,1867.612,133.768,23.533,78.767,391,64.956,23.27,1,0
A037,07-01-2025 15:00,A037-ENG,Engine,78.186,2.848,71.604,57.045,1722.171,149.393,23.879,79.101,650,47.848,29.027,0,1
A037,07-01-2025 18:00,A037-ENG,Engine,74.32,2.721,75.667,56.526,1783.624,152.598,23.798,80.781,573,58.403,29.332,0,0
A037,07-01-2025 19:00,A037-ENG,Engine,78.012,2.634,74.407,51.55,1690.304,138.653,24.173,78.968,437,68.504,24.355,0,0
A037,07-01-2025 20:00,A037-ENG,Engine,77.884,2.895,72.981,48.494,1888.265,149.659,23.7,79.369,536,64.859,31.564,0,0
A037,07-01-2025 21:00,A037-ENG,Engine,74.37,3.046,73.13,53.056,1782.065,140.858,24.532,77.069,382,59.773,26.682,0,0
A037,08-01-2025 01:00,A037-ENG,Engine,75.052,3.439,73.21,48.492,1763.479,142.516,22.543,79.579,312,63.377,35.811,0,0
A037,08-01-2025 02:00,A037-ENG,Engine,78.477,3.422,75.456,53.547,1888.874,154.738,23.405,77.497,534,70.109,34.728,0,1
A037,08-01-2025 03:00,A037-ENG,Engine,79.793,2.994,69.957,53.704,1852.933,151.646,24.137,80.249,355,76.327,29.021,0,0
A037,08-01-2025 05:00,A037-ENG,Engine,76.896,2.117,74.464,54.884,1796.848,141.845,23.536,77.117,540,59.233,29.073,0,0
A037,08-01-2025 06:00,A037-ENG,Engine,81.178,3.634,72.841,53.284,1810.49,150.492,23.168,77.267,656,62.396,32.274,0,1
A037,08-01-2025 11:00,A037-ENG,Engine,80.898,3.886,72.456,51.213,1803.107,150.648,23.162,79.033,545,63.44,24.768,0,0
A037,08-01-2025 12:00,A037-ENG,Engine,72.312,3.355,76.198,54.333,1634.499,148.98,22.937,80.56,425,72.05,30.221,0,0
A037,08-01-2025 19:00,A037-ENG,Engine,78.026,3.02,69.982,54.016,1662.296,149.04,23.151,80.223,514,57.361,27.348,0,0
A037,09-01-2025 00:00,A037-ENG,Engine,79.68,3.38,71.995,53.168,1773.321,145.991,23.566,79.187,297,61.831,31.542,0,1
A037,09-01-2025 12:00,A037-ENG,Engine,82.314,3.362,69.467,57.504,1820.354,141.613,22.504,82.462,413,81.698,37.702,1,1
A037,09-01-2025 18:00,A037-ENG,Engine,81.531,3.97,71.279,57.865,1801.555,138.33,23.575,81.46,603,77.954,38.489,1,0
A037,09-01-2025 19:00,A037-ENG,Engine,82.272,3.503,74.556,50.426,1917.798,149.245,23.01,81.628,710,62.48,30.293,0,0
A037,10-01-2025 00:00,A037-ENG,Engine,75.866,4.161,75.307,51.03,1865.918,150.924,23.623,78.366,577,72.89,19.86,0,0
A037,10-01-2025 06:00,A037-ENG,Engine,79.951,3.765,72.046,51.836,1821.829,139.081,23.499,82.743,393,72.22,36.423,1,0
A037,10-01-2025 08:00,A037-ENG,Engine,82.143,3.107,70.291,53.392,1842.107,142.896,23.755,81.347,565,68.911,30.342,0,0
A037,10-01-2025 09:00,A037-ENG,Engine,77.332,3.246,68.879,50.782,1670.542,148.127,22.554,75.89,691,59.287,28.436,0,1
A037,10-01-2025 12:00,A037-ENG,Engine,79.899,3.308,73.367,52.522,1648.452,144.442,24.011,82.928,593,74.231,42.908,0,0
A037,10-01-2025 15:00,A037-ENG,Engine,83.35,3.412,73.038,54.744,1827.423,145.207,22.651,79.437,552,70.191,34.628,1,0
A037,10-01-2025 17:00,A037-ENG,Engine,83.371,3.347,70.517,53.109,1802.602,147.718,23.947,78.634,387,60.452,28.278,0,0
A037,11-01-2025 00:00,A037-ENG,Engine,98.332,6.011,64.442,51.353,1830.973,128.161,23.689,77.469,371,62.99,26.442,1,1
A037,11-01-2025 04:00,A037-ENG,Engine,79.512,3.317,78.345,51.208,1819.734,151.565,23.089,81.346,687,66.809,38.505,0,0
A037,11-01-2025 07:00,A037-ENG,Engine,81.635,3.345,75.53,52.647,1829.511,144.618,22.742,80.989,655,79.452,31.714,1,0
A037,11-01-2025 14:00,A037-ENG,Engine,92.055,6.593,69.438,52.798,1873.279,129.372,23.217,81.152,575,74.2,26.605,1,0
A037,11-01-2025 16:00,A037-ENG,Engine,82.321,3.413,78.117,55.303,2020.189,146.556,23.443,83.181,633,70.125,40.157,1,1
A037,11-01-2025 17:00,A037-ENG,Engine,80.622,3.485,78.22,54.793,1961.885,150.176,22.938,80.168,508,63.366,31.397,0,1
A037,11-01-2025 20:00,A037-ENG,Engine,80.696,3.461,69.334,52.842,1755.883,144.775,23.852,80.029,484,68.655,24.277,1,0
A037,12-01-2025 05:00,A037-ENG,Engine,79.105,3.15,72.667,51.349,1731.207,146.884,22.939,81.748,603,69.244,23.913,0,1
A037,12-01-2025 06:00,A037-ENG,Engine,87.438,3.264,69.626,50.093,1621.478,147.742,23.111,82.216,591,67.724,26.32,1,0
A037,12-01-2025 07:00,A037-ENG,Engine,83.826,3.53,73.714,55.295,1884.169,147.458,24.008,80.945,597,62.034,36.477,1,0
A037,12-01-2025 08:00,A037-ENG,Engine,78.419,3.583,71.886,51.209,1683.484,146.535,23.229,81.426,585,74.535,27.623,1,0
A037,12-01-2025 10:00,A037-ENG,Engine,75.99,3.388,70.041,56.031,1831.736,147.281,22.955,81.268,545,72.149,24.604,1,0
A037,12-01-2025 13:00,A037-ENG,Engine,87.349,5.615,62.252,53.146,1726.417,131.779,23.568,83.817,601,69.307,37.975,1,1
A037,12-01-2025 14:00,A037-ENG,Engine,78.746,2.935,69.828,56.056,1832.974,145.276,23.269,84.467,500,80.43,26.958,1,0
A037,12-01-2025 16:00,A037-ENG,Engine,83.564,4.548,77.62,49.071,1879.942,145.073,23.276,84.032,504,56.749,30.478,1,1
A037,12-01-2025 22:00,A037-ENG,Engine,81.193,3.426,70.623,52.088,1842.742,147.497,23.448,83.241,619,74.197,27.707,1,1
A037,13-01-2025 00:00,A037-ENG,Engine,81.278,4.152,71.89,52.187,1727.833,141.299,23.326,82.158,471,85.186,23.195,1,0
A037,13-01-2025 02:00,A037-ENG,Engine,80.65,3.739,71.268,52.601,1811.344,148.354,22.817,83.549,441,73.679,37.422,1,0
A037,13-01-2025 03:00,A037-ENG,Engine,81.837,3.867,67.459,54.348,1797.62,150.383,23.169,81.752,728,70.781,34.506,1,1
A037,13-01-2025 07:00,A037-ENG,Engine,79.087,3.119,67.937,53.135,1688.31,146.849,23.135,81.045,597,78.73,33.43,1,1
A037,13-01-2025 09:00,A037-ENG,Engine,93.6,7.167,64.845,51.301,1685.606,141.397,22.845,81.64,563,70.14,26.54,1,1
A037,13-01-2025 11:00,A037-ENG,Engine,97.786,6.119,64.672,52.533,1902.689,136.881,23.105,84.697,753,67.982,30.176,1,1
A037,14-01-2025 02:00,A037-ENG,Engine,84.344,3.482,67.338,53.059,1708.33,145.693,23.121,85.249,563,69.877,29.017,1,0
A037,14-01-2025 03:00,A037-ENG,Engine,79.675,3.568,70.212,55.708,1730.799,150.007,23.666,80.504,481,69.928,35.368,1,1
A037,14-01-2025 04:00,A037-ENG,Engine,78.749,3.876,67.599,52.756,1779.85,142.724,22.734,84.948,468,83.486,21.503,1,1
A037,14-01-2025 08:00,A037-ENG,Engine,86.814,4.131,65.049,52.13,1765.516,147.012,22.695,85.236,570,64.037,22.05,1,1
A037,14-01-2025 14:00,A037-ENG,Engine,80.288,3.597,65.871,51.423,1590.816,147.856,23.435,80.714,824,67.672,23.82,1,1
A037,14-01-2025 15:00,A037-ENG,Engine,84.483,4.053,69.926,53.565,1955.783,151.814,23.235,84.841,522,75.204,29.161,1,1
A037,14-01-2025 20:00,A037-ENG,Engine,83.514,3.538,71.657,51.627,1927.1,140.317,23.32,84.628,807,86.001,41.837,1,1
A037,15-01-2025 00:00,A037-ENG,Engine,84.58,4.01,69.612,51.78,1864.859,154.574,23.487,84.473,702,64.557,35.173,1,1
A037,15-01-2025 07:00,A037-ENG,Engine,84.963,3.589,68.798,52.796,1708.621,149.81,23.024,83.731,811,79.307,33.007,1,0
A037,15-01-2025 11:00,A037-ENG,Engine,84.174,3.428,68.51,49.778,1787.282,152.174,22.759,85.12,617,71.303,34.01,1,1
A037,15-01-2025 15:00,A037-ENG,Engine,84.735,3.749,67.047,48.66,1640.548,150.192,22.996,81.582,481,64.685,25.621,1,0
A037,15-01-2025 18:00,A037-ENG,Engine,80.928,4.03,72.763,54.34,1957.657,146.891,22.96,86.087,829,84.039,35.567,1,1
A037,15-01-2025 20:00,A037-ENG,Engine,82.519,3.548,68.328,51.234,1732.986,143.985,22.825,80.492,560,75.675,22.246,1,0
A037,16-01-2025 04:00,A037-ENG,Engine,84.034,3.795,71.281,50.05,1665.573,142.106,22.625,82.311,467,67.987,32.055,1,1
A037,16-01-2025 06:00,A037-ENG,Engine,86.363,3.981,72.616,53.673,1813.582,145.821,22.934,82.712,592,94.199,27.047,1,0
A037,16-01-2025 07:00,A037-ENG,Engine,84.162,4.348,70.807,52.447,1942.352,139.105,23.117,80.434,737,73.861,30.466,1,1
A037,16-01-2025 08:00,A037-ENG,Engine,82.597,3.71,70.875,54.313,2054.522,142.739,22.599,82.7,542,91.388,26.264,1,1
A037,16-01-2025 13:00,A037-ENG,Engine,83.229,4.499,66.755,50.166,1817.392,143.083,22.637,80.948,708,62.373,30.656,1,1
A037,16-01-2025 15:00,A037-ENG,Engine,86.383,4.368,69.358,50.599,1836.151,142.88,23.154,84.993,656,90.63,32.43,1,1
A037,16-01-2025 19:00,A037-ENG,Engine,82.23,3.825,69.538,54.926,1776.19,143.382,22.552,85.596,707,73.425,23.375,1,1
A037,17-01-2025 02:00,A037-ENG,Engine,84.552,3.532,70.759,50.946,1749.097,147.896,23.118,87.137,704,77.779,26.226,1,1
A037,17-01-2025 04:00,A037-ENG,Engine,90.521,4.552,72.179,52.302,1732.498,145.714,22.881,87.133,781,72.597,33.498,1,1
A037,17-01-2025 05:00,A037-ENG,Engine,85.608,4.389,63.493,51.425,1683.104,145.158,23.223,84.911,648,77.316,29.228,1,1
A038,01-01-2025 00:00,A038-ENG,Engine,72.554,2.773,73.704,52.897,1890.575,150.624,23.716,75.397,187,70.97,39.719,0,0
A038,01-01-2025 01:00,A038-ENG,Engine,73.544,3.326,76.316,53.475,1734.377,149.03,24.199,75.594,427,51.749,20.221,0,0
A038,01-01-2025 03:00,A038-ENG,Engine,76.156,3.004,76.255,55.533,1729.778,148.885,24.301,74.879,288,70.601,23.081,0,1
A038,01-01-2025 07:00,A038-ENG,Engine,73.015,2.052,73.512,57.856,1848.865,148.506,23.981,75.76,462,59.634,34.018,0,0
A038,01-01-2025 10:00,A038-ENG,Engine,80.568,2.86,75.679,54.272,1802.117,153.54,24.296,77.877,409,52.53,29.575,0,0
A038,01-01-2025 12:00,A038-ENG,Engine,72.694,2.228,76.843,52.225,1928.91,151.258,24.365,74.98,499,72.949,39.054,0,0
A038,01-01-2025 18:00,A038-ENG,Engine,77.416,2.998,72.805,52.463,1809.008,154.54,23.955,76.707,334,50.174,25.904,0,0
A038,02-01-2025 01:00,A038-ENG,Engine,77.242,2.566,72.439,55.461,1801.875,145.165,23.673,79.503,146,63.981,35.901,0,1
A038,02-01-2025 02:00,A038-ENG,Engine,74.032,2.568,73.985,57.483,1826.217,143.984,24.282,75.15,230,51.682,25.388,0,0
A038,02-01-2025 05:00,A038-ENG,Engine,77.233,2.794,82.545,50.775,1816.704,151.235,24.139,72.758,401,62.576,27.756,0,0
A038,02-01-2025 09:00,A038-ENG,Engine,74.799,2.841,73.739,55.223,1804.253,155.479,24.275,73.367,482,54.373,37.971,0,0
A038,02-01-2025 18:00,A038-ENG,Engine,76.668,2.51,72.661,56.613,1875.62,147.982,23.628,75.86,284,61.799,24.361,0,0
A038,03-01-2025 12:00,A038-ENG,Engine,74.398,3.496,77.994,49.944,1885.726,154.961,23.529,79.617,430,55.65,27.521,0,0
A038,03-01-2025 13:00,A038-ENG,Engine,75.145,2.462,74.372,56.382,1686.323,149.124,23.788,75.208,511,64.978,32.186,0,0
A038,03-01-2025 15:00,A038-ENG,Engine,71.919,2.965,76.668,55.008,1751.024,144.763,23.721,74.037,266,75.744,19.509,0,0
A038,03-01-2025 18:00,A038-ENG,Engine,73.964,3.546,70.946,51.658,1670.488,154.958,23.489,78.767,177,64.356,33.032,0,1
A038,03-01-2025 20:00,A038-ENG,Engine,78.24,2.676,69.749,53.281,1803.756,148.794,23.786,76.639,424,64.547,27.311,0,0
A038,03-01-2025 21:00,A038-ENG,Engine,78.285,3.055,73.843,53.157,1751.418,154.498,23.456,78.283,333,57.82,26.628,0,0
A038,03-01-2025 23:00,A038-ENG,Engine,71.698,3.29,75.386,56.952,1775.143,149.222,23.531,79.272,545,60.83,29.227,0,0
A038,04-01-2025 09:00,A038-ENG,Engine,79.948,3.036,73.279,51.922,1859.773,150.587,23.458,76.726,267,68.221,25.002,0,0
A038,04-01-2025 11:00,A038-ENG,Engine,79.511,3.062,73.78,53.483,1815.32,140.89,23.711,77.809,493,61.814,23.906,0,0
A038,04-01-2025 12:00,A038-ENG,Engine,78.841,3.264,75.613,55.446,1913.407,149.639,23.54,80.445,573,56.565,23.745,0,1
A038,04-01-2025 15:00,A038-ENG,Engine,75.909,3.07,73.04,53.547,1844.809,146.863,23.819,74.404,475,66.043,28.284,0,1
A038,04-01-2025 19:00,A038-ENG,Engine,87.045,5.354,62.769,58.02,1546.447,134.353,23.713,75.239,309,63.438,21.866,1,1
A038,04-01-2025 20:00,A038-ENG,Engine,83.402,5.85,63.384,53.371,1722.025,138.252,23.32,76.169,426,71.321,34.607,1,1
A038,05-01-2025 00:00,A038-ENG,Engine,79.476,3.667,75.482,57.665,1799.523,153.68,23.476,81.177,562,65.465,30.947,0,1
A038,05-01-2025 09:00,A038-ENG,Engine,77.446,2.96,76.397,50.879,1736.461,146.659,23.669,77.436,348,62.105,30.309,0,1
A038,05-01-2025 21:00,A038-ENG,Engine,79.289,3.548,74.248,51.279,1718.648,150.417,23.71,80.444,507,80.577,31.788,0,0
A038,05-01-2025 23:00,A038-ENG,Engine,79.609,3.564,73.157,55.17,1790.011,147.355,23.408,75.31,412,59.894,35.04,0,0
A038,06-01-2025 01:00,A038-ENG,Engine,78.896,3.141,72.39,56.27,1809.339,151.952,23.359,80.589,469,65.87,20.995,0,1
A038,06-01-2025 21:00,A038-ENG,Engine,80.747,3.126,75.657,51.202,1590.196,146.838,23.811,77.066,528,52.8,29.392,0,0
A038,07-01-2025 05:00,A038-ENG,Engine,79.329,3.381,70.463,54.617,1778.671,149.526,23.781,80.913,256,78.508,29.703,0,0
A038,07-01-2025 06:00,A038-ENG,Engine,79.02,2.969,72.967,52.853,1756.283,145.403,23.734,78.622,304,75.522,23.369,0,1
A038,07-01-2025 08:00,A038-ENG,Engine,79.76,3.021,72.782,56.654,1882.322,154.433,23.913,78.4,497,80.828,32.186,0,0
A038,07-01-2025 12:00,A038-ENG,Engine,79.116,3.556,69.365,52.942,1899.945,144.039,23.61,79.821,364,62.343,34.108,0,0
A038,07-01-2025 15:00,A038-ENG,Engine,91.168,6.853,57.956,56.161,1833.417,128.516,23.529,81.887,637,70.289,26.85,1,1
A038,07-01-2025 16:00,A038-ENG,Engine,80.545,3.26,74.061,50.959,1869.586,142.088,23.326,77.301,396,58.775,33.83,0,0
A038,07-01-2025 22:00,A038-ENG,Engine,77.5,3.151,75.92,52.125,1733.42,141.877,23.204,76.775,448,60.737,31.115,0,0
A038,08-01-2025 00:00,A038-ENG,Engine,81.641,2.893,75.354,52.897,1860.45,150.142,23.224,80.831,283,73.824,29.253,0,0
A038,08-01-2025 03:00,A038-ENG,Engine,78.659,3.665,74.716,52.64,1759.734,146.154,23.448,78.236,393,73.147,34.892,0,0
A038,08-01-2025 08:00,A038-ENG,Engine,77.308,3.468,71.19,52.495,1738.579,144.533,23.885,78.816,392,75.284,33.807,0,0
A038,08-01-2025 13:00,A038-ENG,Engine,81.192,3.557,75.617,51.403,1901.402,146.54,23.667,82.951,326,57.667,34.25,0,0
A038,08-01-2025 18:00,A038-ENG,Engine,96.614,5.999,56.731,54.2,1863.794,131.35,23.564,79.977,313,83.064,29.179,1,1
A038,08-01-2025 22:00,A038-ENG,Engine,84.065,3.035,70.829,52.023,1765.093,147.882,23.583,82.434,355,60.403,32.661,0,0
A038,09-01-2025 03:00,A038-ENG,Engine,80.987,3.377,70.281,54.677,1693.159,150.492,23.92,77.101,474,73.112,24.404,1,0
A038,09-01-2025 04:00,A038-ENG,Engine,85.022,7.065,67.145,50.996,1705.317,136.252,24.191,82.175,303,75.4,28.673,1,1
A038,09-01-2025 06:00,A038-ENG,Engine,76.927,3.328,73.909,53.434,1792.27,149.225,23.452,82.305,429,75.724,36.452,0,1
A038,09-01-2025 15:00,A038-ENG,Engine,82.582,3.359,77.958,52.751,1815.862,148.651,24.379,77.831,501,64.94,39.133,0,0
A038,09-01-2025 17:00,A038-ENG,Engine,78.714,3.526,67.683,50.582,1858.391,150.437,22.507,80.379,667,77.158,41.213,1,0
A038,10-01-2025 00:00,A038-ENG,Engine,78.087,3.509,72.113,53.605,1854.061,147.928,23.274,82.142,609,61.416,34.856,0,0
A038,10-01-2025 06:00,A038-ENG,Engine,84.041,4.17,72.774,52.119,1761.442,143.781,23.699,79.023,696,77.598,31.306,1,0
A038,10-01-2025 12:00,A038-ENG,Engine,81.738,3.112,71.371,51.647,1573.317,147.37,23.271,80.178,353,71.515,31.783,1,1
A038,10-01-2025 19:00,A038-ENG,Engine,79.779,3.516,71.531,55.502,1930.334,144.908,23.194,78.9,643,74.579,28.747,1,0
A038,10-01-2025 20:00,A038-ENG,Engine,77.344,3.507,72.556,56.521,1913.504,155.282,23.6,82.499,446,79.969,24.889,1,1
A038,11-01-2025 00:00,A038-ENG,Engine,83.081,3.61,66.696,54.534,1844.738,136.572,23.616,82.043,598,74.836,27.101,1,1
A038,11-01-2025 02:00,A038-ENG,Engine,100.8,4.759,56.658,51.192,1705.513,137.35,23.567,83.181,357,80.641,32.231,1,0
A038,11-01-2025 17:00,A038-ENG,Engine,80.282,3.359,71.407,51.277,1874.381,136.843,23.021,82.886,486,73.194,35.285,1,1
A038,11-01-2025 23:00,A038-ENG,Engine,80.54,3.821,70.676,50.293,1799.373,143.41,22.733,79.37,748,75.087,29.772,1,0
A038,12-01-2025 00:00,A038-ENG,Engine,82.294,3.514,71.653,53.375,1939.007,148.578,23.263,83.702,472,71.454,36.385,1,1
A038,12-01-2025 05:00,A038-ENG,Engine,80.213,3.154,68.567,53.599,1765.051,150.428,23.463,82.001,590,77.835,25.476,1,0
A038,12-01-2025 09:00,A038-ENG,Engine,82.102,2.687,72.608,50.346,1728.809,147.789,23.618,80.57,641,75.068,26.271,1,0
A038,12-01-2025 16:00,A038-ENG,Engine,92.485,7.569,61.245,52.486,1944.472,130.504,23.3,86.194,570,73.338,34.524,1,1
A038,12-01-2025 19:00,A038-ENG,Engine,80.481,3.82,71.404,55.1,1924.357,140.959,23.157,80.48,712,75.764,24.697,1,0
A038,12-01-2025 20:00,A038-ENG,Engine,97.778,7.716,62.765,53.399,1707.178,129.82,22.66,82.213,579,86.257,27.903,1,1
A038,12-01-2025 23:00,A038-ENG,Engine,80.64,3.693,75.977,52.435,1840.302,151.561,22.818,82.871,668,70.587,35.712,1,1
A038,13-01-2025 01:00,A038-ENG,Engine,83.649,4.388,70.933,53.676,1735.374,143.139,23.283,81.58,719,86.68,37.876,1,0
A038,13-01-2025 02:00,A038-ENG,Engine,84.441,3.509,71.797,51.377,1725.588,142.77,23.52,84.553,753,58.815,32.418,1,0
A038,13-01-2025 03:00,A038-ENG,Engine,89.399,6.894,64.752,53.978,1662.932,137.661,23.23,83.178,654,66.845,31.284,1,0
A038,13-01-2025 08:00,A038-ENG,Engine,81.565,3.314,71.998,48.154,1780.05,145.464,22.865,86.422,642,79.115,25.398,1,0
A038,13-01-2025 09:00,A038-ENG,Engine,82.878,3.657,75.069,53.992,1775.717,141.557,23.101,80.515,524,76.974,30.045,1,1
A038,13-01-2025 13:00,A038-ENG,Engine,77.542,3.508,68.306,49.747,1759.793,145.182,23.286,79.856,738,87.718,23.66,1,1
A038,13-01-2025 16:00,A038-ENG,Engine,83.189,3.831,69.961,54.024,1824.787,142.999,23.029,84.728,578,79.306,29.219,1,0
A038,13-01-2025 17:00,A038-ENG,Engine,81.213,3.592,64.611,50.9,1685.843,141.775,23.259,81.725,765,67.726,33.146,1,0
A038,13-01-2025 19:00,A038-ENG,Engine,80.042,3.245,71.28,51.948,1751.535,141.903,23.099,80.053,699,86.063,24.342,1,1
A038,13-01-2025 21:00,A038-ENG,Engine,83.14,4.076,70.54,51.157,1719.919,143.525,22.991,80.254,474,74.15,32.449,1,1
A038,14-01-2025 04:00,A038-ENG,Engine,85.476,3.788,69.511,52.665,1817.351,143.103,23.132,83.05,631,74.971,27.837,1,0
A038,14-01-2025 06:00,A038-ENG,Engine,83.265,3.715,64.458,50.745,1874.666,144.919,22.919,84.925,722,80.862,23.061,1,0
A038,14-01-2025 09:00,A038-ENG,Engine,105.51,6.14,55.027,52.052,1890.468,126.983,22.411,80.677,619,86.961,29.983,1,1
A038,14-01-2025 10:00,A038-ENG,Engine,85.264,3.505,68.498,52.236,1728.677,146.47,22.656,79.875,440,72.999,36.254,1,0
A038,14-01-2025 13:00,A038-ENG,Engine,83.918,3.844,67.332,52.132,1993.229,151.124,23.151,86.719,497,73.64,27.758,1,1
A038,14-01-2025 14:00,A038-ENG,Engine,82.623,4.065,69.346,48.658,1809.168,135.076,22.485,81.619,563,78.804,30.265,1,1
A038,14-01-2025 20:00,A038-ENG,Engine,80.611,3.841,70.695,52.466,1828.836,151.811,22.897,83.525,735,89.542,32.547,1,1
A038,14-01-2025 22:00,A038-ENG,Engine,83.079,4.489,67.903,50.015,1731.8,147.121,23.083,84.093,536,88.035,37.264,1,0
A038,15-01-2025 02:00,A038-ENG,Engine,82.743,4.337,72.457,52.823,1701.502,153.523,22.64,84.525,581,87.091,25.27,1,1
A038,15-01-2025 07:00,A038-ENG,Engine,86.541,3.82,71.299,57.393,1810.835,148.272,22.938,85.347,566,78.104,19.352,1,1
A038,15-01-2025 11:00,A038-ENG,Engine,86.729,4.41,65.466,50.236,1820.228,143.435,23.01,84.856,614,83.891,20.819,1,1
A038,15-01-2025 12:00,A038-ENG,Engine,87.606,4.242,70.941,53.498,1752.597,146.281,23.841,84.012,461,72.658,28.656,1,1
A038,15-01-2025 15:00,A038-ENG,Engine,82.281,3.967,70.781,52.706,1771.422,148.94,22.821,83.537,709,73.051,29.029,1,1
A038,15-01-2025 20:00,A038-ENG,Engine,90.819,3.912,70.805,54.362,1904.768,150.959,22.95,83.958,509,89.073,27.45,1,1
A038,15-01-2025 22:00,A038-ENG,Engine,83.338,4.205,70.659,49.598,1862.622,142.309,22.108,84.637,556,79.988,31.767,1,1
A038,16-01-2025 07:00,A038-ENG,Engine,85.791,4.635,67.136,49.589,1794.038,149.56,22.338,83.633,469,74.135,36.401,1,1
A038,16-01-2025 08:00,A038-ENG,Engine,85.104,4.162,64.315,53.668,1946.115,150.56,23.062,86.284,777,80.155,25.948,1,0
A038,16-01-2025 18:00,A038-ENG,Engine,90.823,4.279,67.984,53.518,1745.879,151.523,23.106,84.482,596,88.883,36.66,1,1
A038,17-01-2025 02:00,A038-ENG,Engine,87.1,4.113,68.754,51.916,1667.173,143.892,23.323,85.436,810,66.327,35.675,1,0
A038,17-01-2025 12:00,A038-ENG,Engine,88.762,3.561,66.777,51.013,1879.221,150.46,23.006,86.311,545,89.668,28.12,1,1
A038,17-01-2025 13:00,A038-ENG,Engine,81.272,3.367,69.217,54.052,1656.711,139.592,23.552,84.552,789,80.106,31.316,1,0
A038,17-01-2025 14:00,A038-ENG,Engine,101.044,8.572,54.635,52.235,1774.096,145.807,22.637,84.571,534,77.011,24.677,1,1
A039,01-01-2025 01:00,A039-ENG,Engine,84.071,6.072,70.903,49.763,1922.715,138.183,23.941,75.792,178,45.397,29.743,1,1
A039,01-01-2025 02:00,A039-ENG,Engine,72.388,2.321,74.343,56.667,1778.759,158.861,24.264,76.458,461,58.547,41.682,0,0
A039,01-01-2025 05:00,A039-ENG,Engine,76.157,2.51,79.288,53.238,1661.439,145.598,24.146,75.14,410,57.685,30.991,0,0
A039,01-01-2025 20:00,A039-ENG,Engine,75.491,2.675,77.46,51.567,1723.774,149.438,24.452,72.588,394,53.568,20.306,0,0
A039,02-01-2025 00:00,A039-ENG,Engine,72.497,3.29,74.294,55.36,1771.249,149.373,23.76,74.638,162,42.812,32.511,0,0
A039,02-01-2025 01:00,A039-ENG,Engine,70.485,2.38,74.8,54.807,1799.84,149.005,24.511,76.95,427,43.249,31.009,0,0
A039,02-01-2025 04:00,A039-ENG,Engine,75.149,2.262,80.091,54.317,1806.768,151.314,24.278,76.877,291,56.687,28.808,0,0
A039,02-01-2025 05:00,A039-ENG,Engine,72.557,2.723,75.281,56.87,1924.178,155.024,24.277,76.504,461,64.986,31.082,0,0
A039,02-01-2025 07:00,A039-ENG,Engine,77.016,2.375,75.042,54.536,1866.971,145.482,24.368,74.884,154,50.698,32.351,0,0
A039,03-01-2025 02:00,A039-ENG,Engine,75.821,2.335,79.299,54.448,1747.751,153.157,23.428,76.275,352,54.06,29.073,0,0
A039,03-01-2025 06:00,A039-ENG,Engine,70.271,3.213,77.006,52.93,1770.25,142.289,23.69,78.897,382,41.613,23.103,0,0
A039,03-01-2025 13:00,A039-ENG,Engine,84.783,4.285,67.081,54.316,1867.399,130.618,23.268,79.636,403,49.819,28.577,1,0
A039,03-01-2025 15:00,A039-ENG,Engine,79.536,2.651,74.269,53.399,1929.988,149.54,23.739,73.573,285,38.539,33.662,0,0
A039,03-01-2025 17:00,A039-ENG,Engine,72.392,2.843,73.823,56.839,1891.988,154.825,23.738,74.102,166,58.616,33.552,0,0
A039,03-01-2025 18:00,A039-ENG,Engine,78.556,2.882,76.283,52.3,1860.35,145.655,24.599,79.501,501,51.142,32.163,0,0
A039,03-01-2025 21:00,A039-ENG,Engine,75.279,2.446,76.528,54.894,1821.454,146.872,24.235,73.494,174,66.185,30.588,0,1
A039,04-01-2025 04:00,A039-ENG,Engine,77.02,2.664,76.41,53.625,1846.553,147.33,23.682,82.45,402,59.264,27.968,0,0
A039,04-01-2025 09:00,A039-ENG,Engine,74.46,3.325,73.772,54.969,1857.341,141.137,24.03,75.641,190,50.741,31.782,0,0
A039,05-01-2025 01:00,A039-ENG,Engine,76.51,2.866,77.614,55.713,1779.905,156.993,23.821,78.09,416,38.647,28.141,0,0
A039,05-01-2025 02:00,A039-ENG,Engine,75.878,3.081,78.192,54.715,1877.521,148.712,24.229,77.833,389,66.844,33.944,0,0
A039,05-01-2025 04:00,A039-ENG,Engine,77.208,2.915,75.778,54.638,1715.325,145.637,24.272,76.961,367,62.763,33.207,0,0
A039,05-01-2025 09:00,A039-ENG,Engine,79.292,2.282,75.885,54.925,1894.143,144.116,23.449,78.567,296,66.759,30.392,0,0
A039,05-01-2025 12:00,A039-ENG,Engine,75.144,2.744,74.685,55.217,1891.559,142.304,23.832,80.72,462,66.206,30.233,0,1
A039,05-01-2025 14:00,A039-ENG,Engine,72.111,2.416,74.379,54.174,1788.553,143.526,22.811,79.926,516,61.388,23.386,0,0
A039,05-01-2025 16:00,A039-ENG,Engine,74.462,3.306,74.67,52.467,1725.441,153.631,23.96,75.217,444,58.008,23.549,0,1
A039,05-01-2025 18:00,A039-ENG,Engine,74.854,2.741,74.623,54.65,1797.111,146.995,23.021,77.509,483,68.466,33.727,0,0
A039,06-01-2025 06:00,A039-ENG,Engine,73.96,3.449,74.965,52.095,1853.438,150.564,22.701,78.604,517,55.155,30.233,0,0
A039,06-01-2025 11:00,A039-ENG,Engine,73.132,2.745,73.332,54.717,1885.803,150.594,23.209,77.585,575,63.497,38.569,0,1
A039,06-01-2025 13:00,A039-ENG,Engine,76.098,2.492,75.531,51.958,1782.116,141.873,23.01,80.016,611,55.149,35.889,0,0
A039,06-01-2025 16:00,A039-ENG,Engine,74.545,3.276,74.962,55.579,1688.265,147.905,23.448,77.398,574,75.906,29.874,0,0
A039,06-01-2025 18:00,A039-ENG,Engine,75.064,3.055,73.113,54.727,1738.3,148.62,23.72,75.689,405,71.84,38.854,0,1
A039,06-01-2025 20:00,A039-ENG,Engine,76.649,2.372,75.929,58.721,1988.324,147.436,23.972,78.596,292,70.973,24.714,0,1
A039,06-01-2025 23:00,A039-ENG,Engine,75.606,2.877,79.273,54.818,1768.339,150.461,23.499,76.565,277,60.936,27.547,0,0
A039,07-01-2025 02:00,A039-ENG,Engine,75.877,3.643,76.246,52.166,1683.449,149.542,23.155,78.79,564,71.399,37.028,0,0
A039,07-01-2025 09:00,A039-ENG,Engine,77.628,2.9,74.459,56.742,1663.291,154.065,24.142,77.941,337,59.115,39.489,0,0
A039,07-01-2025 19:00,A039-ENG,Engine,77.295,2.902,75.175,50.492,1694.813,159.469,23.71,76.061,420,62.116,24.214,0,1
A039,07-01-2025 22:00,A039-ENG,Engine,81.225,2.512,72.734,53.213,1652.485,139.406,23.803,77.111,388,59.218,21.265,0,1
A039,08-01-2025 01:00,A039-ENG,Engine,77.554,3.288,73.676,52.062,1797.047,151.041,23.481,79.123,493,60.286,32.975,0,0
A039,08-01-2025 02:00,A039-ENG,Engine,75.035,2.974,73.418,55.38,1857.4,147.198,23.767,81.384,602,59.914,36.032,0,0
A039,08-01-2025 05:00,A039-ENG,Engine,82.515,3.44,74.151,55.248,1884.377,147.197,23.09,83.057,313,66.719,36.268,0,0
A039,08-01-2025 12:00,A039-ENG,Engine,77.791,3.192,74.025,52.748,1662.457,145.918,23.304,77.438,676,60.358,27.32,0,0
A039,09-01-2025 00:00,A039-ENG,Engine,71.154,3.002,72.51,52.76,1718.043,144.434,23.23,78.879,680,61.025,31.358,0,0
A039,09-01-2025 01:00,A039-ENG,Engine,81.585,3.222,72.001,54.406,1806.072,144.884,23.034,81.602,388,73.526,27.839,0,0
A039,09-01-2025 02:00,A039-ENG,Engine,78.504,2.578,73.068,54.054,1737.392,146.008,23.356,78.221,623,70.706,35.981,0,1
A039,09-01-2025 05:00,A039-ENG,Engine,79.177,3.672,72.087,53.083,1738.998,143.834,23.304,81.335,561,65.037,20.874,0,0
A039,09-01-2025 09:00,A039-ENG,Engine,78.42,3.003,73.582,50.903,1772.575,145.801,23.283,80.375,628,71.582,33.463,0,1
A039,09-01-2025 14:00,A039-ENG,Engine,78.032,3.196,71.005,52.584,1878.61,146.671,23.247,79.705,538,74.51,31.392,0,1
A039,09-01-2025 17:00,A039-ENG,Engine,78.038,3.025,76.221,52.739,1956.7,140.169,23.365,79.421,528,56.656,25.808,0,1
A039,09-01-2025 20:00,A039-ENG,Engine,76.481,3.321,70.451,55.108,1823.856,141.63,23.519,75.58,641,61.511,32.327,0,0
A039,10-01-2025 00:00,A039-ENG,Engine,80.392,2.824,72.153,50.491,1811.567,142.277,23.851,80.695,606,67.838,28.47,0,0
A039,10-01-2025 10:00,A039-ENG,Engine,82.038,3.446,70.547,59.289,1811.407,141.33,23.356,78.905,720,60.393,20.488,0,1
A039,10-01-2025 23:00,A039-ENG,Engine,78.219,3.621,72.28,55.595,1647.012,152.593,23.322,78.067,650,77.274,38.606,1,0
A039,11-01-2025 00:00,A039-ENG,Engine,81.185,3.966,70.757,49.266,1908.887,145.5,22.78,82.668,698,71.031,32.463,1,0
A039,11-01-2025 07:00,A039-ENG,Engine,77.529,3.594,73.098,53.083,1910.409,148.388,23.124,79.006,708,75.342,27.086,0,0
A039,11-01-2025 13:00,A039-ENG,Engine,80.107,3.181,70.367,54.336,1850.384,153.892,23.044,83.737,685,60.031,30.59,0,0
A039,11-01-2025 15:00,A039-ENG,Engine,78.375,3.513,71.972,52.644,1931.004,148.26,22.888,78.591,509,67.406,28.328,0,0
A039,12-01-2025 00:00,A039-ENG,Engine,81.359,3.833,73.512,52.123,1852.344,142.66,23.369,82.088,398,50.637,19.244,0,0
A039,12-01-2025 05:00,A039-ENG,Engine,82.01,3.403,72.412,49.608,1755.968,142.883,22.782,78.907,534,68.392,30.541,1,0
A039,12-01-2025 06:00,A039-ENG,Engine,80.403,3.948,71.346,52.202,1920.263,141.664,23.356,82.233,383,70.248,26.192,1,1
A039,12-01-2025 08:00,A039-ENG,Engine,80.277,4.108,71.373,52.337,1786.806,143.252,23.405,80.616,698,63.246,31.903,1,1
A039,12-01-2025 11:00,A039-ENG,Engine,77.182,3.788,71.347,54.181,1802.8,146.805,23.229,81.869,708,63.941,31.599,0,0
A039,12-01-2025 15:00,A039-ENG,Engine,80.498,3.266,71.826,51.52,1795.89,147.965,22.972,83.69,474,59.047,35.99,0,0
A039,12-01-2025 20:00,A039-ENG,Engine,85.336,3.842,72.3,54.069,1837.682,150.393,23.368,82.204,390,70.105,30.687,1,0
A039,13-01-2025 05:00,A039-ENG,Engine,78.261,3.328,75.475,52.327,1761.451,152.225,22.644,84.789,665,74.803,29.983,1,0
A039,13-01-2025 06:00,A039-ENG,Engine,79.14,3.265,72.925,51.823,1747.926,142.132,23.375,83.835,617,71.31,27.444,1,0
A039,13-01-2025 09:00,A039-ENG,Engine,79.767,3.679,68.44,52.613,1749.481,144.423,23.446,84.046,790,79.937,27.646,1,1
A039,13-01-2025 12:00,A039-ENG,Engine,79.069,3.372,74.4,52.428,1884.807,151.065,23.093,88.639,586,68.696,35.371,1,0
A039,13-01-2025 17:00,A039-ENG,Engine,81.083,3.76,73.39,52.237,1874.045,138.941,23.216,81.034,788,74.321,31.993,1,1
A039,13-01-2025 19:00,A039-ENG,Engine,84.404,3.761,70.328,53.27,1703.232,140.858,22.877,84.444,645,75.552,23.834,1,0
A039,13-01-2025 20:00,A039-ENG,Engine,78.262,4.11,71.909,52.715,1720.357,140.518,22.439,86.342,608,62.889,25.247,1,0
A039,14-01-2025 03:00,A039-ENG,Engine,82.723,3.287,69.569,50.916,1738.73,143.745,22.76,85.804,518,61.815,37.294,1,0
A039,14-01-2025 05:00,A039-ENG,Engine,82.698,3.726,67.724,59.223,1710.821,150.128,23.099,81.801,553,69.637,22.28,1,1
A039,14-01-2025 07:00,A039-ENG,Engine,97.496,7.57,59.202,51.495,1813.045,138.261,23.161,84.341,720,77.866,28.578,1,1
A039,14-01-2025 10:00,A039-ENG,Engine,84.406,3.477,72.63,53.491,1824.483,140.123,22.98,84.546,745,67.778,38.948,1,1
A039,14-01-2025 11:00,A039-ENG,Engine,80.121,3.57,73.524,55.896,1749.568,149.693,23.109,84.003,606,76.418,25.843,1,0
A039,14-01-2025 17:00,A039-ENG,Engine,83.547,3.637,68.483,51.091,1776.04,146.243,22.691,83.871,592,58.7,26.562,1,1
A039,14-01-2025 19:00,A039-ENG,Engine,84.656,3.477,72.507,50.037,1600.321,141.002,23.006,87.081,784,74.536,39.351,1,1
A039,14-01-2025 20:00,A039-ENG,Engine,82.819,3.96,71.583,53.309,1988.411,138.207,23.197,81.98,763,82.45,31.687,1,1
A039,15-01-2025 10:00,A039-ENG,Engine,85.222,4.399,67.374,53.832,1688.318,143.498,22.784,78.609,725,71.263,36.795,1,0
A039,15-01-2025 13:00,A039-ENG,Engine,80.816,3.377,71.015,55.13,1767.498,145.585,23.228,81.961,485,86.228,35.883,1,0
A039,15-01-2025 18:00,A039-ENG,Engine,83.526,3.687,70.105,51.259,1769.407,147.438,22.757,83.691,825,73.786,23.654,1,0
A039,15-01-2025 23:00,A039-ENG,Engine,83.673,3.776,69.421,53.758,1957.92,145.538,22.995,82.479,499,73.806,25.486,1,0
A039,16-01-2025 04:00,A039-ENG,Engine,85.834,4.03,71.656,52.648,1816.29,149.148,22.763,84.637,578,53.122,27.225,1,0
A039,16-01-2025 05:00,A039-ENG,Engine,85.819,4.103,69.226,52.06,1687.237,143.695,23.084,82.563,571,77.709,29.195,1,1
A039,16-01-2025 06:00,A039-ENG,Engine,85.658,3.536,71.693,51.967,1853.204,143.051,22.871,85.002,659,71.879,27.179,1,0
A039,16-01-2025 14:00,A039-ENG,Engine,84.652,3.633,71.051,52.735,1758.663,142.818,23.323,81.793,742,68.785,26.468,1,1
A039,16-01-2025 15:00,A039-ENG,Engine,92.465,5.642,61.511,54.861,1689.38,125.418,22.642,84.912,625,81.667,34.584,1,1
A039,16-01-2025 18:00,A039-ENG,Engine,85.842,3.892,70.156,51.298,1997.618,145.194,22.458,84.626,573,82.036,30.855,1,1
A039,16-01-2025 23:00,A039-ENG,Engine,97.698,6.249,64.046,49.665,1840.166,126.799,23.202,86.646,811,83.909,27.34,1,1
A039,17-01-2025 08:00,A039-ENG,Engine,85.462,3.819,70.978,51.211,1780.895,143.489,23.086,80.22,548,76.821,32.762,1,1
A039,17-01-2025 11:00,A039-ENG,Engine,84.045,4.349,69.649,53.474,1749.426,142.354,23.558,88.086,507,85.267,34.738,1,1
A039,17-01-2025 12:00,A039-ENG,Engine,89.901,4.184,66.368,52.898,1867.746,142.823,22.69,83.146,885,79.618,26.947,1,1
A039,17-01-2025 14:00,A039-ENG,Engine,85.795,4.065,67.763,53.128,1779.474,140.338,23.057,89.617,515,86.123,27.895,1,1
A040,01-01-2025 03:00,A040-ENG,Engine,71.175,1.636,81.484,53.917,1739.669,150.485,24.02,78.412,455,55.311,23.237,0,0
A040,01-01-2025 07:00,A040-ENG,Engine,72.045,1.61,84.02,54.286,1632.663,153.777,23.92,76.447,185,51.647,31.539,0,0
A040,01-01-2025 12:00,A040-ENG,Engine,70.915,1.4,78.48,54.828,1842.222,148.041,23.488,76.048,137,53.114,27.023,0,0
A040,01-01-2025 14:00,A040-ENG,Engine,73.745,2.046,77.449,54.551,1859.578,154.336,24.151,77.111,330,52.597,33.926,0,0
A040,01-01-2025 18:00,A040-ENG,Engine,72.85,2.465,81.815,55.317,1890.648,149.524,24.064,74.251,432,47.405,25.172,0,1
A040,01-01-2025 19:00,A040-ENG,Engine,67.385,2.117,78.014,55.683,1824.087,147.902,23.703,72.457,377,54.648,30.457,0,0
A040,01-01-2025 22:00,A040-ENG,Engine,70.248,2.262,84.576,55.543,1768.261,151.352,24.557,76.372,390,49.209,28.499,0,0
A040,02-01-2025 00:00,A040-ENG,Engine,70.825,2.135,83.983,55.478,1739.104,150.297,23.728,75.862,318,42.796,20.187,0,0
A040,02-01-2025 01:00,A040-ENG,Engine,73.337,2.05,79.651,57.803,1794.398,151.13,24.046,76.36,287,48.799,28.45,0,0
A040,02-01-2025 06:00,A040-ENG,Engine,68.272,2.3,78.644,56.239,1725.722,148.69,23.807,72.956,419,46.981,28.596,0,0
A040,02-01-2025 11:00,A040-ENG,Engine,69.072,2.262,78.76,52.77,1728.175,156.141,24.245,74.946,255,44.247,34.073,0,0
A040,03-01-2025 00:00,A040-ENG,Engine,75.269,1.787,79.372,54.721,1913.76,151.332,23.712,78.086,267,53.323,33.408,0,0
A040,03-01-2025 01:00,A040-ENG,Engine,71.764,2.62,86.701,54.629,1599.69,144.891,23.928,77.627,249,55.467,29.452,0,0
A040,03-01-2025 10:00,A040-ENG,Engine,76.769,2.198,76.474,54.563,1740.523,142.743,24.392,75.131,341,57.291,35.432,0,1
A040,03-01-2025 11:00,A040-ENG,Engine,75.903,2.612,82.933,52.007,1940.648,152.398,24.713,77.565,222,49.136,34.798,0,0
A040,03-01-2025 16:00,A040-ENG,Engine,70.169,2.484,79.276,53.544,1735.935,148.497,23.907,76.511,478,50.695,25.893,0,0
A040,03-01-2025 19:00,A040-ENG,Engine,69.704,2.523,79.643,54.673,1619.166,150.949,23.999,79.281,449,59.282,25.704,0,0
A040,04-01-2025 00:00,A040-ENG,Engine,69.091,2.164,77.512,54.286,1966.022,146.291,24.129,75.562,542,43.372,30.24,0,0
A040,04-01-2025 01:00,A040-ENG,Engine,73.886,2.379,78.042,49.744,1825.505,151.783,24.212,73.689,271,65.918,36.047,0,1
A040,04-01-2025 03:00,A040-ENG,Engine,72.301,2.401,76.645,54.215,1802.279,155.136,23.175,73.238,351,59.884,36.012,0,0
A040,04-01-2025 07:00,A040-ENG,Engine,75.405,1.993,79.952,49.047,1784.146,142.186,23.875,80.083,292,45.703,26.649,0,0
A040,04-01-2025 09:00,A040-ENG,Engine,69.798,2.474,78.061,54.338,1774.808,148.881,23.679,79.6,256,45.882,30.217,0,0
A040,04-01-2025 11:00,A040-ENG,Engine,71.403,2.204,78.309,53.065,1807.139,145.768,23.499,80.889,273,59.141,19.454,0,0
A040,04-01-2025 12:00,A040-ENG,Engine,70.306,1.854,78.914,54.771,1860.837,144.724,23.758,74.277,499,45.709,22.918,0,0
A040,04-01-2025 18:00,A040-ENG,Engine,73.019,2.598,76.539,52.92,1898.307,140.55,23.756,76.806,292,58.206,31.065,0,0
A040,04-01-2025 19:00,A040-ENG,Engine,71.748,3.069,73.071,53.776,1759.705,149.534,24.232,78.041,311,51.111,21.23,0,0
A040,05-01-2025 01:00,A040-ENG,Engine,69.676,2.16,77.45,53.126,1749.436,145.366,23.875,76.172,552,48.172,35.109,0,0
A040,05-01-2025 02:00,A040-ENG,Engine,75.029,2.68,75.818,53.558,1846.987,146.794,23.553,77.998,446,60.782,32.449,0,0
A040,05-01-2025 03:00,A040-ENG,Engine,71.972,2.288,73.994,54.54,1753.417,138.344,23.702,78.806,355,58.436,27.936,0,0
A040,05-01-2025 09:00,A040-ENG,Engine,74.011,2.034,76.876,49.312,1532.598,151.037,23.117,76.337,315,52.35,33.118,0,0
A040,05-01-2025 10:00,A040-ENG,Engine,71.826,2.442,79.745,52.9,1596.971,146.954,24.288,74.515,514,62.272,16.386,0,0
A040,05-01-2025 13:00,A040-ENG,Engine,75.293,2.349,80.478,52.034,1694.873,150.255,23.69,76.562,577,52.581,28.996,0,0
A040,05-01-2025 15:00,A040-ENG,Engine,83.551,5.769,62.384,53.372,1819.564,126.722,23.804,75.18,556,56.592,35.807,1,1
A040,05-01-2025 16:00,A040-ENG,Engine,77.801,2.745,81.152,53.492,1724.573,145.582,23.765,76.995,292,47.842,35.955,0,1
A040,05-01-2025 18:00,A040-ENG,Engine,73.371,2.673,75.228,54.429,1764.685,147.209,23.67,74.081,508,48.796,27.708,0,0
A040,05-01-2025 21:00,A040-ENG,Engine,73.888,2.583,79.099,53.897,1798.653,143.07,24.005,77.66,240,46.728,42.055,0,0
A040,06-01-2025 07:00,A040-ENG,Engine,71.266,2.709,75.968,53.656,1828.603,150.563,23.345,77.498,230,46.204,30.769,0,0
A040,06-01-2025 16:00,A040-ENG,Engine,74.532,1.912,79.453,55.559,1799.79,150.286,23.647,80.099,548,52.685,31.078,0,0
A040,06-01-2025 18:00,A040-ENG,Engine,75.275,2.537,81.695,53.326,1832.471,152.004,23.265,76.762,250,57.284,32.203,0,0
A040,06-01-2025 22:00,A040-ENG,Engine,70.755,3.036,81.678,53.694,1810.197,153.958,23.425,76.296,280,63.786,30.515,0,0
A040,07-01-2025 00:00,A040-ENG,Engine,73.534,2.377,75.035,53.872,1893.891,154.954,23.29,76.195,315,61.645,33.505,0,1
A040,07-01-2025 10:00,A040-ENG,Engine,78.063,2.603,75.313,53.531,1826.586,149.281,23.271,79.722,423,57.913,22.313,0,0
A040,08-01-2025 05:00,A040-ENG,Engine,75.12,2.989,76.639,56.371,1672.933,149.015,23.504,80.137,281,60.236,25.75,0,0
A040,08-01-2025 06:00,A040-ENG,Engine,73.349,2.332,82.625,54.3,1767.092,145.164,23.735,78.456,348,56.615,44.494,0,0
A040,08-01-2025 08:00,A040-ENG,Engine,75.705,3.372,76.931,55.294,1723.795,153.232,23.436,78.527,618,45.929,27.757,0,0
A040,08-01-2025 11:00,A040-ENG,Engine,72.233,2.6,76.259,51.236,1893.228,148.147,23.879,77.57,424,57.255,25.392,0,0
A040,08-01-2025 12:00,A040-ENG,Engine,75.229,2.398,75.719,56.517,1790.465,151.856,23.352,81.287,367,54.458,27.431,0,0
A040,08-01-2025 13:00,A040-ENG,Engine,73.258,2.992,72.475,53.226,1831.38,143.789,23.683,79.573,553,55.582,24.575,0,0
A040,08-01-2025 15:00,A040-ENG,Engine,75.692,1.904,75.797,53.511,1862.144,140.812,23.382,78.017,644,73.383,26.443,0,0
A040,08-01-2025 21:00,A040-ENG,Engine,71.988,2.449,76.505,53.412,1948.204,143.191,23.98,81.278,330,63.344,27.961,0,0
A040,09-01-2025 16:00,A040-ENG,Engine,76.177,2.697,75.609,53.001,1953.049,146.731,22.707,74.602,553,62.417,32.476,0,1
A040,09-01-2025 20:00,A040-ENG,Engine,78.946,2.755,76.521,55.13,1638.149,144.149,23.399,78.073,395,65.28,26.618,0,0
A040,10-01-2025 02:00,A040-ENG,Engine,78.215,2.975,69.824,56.89,1844.426,144.146,22.573,83.973,530,60.495,31.256,0,0
A040,10-01-2025 04:00,A040-ENG,Engine,76.625,3,76.27,53.475,1890.884,140.468,23.347,79.51,370,56.489,27.932,0,0
A040,10-01-2025 09:00,A040-ENG,Engine,94.618,5.612,63.345,55.458,1733.196,137.53,23.451,84.136,482,53.71,33.917,1,0
A040,10-01-2025 13:00,A040-ENG,Engine,73.579,3.111,76.794,51.563,1833.297,141.612,23.042,83.014,629,66.351,15.687,0,0
A040,10-01-2025 18:00,A040-ENG,Engine,71.945,2.659,76.278,53.871,1898.016,146.027,23.618,80.753,723,53.909,30.732,0,0
A040,10-01-2025 20:00,A040-ENG,Engine,78.542,2.851,75.868,53.603,1902.009,142.808,23.36,78.169,648,59.607,27.552,0,0
A040,10-01-2025 21:00,A040-ENG,Engine,76.347,2.804,70.288,56.852,1784.817,153.017,23.37,82.076,690,70.374,21.705,0,1
A040,11-01-2025 03:00,A040-ENG,Engine,94.98,6.069,72.183,51.24,1856.314,133.527,22.958,79.797,499,65.263,30.039,1,0
A040,11-01-2025 04:00,A040-ENG,Engine,75.494,2.718,74.638,54.941,1775.614,148.138,22.769,82.037,389,58.327,25.493,0,0
A040,11-01-2025 05:00,A040-ENG,Engine,78.879,2.771,75.421,53.121,1965.446,143.544,23.397,82.422,632,53.362,23.234,0,0
A040,11-01-2025 08:00,A040-ENG,Engine,78.447,3.029,75.483,49.588,1713.256,145.266,22.875,80.321,511,57.243,30.807,0,0
A040,11-01-2025 18:00,A040-ENG,Engine,89.088,4.967,69.765,53.559,1911.427,132.894,22.997,77.243,732,50.593,32.708,1,0
A040,11-01-2025 19:00,A040-ENG,Engine,78.026,2.394,74.608,53.683,1761.932,144.266,22.681,80.653,721,67.252,29.874,0,0
A040,12-01-2025 14:00,A040-ENG,Engine,80.092,3.126,75.855,53.508,1788.185,142.23,23.317,82.357,669,65.193,35.891,0,0
A040,12-01-2025 18:00,A040-ENG,Engine,85.399,6.278,64.826,54.768,1833.769,126.991,22.822,79.766,582,68.642,29.875,1,1
A040,12-01-2025 20:00,A040-ENG,Engine,76.605,3.436,74.156,55.903,1723.648,148.539,23.483,85.113,474,64.201,24.903,0,0
A040,12-01-2025 21:00,A040-ENG,Engine,83.11,3.202,73.424,53.745,1765.003,147.528,23.551,81.563,584,52.36,30.184,0,0
A040,13-01-2025 04:00,A040-ENG,Engine,79.014,3.098,72.611,51.973,1720.844,149.042,23.575,81.398,575,55.364,25.352,0,0
A040,13-01-2025 07:00,A040-ENG,Engine,82.455,3.202,72.644,53.695,1790.753,148.321,23.197,78.893,733,69.524,27.636,0,0
A040,13-01-2025 15:00,A040-ENG,Engine,80.843,2.703,72.786,51.646,1790.036,144.976,23.441,80.633,675,71.151,31.495,0,0
A040,14-01-2025 02:00,A040-ENG,Engine,80.766,3.411,69.498,53.56,1932.207,142.796,22.787,85.468,510,67.715,35.076,0,0
A040,14-01-2025 06:00,A040-ENG,Engine,73.124,2.916,74.818,48.725,1843.193,147.872,23.45,84.842,785,61.995,28.235,0,0
A040,14-01-2025 08:00,A040-ENG,Engine,85.443,2.881,75.413,55.003,1671.746,137.225,23.145,80.489,459,81.19,30.131,1,0
A040,14-01-2025 09:00,A040-ENG,Engine,77.702,3,72.18,52.605,1791.5,151.81,23.203,81.358,629,65.594,23.419,0,1
A040,14-01-2025 14:00,A040-ENG,Engine,78.903,3.353,71.68,49.546,1687.316,150.963,23.192,84.593,585,63.469,37.114,0,0
A040,14-01-2025 20:00,A040-ENG,Engine,83.139,2.846,72.556,51.029,1782.767,143.437,23.49,86.695,709,59.902,33.622,0,0
A040,14-01-2025 21:00,A040-ENG,Engine,81.211,3.209,73.64,51.824,1876.711,142.296,23.018,87.087,636,86.772,28.197,1,0
A040,15-01-2025 00:00,A040-ENG,Engine,79.741,3.461,71.879,53.29,1628.792,149.993,23.335,76.385,833,54.966,26.989,0,0
A040,15-01-2025 03:00,A040-ENG,Engine,82.91,4.018,71.631,47.335,1746.629,146.983,22.861,85.776,456,71.94,31.565,1,1
A040,15-01-2025 05:00,A040-ENG,Engine,81.986,3.35,70.956,50.692,1806.347,140.954,23.318,81.612,706,73.068,29.564,1,1
A040,15-01-2025 13:00,A040-ENG,Engine,78.184,3.481,72.585,48.849,1786.234,143.913,22.789,78.976,752,74.036,30.8,1,1
A040,15-01-2025 14:00,A040-ENG,Engine,79.177,3.432,70.687,50.36,1634,143.946,22.475,82.807,649,54.039,18.735,0,0
A040,15-01-2025 18:00,A040-ENG,Engine,77.248,3.049,70.591,47.985,1873.481,145.91,22.86,82.999,723,63.07,26.299,0,0
A040,15-01-2025 19:00,A040-ENG,Engine,81.649,2.811,71.26,52.094,1516.852,149.158,22.764,85.312,764,57.077,33.356,0,1
A040,15-01-2025 22:00,A040-ENG,Engine,83.241,3.463,70.839,50.435,1776.51,150.024,23.231,82.943,774,67.035,33.924,1,0
A040,16-01-2025 03:00,A040-ENG,Engine,84.424,3.101,74.068,54.216,1842.456,146.078,22.778,83.7,497,62.837,30.828,0,1
A040,16-01-2025 05:00,A040-ENG,Engine,84.985,4.135,77.685,53.604,1766.108,148.954,22.879,87.723,541,70.589,32.143,1,0
A040,16-01-2025 17:00,A040-ENG,Engine,79.952,2.851,73.04,51.095,1800.349,143.637,22.785,85.233,561,77.344,36.865,1,0
A040,16-01-2025 18:00,A040-ENG,Engine,83.969,3.588,70.427,52.19,1913.541,144.238,22.868,84.741,681,57.873,31.499,1,1
A040,16-01-2025 20:00,A040-ENG,Engine,81.021,3.595,73.144,48.427,1871.382,148.135,22.308,84.718,768,75.941,24.055,1,1
A040,16-01-2025 21:00,A040-ENG,Engine,83.41,3.663,67.354,50.811,1805.608,149.34,23.134,85.9,558,79.694,33.142,1,1
A040,17-01-2025 01:00,A040-ENG,Engine,91.785,6.814,60.149,50.278,1793.803,132.583,23.081,83.961,735,48.215,33.183,1,1
A040,17-01-2025 03:00,A040-ENG,Engine,79.552,4.146,70.522,48.402,1760.882,146.844,23.369,82.694,779,71.704,33.368,1,0
A040,17-01-2025 05:00,A040-ENG,Engine,80.005,3.562,64.99,54.844,1864.942,150.74,22.61,86.489,790,83.533,30.723,1,0
A040,17-01-2025 07:00,A040-ENG,Engine,79.813,3.302,69.593,53.15,1746.748,144.612,22.728,83.608,793,42.645,32.934,0,1
A041,01-01-2025 00:00,A041-ENG,Engine,75.897,2.152,79.746,56.48,1666.597,148.387,23.68,74.455,472,54.006,23.12,0,0
A041,01-01-2025 03:00,A041-ENG,Engine,70.938,1.804,77.283,53.49,1776.745,154.466,23.901,77.162,167,59.653,29.143,0,0
A041,01-01-2025 05:00,A041-ENG,Engine,88.068,4.439,71.169,54.032,1750.732,139.794,24.483,79.161,252,51.238,28.384,1,0
A041,01-01-2025 09:00,A041-ENG,Engine,70.084,1.748,74.558,54.274,1862.641,150.486,24.151,77.627,306,45.619,28.271,0,0
A041,01-01-2025 12:00,A041-ENG,Engine,71.235,1.535,79.735,58.476,2032.646,150.167,23.808,75.925,247,55.992,33.892,0,0
A041,01-01-2025 17:00,A041-ENG,Engine,71.56,1.665,76.346,55.784,1689.714,152.711,24.564,75.572,407,45.966,36.344,0,0
A041,02-01-2025 00:00,A041-ENG,Engine,70.43,1.994,81.578,54.883,1861.469,148.965,23.861,75.153,201,52.533,27.982,0,0
A041,02-01-2025 01:00,A041-ENG,Engine,71.781,2.332,80.09,53.12,1864.011,148.443,24.515,75.714,175,45.904,29.29,0,0
A041,02-01-2025 08:00,A041-ENG,Engine,73.663,1.74,76.935,51.996,1854.969,151.638,23.972,74.666,433,36.238,30.57,0,0
A041,02-01-2025 14:00,A041-ENG,Engine,76.016,2.875,83.223,56.016,1668.878,149.266,23.883,76.395,401,41.527,21.847,0,0
A041,03-01-2025 02:00,A041-ENG,Engine,66.224,2.501,76.588,54.39,1915.988,149.891,23.357,77.256,510,54.438,35.504,0,0
A041,03-01-2025 03:00,A041-ENG,Engine,69.777,2.187,78.401,52.998,1767.937,142.795,23.875,76.863,524,26.555,25.346,0,1
A041,03-01-2025 04:00,A041-ENG,Engine,71.022,2.22,75.991,52.388,1860.31,147.491,23.442,79.607,197,35.073,28.711,0,0
A041,03-01-2025 05:00,A041-ENG,Engine,75.158,2.073,76.38,56.051,1909.612,155.824,23.955,75.921,545,54.736,23.162,0,0
A041,03-01-2025 06:00,A041-ENG,Engine,73.174,2.278,84.827,56.005,1863.973,153.29,23.479,75.341,497,51.338,26.146,0,0
A041,03-01-2025 11:00,A041-ENG,Engine,70.206,2.882,75.291,51.977,1855.823,139.961,24.381,77.143,333,62.078,23.549,0,0
A041,03-01-2025 17:00,A041-ENG,Engine,74.419,2.242,80.942,54.625,1788.648,152.415,24.146,78.752,381,58.277,30.416,0,0
A041,03-01-2025 20:00,A041-ENG,Engine,71.492,2.019,76.893,57.905,1789.226,148.926,23.731,78.741,387,37.308,36.915,0,0
A041,03-01-2025 21:00,A041-ENG,Engine,72.198,2.233,79.959,55.134,1813.756,149.103,23.875,77.134,291,35.821,26.948,0,0
A041,03-01-2025 22:00,A041-ENG,Engine,72.585,3.024,81.969,54.81,1833.868,147.216,23.622,76.172,349,58.666,28.053,0,0
A041,03-01-2025 23:00,A041-ENG,Engine,70.705,2.043,80.033,54.914,1867.783,148.154,23.488,75.764,516,57.766,30.65,0,0
A041,04-01-2025 01:00,A041-ENG,Engine,73.603,2.169,78.584,56.028,1726.475,146.776,24.542,78.226,179,56.903,25.722,0,0
A041,04-01-2025 13:00,A041-ENG,Engine,69.887,2.383,72.414,53.085,1839.175,151.886,23.878,75.511,491,56.157,28.962,0,0
A041,04-01-2025 17:00,A041-ENG,Engine,73.414,2.385,79.621,55.197,1816.012,150.528,23.635,79.968,436,67.634,31.327,0,0
A041,05-01-2025 02:00,A041-ENG,Engine,73.618,1.701,80.876,55.728,1946.043,147.487,23.992,75.195,326,51.46,32.22,0,0
A041,05-01-2025 06:00,A041-ENG,Engine,72.846,2.625,76.392,52.69,1859.784,150.235,23.773,77.38,402,52.889,33.318,0,0
A041,05-01-2025 08:00,A041-ENG,Engine,75.055,2.657,74.882,52.862,1882.623,149.292,23.414,79.757,221,63.882,23.024,0,0
A041,05-01-2025 11:00,A041-ENG,Engine,75.641,2.389,79.388,55.66,1788.397,147.344,23.998,76.563,457,51.66,35.411,0,0
A041,05-01-2025 17:00,A041-ENG,Engine,75.369,2.194,79.712,59.711,1697.996,148.363,23.36,81.925,375,57.154,16.698,0,0
A041,05-01-2025 21:00,A041-ENG,Engine,90.613,6.101,64.057,51.691,1912.465,144.167,23.858,80.306,553,52.972,41.101,1,0
A041,06-01-2025 00:00,A041-ENG,Engine,70.488,2.338,76.886,52.683,1861.235,147.823,23.607,81.06,349,68.463,32.964,0,0
A041,06-01-2025 02:00,A041-ENG,Engine,74.772,3.208,74.376,54.018,1619.01,148.376,23.311,76.708,501,52.863,31.473,0,0
A041,06-01-2025 04:00,A041-ENG,Engine,71.04,3.125,77.744,54.69,1817.764,146.968,24.129,79.144,240,61.442,31.937,0,0
A041,06-01-2025 06:00,A041-ENG,Engine,75.95,2.39,74.848,54.781,1864.575,151.245,23.785,74.392,623,41.942,33.973,0,0
A041,06-01-2025 07:00,A041-ENG,Engine,75.097,2.664,75.215,53.921,1850.753,140.261,23.742,78.848,312,56.089,37.77,0,0
A041,06-01-2025 08:00,A041-ENG,Engine,77.522,3.021,74.825,54.494,1869.092,146.415,23.756,76.997,345,48.244,16.68,0,0
A041,06-01-2025 11:00,A041-ENG,Engine,73.09,3.208,80.056,54.527,1794.26,149.431,22.798,81.792,530,48.448,28.757,0,0
A041,06-01-2025 12:00,A041-ENG,Engine,79.315,2.467,77.748,55.659,1806.786,150.843,23.628,78.145,361,61.246,29.925,0,0
A041,06-01-2025 15:00,A041-ENG,Engine,96.133,5.698,68.282,56.186,1924.334,135.44,24.294,79.387,425,46.476,30.096,1,0
A041,06-01-2025 19:00,A041-ENG,Engine,74.863,3.017,71.634,53.123,1876.327,146.27,23.43,79.808,579,44.414,32.002,0,0
A041,06-01-2025 21:00,A041-ENG,Engine,75.961,2.656,74.274,48.968,1799.756,147.619,23.668,79.099,447,52.419,28.953,0,1
A041,07-01-2025 07:00,A041-ENG,Engine,75.83,3.51,76.212,57.191,2012.606,151.162,23.516,81.471,633,49.365,31.237,0,0
A041,07-01-2025 11:00,A041-ENG,Engine,75.185,2.775,74.482,56.925,1875.156,155.402,23.3,77.763,333,45.6,32.105,0,0
A041,07-01-2025 12:00,A041-ENG,Engine,77.037,3.032,75.902,55.464,1781.808,143.866,23.775,81.512,446,42.247,20.82,0,0
A041,07-01-2025 20:00,A041-ENG,Engine,75.904,2.947,73.006,54.052,1841.376,147.955,23.889,80.12,619,62.381,33.32,0,0
A041,08-01-2025 03:00,A041-ENG,Engine,73.047,3.279,77.743,53.021,1810.163,148.522,23.734,77.348,291,52.816,22.515,0,0
A041,08-01-2025 16:00,A041-ENG,Engine,71.699,3.239,72.259,53.234,1749.431,149.48,23.655,78.045,669,69.812,32.954,0,0
A041,08-01-2025 21:00,A041-ENG,Engine,76.62,2.544,79.785,56.371,1898.986,149.835,23.518,80.895,618,58.997,34.165,0,1
A041,09-01-2025 00:00,A041-ENG,Engine,75.037,3.152,73.827,54.31,1831.966,151.294,23.318,80.515,527,48.067,26.371,0,1
A041,09-01-2025 02:00,A041-ENG,Engine,77.206,2.682,73.842,52.474,1738.587,145.241,23.837,80.456,496,50.722,31.464,0,0
A041,09-01-2025 04:00,A041-ENG,Engine,75.321,2.852,80.196,52.678,1786.012,147.466,23.766,82.407,409,55.823,28.703,0,0
A041,09-01-2025 08:00,A041-ENG,Engine,75.12,2.489,70.731,56.57,1840.691,151.545,23.602,80.571,572,45.052,26.819,0,1
A041,09-01-2025 10:00,A041-ENG,Engine,75.881,3.043,78.537,53.327,1700.003,148.759,23.645,80.317,347,58.379,28.478,0,0
A041,09-01-2025 13:00,A041-ENG,Engine,75.277,3.39,79.849,49.722,1838.687,148.416,23.373,81.126,640,57.555,27.643,0,0
A041,09-01-2025 14:00,A041-ENG,Engine,76.171,2.402,72.532,54.346,1680.096,146.84,23.309,84.397,467,57.905,28.477,0,1
A041,09-01-2025 16:00,A041-ENG,Engine,76.543,2.969,74.676,54.126,1767.446,151.669,22.94,81.401,623,67.674,36.496,0,0
A041,09-01-2025 21:00,A041-ENG,Engine,77.414,2.891,76.174,51.559,1628.075,136.82,23.67,80.376,612,61.649,36.272,0,0
A041,10-01-2025 00:00,A041-ENG,Engine,80.622,2.863,75.193,56.231,2087.927,142.068,23.634,78.319,635,49.999,29.91,0,0
A041,10-01-2025 12:00,A041-ENG,Engine,72.746,2.88,77.239,50.369,1806.449,142.074,23.419,81.285,591,62.519,27.315,0,0
A041,10-01-2025 17:00,A041-ENG,Engine,77.906,2.839,74.376,53.229,1815.331,148.076,23.456,78.485,454,50.973,29.275,0,1
A041,11-01-2025 02:00,A041-ENG,Engine,76.906,3.249,74.244,53.345,1943.095,151.485,23.565,80.453,515,68.989,32.954,0,0
A041,11-01-2025 08:00,A041-ENG,Engine,81.248,2.972,73.96,51.312,1781.266,146.211,22.745,81.904,563,62.683,32.18,0,0
A041,11-01-2025 11:00,A041-ENG,Engine,77.723,3.231,75.449,57.078,1857.404,143.902,23.072,81.627,393,54.036,31.677,0,0
A041,11-01-2025 14:00,A041-ENG,Engine,80.153,2.999,77.946,51.002,1916.052,154.043,22.498,79.699,552,54.099,27.501,0,0
A041,11-01-2025 19:00,A041-ENG,Engine,77.784,3.088,75.967,51.889,1796.445,148.73,23.492,81.248,749,59.963,23.863,0,0
A041,11-01-2025 23:00,A041-ENG,Engine,75.526,2.761,72.866,54.525,1760.516,143.737,23.145,80.243,735,65.699,40.554,0,0
A041,12-01-2025 03:00,A041-ENG,Engine,81.293,3.749,72.805,57.037,1742.46,149.36,22.658,78.896,597,63.349,28.043,0,0
A041,12-01-2025 08:00,A041-ENG,Engine,78.743,3.016,78.544,55.09,1879.856,140.585,22.811,87.265,440,73.413,31.712,0,0
A041,12-01-2025 18:00,A041-ENG,Engine,82.635,2.681,76.328,53.347,1761.029,141.251,22.819,81.313,443,71.378,32.516,0,1
A041,12-01-2025 23:00,A041-ENG,Engine,80.305,3.296,71.594,49.653,1913.256,155.816,22.838,83.678,618,68.428,31.068,0,1
A041,13-01-2025 00:00,A041-ENG,Engine,75.6,2.913,71.821,53.713,1648.223,146.998,22.886,85.445,767,75.093,35.621,0,0
A041,13-01-2025 10:00,A041-ENG,Engine,79.799,3.451,78.239,50.629,1813.977,144.42,23.223,82.737,754,62.882,31.84,0,0
A041,13-01-2025 15:00,A041-ENG,Engine,82.587,3.41,75.013,51.948,1802.907,152.072,22.767,83.825,547,66.127,36.858,0,0
A041,13-01-2025 17:00,A041-ENG,Engine,78.037,3.383,75.006,51.54,1766.957,148.595,23.355,81.475,486,54.609,35.498,0,0
A041,13-01-2025 19:00,A041-ENG,Engine,80.533,3.288,71.441,50.063,1951.219,146.837,22.849,78.917,504,66.063,36.945,0,0
A041,13-01-2025 21:00,A041-ENG,Engine,79.451,2.923,73.087,48.754,1535.002,142.877,22.882,85.904,573,47.764,28.878,0,0
A041,13-01-2025 22:00,A041-ENG,Engine,81.319,3.389,70.813,51.578,1798.374,147.77,22.818,84.032,701,68.23,30.334,0,1
A041,14-01-2025 00:00,A041-ENG,Engine,80.76,2.732,73.562,53.43,1673.687,146.599,23.539,82.834,504,72.21,28.768,0,0
A041,14-01-2025 06:00,A041-ENG,Engine,84.258,3.669,69.715,48.25,1647.555,145.539,23.453,84.564,714,68.005,23.406,1,0
A041,14-01-2025 07:00,A041-ENG,Engine,80.98,2.572,67.067,53.364,1630.197,146.1,22.056,84.257,525,78.434,34.61,1,1
A041,14-01-2025 08:00,A041-ENG,Engine,80.635,2.895,70.412,54.363,1818.079,137.82,23.097,83.422,681,72.544,24.223,0,0
A041,14-01-2025 16:00,A041-ENG,Engine,83.074,3.219,75.274,51.546,1857.855,139.616,22.777,84.467,649,55.709,23.531,0,1
A041,15-01-2025 08:00,A041-ENG,Engine,81.243,4.279,71.071,55.792,1782.532,140.873,23.028,81.373,842,67.621,28.333,1,0
A041,15-01-2025 21:00,A041-ENG,Engine,81.726,3.502,72.556,48.53,1767.221,140.912,22.709,85.292,687,86.64,28.022,1,1
A041,16-01-2025 05:00,A041-ENG,Engine,81.934,3.887,78.029,51.138,1914.738,143.321,23.352,83.822,862,74.964,34.833,1,0
A041,16-01-2025 11:00,A041-ENG,Engine,80.063,3.298,73.233,51.493,1667.819,149.369,23.025,81.762,682,62.602,31.707,0,0
A041,16-01-2025 13:00,A041-ENG,Engine,82.124,3.253,74.462,52.794,1882.643,149.742,22.668,79.909,755,81.322,39.607,1,1
A041,16-01-2025 17:00,A041-ENG,Engine,91.61,7.135,64.385,53.068,1781.598,145.432,23.286,85.098,648,74.558,33.036,1,1
A041,16-01-2025 18:00,A041-ENG,Engine,98.229,6.711,63.864,50.853,1916.622,138.393,23.133,86.313,538,69.286,31.84,1,1
A041,16-01-2025 20:00,A041-ENG,Engine,86.675,3.73,71.933,54.791,1847.924,139.991,22.568,89.384,725,77.148,29.13,1,1
A041,17-01-2025 03:00,A041-ENG,Engine,82.867,3.299,71.86,53.254,1774.051,146.796,22.632,80.813,535,77.013,29.72,1,0
A041,17-01-2025 04:00,A041-ENG,Engine,82.62,2.854,64.042,52.99,1856.836,141.493,22.749,81.339,657,67.876,36.607,1,1
A041,17-01-2025 06:00,A041-ENG,Engine,81.945,3.397,73.543,52.145,1840.066,144.582,23.168,83.552,536,62.039,35.093,1,1
A041,17-01-2025 09:00,A041-ENG,Engine,83.45,3.538,79.106,51.96,1923.61,155.544,22.521,82.081,612,75.839,25.698,1,1
A041,17-01-2025 10:00,A041-ENG,Engine,99.863,5.974,59.564,53.551,1912.999,141.423,23.107,85.635,654,82.137,21.937,1,1
A041,17-01-2025 11:00,A041-ENG,Engine,78.437,3.567,73.065,51.356,1790.982,151.441,22.491,87.568,612,60.431,24.721,1,0
A042,01-01-2025 02:00,A042-ENG,Engine,68.96,2.081,79.082,53.221,1882.057,140.174,23.303,71.671,141,45.005,27.892,0,0
A042,01-01-2025 03:00,A042-ENG,Engine,66.982,2.235,79.168,55.025,1834.545,145.973,24.126,73.062,333,50.125,25.455,0,0
A042,01-01-2025 08:00,A042-ENG,Engine,69.589,1.509,85.825,52.42,1897.072,146.874,23.36,75.054,504,55.026,23.986,0,0
A042,01-01-2025 12:00,A042-ENG,Engine,71.627,2.376,77.881,60.186,1738.595,148.086,23.29,74.365,115,47.553,33.16,0,0
A042,01-01-2025 14:00,A042-ENG,Engine,73.85,1.925,75.718,53.395,1835.28,153.103,24.22,76.748,403,45.064,23.755,0,0
A042,01-01-2025 15:00,A042-ENG,Engine,70.785,1.714,81.74,55.707,1731.419,148.158,23.738,74.533,434,53.353,35.168,0,0
A042,01-01-2025 18:00,A042-ENG,Engine,67.734,2.785,79.923,56.106,1784.367,150.854,24.014,75.3,419,51.936,29.864,0,0
A042,01-01-2025 21:00,A042-ENG,Engine,69.759,1.764,78.421,57.26,1919.063,150.785,23.663,76.956,419,40.114,28.718,0,0
A042,02-01-2025 02:00,A042-ENG,Engine,70.32,2.218,83.591,56.469,1866.517,145.702,23.731,77.114,288,46.713,22.105,0,0
A042,02-01-2025 12:00,A042-ENG,Engine,72.753,2.349,74.718,52.221,1836.927,152.588,23.589,76.453,469,53.42,36.342,0,0
A042,02-01-2025 14:00,A042-ENG,Engine,72.726,1.601,73.916,52.744,1809.319,146.753,23.812,77.457,182,40.89,30.371,0,0
A042,02-01-2025 20:00,A042-ENG,Engine,75.261,2.376,80.641,56.323,1808.062,147.249,23.51,71.08,215,37.92,18.093,0,1
A042,02-01-2025 22:00,A042-ENG,Engine,82.095,5.452,67.267,54.91,1812.929,130.519,23.763,77.85,536,37.19,21.912,1,0
A042,03-01-2025 01:00,A042-ENG,Engine,69.381,2.563,77.366,54.132,1725.071,153.553,23.92,76.117,343,52.823,28.836,0,0
A042,03-01-2025 05:00,A042-ENG,Engine,73.625,1.953,78.409,53.709,1886.142,148.603,24.3,78.443,358,34.497,24.595,0,0
A042,03-01-2025 14:00,A042-ENG,Engine,72.846,2.177,80.106,54.246,1762.862,150.095,24.248,78.182,348,60.543,35.739,0,0
A042,03-01-2025 22:00,A042-ENG,Engine,74.438,1.769,80.774,56.084,1791.999,148.773,24.29,72.705,188,58.873,34.768,0,0
A042,04-01-2025 00:00,A042-ENG,Engine,73.62,2.829,77.42,56.529,1877.915,150.695,23.761,74.63,415,67.578,32.681,0,0
A042,04-01-2025 04:00,A042-ENG,Engine,73.152,2.265,82.576,56.129,1847.707,157.887,23.672,77.362,520,52.334,24.08,0,0
A042,04-01-2025 05:00,A042-ENG,Engine,74.909,2.25,78.107,53.608,1982.117,147.273,23.908,77.597,560,33.217,19.477,0,0
A042,04-01-2025 08:00,A042-ENG,Engine,71.446,2.655,77.977,53.184,1791.973,148.647,23.693,75.841,205,40.899,29.314,0,0
A042,04-01-2025 09:00,A042-ENG,Engine,76.314,1.967,74.08,50.418,1665.941,152.056,23.636,76.394,537,50.017,26.561,0,0
A042,04-01-2025 10:00,A042-ENG,Engine,69.949,2.203,79.812,54.505,1909.247,150.761,23.694,77.595,545,46.884,30.711,0,0
A042,04-01-2025 13:00,A042-ENG,Engine,74.291,2.261,79.529,51.568,1744.001,144.568,24.21,79.554,526,53.245,26.881,0,0
A042,04-01-2025 17:00,A042-ENG,Engine,71.455,3.166,79.68,54.982,1706.326,146.864,24.116,75.114,251,56.762,28.169,0,0
A042,05-01-2025 04:00,A042-ENG,Engine,70.808,2.667,75.961,54.049,1804.437,146.756,23.495,74.837,387,56.517,31.357,0,1
A042,05-01-2025 08:00,A042-ENG,Engine,73.821,2.58,75.684,56.343,1850.557,154.353,23.566,78.439,471,55.548,26.821,0,0
A042,05-01-2025 11:00,A042-ENG,Engine,68.852,2.856,79.507,52.662,1679.613,155.586,23.497,81.132,384,48.781,28.756,0,0
A042,05-01-2025 14:00,A042-ENG,Engine,74.293,1.835,78.556,52.119,1779.757,149.79,24.142,79.806,354,51.457,33.422,0,0
A042,05-01-2025 15:00,A042-ENG,Engine,71.152,2.715,78.891,56.867,1694.038,140.973,23.613,76.475,534,41.367,33.215,0,0
A042,05-01-2025 23:00,A042-ENG,Engine,73.347,2.544,77.686,53.247,1706.031,144.532,23.387,73.998,549,46.067,20.311,0,0
A042,06-01-2025 07:00,A042-ENG,Engine,74.373,2.508,79.075,57.565,1856.95,146.624,23.996,74.173,232,41.57,22.842,0,0
A042,06-01-2025 09:00,A042-ENG,Engine,73.94,2.262,78.413,53.663,1826.216,151.168,23.506,78.131,238,53.281,27.815,0,1
A042,06-01-2025 10:00,A042-ENG,Engine,77.247,3.182,80.459,51.336,1688.628,150.925,23.648,82.98,374,53.959,36.614,0,0
A042,06-01-2025 15:00,A042-ENG,Engine,75.737,2.735,79.884,54.823,1805.721,146.94,24.038,79.487,307,46.569,25.62,0,0
A042,06-01-2025 17:00,A042-ENG,Engine,72.647,2.619,73.389,53.747,1912.158,151.123,24.221,84.008,237,65.038,31.601,0,0
A042,06-01-2025 18:00,A042-ENG,Engine,74.823,2.547,78.431,54.913,1873.594,152.369,23.606,76.099,268,50.115,35.551,0,1
A042,07-01-2025 00:00,A042-ENG,Engine,71.899,2.541,79.937,49.323,1775.898,152.866,23.674,82.834,420,54.966,38.465,0,0
A042,07-01-2025 02:00,A042-ENG,Engine,73.978,2.549,73.567,54.338,1779.094,145.84,23.016,72.724,371,53.294,32.645,0,0
A042,07-01-2025 03:00,A042-ENG,Engine,74.161,1.828,79.583,51.222,1866.439,148.708,23.267,79.786,251,60.521,29.938,0,0
A042,07-01-2025 07:00,A042-ENG,Engine,74.233,2.623,72.517,56.779,1813.272,148.112,23.782,77.502,279,44.047,21.044,0,0
A042,07-01-2025 10:00,A042-ENG,Engine,72.535,2.244,72.586,56.349,1665.854,144.485,23.585,78.463,389,62.469,32.391,0,1
A042,07-01-2025 12:00,A042-ENG,Engine,75.518,2.488,78.386,51.513,1891.761,153.073,23.735,74.248,286,54.303,23.733,0,0
A042,07-01-2025 14:00,A042-ENG,Engine,74.484,2.648,74.716,50.633,1879.113,148.684,23.413,78.412,292,54.028,33.71,0,0
A042,07-01-2025 23:00,A042-ENG,Engine,78.133,2.925,77.563,57.46,1787.145,152.05,23.51,74.171,392,48.594,29.214,0,0
A042,08-01-2025 10:00,A042-ENG,Engine,74.705,3.106,76.301,52.48,2033.885,150.157,23.164,78.742,351,51.623,24.001,0,0
A042,08-01-2025 18:00,A042-ENG,Engine,75.174,3.017,73.874,50.953,1801.369,153.218,24.135,80.364,408,43.109,28.894,0,1
A042,08-01-2025 21:00,A042-ENG,Engine,76.319,2.671,77.883,52.149,1728.241,149.141,23.124,81.611,650,50.249,28.018,0,0
A042,09-01-2025 01:00,A042-ENG,Engine,85.963,5.761,62.46,53.816,1676.629,134.59,24.07,84.733,328,63.802,24.896,1,0
A042,09-01-2025 04:00,A042-ENG,Engine,75.631,3.379,74.168,50.879,1894.457,143.752,23.105,81.229,331,52.471,35,0,1
A042,09-01-2025 12:00,A042-ENG,Engine,76.292,2.645,73.15,55.617,1744.548,155.338,23.34,81.043,414,49.352,34.482,0,0
A042,10-01-2025 01:00,A042-ENG,Engine,75.184,2.471,78.616,51.384,1820.322,151.765,23.143,79.58,696,64.247,37.302,0,0
A042,10-01-2025 14:00,A042-ENG,Engine,78.083,2.211,74.26,52.609,1783.955,140.698,23.162,80.441,508,61.37,29.8,0,0
A042,10-01-2025 17:00,A042-ENG,Engine,80.685,2.861,75.746,54.75,1811.66,151.823,23.383,84.013,606,57.753,24.952,0,0
A042,10-01-2025 19:00,A042-ENG,Engine,80.185,2.561,76.436,52.755,1782.127,142.372,23.163,80.58,626,47.608,18.178,0,0
A042,10-01-2025 20:00,A042-ENG,Engine,90.306,5.509,60.23,49.809,1820.44,124.55,23.628,80.582,570,72.3,38.537,1,0
A042,11-01-2025 00:00,A042-ENG,Engine,75.936,2.593,77.453,53.457,1737.489,155.254,23.287,82.631,646,60.812,28.294,0,0
A042,11-01-2025 02:00,A042-ENG,Engine,81.107,2.435,73.557,54.168,1639.929,144.11,23.2,80.75,462,69.35,32.994,0,0
A042,11-01-2025 09:00,A042-ENG,Engine,78.638,2.913,75.656,53.286,2117.774,151.184,23.569,84.944,367,61.766,37.996,0,0
A042,11-01-2025 12:00,A042-ENG,Engine,73.992,2.567,72.606,50.067,1622.987,150.837,23.504,77.234,710,50.424,39.972,0,0
A042,11-01-2025 14:00,A042-ENG,Engine,82.658,2.576,75.428,55.046,1729.719,147.405,23.349,83.115,496,64.858,36.298,0,1
A042,11-01-2025 16:00,A042-ENG,Engine,81.677,2.964,72.3,53.447,1848.111,145.413,22.322,81.042,452,60.793,24.084,0,0
A042,11-01-2025 17:00,A042-ENG,Engine,79.909,2.649,71.364,51.502,1847.748,149.584,23.811,82.003,613,64.995,25.746,0,0
A042,11-01-2025 23:00,A042-ENG,Engine,83.181,2.829,75.467,54.17,1809.324,148.102,22.855,75.978,455,67.717,36.836,0,1
A042,12-01-2025 01:00,A042-ENG,Engine,78.067,2.918,73.186,56.002,1875.557,139.95,23.052,82.442,604,57.199,18.149,0,0
A042,12-01-2025 07:00,A042-ENG,Engine,80.255,3.267,75.122,56.069,1868.286,137.331,23.363,80.524,461,58.28,39.793,0,1
A042,13-01-2025 00:00,A042-ENG,Engine,79.1,3.385,76.675,54.347,1707.527,149.04,22.338,82.277,726,71.772,27.954,0,0
A042,13-01-2025 02:00,A042-ENG,Engine,81.707,2.829,76.077,52.812,1794.901,141.462,23.402,84.392,714,45.431,39.16,0,1
A042,13-01-2025 11:00,A042-ENG,Engine,78.632,2.93,73.952,55.531,1650.606,152.49,22.611,81.962,573,73.054,31.439,0,0
A042,13-01-2025 13:00,A042-ENG,Engine,79.293,3.555,71.762,52.132,1795.974,148.299,23.009,81.196,635,70.494,36.226,0,1
A042,13-01-2025 19:00,A042-ENG,Engine,81.319,3.179,74.193,54.498,1627.612,143.045,23.204,81.084,795,68.189,27.918,0,0
A042,13-01-2025 20:00,A042-ENG,Engine,81.148,3.451,73.043,53.502,1708.536,143.957,23.703,88.122,511,61.46,40.988,0,0
A042,14-01-2025 00:00,A042-ENG,Engine,82.543,3.118,75.956,53.168,1778.35,143.524,23.201,82.623,677,57.319,16.08,0,0
A042,14-01-2025 04:00,A042-ENG,Engine,79.55,3.129,73.682,54.037,1913.651,145.587,23.235,81.514,790,57.652,29.014,0,0
A042,14-01-2025 17:00,A042-ENG,Engine,84.532,2.974,78.319,49.637,1758.529,140.348,24.039,83.039,573,62.605,43.357,0,0
A042,14-01-2025 22:00,A042-ENG,Engine,74.996,2.512,73.577,54.115,1857.864,138.334,22.861,82.815,480,71.758,30.614,0,1
A042,15-01-2025 03:00,A042-ENG,Engine,81.547,3.336,72.986,49.949,1831.612,148.481,22.243,82.832,812,68.902,29.543,0,0
A042,15-01-2025 05:00,A042-ENG,Engine,82.145,3.479,71.911,50.955,1787.164,149.016,22.929,83.437,540,67.241,33.991,0,0
A042,15-01-2025 09:00,A042-ENG,Engine,78.328,3.77,75.411,54.48,1893.226,140.925,23.049,82.358,643,67.97,31.041,0,0
A042,15-01-2025 13:00,A042-ENG,Engine,81.241,3.022,70.751,50.674,1803.41,152.019,22.434,83.426,732,77.771,29.166,1,1
A042,15-01-2025 21:00,A042-ENG,Engine,80.947,3.723,77.965,53.303,1909.079,146.058,23.76,84.795,853,58.614,37.257,0,0
A042,16-01-2025 03:00,A042-ENG,Engine,79.193,3.117,78.98,56.675,1703.113,142.75,23.208,81.144,793,66.688,29.478,0,0
A042,16-01-2025 04:00,A042-ENG,Engine,80.05,3.247,74.585,55.13,1825.316,150.737,23.052,84.796,597,66.62,24.876,0,0
A042,16-01-2025 05:00,A042-ENG,Engine,83.016,3.474,70.613,52.814,1722.709,143.583,22.881,83.857,533,58.679,30.476,0,1
A042,16-01-2025 10:00,A042-ENG,Engine,81.496,3.262,73.838,49.216,1858.855,148.253,23.106,82.742,470,67.924,32.192,1,0
A042,16-01-2025 16:00,A042-ENG,Engine,89.807,5.815,58,55.367,1796.119,132.443,22.564,83.407,490,71.089,36.048,1,0
A042,16-01-2025 20:00,A042-ENG,Engine,81.18,3.683,75.355,48.301,1784.492,140.964,21.928,85.663,605,67.085,33.667,1,1
A042,16-01-2025 21:00,A042-ENG,Engine,78.384,3.536,70.732,49.539,1768.947,138.972,22.948,83.365,503,67.499,29.382,1,1
A042,16-01-2025 22:00,A042-ENG,Engine,82.689,3.632,71.495,50.518,1797.072,142.116,22.886,80.902,548,66.196,30.531,1,0
A042,16-01-2025 23:00,A042-ENG,Engine,85.051,3.4,72.865,52.675,1637.795,147.817,22.537,85.523,503,72.524,26.412,1,1
A042,17-01-2025 00:00,A042-ENG,Engine,78.071,2.436,70.743,53.03,1723.273,146.126,23.357,84.859,788,71.938,25.147,0,0
A042,17-01-2025 04:00,A042-ENG,Engine,85.459,4.178,76.463,55.847,1877.962,140.647,22.509,81.799,579,72.312,20.823,1,0
A042,17-01-2025 05:00,A042-ENG,Engine,79.828,2.468,71.694,53.498,1856.37,138.804,22.892,84.232,780,62.031,24.926,0,1
A042,17-01-2025 14:00,A042-ENG,Engine,82.506,3.321,74.179,52.978,1754.79,150.834,22.901,81.189,735,71.498,26.851,1,0
A042,17-01-2025 15:00,A042-ENG,Engine,81.975,3.394,72.541,54.189,1754.29,144.006,22.981,86.368,879,69.697,27.864,1,1
A043,01-01-2025 04:00,A043-ENG,Engine,74.629,2.511,78.61,52.953,1946.629,143.527,24.36,76.286,188,48.443,31.74,0,0
A043,01-01-2025 09:00,A043-ENG,Engine,70.404,2.87,77.846,53.736,1675.111,153.436,24.168,73.784,219,48.188,30.757,0,0
A043,01-01-2025 11:00,A043-ENG,Engine,78.092,2.189,79.449,55.105,1866.263,151.724,24.046,74.98,444,45.21,25.648,0,1
A043,01-01-2025 13:00,A043-ENG,Engine,69.9,2.548,78.276,53.185,1781.977,154.912,23.385,75.681,113,49.036,31.491,0,0
A043,01-01-2025 14:00,A043-ENG,Engine,78.252,2.707,77.097,56.51,1796.887,156.571,24.013,78.999,183,60.843,32.706,0,1
A043,01-01-2025 20:00,A043-ENG,Engine,70.802,2.441,76.639,53.258,1916.293,146.353,23.807,74.097,231,50.159,23.898,0,0
A043,02-01-2025 03:00,A043-ENG,Engine,78.684,2.794,73.658,54.298,1727.94,152.27,24.26,74.316,364,43.988,32.241,0,0
A043,02-01-2025 05:00,A043-ENG,Engine,74.127,2.556,75.017,52.44,2009.86,146.122,24.157,74.952,397,41.824,35.617,0,0
A043,02-01-2025 08:00,A043-ENG,Engine,76.957,2.885,79.299,53.765,1805.338,146.953,24.346,75.055,519,62.72,28.131,0,0
A043,02-01-2025 12:00,A043-ENG,Engine,74.847,2.38,73.98,56.371,1754.377,145.892,23.284,72.178,403,61.547,28.723,0,0
A043,02-01-2025 13:00,A043-ENG,Engine,67.732,2.118,76.426,56.157,1843.924,157.265,24.088,75.199,176,51.39,25.255,0,0
A043,02-01-2025 22:00,A043-ENG,Engine,73.075,2.512,78.926,54.15,1715.872,149.117,24.031,75.406,223,56.582,28.919,0,0
A043,03-01-2025 01:00,A043-ENG,Engine,74.935,2.488,79.357,54.623,1972.93,147.693,24.254,76.483,450,53.104,29.389,0,0
A043,03-01-2025 02:00,A043-ENG,Engine,77.845,2.865,76.195,55.219,1859.889,152.656,24.517,79.636,382,42.642,36.495,0,1
A043,03-01-2025 04:00,A043-ENG,Engine,75.526,2.334,76.413,56.435,1890.459,155.315,23.736,75.688,415,66.962,29.262,0,0
A043,03-01-2025 07:00,A043-ENG,Engine,72.265,2.435,79.432,53.136,1840.755,148.295,23.933,79.402,343,54.834,36.699,0,0
A043,03-01-2025 09:00,A043-ENG,Engine,77.096,3.109,73.487,56.377,1813.683,155.969,23.69,77.35,403,44.863,34.133,0,0
A043,03-01-2025 11:00,A043-ENG,Engine,72.803,2.908,74.241,52.279,1798.13,145.44,23.637,77.854,302,51.731,32.308,0,0
A043,03-01-2025 15:00,A043-ENG,Engine,78.5,2.694,76.73,53.737,1848.685,143.749,23.747,76.268,212,55.891,26.911,0,0
A043,03-01-2025 22:00,A043-ENG,Engine,72.987,2.389,75.355,51.056,1733.483,141.089,24.263,75.521,378,52.529,31.266,0,0
A043,04-01-2025 11:00,A043-ENG,Engine,85.618,4.804,65.178,55.223,1792.871,138.91,23.877,75.994,486,68.392,20.171,1,0
A043,04-01-2025 14:00,A043-ENG,Engine,72.558,2.793,72.819,52.562,1759.445,155.006,23.968,75.019,270,61.233,35.727,0,0
A043,04-01-2025 16:00,A043-ENG,Engine,74.746,3.026,76.864,56.054,1790.551,155.399,23.806,77.969,338,59.987,30.384,0,0
A043,04-01-2025 20:00,A043-ENG,Engine,77.158,2.854,80.256,55.206,1891.411,150.087,24.109,79.588,518,48.813,34.845,0,0
A043,04-01-2025 21:00,A043-ENG,Engine,79.443,2.78,74.067,52.377,1740.006,148.88,24.05,79.05,531,79.461,34.307,0,0
A043,04-01-2025 22:00,A043-ENG,Engine,77.79,3.297,77.249,56.899,1833.747,152.851,23.5,78.662,585,50.498,36.43,0,0
A043,05-01-2025 04:00,A043-ENG,Engine,74.042,3.321,76.498,53.528,1797.687,154.872,23.62,77.137,510,54.34,22.437,0,1
A043,05-01-2025 08:00,A043-ENG,Engine,75.163,2.829,77.652,53.537,1863.245,146.106,23.836,79.576,337,54.082,30.199,0,0
A043,05-01-2025 09:00,A043-ENG,Engine,92.44,5.852,62.517,51.593,1812.216,139.618,23.733,78.673,304,60.247,27.662,1,0
A043,05-01-2025 12:00,A043-ENG,Engine,76.173,2.808,74.595,52.341,1756.261,149.527,23.74,77.327,308,67.815,30.712,0,0
A043,05-01-2025 13:00,A043-ENG,Engine,76.201,2.155,70.504,54.444,1651.928,144.538,23.723,77.667,274,43.71,24.057,0,0
A043,06-01-2025 01:00,A043-ENG,Engine,76.292,2.746,75.038,50.588,1815.01,151.421,23.977,78.473,542,62.555,42.339,0,0
A043,06-01-2025 03:00,A043-ENG,Engine,74.331,3.088,71.006,53.233,1992.054,149.462,23.586,77.139,259,63.74,25.023,0,0
A043,06-01-2025 05:00,A043-ENG,Engine,75.151,2.902,75.332,54.05,1630.39,153.592,22.844,75.542,385,63.348,27.941,0,0
A043,06-01-2025 08:00,A043-ENG,Engine,78.407,3.389,70.451,54.377,1852.517,147.806,23.757,77.375,487,52.658,39.197,0,1
A043,06-01-2025 09:00,A043-ENG,Engine,74.195,3.704,74.154,52.596,1882.787,143.77,23.878,82.472,246,58.493,34.724,0,0
A043,06-01-2025 11:00,A043-ENG,Engine,74.988,2.617,77.777,52.855,1810.329,144.704,23.296,77.253,232,56.042,28.875,0,0
A043,06-01-2025 15:00,A043-ENG,Engine,79.308,3.202,77.31,57.047,1764.018,151.61,23.866,78.803,578,61.088,33.005,0,0
A043,06-01-2025 16:00,A043-ENG,Engine,75.871,2.951,73.787,51.266,1731.397,142.941,23.786,77.791,237,52.32,30.262,0,1
A043,06-01-2025 19:00,A043-ENG,Engine,88.536,5.295,61.117,54.829,1712.991,129.469,23.379,74.442,419,61.454,28.444,1,0
A043,06-01-2025 21:00,A043-ENG,Engine,78.146,2.612,73.853,53.834,1792.567,143.316,23.042,75.71,557,64.557,30.39,0,0
A043,06-01-2025 22:00,A043-ENG,Engine,77.453,2.368,72.824,53.234,1881.93,150.514,24.235,77.876,373,42.415,32.348,0,0
A043,07-01-2025 00:00,A043-ENG,Engine,78.668,3.482,70.08,53.33,1732.191,144.315,23.706,76.784,457,72.58,35.958,0,0
A043,07-01-2025 04:00,A043-ENG,Engine,75.698,2.786,73.043,53.551,1750.047,146.503,23.326,76.561,642,73.84,20.481,0,0
A043,07-01-2025 07:00,A043-ENG,Engine,73.796,2.595,75.996,54.958,1737.704,149.651,23.495,76.217,433,54.661,28.815,0,0
A043,07-01-2025 13:00,A043-ENG,Engine,76.956,2.906,76.041,50.759,1792.308,151.923,23.341,77.834,607,61.077,32.509,0,1
A043,07-01-2025 19:00,A043-ENG,Engine,85.39,5.579,60.48,53.129,1808.652,135.132,23.435,77.318,586,55.696,29.188,1,1
A043,07-01-2025 20:00,A043-ENG,Engine,75.63,3.078,71.474,54.241,1724.241,147.183,23.151,78.298,296,57.615,38.056,0,0
A043,08-01-2025 00:00,A043-ENG,Engine,71.765,2.925,73.532,54.148,2001.056,151.232,23.895,78.882,453,66.64,44.928,0,0
A043,08-01-2025 02:00,A043-ENG,Engine,77.645,3.071,77.802,52.536,1889.44,144.62,23.861,77.597,340,50.243,33.474,0,0
A043,08-01-2025 05:00,A043-ENG,Engine,79.379,3.081,77.699,54.725,1665.706,143.502,22.701,80.291,426,59.229,29.466,0,1
A043,08-01-2025 07:00,A043-ENG,Engine,79.924,3.052,73.578,52.488,1864.315,145.575,23.717,76.311,654,72.834,34.439,0,0
A043,08-01-2025 09:00,A043-ENG,Engine,76.952,3.521,79.493,54.232,1940.99,146.342,23.686,78.097,631,67.852,27.396,0,0
A043,08-01-2025 18:00,A043-ENG,Engine,82.618,3.195,70.194,57.392,1761.513,144.186,23.953,80.406,607,65.922,33.618,0,0
A043,08-01-2025 19:00,A043-ENG,Engine,80.081,3.283,70.839,51.885,1896.662,145.072,23.003,79.332,341,71.643,31.331,0,0
A043,09-01-2025 01:00,A043-ENG,Engine,83.46,3.045,69.6,52.325,1669.627,144.46,23.344,76.343,686,59.454,27.979,0,0
A043,09-01-2025 04:00,A043-ENG,Engine,78.879,2.534,72.516,52.264,1982.221,149.898,22.957,80.322,416,57.046,38.177,0,0
A043,09-01-2025 10:00,A043-ENG,Engine,74.613,3.252,72.038,52.609,1768.297,149.184,23.338,76.716,537,70.106,21.527,0,0
A043,09-01-2025 17:00,A043-ENG,Engine,75.137,3.41,74.874,55.875,1808.892,148.044,23.449,82.961,691,68.432,26.311,0,0
A043,09-01-2025 19:00,A043-ENG,Engine,78.134,2.925,75.875,55.041,1753.885,141.472,23.06,81.007,357,74.689,36.847,0,0
A043,09-01-2025 20:00,A043-ENG,Engine,78.787,3.497,67.556,55.755,1870.784,150.805,23.273,80.199,636,57.581,33.171,0,1
A043,09-01-2025 21:00,A043-ENG,Engine,76.509,3.501,77.477,54.353,1759.686,138.984,23.629,80.328,556,70.574,28.17,0,0
A043,10-01-2025 09:00,A043-ENG,Engine,78.024,2.523,72.083,52.593,1782.765,141.893,23.721,82.971,493,82.751,19.732,0,0
A043,10-01-2025 10:00,A043-ENG,Engine,80.651,2.981,72.055,53.84,1875.437,147.186,23.276,80.775,515,57.551,33.436,0,1
A043,10-01-2025 18:00,A043-ENG,Engine,80.246,3.313,76.92,52.162,1792.969,147.757,23.579,79.847,611,58.469,23.282,0,1
A043,10-01-2025 21:00,A043-ENG,Engine,84.296,3.631,77.861,53.42,1796.678,142.406,23.142,77.466,702,73.741,23.6,0,1
A043,11-01-2025 00:00,A043-ENG,Engine,78.314,2.904,68.906,56.227,1906.194,150.153,23.226,77.27,683,65.601,19.67,0,0
A043,11-01-2025 04:00,A043-ENG,Engine,80.072,3.533,75.56,50.634,1844.485,147.094,23.633,80.529,633,63.722,27.702,0,1
A043,11-01-2025 12:00,A043-ENG,Engine,78.75,3.147,74.697,54.493,1784.592,141.603,23.473,78.568,618,52.707,37.148,0,0
A043,11-01-2025 14:00,A043-ENG,Engine,80.273,3.411,72.618,52.5,1686.419,146.92,23.549,80.317,686,70.709,31.698,0,0
A043,11-01-2025 18:00,A043-ENG,Engine,91.763,7.024,57.028,50.761,1603.293,134.574,23.397,78.261,476,74.626,32.806,1,1
A043,11-01-2025 19:00,A043-ENG,Engine,79.409,2.993,73.482,50.539,1634.969,151.312,23.44,80.002,538,64.634,26.335,0,0
A043,12-01-2025 04:00,A043-ENG,Engine,82.513,3.423,72.302,50.073,1814.634,149.929,22.86,81.9,546,71.364,30.281,1,1
A043,12-01-2025 06:00,A043-ENG,Engine,80.72,3.67,73.284,52.489,1937.629,146.988,22.901,79.246,610,65.941,31.42,0,1
A043,12-01-2025 07:00,A043-ENG,Engine,76.37,3.087,69.702,56.948,1718.724,148.875,24.063,82.715,494,75.121,26.596,0,0
A043,12-01-2025 17:00,A043-ENG,Engine,84.297,3.072,72.322,52.825,1857.395,140.429,22.668,84.38,704,63.564,27.25,0,0
A043,12-01-2025 18:00,A043-ENG,Engine,84.731,3.653,75.349,53.643,1713.943,143.509,22.805,79.961,467,76.648,28.936,1,0
A043,13-01-2025 01:00,A043-ENG,Engine,79.98,3.185,69.058,54.968,1817.702,143.64,22.508,82.053,568,73.099,41.118,1,1
A043,13-01-2025 02:00,A043-ENG,Engine,78.116,3.172,68.279,56.027,1867.603,145.845,22.767,82.499,456,65.507,37.46,0,0
A043,13-01-2025 04:00,A043-ENG,Engine,92.541,6.11,55.171,52.813,1732.285,140.161,23.299,83.025,470,76.684,34.003,1,1
A043,13-01-2025 07:00,A043-ENG,Engine,81.449,3.834,68.282,49.503,1840.339,147.269,22.719,85.926,508,77.574,32.379,1,1
A043,13-01-2025 09:00,A043-ENG,Engine,85.92,4.035,71.488,54.137,1797.355,142.217,22.965,82.405,463,75.265,31.418,1,0
A043,13-01-2025 13:00,A043-ENG,Engine,83.915,4.108,71.46,50.85,1634.525,143.069,24.071,84.288,472,76.483,23.142,1,1
A043,13-01-2025 15:00,A043-ENG,Engine,82.507,3.514,72.476,52.196,1757.335,157.145,23.054,84.272,779,67.45,19.497,1,0
A043,13-01-2025 17:00,A043-ENG,Engine,80.584,3.331,77.805,48.411,1912.017,145.586,23.133,83.484,747,78.631,27.291,1,0
A043,13-01-2025 23:00,A043-ENG,Engine,82.68,3.76,69.072,54.855,1808.434,145.002,23.319,82.662,796,61.697,27.94,1,0
A043,14-01-2025 03:00,A043-ENG,Engine,82.051,3.593,68.407,54.113,1990.142,145.679,22.92,82.737,694,69.917,30.515,1,0
A043,14-01-2025 10:00,A043-ENG,Engine,80.96,3.834,73.253,53.476,1836.736,144.921,23.492,84.005,699,67,31.976,1,0
A043,14-01-2025 13:00,A043-ENG,Engine,81.095,3.709,72.339,52.175,1725.248,148.727,23.165,78.836,489,67.089,25.353,1,0
A043,14-01-2025 14:00,A043-ENG,Engine,87.847,3.817,68.991,52.646,1714.018,150.508,22.949,81.035,792,76.576,28.862,1,0
A043,14-01-2025 18:00,A043-ENG,Engine,81.542,4.323,70.093,52.132,1888.492,150.145,23.253,82.83,751,75.706,27.998,1,1
A043,14-01-2025 19:00,A043-ENG,Engine,75.918,3.013,69.981,53.096,1872.478,146.159,23.059,85.421,454,71.068,37.522,1,1
A043,14-01-2025 21:00,A043-ENG,Engine,84.337,3.772,69.463,52.048,1968.169,150.741,22.849,84.226,524,70.485,33.957,1,0
A043,15-01-2025 05:00,A043-ENG,Engine,81.11,4.5,71.3,51.353,1831.955,143.95,23.237,82.294,511,77.922,38.563,1,1
A043,15-01-2025 08:00,A043-ENG,Engine,80.229,3.135,69.316,54.682,1659.927,142.271,23.266,86.436,651,65.303,26.055,1,0
A043,15-01-2025 18:00,A043-ENG,Engine,82.368,3.254,67.594,50.802,1640.303,146.451,22.934,84.044,779,65.149,39.082,1,1
A043,15-01-2025 23:00,A043-ENG,Engine,89.61,6.192,57.726,52.098,1790.675,133.622,22.9,83.987,659,74.808,29.426,1,0
A043,16-01-2025 06:00,A043-ENG,Engine,86.467,3.8,68.315,50.592,1888.86,147.27,22.547,84.876,777,77.468,27.85,1,1
A043,16-01-2025 08:00,A043-ENG,Engine,82.15,3.319,63.629,50.159,1799.519,139.691,23.791,86.689,502,77.059,34.635,1,0
A043,16-01-2025 14:00,A043-ENG,Engine,84.878,3.876,66.96,53.927,1619.119,144.302,22.409,83.763,534,80.004,27.52,1,1
A043,17-01-2025 00:00,A043-ENG,Engine,82.253,3.769,70.889,52.337,1782.622,147.789,22.571,78.356,761,65.808,35.071,1,1
A043,17-01-2025 01:00,A043-ENG,Engine,77.857,3.93,72.964,50.547,1782.761,151.351,22.913,83.57,809,57.658,20.537,1,1
A043,17-01-2025 04:00,A043-ENG,Engine,82.684,4.047,71.353,53.773,1952.359,151.173,23.046,86.504,536,81.094,29.03,1,0
A043,17-01-2025 05:00,A043-ENG,Engine,88.36,3.925,69.24,52.242,1830.212,149.815,22.95,85.071,637,82.065,22.156,1,1
A043,17-01-2025 09:00,A043-ENG,Engine,84.505,4.098,67.355,52.7,1807.917,142.364,21.977,84.289,501,80.655,27.663,1,1
A043,17-01-2025 14:00,A043-ENG,Engine,84.334,3.197,70.019,51.42,1818.583,148.896,22.441,86.607,711,66.902,39.316,1,0
A044,01-01-2025 02:00,A044-ENG,Engine,75.052,2.575,78.492,53.522,1731.549,154.633,24.042,76.512,460,67.165,41.526,0,0
A044,01-01-2025 06:00,A044-ENG,Engine,71.154,2.603,74.283,53.519,1779.623,142.409,23.815,73.017,419,50.334,30.622,0,0
A044,01-01-2025 07:00,A044-ENG,Engine,72.394,2.727,73.927,51.12,1756.948,146.209,24.334,79.555,388,66.348,30.534,0,0
A044,01-01-2025 09:00,A044-ENG,Engine,69.364,2.743,76.999,56.012,1809.24,147.567,23.971,74.601,505,47.888,22.599,0,0
A044,01-01-2025 22:00,A044-ENG,Engine,76.713,2.766,75.651,54.208,1826.227,159.879,24.166,74.831,385,51.755,30.858,0,1
A044,02-01-2025 00:00,A044-ENG,Engine,72.717,3.031,74.437,54.666,1844.244,146.215,23.516,75.791,517,70.688,43.389,0,1
A044,02-01-2025 01:00,A044-ENG,Engine,75.855,2.769,77.927,53.986,1789.878,149.411,23.776,78.97,157,51.654,36.809,0,0
A044,02-01-2025 02:00,A044-ENG,Engine,71.393,2.685,75.569,56.289,2020.504,150.231,23.873,76.449,197,68.808,31.368,0,0
A044,02-01-2025 07:00,A044-ENG,Engine,72.338,3.17,75.641,54.551,1944.115,150.02,23.655,74.493,194,59.043,29.465,0,0
A044,02-01-2025 17:00,A044-ENG,Engine,74.137,2.649,78.355,56.287,1921.311,146.255,25.006,78.417,277,65.031,31.504,0,1
A044,02-01-2025 18:00,A044-ENG,Engine,78.984,2.571,76.846,56.854,1696.548,152.662,23.199,76.329,482,76.795,35.45,0,0
A044,03-01-2025 00:00,A044-ENG,Engine,76.8,3.261,76.216,55.12,1978.36,142.656,24.525,75.929,535,54.181,32.944,0,0
A044,03-01-2025 04:00,A044-ENG,Engine,77.688,2.545,77.279,54.271,1725.472,147.877,23.638,79.024,376,58.587,34.983,0,0
A044,03-01-2025 08:00,A044-ENG,Engine,75.689,2.712,75.413,53.222,1852.502,152.836,24.112,74.82,351,60.94,29.779,0,1
A044,03-01-2025 10:00,A044-ENG,Engine,73.909,2.553,74.396,55.9,1876.554,150.215,24.094,76.036,245,53.689,28.775,0,0
A044,03-01-2025 17:00,A044-ENG,Engine,76.986,3.109,75.603,56.013,1783.402,151.21,23.621,77.989,311,57.392,27.056,0,0
A044,03-01-2025 21:00,A044-ENG,Engine,74.193,3.227,71.053,54.698,1758.898,146.452,24.558,77.723,368,46.464,29.141,0,0
A044,04-01-2025 05:00,A044-ENG,Engine,78.694,3.219,73.011,53.412,1625.101,158.194,23.461,78.051,445,63.794,26.041,0,0
A044,04-01-2025 11:00,A044-ENG,Engine,79.894,3.157,73.045,53.241,1645.318,146.717,23.781,79.285,332,45.663,26.902,0,0
A044,04-01-2025 19:00,A044-ENG,Engine,78.175,3.124,69.709,55.596,1805.866,149.577,23.726,77.258,551,72.946,34.657,0,0
A044,04-01-2025 21:00,A044-ENG,Engine,72.143,3.133,75.677,57.296,1795.586,147.234,23.603,74.855,226,62.39,38.871,0,0
A044,04-01-2025 23:00,A044-ENG,Engine,77.197,3.165,75.226,53.272,1673.363,150.046,23.289,76.274,289,70.301,33.38,0,0
A044,05-01-2025 02:00,A044-ENG,Engine,76.684,2.985,74.2,55.409,1751.977,145.435,23.312,74.468,359,62.787,31.681,0,0
A044,05-01-2025 05:00,A044-ENG,Engine,78.309,3.215,73.35,55.069,1789.805,142.854,23.49,73.801,345,79.688,21.551,0,1
A044,05-01-2025 06:00,A044-ENG,Engine,74.789,3.37,71.156,57.153,1839.358,144.616,23.538,75.087,575,58.874,26.46,0,0
A044,05-01-2025 07:00,A044-ENG,Engine,78.733,3.167,77.469,54.525,1938.812,142.663,23.536,78.69,318,57.531,33.678,0,0
A044,05-01-2025 17:00,A044-ENG,Engine,80.23,2.457,73.491,55.457,1746.053,139.967,22.787,77.08,580,57.714,29.342,0,0
A044,05-01-2025 21:00,A044-ENG,Engine,78.24,2.906,71.291,57.021,1704.683,146.244,23.258,75.791,502,66.977,20.628,0,0
A044,06-01-2025 07:00,A044-ENG,Engine,77.374,3.401,76.737,53.558,1821.159,147.483,23.468,77.071,334,59.643,41.984,0,0
A044,06-01-2025 08:00,A044-ENG,Engine,74.228,3.311,75.759,51.656,1719.097,142.626,23.941,81.329,228,59.491,24.664,0,0
A044,06-01-2025 09:00,A044-ENG,Engine,77.128,2.456,72.433,54.13,1804.635,146.587,23.808,79.427,499,67.731,33.068,0,0
A044,06-01-2025 11:00,A044-ENG,Engine,75.168,3.668,73.247,53.881,1844.496,154.9,23.278,77.67,585,64.101,36.064,0,0
A044,06-01-2025 13:00,A044-ENG,Engine,77.354,2.63,74.163,53.391,1654.906,145.189,22.854,74.388,266,70.853,33.887,0,0
A044,06-01-2025 15:00,A044-ENG,Engine,77.391,4.103,73.409,57.359,1816.895,144.359,23.651,78.295,407,57.75,29.681,0,0
A044,06-01-2025 23:00,A044-ENG,Engine,79.25,3.152,77.553,54.301,1736.802,146.471,23.625,80.513,479,80.272,35.251,0,1
A044,07-01-2025 00:00,A044-ENG,Engine,77.902,2.673,75.722,53.08,1681.81,144.521,24.257,75.656,471,63.327,27.722,0,0
A044,07-01-2025 06:00,A044-ENG,Engine,77.671,3.308,70.566,52.259,1842.245,143.554,24.219,79.305,565,70.938,40.669,0,0
A044,07-01-2025 19:00,A044-ENG,Engine,75.56,3.432,69.089,52.669,1845.831,142.825,23.709,76.868,653,75.419,29.246,0,0
A044,08-01-2025 00:00,A044-ENG,Engine,77.4,3.521,67.717,53.43,1831.511,151.024,23.53,81.914,551,62.115,32.614,0,1
A044,08-01-2025 03:00,A044-ENG,Engine,78.126,2.708,70.789,52.87,1767.35,150.795,23.718,80.097,625,75.248,28.069,0,0
A044,08-01-2025 06:00,A044-ENG,Engine,82.604,3.275,71.318,52.308,1795.401,150.158,23.845,80.118,592,73.467,31.703,0,1
A044,08-01-2025 11:00,A044-ENG,Engine,78.033,3.417,74.452,49.377,1929.49,145.986,24.043,81.005,642,65.177,34.358,0,0
A044,08-01-2025 12:00,A044-ENG,Engine,79.517,3.37,72.43,56.705,1708.513,152.799,23.02,80.843,309,63.242,20.396,0,0
A044,08-01-2025 13:00,A044-ENG,Engine,82.767,3.568,71.616,53.15,1834.663,138.084,23.947,79.145,426,70.692,23.162,0,0
A044,08-01-2025 14:00,A044-ENG,Engine,77.157,2.651,72.176,58.078,1939.401,145.82,23.002,80.888,529,72.173,22.033,0,1
A044,08-01-2025 15:00,A044-ENG,Engine,80.321,3.757,73.883,56.441,1657.444,155.765,23.372,80.784,439,80.564,31.714,1,0
A044,08-01-2025 17:00,A044-ENG,Engine,77.006,3.801,72.031,53.794,1928.405,147.893,23.927,79.763,299,53.875,32.597,0,0
A044,08-01-2025 19:00,A044-ENG,Engine,80.746,3.208,69.321,53.369,1802.847,140.914,23.581,83.341,321,65.82,38.792,0,0
A044,09-01-2025 03:00,A044-ENG,Engine,84.88,3.541,73.91,52.964,1708.394,148.469,23.378,80.03,295,71.276,26.727,1,1
A044,09-01-2025 07:00,A044-ENG,Engine,78.649,2.913,75.168,51.987,1663.6,145.865,23.286,84.111,594,56.422,28.416,0,0
A044,09-01-2025 10:00,A044-ENG,Engine,75.899,3.143,73.273,54.164,2005.289,142.697,23.753,80.755,341,58.297,33.089,0,0
A044,09-01-2025 15:00,A044-ENG,Engine,81.38,3.478,71.103,51.673,1943.472,147.927,23.433,82.551,416,75.024,31.926,1,0
A044,09-01-2025 16:00,A044-ENG,Engine,93.951,5.739,58.209,50.733,1774.707,126.2,23.725,77.895,439,65.537,31.14,1,1
A044,09-01-2025 17:00,A044-ENG,Engine,79.881,3.619,67.665,54.934,1816.965,146.255,23.562,80.688,524,74.955,40.043,1,0
A044,09-01-2025 19:00,A044-ENG,Engine,77.236,2.576,70.541,53.471,1666.047,154.573,23.457,78.067,400,74.149,30.931,0,0
A044,10-01-2025 03:00,A044-ENG,Engine,93.404,6.012,59.998,55.515,1787.156,134.774,23.023,79.691,422,71.525,35.296,1,1
A044,10-01-2025 06:00,A044-ENG,Engine,82.613,3.957,70.16,54.771,1776.381,152.993,22.696,80.088,562,69.526,32.195,1,0
A044,10-01-2025 09:00,A044-ENG,Engine,80.96,3.519,67.647,55.239,1842.304,150.058,23.231,79.789,329,75.385,28.306,1,0
A044,10-01-2025 17:00,A044-ENG,Engine,85.591,4.146,68.637,53.303,1776.49,145.567,23.121,83.923,467,71.684,32.237,1,1
A044,10-01-2025 21:00,A044-ENG,Engine,82.49,4.143,71.563,54.514,1910.023,148.822,23.48,78.967,493,61.791,27.379,1,0
A044,10-01-2025 22:00,A044-ENG,Engine,79.796,4.403,73.136,56.057,1729.671,144.054,22.944,80.793,736,75.6,27.08,1,0
A044,10-01-2025 23:00,A044-ENG,Engine,81.512,3.613,76.26,53.764,1477.65,151.811,23.675,80.913,539,76.996,33.292,1,1
A044,11-01-2025 02:00,A044-ENG,Engine,81.692,3.341,72.276,55.884,1674.617,146.543,23.305,81.401,561,84.723,24.907,1,0
A044,11-01-2025 04:00,A044-ENG,Engine,93.929,6.391,60.92,53.261,1915.622,131.361,23.284,80.734,673,81.193,30.297,1,1
A044,11-01-2025 05:00,A044-ENG,Engine,85.181,3.982,73.65,48.533,1781.146,145.485,23.652,80.717,678,68.897,24.442,1,1
A044,11-01-2025 14:00,A044-ENG,Engine,85.316,3.776,67.661,54.263,1930.369,145.391,23.112,82.357,413,79.754,33.214,1,1
A044,11-01-2025 15:00,A044-ENG,Engine,85.807,3.084,72.425,49.186,1761.559,145.963,23.209,80.848,355,70.502,26.781,1,1
A044,12-01-2025 02:00,A044-ENG,Engine,81.939,3.572,70.947,52.457,1814.918,152.717,22.811,84.601,636,67.092,29.554,1,0
A044,12-01-2025 04:00,A044-ENG,Engine,84.185,3.801,68.295,52.014,1762.952,149.484,23.498,81.884,716,77.4,28.646,1,1
A044,12-01-2025 06:00,A044-ENG,Engine,81.183,4.073,69.275,53.603,1807.096,142.611,23.161,84.6,390,89.779,35.483,1,1
A044,12-01-2025 10:00,A044-ENG,Engine,81.584,2.768,68.279,50.866,1796.59,145.473,22.442,80.783,746,76.276,32.548,1,0
A044,12-01-2025 18:00,A044-ENG,Engine,79.184,3.295,75.067,52.825,1788.872,144.627,23.16,78.443,651,82.075,27.914,1,1
A044,13-01-2025 03:00,A044-ENG,Engine,83.535,4.384,67.289,54.732,1761.88,141.864,23.489,85.137,556,72.844,39.326,1,0
A044,13-01-2025 08:00,A044-ENG,Engine,84.921,4.161,69.426,54.262,1677.719,147.95,23.184,82.665,714,77.538,31.681,1,1
A044,13-01-2025 12:00,A044-ENG,Engine,84.742,3.854,72.9,54.699,1767.733,143.982,23.019,84.688,737,100,30.783,1,1
A044,13-01-2025 19:00,A044-ENG,Engine,84.318,3.836,73.479,53.588,2039.911,148.941,22.972,82.01,425,85.215,32.459,1,1
A044,14-01-2025 04:00,A044-ENG,Engine,99.368,8.312,58.64,53.214,1653.833,143.95,23.314,82.086,705,89.623,23.259,1,1
A044,14-01-2025 07:00,A044-ENG,Engine,94.4,6.298,51.598,53.335,1816.609,133.043,23.415,86.147,763,67.899,30.136,1,0
A044,14-01-2025 17:00,A044-ENG,Engine,96.432,6.405,63.283,57.728,2045.488,140.645,23.274,81.555,617,63.614,32.518,1,1
A044,14-01-2025 18:00,A044-ENG,Engine,86.204,3.679,69.18,49.874,1731.157,145.241,23.082,80.813,671,80.693,32.186,1,1
A044,14-01-2025 20:00,A044-ENG,Engine,86.944,3.817,72.399,55.097,1930.08,144.514,22.675,83.676,800,74.927,21.66,1,1
A044,14-01-2025 22:00,A044-ENG,Engine,87.042,4.599,71.515,52.919,1753.847,152.001,22.489,83.149,661,81.891,30.87,1,1
A044,15-01-2025 00:00,A044-ENG,Engine,84.907,4.303,68.226,52.417,1713.569,142.687,22.989,84.328,604,95.071,28.979,1,1
A044,15-01-2025 04:00,A044-ENG,Engine,80.399,3.892,69.715,48.603,1869.724,149.568,23.132,81.16,527,82.818,33.956,1,1
A044,15-01-2025 06:00,A044-ENG,Engine,85.07,3.567,64.405,51.126,1766.267,142.077,23.52,84.925,461,78.006,29.237,1,1
A044,15-01-2025 12:00,A044-ENG,Engine,86.73,4.446,75.561,49.716,1727.855,151.218,22.962,80.015,554,80.921,25.754,1,1
A044,15-01-2025 13:00,A044-ENG,Engine,82.853,3.987,69.377,51.806,1752.876,147.051,22.425,83.378,551,76.708,28.278,1,1
A044,15-01-2025 17:00,A044-ENG,Engine,81.623,3.902,71.364,54.022,1877.698,149.867,22.876,81.95,581,84.694,30.351,1,1
A044,15-01-2025 20:00,A044-ENG,Engine,82.311,3.773,69.881,49.357,1860.849,147.452,22.922,84.082,788,71.036,36.053,1,1
A044,16-01-2025 01:00,A044-ENG,Engine,87.988,3.791,66.276,49.972,1817.451,147.024,23.445,82.356,798,77.141,31.52,1,0
A044,16-01-2025 02:00,A044-ENG,Engine,91.479,4.436,69.224,51.742,1856.414,149.117,22.5,83.187,545,74.981,24.028,1,1
A044,16-01-2025 07:00,A044-ENG,Engine,85.793,4.102,65.894,52.954,1707.59,147.191,22.78,80.817,809,79.66,39.997,1,1
A044,16-01-2025 15:00,A044-ENG,Engine,87.216,4.332,68.922,50.059,1853.123,150.425,22.972,89.497,477,74.687,21.166,1,1
A044,16-01-2025 16:00,A044-ENG,Engine,84.87,4.154,64.872,53.365,1840.834,143.526,22.766,81.761,563,92.533,32.14,1,1
A044,16-01-2025 21:00,A044-ENG,Engine,83.134,3.835,66.344,51.48,1890.691,146.524,22.485,86.077,544,73.295,35.354,1,1
A044,16-01-2025 22:00,A044-ENG,Engine,88.226,3.087,67.33,52.021,1927.896,146.162,22.744,84.832,683,71.788,22.495,1,1
A044,17-01-2025 06:00,A044-ENG,Engine,82.825,4.438,65.749,49.635,1819.751,148.734,22.679,85.98,500,81.764,31.959,1,0
A044,17-01-2025 11:00,A044-ENG,Engine,84.286,4.09,70.376,51.604,1971.556,148.997,23.06,82.646,894,77.419,33.454,1,1
A044,17-01-2025 13:00,A044-ENG,Engine,89.083,3.917,69.421,53.112,1800.418,147.024,22.473,84.857,838,79.441,36.944,1,1
A045,01-01-2025 01:00,A045-ENG,Engine,69.484,2.547,78.357,54.367,1774.903,142.883,23.947,74.79,262,42.384,24.868,0,0
A045,01-01-2025 04:00,A045-ENG,Engine,67.966,2.384,75.242,58.59,1937.054,143.503,24.105,74.921,462,42.489,34.099,0,0
A045,01-01-2025 05:00,A045-ENG,Engine,70.172,2.985,78.931,58.188,1849.53,154.579,23.663,72.494,465,65.685,43.234,0,0
A045,01-01-2025 07:00,A045-ENG,Engine,71.424,1.456,76.245,56.188,1613.706,149.281,23.94,74.601,120,57.015,23.706,0,0
A045,01-01-2025 09:00,A045-ENG,Engine,70.343,2.169,76.713,57.428,1856.903,152.966,24.012,76.314,246,67.761,30.722,0,0
A045,01-01-2025 21:00,A045-ENG,Engine,72.797,2.063,83.546,51.343,1712.375,143.539,23.539,74.153,123,60.046,19.443,0,1
A045,01-01-2025 23:00,A045-ENG,Engine,72.56,1.844,80.198,58.107,1734.397,149.759,24.159,76.141,496,46.484,39.072,0,0
A045,02-01-2025 10:00,A045-ENG,Engine,72.14,2.998,74.995,56.171,1795.364,151.523,23.87,75.118,140,42.388,30.192,0,0
A045,02-01-2025 13:00,A045-ENG,Engine,72.824,2.736,75.839,55.572,1755.101,147.555,23.46,73.836,324,58.382,32.72,0,0
A045,02-01-2025 15:00,A045-ENG,Engine,74.148,2.359,76.741,51.849,1722.16,151.641,24.135,77.422,159,65.192,29.877,0,1
A045,02-01-2025 21:00,A045-ENG,Engine,73.311,2.256,78.817,55.552,1719.964,148.131,24.216,78.54,224,42.701,32.772,0,1
A045,03-01-2025 01:00,A045-ENG,Engine,88.989,4.081,65.02,52.293,1733.586,139.596,23.646,76.93,381,65.487,26.932,1,0
A045,03-01-2025 02:00,A045-ENG,Engine,72.209,2.211,78.785,54.8,1872.812,145.003,23.343,79.367,489,72.143,23.99,0,0
A045,03-01-2025 04:00,A045-ENG,Engine,71.411,1.557,77.256,54.542,1878.17,144.183,23.817,72.18,412,62.595,29.017,0,0
A045,03-01-2025 11:00,A045-ENG,Engine,74.07,2.03,75.153,54.519,1897.746,148.143,23.327,78.505,521,39.871,31.245,0,0
A045,03-01-2025 15:00,A045-ENG,Engine,73.106,2.873,70.409,56.804,1794.763,154.741,23.745,77.923,163,51.634,30.984,0,0
A045,03-01-2025 18:00,A045-ENG,Engine,73.853,2.108,78.555,51.594,1673.73,145.552,24.416,75.339,563,61.866,38.792,0,0
A045,04-01-2025 02:00,A045-ENG,Engine,79.111,2.462,74.846,53.538,1844.776,151.98,23.89,74.232,442,61.146,29.048,0,0
A045,04-01-2025 07:00,A045-ENG,Engine,77.427,3.112,80.197,56.176,1772.015,147.884,23.807,78.245,205,63.508,35.923,0,1
A045,04-01-2025 09:00,A045-ENG,Engine,73.728,2.634,72.623,55.445,2023.251,146.319,23.529,76.095,444,56.931,31.227,0,0
A045,04-01-2025 10:00,A045-ENG,Engine,75.878,3.692,71.415,56.783,1819.665,145.191,23.546,80.453,577,57.765,38.513,0,0
A045,04-01-2025 16:00,A045-ENG,Engine,72.835,2.262,76.64,54.169,1800.952,150.103,23.636,79.275,365,59.456,30.312,0,0
A045,04-01-2025 19:00,A045-ENG,Engine,73.119,2.462,76.226,53.296,1640.223,145.651,22.867,77.904,213,52.236,23.226,0,0
A045,05-01-2025 05:00,A045-ENG,Engine,77.735,2.969,74.545,51.696,1786.264,147.552,23.864,76.315,222,61.374,35.297,0,0
A045,05-01-2025 10:00,A045-ENG,Engine,72.57,2.509,79.075,53.964,1800.222,146.411,24.464,78.818,315,52.094,31.706,0,0
A045,05-01-2025 18:00,A045-ENG,Engine,76.585,2.474,78.813,55.874,1789.706,148.33,23.653,78.754,416,48.086,36.448,0,0
A045,05-01-2025 23:00,A045-ENG,Engine,70.615,3.009,68.063,53.416,1856.933,149.448,23.719,79.392,553,63.645,39.426,0,1
A045,06-01-2025 10:00,A045-ENG,Engine,82.722,2.955,78.79,53.984,1813.837,141.803,23.857,78.876,485,61.62,26.972,0,1
A045,06-01-2025 11:00,A045-ENG,Engine,75.935,3.086,78.848,54.309,1838.876,146.588,23.8,79.656,394,61.641,37.388,0,1
A045,06-01-2025 15:00,A045-ENG,Engine,79.815,2.952,75.518,52.271,1798.499,145.663,22.971,79.223,346,60.044,29.937,0,0
A045,06-01-2025 19:00,A045-ENG,Engine,78.8,3.013,73.375,53.898,1659.864,154.968,23.196,75.919,380,54.038,28.082,0,0
A045,07-01-2025 01:00,A045-ENG,Engine,76.392,2.861,73.794,52.573,1961.288,148.376,23.529,79.677,531,55.611,32.089,0,0
A045,07-01-2025 04:00,A045-ENG,Engine,73.474,3.116,77.968,52.888,1792.969,147.825,23.437,80.217,503,62.223,26.786,0,0
A045,07-01-2025 10:00,A045-ENG,Engine,73.757,2.872,76.553,52.42,1870.821,147.072,23.345,78.618,597,61.81,28.96,0,0
A045,07-01-2025 13:00,A045-ENG,Engine,76.16,2.581,75.127,50.936,1834.023,143.186,23.957,77.867,362,69.575,27.245,0,1
A045,07-01-2025 14:00,A045-ENG,Engine,75.666,2.978,72.093,56.613,1850.594,152.237,23.114,77.134,393,60.34,33.749,0,0
A045,07-01-2025 15:00,A045-ENG,Engine,78.305,3.203,74.307,56.085,1777.823,153.067,23.602,79.875,541,46.615,32.522,0,0
A045,07-01-2025 17:00,A045-ENG,Engine,90.753,5.22,65.846,52.197,1716.672,139.775,23.641,80.647,491,62.21,36.882,1,0
A045,07-01-2025 23:00,A045-ENG,Engine,72.736,3.688,78.081,53.735,1857.252,146.514,23.887,78.835,462,65.087,28.55,0,0
A045,08-01-2025 04:00,A045-ENG,Engine,73.85,3.107,74.054,53.689,1791.837,150.017,23.272,79.038,659,58.503,27.135,0,0
A045,08-01-2025 05:00,A045-ENG,Engine,77.594,2.933,76.858,53.328,1943.119,142.512,22.908,82.376,562,58.741,25.534,0,0
A045,08-01-2025 18:00,A045-ENG,Engine,78.575,2.887,71.99,49.974,1644.084,147.708,23.594,80.031,546,66.435,24.539,0,0
A045,08-01-2025 20:00,A045-ENG,Engine,74.818,3.098,77.548,52.925,1880.152,157.151,23.527,79.84,560,67.689,30.366,0,1
A045,09-01-2025 00:00,A045-ENG,Engine,80.199,2.775,73.72,50.878,1807.336,140.781,23.063,80.1,420,56.156,27.291,0,0
A045,09-01-2025 01:00,A045-ENG,Engine,77.677,3.228,74.928,54.13,1741.578,137.085,22.774,81.196,481,69.363,33.459,0,0
A045,09-01-2025 02:00,A045-ENG,Engine,85.888,4.434,65.772,53.493,1824.854,138.608,23.854,80.907,567,65.175,32.612,1,1
A045,09-01-2025 08:00,A045-ENG,Engine,75.862,3.104,77.116,51.168,1949.92,144.388,22.696,79.566,355,63.354,28.398,0,1
A045,09-01-2025 09:00,A045-ENG,Engine,80.004,3.613,66.626,53.851,1836.415,142.791,22.702,80.076,514,64.67,29.208,0,0
A045,09-01-2025 12:00,A045-ENG,Engine,81.155,2.605,71.031,53.637,1806.333,146.029,22.959,82.685,699,61.835,41.061,0,1
A045,09-01-2025 14:00,A045-ENG,Engine,77.707,3.205,69.816,53.283,1811.84,138.449,22.759,83.415,349,74.536,30.525,0,0
A045,09-01-2025 19:00,A045-ENG,Engine,79.647,3.397,80.82,52.058,1838.487,144.317,22.957,82.354,389,54.459,38.233,0,0
A045,10-01-2025 00:00,A045-ENG,Engine,80.122,2.944,73.128,51.388,1878.528,147.304,22.834,80.015,366,66.009,30.027,0,0
A045,10-01-2025 01:00,A045-ENG,Engine,89.471,5.67,64.365,54.08,1883.705,129.448,23.57,84.12,504,57.441,27.183,1,0
A045,10-01-2025 03:00,A045-ENG,Engine,82.36,3.341,74.933,54.028,1863.916,149.022,23.605,79.961,582,67.462,26.288,0,0
A045,10-01-2025 06:00,A045-ENG,Engine,77.604,3.359,69.942,50.787,1829.563,148.661,23.327,81.703,444,63.564,36.874,0,0
A045,10-01-2025 17:00,A045-ENG,Engine,80.305,3.323,72.554,54.678,1731.038,147.576,23.31,84.693,493,71.77,38.547,0,1
A045,10-01-2025 21:00,A045-ENG,Engine,79.614,3.733,75.899,55.74,1859.368,153.562,24.043,77.893,664,76.252,30.857,0,0
A045,11-01-2025 04:00,A045-ENG,Engine,79.078,3.195,71.793,55.865,1759.41,146.768,22.728,79.292,573,71.248,26.671,0,0
A045,11-01-2025 06:00,A045-ENG,Engine,80.454,3.192,72.324,53.151,1783.052,147.848,22.863,81.655,366,72.047,24.74,0,0
A045,11-01-2025 10:00,A045-ENG,Engine,80.231,3.844,73.201,55.926,1746.933,143.136,23.349,80.179,555,71.226,26.24,0,0
A045,11-01-2025 14:00,A045-ENG,Engine,80.521,2.72,75.069,55.598,1878.248,154.974,23.454,84.003,517,76.557,26.486,0,0
A045,11-01-2025 15:00,A045-ENG,Engine,82.448,3.992,69.956,55.583,2015.759,148.268,23.604,79.212,450,88.927,30.615,1,0
A045,11-01-2025 21:00,A045-ENG,Engine,83.496,3.853,75.127,53.089,1753.738,151.141,23.39,79.395,482,70.798,22.533,1,0
A045,11-01-2025 22:00,A045-ENG,Engine,84.561,3.294,74.289,53.379,1911.272,147.059,23.202,80.775,403,68.926,37.405,0,1
A045,11-01-2025 23:00,A045-ENG,Engine,82.648,3.124,66.617,53.905,1866.304,143.875,23.301,79.871,749,71.493,40.341,1,1
A045,12-01-2025 03:00,A045-ENG,Engine,83.888,3.543,69.461,50.657,1866.13,145.576,22.659,79.277,492,77.877,33.437,1,0
A045,12-01-2025 16:00,A045-ENG,Engine,75.576,3.096,74.452,54.931,1762.314,148.617,22.727,79.977,678,65.462,26.402,0,0
A045,12-01-2025 18:00,A045-ENG,Engine,78.565,2.911,75.251,50.455,1974.759,149.165,23.012,77.544,639,70.19,26.732,0,0
A045,12-01-2025 20:00,A045-ENG,Engine,79.046,3.682,71.691,47.676,1845.781,147.725,23.095,87.471,596,80.896,24.844,1,1
A045,12-01-2025 22:00,A045-ENG,Engine,97.53,5.916,60.82,54.872,1764.286,131.116,23.373,79.208,687,58.319,25.488,1,1
A045,13-01-2025 00:00,A045-ENG,Engine,78.144,3.392,69.483,55.868,1788.798,142.799,22.891,80.1,549,82.288,22.51,1,1
A045,13-01-2025 06:00,A045-ENG,Engine,83.892,4.044,69.349,50.228,1875.297,144.604,22.919,81.401,650,82.3,29.839,1,1
A045,13-01-2025 07:00,A045-ENG,Engine,78.723,3.56,71.76,54.994,1749.901,153.539,23.122,80.355,739,67.487,27.789,1,1
A045,13-01-2025 12:00,A045-ENG,Engine,81.151,3.608,72.53,52.704,1659.197,148.572,23.13,81.211,629,71.39,32.407,1,1
A045,13-01-2025 21:00,A045-ENG,Engine,77.663,3.789,72.886,52.664,1772.722,145.691,22.733,82.135,466,61.262,34.193,0,1
A045,14-01-2025 05:00,A045-ENG,Engine,85.403,3.293,72.714,52.799,1759.637,159.416,22.592,80.286,803,68.339,37.158,1,0
A045,14-01-2025 08:00,A045-ENG,Engine,79.494,3.759,73.067,54.224,1911.723,139.846,21.987,78.356,688,64.172,23.253,1,1
A045,14-01-2025 11:00,A045-ENG,Engine,80.041,3.375,72.396,53.677,1714.249,146.422,23.285,82.231,553,72.535,28.123,1,1
A045,14-01-2025 14:00,A045-ENG,Engine,85.921,3.407,70.953,50.375,1962.891,150.187,23.424,82.741,463,75.256,24.453,1,1
A045,14-01-2025 18:00,A045-ENG,Engine,80.427,3.779,70.719,50.786,1811.821,143.988,23.276,84.259,560,64.613,28.428,1,1
A045,14-01-2025 20:00,A045-ENG,Engine,79.838,3.23,70.851,54.002,1861.941,143.207,23.528,83.433,520,71.719,22.283,1,1
A045,14-01-2025 21:00,A045-ENG,Engine,85.558,3.626,69.936,50.648,1585.339,146.092,23.226,84.676,799,81.754,37.931,1,1
A045,14-01-2025 23:00,A045-ENG,Engine,80.097,3.367,68.797,49.077,1706.779,142.38,23.648,83.152,437,78.119,37.779,1,0
A045,15-01-2025 00:00,A045-ENG,Engine,80.311,3.869,69.006,50.693,1784.29,146.367,23.426,82.763,648,79.594,33.943,1,0
A045,15-01-2025 02:00,A045-ENG,Engine,80.424,3.502,68.764,56.234,1947.773,149.588,23.661,82.833,737,61.927,29.035,1,0
A045,15-01-2025 04:00,A045-ENG,Engine,83.123,3.379,71.567,55.463,1796.99,147.389,23.027,81.567,559,85.593,23.121,1,0
A045,15-01-2025 09:00,A045-ENG,Engine,82.485,3.839,70.591,51.574,1850.526,146.446,22.957,81.751,596,90.898,24.975,1,0
A045,16-01-2025 02:00,A045-ENG,Engine,84.167,4.331,71.31,53.631,1844.707,143.453,22.82,84.372,464,73.628,29.286,1,1
A045,16-01-2025 06:00,A045-ENG,Engine,85.688,4.324,72.907,53.47,1736.225,137.638,22.889,84.147,861,80.579,25.351,1,1
A045,16-01-2025 08:00,A045-ENG,Engine,86.643,3.566,67.205,50.244,1661.152,144.054,23.147,86.121,601,77.139,30.079,1,0
A045,16-01-2025 11:00,A045-ENG,Engine,86.151,3.534,74.272,50.864,1918.551,147.554,22.147,85.295,799,75.904,31.678,1,0
A045,16-01-2025 12:00,A045-ENG,Engine,84.06,4.359,68.093,52.324,1690.035,144.1,22.804,83.466,623,73.014,30.763,1,0
A045,16-01-2025 13:00,A045-ENG,Engine,84.302,3.496,70.722,51.683,1866.316,141.715,22.92,83.233,579,78.17,30.544,1,1
A045,16-01-2025 17:00,A045-ENG,Engine,87.486,3.208,71.283,51.415,1787.405,147.416,22.76,84.579,619,77.107,29.808,1,0
A045,16-01-2025 18:00,A045-ENG,Engine,84.367,3.571,73.513,51.841,1839.666,145.417,22.465,85.331,592,76.021,27.69,1,1
A045,16-01-2025 19:00,A045-ENG,Engine,97.681,5.78,60.53,53.721,1808.942,126.179,22.311,84.818,818,73.335,33.885,1,1
A045,16-01-2025 22:00,A045-ENG,Engine,84.642,3.387,72.812,52.377,1913.539,144.427,22.749,83.69,873,68.216,31.108,1,0
A045,17-01-2025 01:00,A045-ENG,Engine,83.212,3.871,71.469,53.061,1794.78,151.184,22.613,84.021,884,80.95,29.932,1,1
A045,17-01-2025 08:00,A045-ENG,Engine,86.836,3.498,70.993,53.468,1792.145,143.866,22.671,85.423,542,70.241,30.835,1,0
A046,01-01-2025 01:00,A046-ENG,Engine,72.538,2.338,72.774,56.132,1836.47,151.574,23.813,75.056,249,60.076,30.703,0,0
A046,01-01-2025 02:00,A046-ENG,Engine,70.976,2.608,75.724,54.904,1739.385,149.363,23.425,69.16,108,46.737,30.474,0,0
A046,01-01-2025 14:00,A046-ENG,Engine,74.008,1.95,77.621,54.129,1853.9,150.507,24.6,76.599,301,48.934,27.731,0,0
A046,01-01-2025 23:00,A046-ENG,Engine,74.183,2.642,72.945,53.951,1775.931,145.683,23.669,74.84,160,57.282,29.151,0,1
A046,02-01-2025 01:00,A046-ENG,Engine,73.314,2.706,75.467,57.097,1974.382,150.37,23.729,79.449,330,70.522,31.76,0,0
A046,02-01-2025 05:00,A046-ENG,Engine,75.502,1.9,74.038,56.28,1725.46,146.888,23.913,74.359,310,66.165,31.848,0,0
A046,02-01-2025 07:00,A046-ENG,Engine,78.758,2.408,76.81,56.024,1859.587,154.56,23.587,75.647,157,54.259,22.452,0,0
A046,02-01-2025 10:00,A046-ENG,Engine,76.264,2.022,73.621,55.681,1758.536,145.227,23.755,75.177,217,56.428,31.578,0,0
A046,02-01-2025 11:00,A046-ENG,Engine,72.717,3.102,73.738,54.061,1658.993,153.593,24.408,74.031,284,52.895,36.18,0,0
A046,02-01-2025 12:00,A046-ENG,Engine,75.658,2.36,75.694,56.324,1676.666,149.24,24.28,78.735,300,47.872,36.06,0,0
A046,02-01-2025 14:00,A046-ENG,Engine,77.467,2.32,76.891,54.203,1708.523,152.507,23.519,76.183,303,55.375,24.178,0,0
A046,02-01-2025 20:00,A046-ENG,Engine,75.102,2.66,76.392,54.758,1757.896,150.927,23.898,75.296,378,70.745,22.858,0,0
A046,02-01-2025 22:00,A046-ENG,Engine,76.612,2.945,75.003,52.877,1662.522,154.393,24.027,74.964,528,57.642,27.798,0,0
A046,03-01-2025 02:00,A046-ENG,Engine,74.588,2.229,74.363,52.787,1778.572,144.788,24.034,77.398,424,67.44,23.882,0,0
A046,03-01-2025 04:00,A046-ENG,Engine,77.829,2.95,74.016,52.925,1637.319,146.914,23.764,76.72,231,56.032,31.153,0,0
A046,03-01-2025 08:00,A046-ENG,Engine,74.155,3.118,76.451,50.161,1843.187,155.825,23.612,75.774,324,58.635,29.606,0,0
A046,03-01-2025 15:00,A046-ENG,Engine,72.123,2.8,78.657,53.878,1730.759,156.801,23.545,76.905,412,61.03,30.011,0,0
A046,03-01-2025 18:00,A046-ENG,Engine,75.323,2.717,77.271,53.861,1914.402,148.858,23.818,75.155,178,60.274,26.961,0,0
A046,04-01-2025 00:00,A046-ENG,Engine,81.648,3.066,74.189,53.655,1902.346,151.584,23.973,78.986,568,62.155,30.791,0,0
A046,04-01-2025 01:00,A046-ENG,Engine,85.564,5.887,68.112,55.364,1920.702,139.925,23.843,77.24,404,49.703,24.68,1,1
A046,04-01-2025 03:00,A046-ENG,Engine,73.981,2.36,73.188,53.638,1779.793,155.18,24.057,73.6,234,57.052,32.028,0,0
A046,04-01-2025 05:00,A046-ENG,Engine,70.536,2.684,71.834,55.755,1753.7,153.258,23.815,73.288,272,69.365,34.394,0,0
A046,04-01-2025 06:00,A046-ENG,Engine,79.254,3.097,79.752,55.529,1677.038,147.307,23.295,75.502,231,58.491,29.232,0,0
A046,04-01-2025 09:00,A046-ENG,Engine,73.829,2.372,75.378,55.738,1810.906,154.76,23.885,76.464,253,50.641,28.838,0,0
A046,04-01-2025 11:00,A046-ENG,Engine,72.569,3.156,72.307,51.951,1620.913,148.543,23.785,77.855,507,59.375,30.145,0,0
A046,04-01-2025 15:00,A046-ENG,Engine,75.956,2.583,79.038,54.026,1894.068,150.614,23.707,77.15,306,57.685,28.724,0,0
A046,04-01-2025 17:00,A046-ENG,Engine,80.038,2.711,78.064,57.992,1855.954,147.341,24.118,74.025,310,51.623,30.533,0,0
A046,04-01-2025 20:00,A046-ENG,Engine,75.483,3.098,77.684,53.517,1712.831,141.308,23.6,74.292,254,44.152,22.071,0,0
A046,04-01-2025 22:00,A046-ENG,Engine,76.973,2.844,69.903,52.953,1967.007,151.236,23.521,77.391,343,74.277,33.181,0,0
A046,05-01-2025 00:00,A046-ENG,Engine,79.431,3.228,71.358,53.557,1658.931,143.703,22.895,79.463,274,67.83,32.683,0,0
A046,05-01-2025 03:00,A046-ENG,Engine,77.112,3.024,70.961,51.694,1859.523,151.432,23.319,77.668,397,46.617,30.805,0,0
A046,05-01-2025 08:00,A046-ENG,Engine,72.073,3.392,74.148,53.825,1778.869,145.577,23.944,79.559,529,60.708,23.451,0,0
A046,05-01-2025 10:00,A046-ENG,Engine,69.888,2.35,74.002,54.459,1749.903,149.397,23.751,77.354,556,64.921,34.875,0,0
A046,05-01-2025 12:00,A046-ENG,Engine,76.833,2.591,74.386,49.521,1765.569,154.385,23.686,75.96,468,72.848,32.832,0,0
A046,05-01-2025 13:00,A046-ENG,Engine,80.243,3.083,75.685,58.281,2035.103,144.863,23.42,75.319,412,68.639,41.302,0,0
A046,05-01-2025 19:00,A046-ENG,Engine,76.206,2.97,72.265,51.939,1834.425,150.189,24.086,79.643,477,57.28,26.137,0,0
A046,06-01-2025 03:00,A046-ENG,Engine,78.918,3.384,73.797,57.275,1605.134,153.41,23.772,77.733,364,56.185,26.376,0,0
A046,06-01-2025 08:00,A046-ENG,Engine,82.81,3.072,73.132,52.382,1814.564,153.085,23.847,73.718,567,67.515,27.249,0,0
A046,06-01-2025 11:00,A046-ENG,Engine,93.789,5.306,62.126,52.543,1790.442,132.763,23.906,78.393,242,67.133,29.4,1,1
A046,06-01-2025 13:00,A046-ENG,Engine,76.933,3.338,73.777,51.374,1792.212,151.962,23.535,79.139,240,68.187,36.064,0,0
A046,06-01-2025 15:00,A046-ENG,Engine,77.12,3.01,80.161,54.655,1763.053,150.448,23.419,79.381,402,56.458,26.69,0,0
A046,06-01-2025 16:00,A046-ENG,Engine,70.058,2.939,75.085,51.369,1718.04,155.767,24.29,79.973,360,62.103,30.446,0,0
A046,06-01-2025 17:00,A046-ENG,Engine,79.972,2.685,75.139,49.89,1847.933,143.944,24.04,74.82,476,55.789,21.976,0,0
A046,06-01-2025 18:00,A046-ENG,Engine,76.068,2.436,75.207,54.87,1915.69,145.303,23.612,76.425,450,60.696,32.244,0,0
A046,06-01-2025 23:00,A046-ENG,Engine,90.46,6.885,65.225,49.956,1825.475,148.606,23.578,77.448,351,63.813,29.27,1,1
A046,07-01-2025 00:00,A046-ENG,Engine,78.386,3.256,73.731,54.945,1802.552,156.022,23.57,78.971,411,67.724,28.889,0,0
A046,07-01-2025 02:00,A046-ENG,Engine,73.696,3.825,74.706,53.967,1972.446,146.05,23.692,78.985,604,68.356,25.665,0,1
A046,07-01-2025 19:00,A046-ENG,Engine,79.537,3.32,75.305,56.678,1892.98,149.482,23.223,75.244,338,71.84,28.05,0,0
A046,07-01-2025 22:00,A046-ENG,Engine,76.873,3.511,76.869,51.543,1716.938,144.85,22.98,76.181,375,59.841,27.378,0,0
A046,07-01-2025 23:00,A046-ENG,Engine,76.03,3.431,72.355,53.519,1820.429,147.778,23.521,79.077,459,65.923,34.214,0,0
A046,08-01-2025 04:00,A046-ENG,Engine,78.065,3.387,77.01,53.131,1838.712,142.45,23.076,79.353,440,73.405,28.484,0,1
A046,08-01-2025 06:00,A046-ENG,Engine,79.522,3.243,76.643,49.578,1838.546,152.468,23.283,75.925,511,56.879,38.03,0,0
A046,08-01-2025 15:00,A046-ENG,Engine,94.636,5.435,63.178,57.212,1939.28,146.106,23.499,81.4,614,85.513,38.032,1,1
A046,08-01-2025 17:00,A046-ENG,Engine,76.417,3.183,76.566,50.969,1844.038,146.944,23.307,79.866,493,75.811,30.89,0,0
A046,08-01-2025 21:00,A046-ENG,Engine,79.514,3.191,74.208,55.482,1750.506,147.075,23.043,80.517,578,75.548,33.757,0,0
A046,09-01-2025 00:00,A046-ENG,Engine,77.457,3.269,74.674,54.02,1873.621,147.999,23.661,81.666,619,59.205,27.964,0,0
A046,09-01-2025 08:00,A046-ENG,Engine,74.736,2.83,74.462,52.547,1841.633,149.583,23.453,76.913,630,55.595,31.116,0,1
A046,09-01-2025 09:00,A046-ENG,Engine,77.626,2.693,72.711,49.355,1907.222,144.685,23.568,81.097,306,64.404,26.983,0,0
A046,09-01-2025 11:00,A046-ENG,Engine,76.123,3.023,74.154,52.501,1812.02,151.445,24.272,79.986,416,54.78,34.736,0,0
A046,09-01-2025 16:00,A046-ENG,Engine,79.184,3.278,69.693,55.794,1711.222,150.145,22.85,82.705,440,74.008,30.995,0,0
A046,09-01-2025 19:00,A046-ENG,Engine,81.229,3.769,72.904,56.36,1913.457,148.931,23.845,77.007,454,75.804,31.444,1,0
A046,09-01-2025 20:00,A046-ENG,Engine,81.072,2.923,71.953,57.006,1812.034,146.837,22.809,81.598,697,67.697,25.036,0,0
A046,09-01-2025 23:00,A046-ENG,Engine,78.712,3.627,68.031,54.644,1679.083,145.438,23.273,79.075,558,84.146,24.859,1,1
A046,10-01-2025 06:00,A046-ENG,Engine,80.421,3.695,72.846,53.063,1796.336,147.797,23.073,81.194,627,60.683,32.235,0,0
A046,10-01-2025 16:00,A046-ENG,Engine,78.428,3.214,73.193,52.072,2029.883,149.005,23.4,81.168,557,69.762,27.195,0,1
A046,10-01-2025 20:00,A046-ENG,Engine,77.746,3.156,75.692,51.672,1857.873,148.291,22.998,81.908,616,66.576,28.719,0,0
A046,11-01-2025 03:00,A046-ENG,Engine,77.444,3.535,72.424,51.31,1696.737,143.556,23.501,84.426,722,73.191,31.61,0,0
A046,11-01-2025 06:00,A046-ENG,Engine,75.81,3.316,69.879,55.095,1815.94,147.018,23.327,80.678,502,77.24,27.332,0,1
A046,11-01-2025 10:00,A046-ENG,Engine,87.525,3.131,70.608,49.992,1640.842,137.968,22.835,81.186,580,89.919,28.282,1,1
A046,11-01-2025 14:00,A046-ENG,Engine,81.887,3.689,69.051,49.484,1805.175,155.779,23.737,80.626,452,65.021,35.728,1,0
A046,11-01-2025 17:00,A046-ENG,Engine,79.861,3.579,67.741,50.14,1842.096,152.297,23.747,83.114,722,82.283,20.734,1,1
A046,11-01-2025 23:00,A046-ENG,Engine,80.371,3.189,66.692,52.136,1801.206,148.84,22.367,82.603,688,79.405,31.081,1,0
A046,12-01-2025 01:00,A046-ENG,Engine,80.602,3.27,70.633,51.984,1767.787,148.259,23.154,78.898,635,67.387,35.355,0,0
A046,12-01-2025 05:00,A046-ENG,Engine,84.278,3.492,74.086,53.533,1991.192,145.29,23.174,82.243,644,67.883,25.748,1,0
A046,12-01-2025 07:00,A046-ENG,Engine,88.257,6.916,59.881,51.747,1799.797,137.4,23.219,81.38,444,81.841,24.992,1,0
A046,12-01-2025 08:00,A046-ENG,Engine,79.188,3.366,71.167,53.193,1810.002,147.829,23.211,76.604,476,64.973,27.062,0,1
A046,12-01-2025 09:00,A046-ENG,Engine,79.296,2.68,71.016,53.26,1907.374,145.092,23.01,80.262,473,86.634,40.077,1,0
A046,12-01-2025 12:00,A046-ENG,Engine,80.284,3.062,69.904,54.158,1820.508,145.183,22.86,83.201,406,58.521,32.393,0,0
A046,12-01-2025 15:00,A046-ENG,Engine,85.189,3.885,74.561,52.408,1747.519,149.674,22.987,81.618,557,84.785,22.096,1,1
A046,12-01-2025 20:00,A046-ENG,Engine,82.722,3.572,76.387,53.689,1872.88,147.673,23.178,81.461,407,81.475,21.316,1,1
A046,12-01-2025 23:00,A046-ENG,Engine,78.417,3.497,69.994,53.665,1958.994,143.83,22.558,82.934,702,68.336,27.899,1,1
A046,13-01-2025 04:00,A046-ENG,Engine,78.711,3.038,74.962,53.714,1770.233,149.127,23.231,80.066,759,76.917,32.005,1,1
A046,13-01-2025 10:00,A046-ENG,Engine,93.398,6.032,53.173,51.876,1866.372,134.63,22.923,83.444,502,62.948,34.989,1,1
A046,13-01-2025 11:00,A046-ENG,Engine,95.887,6.744,63.432,50.153,1705.69,128.276,23.402,85.542,791,48.333,26.715,1,1
A046,13-01-2025 15:00,A046-ENG,Engine,78.085,3.318,70.897,53.063,1807.391,152.025,23.099,81.408,724,93.919,31.527,1,0
A046,13-01-2025 16:00,A046-ENG,Engine,81.427,3.849,70.083,54.014,1810.782,143.138,23.5,85.68,713,61.847,27.3,1,0
A046,14-01-2025 01:00,A046-ENG,Engine,85.665,3.87,72.847,51.32,1646.314,144.494,22.243,84.375,475,80.389,36.079,1,1
A046,14-01-2025 07:00,A046-ENG,Engine,79.338,4.269,71.948,53.039,1688.012,147.265,23.079,85.26,556,60.065,33.49,1,1
A046,14-01-2025 11:00,A046-ENG,Engine,97.634,4.943,56.158,54.955,1883.027,133.212,22.422,85.163,802,70.301,37.411,1,1
A046,14-01-2025 14:00,A046-ENG,Engine,79.564,3.704,71.445,51.92,1874.164,142.588,22.761,82.771,707,74.463,21.884,1,1
A046,14-01-2025 16:00,A046-ENG,Engine,83.211,3.94,72.717,52.269,1782.167,143.923,23.211,85.245,463,67.586,34.279,1,1
A046,14-01-2025 17:00,A046-ENG,Engine,85.204,3.752,67.372,52.439,1830.882,151.03,23.551,85.094,674,72.974,26.67,1,1
A046,15-01-2025 15:00,A046-ENG,Engine,86.016,3.934,70.53,56.151,1764.834,140.672,22.887,84.056,711,74.695,27.583,1,0
A046,15-01-2025 19:00,A046-ENG,Engine,89.368,3.604,72.879,51.049,2044.497,146.4,22.126,87.051,802,81.707,36.42,1,0
A046,15-01-2025 22:00,A046-ENG,Engine,81.903,3.873,73.767,53.644,1980.175,150.787,23.602,83.594,520,81.252,34.149,1,1
A046,16-01-2025 01:00,A046-ENG,Engine,85.046,3.269,68.229,54.837,1816.139,147.408,23.153,84.502,516,73.822,31.414,1,1
A046,16-01-2025 06:00,A046-ENG,Engine,83.959,3.948,69.969,55.459,1846.147,139.26,22.273,80.039,771,72.753,31.794,1,1
A046,16-01-2025 11:00,A046-ENG,Engine,82.465,4.048,72.025,51.523,1823.897,139.515,22.555,83.015,802,62.517,37.375,1,1
A046,16-01-2025 18:00,A046-ENG,Engine,87.285,3.804,73.785,56.894,1804.751,140.931,22.806,85.344,692,67.288,24.08,1,1
A046,16-01-2025 20:00,A046-ENG,Engine,81.719,3.889,69.989,53.938,1678.591,139.407,22.467,83.161,837,84.311,30.556,1,0
A046,16-01-2025 22:00,A046-ENG,Engine,84.222,3.821,70.215,50.09,1669.471,145.429,22.99,84.892,783,74.745,28.997,1,0
A046,17-01-2025 08:00,A046-ENG,Engine,86.623,3.906,73.49,51.733,1769.741,149.484,22.945,85.871,594,74.704,26.851,1,1
A046,17-01-2025 10:00,A046-ENG,Engine,82.365,3.795,69.44,54.835,1823.077,143.829,23.768,81.981,726,94.449,25.612,1,1
A046,17-01-2025 13:00,A046-ENG,Engine,84.506,3.579,68.847,50.541,1726.352,148.241,22.766,84.945,684,74.392,32.471,1,1
A047,01-01-2025 00:00,A047-ENG,Engine,72.562,3.089,78.499,53.758,1797.48,146.937,23.056,76.527,349,61.256,32.363,0,0
A047,01-01-2025 01:00,A047-ENG,Engine,71.656,3.026,74.781,52.668,1703.426,154.052,23.776,74.845,226,59.395,35.696,0,1
A047,01-01-2025 04:00,A047-ENG,Engine,76.238,3.006,73.653,55,2030.276,157.302,24.345,76.37,316,68.371,25.827,0,1
A047,01-01-2025 09:00,A047-ENG,Engine,73.281,2.883,74.915,52.888,1739.072,155.026,24.164,75.463,482,57.149,21.598,0,0
A047,01-01-2025 11:00,A047-ENG,Engine,75.395,3.23,76.772,53.191,1840.921,146.5,23.665,74.065,310,58.541,26.544,0,0
A047,01-01-2025 14:00,A047-ENG,Engine,76.127,2.953,73.467,53.867,1686.426,152.126,24.093,76.839,505,78.384,24.741,0,1
A047,01-01-2025 16:00,A047-ENG,Engine,77.82,2.712,76.93,55.357,2051.22,150.198,24.577,73.759,391,54.083,30.931,0,0
A047,01-01-2025 21:00,A047-ENG,Engine,75.279,2.431,76.236,56.6,1567.849,146.348,24.043,74.965,329,63.579,26.024,0,0
A047,02-01-2025 07:00,A047-ENG,Engine,77.411,2.992,75.795,55.441,1763.115,154.061,23.498,76.362,214,74.9,27.999,0,0
A047,02-01-2025 08:00,A047-ENG,Engine,74.567,2.644,73.806,52.688,1747.184,145.746,24.005,75.049,506,57.296,32.493,0,0
A047,02-01-2025 14:00,A047-ENG,Engine,75.786,2.744,73.635,55.328,1873.556,152.873,23.497,77.049,417,51.054,21.256,0,0
A047,02-01-2025 18:00,A047-ENG,Engine,73.186,3.545,75.806,53.83,1666.629,150.877,23.848,76.262,171,69.511,25.646,0,0
A047,02-01-2025 20:00,A047-ENG,Engine,75.935,2.857,73.885,54.342,1837.466,144.719,24.203,72.542,156,81.012,22.495,0,1
A047,03-01-2025 04:00,A047-ENG,Engine,79.289,2.931,69.594,54.593,1856.107,149.53,23.828,74.525,415,48.92,23.68,0,0
A047,03-01-2025 14:00,A047-ENG,Engine,78.95,3.683,72.459,54.632,1945.397,149.801,23.811,77.443,510,75.721,23.91,0,0
A047,03-01-2025 19:00,A047-ENG,Engine,78.468,3.422,75.378,51.409,1797.814,139.963,24.214,73.669,381,51.902,27.828,0,1
A047,04-01-2025 01:00,A047-ENG,Engine,75.291,2.767,69.243,55.411,1855.492,150.607,23.887,75.833,262,68.809,32.499,0,0
A047,04-01-2025 06:00,A047-ENG,Engine,78.125,3.866,77.424,57.27,1880.974,153.713,24.027,76.443,439,70.616,30.526,0,0
A047,04-01-2025 07:00,A047-ENG,Engine,79.693,2.77,71.542,53.898,1786.552,142.103,23.49,73.723,293,61.966,23.369,0,1
A047,04-01-2025 10:00,A047-ENG,Engine,78.099,2.675,75.678,57.02,1816.72,148.877,24.208,75.3,451,48.872,24.139,0,0
A047,04-01-2025 12:00,A047-ENG,Engine,80.289,3.387,69.839,56.181,1778.378,146.022,23.713,77.575,291,73.282,30.098,0,1
A047,04-01-2025 16:00,A047-ENG,Engine,78.859,3.159,75.882,54.136,1734.514,153.249,24.016,75.801,235,59.011,30.666,0,0
A047,04-01-2025 20:00,A047-ENG,Engine,77.702,2.902,72.879,52.773,1989.627,147.91,23.548,76.714,488,73.765,37.006,0,1
A047,05-01-2025 00:00,A047-ENG,Engine,77.439,2.722,74.825,52.456,1839.766,155.843,23.784,77.856,286,66.051,31.576,0,0
A047,05-01-2025 01:00,A047-ENG,Engine,79.744,2.674,73.902,53.609,1664.311,149.53,23.81,78.29,372,62.314,28.193,0,0
A047,05-01-2025 02:00,A047-ENG,Engine,74.261,3.286,70.897,53.25,1812.106,155.889,23.503,75.764,201,88.884,32.777,0,0
A047,05-01-2025 05:00,A047-ENG,Engine,76.502,3.148,76.745,55.484,1928.705,146.562,23.589,80.406,585,60.433,31.065,0,0
A047,05-01-2025 07:00,A047-ENG,Engine,81.506,2.751,73.673,50.596,2006.359,152.479,23.386,76.679,540,81.62,37.862,0,0
A047,05-01-2025 15:00,A047-ENG,Engine,75.741,3.474,69.742,52.829,1693.419,144.537,23.253,78.69,378,62.674,24.832,0,1
A047,05-01-2025 18:00,A047-ENG,Engine,74.099,3.631,76.864,53.33,1920.091,146.137,23.953,80.784,292,54.476,33.958,0,0
A047,05-01-2025 22:00,A047-ENG,Engine,78.231,2.794,72.264,53.781,1716.387,150.671,23.753,76.365,400,63.319,31.591,0,0
A047,06-01-2025 17:00,A047-ENG,Engine,80.327,2.968,69.561,56.756,1638.056,155.382,24.044,79.605,585,68.896,26.885,0,1
A047,06-01-2025 20:00,A047-ENG,Engine,90.675,5.474,59.68,54.92,1746.391,126.425,23.154,79.01,432,70.858,26.002,1,1
A047,07-01-2025 03:00,A047-ENG,Engine,82.014,3.279,73.397,53.827,1881.177,149.96,23.564,77.618,265,69.505,36.142,0,0
A047,07-01-2025 06:00,A047-ENG,Engine,79.806,2.865,74.388,54.117,1748.454,144.926,23.604,77.084,643,66.518,21.777,0,0
A047,07-01-2025 08:00,A047-ENG,Engine,78.345,3.819,69.693,54.485,1768.017,141.514,23.197,80.102,640,69.546,32.257,0,1
A047,07-01-2025 10:00,A047-ENG,Engine,79.191,3.208,72.798,52.654,1814.442,143.411,23.567,78.234,387,62.165,24.318,0,0
A047,07-01-2025 15:00,A047-ENG,Engine,79.741,3.931,73.036,52.205,1749.425,139.729,23.735,76.263,638,62.859,27.976,0,0
A047,07-01-2025 19:00,A047-ENG,Engine,79.426,2.971,73.51,54.721,1846.95,150.656,24.229,80.316,412,68.699,36.787,0,0
A047,07-01-2025 21:00,A047-ENG,Engine,76.52,3.238,69.922,53.921,1724.198,149.044,23.555,79.642,539,73.003,19.768,0,1
A047,07-01-2025 23:00,A047-ENG,Engine,80.272,3.021,68.95,54.515,1887.455,149.176,23.17,79.021,447,67.356,29.985,0,0
A047,08-01-2025 02:00,A047-ENG,Engine,83.383,4.027,70.576,54.512,1622.725,150.986,23.372,79.537,278,78.1,34.437,1,0
A047,08-01-2025 07:00,A047-ENG,Engine,80.354,3.576,68.793,52.607,1870.547,150.229,23.435,77.069,599,85.727,30.224,1,0
A047,08-01-2025 11:00,A047-ENG,Engine,76.218,3.629,72.804,53.713,1815.093,142.4,23.725,78.541,391,63.928,28.017,0,1
A047,09-01-2025 01:00,A047-ENG,Engine,77.194,3.29,68.47,54.187,1893.656,146.94,23.522,80.653,299,54.297,22.747,0,1
A047,09-01-2025 09:00,A047-ENG,Engine,81.884,3.737,70.103,52.716,1763.923,145.779,23.036,79.454,416,72.333,24.306,1,0
A047,09-01-2025 13:00,A047-ENG,Engine,84.743,3.955,68.169,51.445,1661.883,143.325,23.34,78.536,449,77.104,34.206,1,1
A047,09-01-2025 23:00,A047-ENG,Engine,78.94,3.401,76.066,53.401,1636.479,147.343,23.241,80.179,366,73.154,26.758,1,0
A047,10-01-2025 02:00,A047-ENG,Engine,81.24,3.717,67.508,53.084,1765.299,151.229,23.142,79.544,383,85.042,28.801,1,1
A047,10-01-2025 12:00,A047-ENG,Engine,82.491,3.583,71.059,55.071,1692.294,150.141,22.855,82.558,631,73.654,35.157,1,0
A047,10-01-2025 13:00,A047-ENG,Engine,93.979,5.853,62.478,48.703,1779.826,130.332,23.57,79.9,555,77.945,31.581,1,1
A047,10-01-2025 16:00,A047-ENG,Engine,80.34,3.616,71.997,50.154,1777.239,142.395,23.694,81.047,436,60.149,26.991,1,1
A047,10-01-2025 17:00,A047-ENG,Engine,96.398,6.435,53.934,51.155,1865.168,129.214,22.902,80.195,417,85.791,38.415,1,1
A047,10-01-2025 20:00,A047-ENG,Engine,80.868,3.707,70.805,54.012,1929.289,148.37,23.838,80.385,561,69.881,37.359,1,1
A047,11-01-2025 16:00,A047-ENG,Engine,81.096,3.897,70.837,53.796,2101.529,147.628,23.494,81.548,556,76.106,24.831,1,0
A047,11-01-2025 19:00,A047-ENG,Engine,80.013,3.723,74.609,52.198,1943.407,147.386,22.947,79.501,709,77.208,27.937,1,0
A047,11-01-2025 22:00,A047-ENG,Engine,83.036,3.972,69.559,57.599,1770.135,152.184,23.748,78.986,379,73.897,26.744,1,1
A047,12-01-2025 01:00,A047-ENG,Engine,80.196,3.853,75.435,51.706,1778.181,145.75,22.871,79.733,622,87.229,27.383,1,1
A047,12-01-2025 04:00,A047-ENG,Engine,86.273,3.838,71.145,50.392,1628.598,147.054,23.635,80.644,607,74.275,37.61,1,0
A047,12-01-2025 13:00,A047-ENG,Engine,85.359,4.183,67.334,53.375,1909.544,158.541,23.709,80.312,642,57.751,27.209,1,0
A047,12-01-2025 14:00,A047-ENG,Engine,85.603,4.403,70.444,53.33,1612.932,144.209,23.159,85.361,576,79.629,26.711,1,0
A047,12-01-2025 19:00,A047-ENG,Engine,89.088,7.565,62.379,51.21,1969.614,121.81,23.105,84.421,599,74.052,27.807,1,1
A047,12-01-2025 23:00,A047-ENG,Engine,82.753,4.051,75.039,53.21,1850.534,147.03,23.197,83.439,499,69.514,20.954,1,0
A047,13-01-2025 02:00,A047-ENG,Engine,85.882,4.053,66.909,53.565,1948.044,144.421,23.461,81.957,508,69.272,30.643,1,1
A047,13-01-2025 04:00,A047-ENG,Engine,82.444,4.533,67.486,55.127,1835.364,148.92,22.965,83.056,694,79.64,33.996,1,1
A047,13-01-2025 09:00,A047-ENG,Engine,87.56,3.906,66.021,52.588,1749.145,141.135,23.382,81.852,527,71.435,39.567,1,1
A047,13-01-2025 12:00,A047-ENG,Engine,85.415,4.215,70.064,54.027,1920.116,138.52,23.885,83.057,744,77.061,31.153,1,1
A047,13-01-2025 13:00,A047-ENG,Engine,84.729,4.138,66.873,50.983,1834.614,151.66,22.836,82.546,647,80.685,35.07,1,1
A047,13-01-2025 15:00,A047-ENG,Engine,81.277,3.7,69.451,52.412,1873.221,142.654,23.383,80.609,585,85.24,26.207,1,0
A047,13-01-2025 17:00,A047-ENG,Engine,83.169,4.894,68.92,53.788,1745.364,150.317,22.954,83.879,517,83.902,34.968,1,1
A047,13-01-2025 19:00,A047-ENG,Engine,86.105,3.863,70.329,48.118,1716.015,140.588,22.999,81.433,604,70.146,36.732,1,1
A047,13-01-2025 21:00,A047-ENG,Engine,85.424,3.819,71.843,52.947,1850.846,151.548,23.309,83.676,544,84.622,24.259,1,1
A047,13-01-2025 22:00,A047-ENG,Engine,80.491,3.897,68.112,53.311,1942.011,150.437,23.738,82.034,705,77.804,26.557,1,1
A047,14-01-2025 12:00,A047-ENG,Engine,81.363,4.062,73.329,53.485,1724.421,146.99,23.891,81.133,755,75.158,27.27,1,0
A047,14-01-2025 13:00,A047-ENG,Engine,85.799,3.707,66.09,57.028,1852.228,152.517,23.042,84.981,583,83.432,36.237,1,0
A047,15-01-2025 01:00,A047-ENG,Engine,86.942,4.306,67.166,51.471,1817.07,137.998,22.897,82.793,466,82.4,31.646,1,1
A047,15-01-2025 02:00,A047-ENG,Engine,83.77,4.403,68.126,55.311,1839.04,142.735,23.296,84.565,731,74.891,19.659,1,1
A047,15-01-2025 03:00,A047-ENG,Engine,82.478,4.021,67.255,50.79,1913.263,144.969,22.778,80.861,527,67.342,23.695,1,0
A047,15-01-2025 05:00,A047-ENG,Engine,86.954,3.395,67.098,50.802,1714.377,150.462,23.174,85.395,630,85.026,29.09,1,0
A047,15-01-2025 06:00,A047-ENG,Engine,87.738,4.435,69.283,53.061,1835.115,143.293,22.562,85.174,606,82.146,25.942,1,1
A047,15-01-2025 08:00,A047-ENG,Engine,103.199,7.03,65.725,49.242,1650.743,142.122,22.615,84.79,584,79.401,34.892,1,1
A047,15-01-2025 09:00,A047-ENG,Engine,84.28,3.964,69.318,52.655,1554.64,138.933,22.617,83.138,836,85.241,24.019,1,1
A047,15-01-2025 12:00,A047-ENG,Engine,93.977,8.216,54.621,55.835,1815.662,124.408,22.428,86.104,718,91.553,23.163,1,1
A047,15-01-2025 17:00,A047-ENG,Engine,85.881,4.525,66.902,51.441,1875.352,143.951,22.685,81.355,826,79.491,34.079,1,1
A047,15-01-2025 18:00,A047-ENG,Engine,90.193,3.662,63.092,53.702,1783.316,143.658,22.941,84.97,846,87.529,31.182,1,1
A047,15-01-2025 22:00,A047-ENG,Engine,81.778,3.723,73.286,48.91,1744.352,147.954,22.749,84.823,626,79.107,37.588,1,0
A047,16-01-2025 03:00,A047-ENG,Engine,84.338,3.556,70.04,53.381,1855.038,142.152,22.76,82.199,553,78.035,37.143,1,1
A047,16-01-2025 12:00,A047-ENG,Engine,83.974,4.512,70.136,54.235,1732.92,145.348,22.64,86.433,771,79.436,30.241,1,1
A047,16-01-2025 14:00,A047-ENG,Engine,85.688,3.547,65.889,55.271,1731.076,142.991,22.612,83.531,557,92.292,33.423,1,0
A047,16-01-2025 15:00,A047-ENG,Engine,85.725,3.842,65.048,52.905,1838.803,150.337,23.444,86.392,819,75.199,30.086,1,1
A047,16-01-2025 16:00,A047-ENG,Engine,83.891,4.425,66.864,51.447,1558.125,146.999,22.604,85.372,660,86.52,31.658,1,1
A047,16-01-2025 18:00,A047-ENG,Engine,81.122,4.317,71.358,54.054,1873.931,137.587,22.011,86.547,775,78.101,25.194,1,1
A047,16-01-2025 20:00,A047-ENG,Engine,84.192,4.262,66.543,52.076,1754.221,146.483,22.854,82.871,853,76.302,30.466,1,1
A047,17-01-2025 08:00,A047-ENG,Engine,85.382,4.533,65.594,51.695,1785.832,145.886,22.879,86.517,754,83.868,30.714,1,1
A047,17-01-2025 13:00,A047-ENG,Engine,89.623,4.653,68.721,51.099,1798.627,138.617,22.194,83.064,750,91.161,23.33,1,0
A047,17-01-2025 15:00,A047-ENG,Engine,81.973,4.725,66.324,51.807,1854.518,145.081,22.545,86.752,727,93.651,41.285,1,0
A048,01-01-2025 21:00,A048-ENG,Engine,70.089,2.554,78.917,54.987,1847.342,145.785,24.048,75.441,439,57.581,25.814,0,0
A048,01-01-2025 22:00,A048-ENG,Engine,68.983,2.165,80.556,57.227,1961.489,148.225,23.98,78.835,498,49.374,36.617,0,0
A048,01-01-2025 23:00,A048-ENG,Engine,72.911,1.869,78.783,51.924,1806.22,144.6,23.944,75.773,227,57.287,36.545,0,0
A048,02-01-2025 03:00,A048-ENG,Engine,74.274,2.493,79.97,52.715,1619.481,146.014,24.025,72.068,135,50.727,29.567,0,0
A048,02-01-2025 15:00,A048-ENG,Engine,71.574,2.385,77.66,54.717,1590.69,150.665,23.196,73.591,197,53.797,33.573,0,0
A048,02-01-2025 17:00,A048-ENG,Engine,72.225,2.383,77.294,54.153,1644.693,149.6,23.778,76.507,203,54.183,28.098,0,0
A048,02-01-2025 18:00,A048-ENG,Engine,68.114,2.644,76.417,53.859,1920.684,147.476,23.912,76.167,465,60.776,28.087,0,0
A048,02-01-2025 21:00,A048-ENG,Engine,70.089,2.341,77.812,56.845,1868.5,155.565,24.199,74.341,205,55.263,37.334,0,0
A048,03-01-2025 00:00,A048-ENG,Engine,79.01,2.106,79.022,55.964,1702.935,144.011,23.618,74.732,441,62.259,24.999,0,0
A048,03-01-2025 01:00,A048-ENG,Engine,70.217,1.974,78.104,55.241,2028.512,146.012,24.336,75.445,455,43.899,33.325,0,0
A048,03-01-2025 06:00,A048-ENG,Engine,73.995,2.427,75.043,54.229,1845.551,148.85,23.856,75.155,482,40.7,22.624,0,0
A048,03-01-2025 07:00,A048-ENG,Engine,77.431,2.509,79.764,54.171,1804.34,150.749,23.166,76.845,287,64.64,29.001,0,0
A048,03-01-2025 09:00,A048-ENG,Engine,76.324,2.483,78.332,57.2,1897.666,150.976,23.487,77.628,336,42.205,34.763,0,0
A048,03-01-2025 11:00,A048-ENG,Engine,73.544,2.127,79.823,54.219,1828.17,150.205,24.419,77.204,541,50.232,23.536,0,0
A048,03-01-2025 17:00,A048-ENG,Engine,74.644,2.68,79.788,59.15,1835.541,145.109,23.614,77.395,242,50.796,33.882,0,0
A048,03-01-2025 20:00,A048-ENG,Engine,73.864,2.68,78.425,55.079,1785.975,147.828,24.426,77.692,402,41.676,22.618,0,0
A048,03-01-2025 21:00,A048-ENG,Engine,70.996,2.257,77.855,57.231,1807.951,149.996,23.663,78.315,503,31.733,35.188,0,0
A048,03-01-2025 22:00,A048-ENG,Engine,72.627,2.458,75.274,54.5,1794.782,150.76,23.595,76.364,369,57.184,19.915,0,0
A048,03-01-2025 23:00,A048-ENG,Engine,75.847,2.446,78.7,54.493,1875.965,154.144,23.689,70.093,413,58.201,25.409,0,0
A048,04-01-2025 03:00,A048-ENG,Engine,74.535,2.525,76.95,53.732,1931.774,147.131,23.885,77.626,287,43.595,28.001,0,0
A048,04-01-2025 07:00,A048-ENG,Engine,72.633,2.763,73.022,55.711,1807.851,146.167,23.685,77.711,570,58.397,24.943,0,0
A048,04-01-2025 13:00,A048-ENG,Engine,70.938,2.665,75.534,55.383,1667.806,147.203,23.511,78.836,286,53.621,26.55,0,0
A048,04-01-2025 15:00,A048-ENG,Engine,74.236,2.324,74.516,54.484,1831.41,145.388,23.459,79.804,569,43.941,27.787,0,0
A048,04-01-2025 16:00,A048-ENG,Engine,77.398,2.799,73.804,54.62,1664.941,144.958,24.044,80.19,381,66.915,36.653,0,0
A048,05-01-2025 02:00,A048-ENG,Engine,75.834,3.168,75.669,55.23,1832.023,148.264,23.657,78.231,380,59.911,34.093,0,0
A048,05-01-2025 14:00,A048-ENG,Engine,72.526,2.387,72.826,54.298,1804.774,148.946,24.044,79.603,334,47.356,26.866,0,1
A048,05-01-2025 16:00,A048-ENG,Engine,71.552,2.871,76.46,55.562,1755.1,147.361,23.729,77.797,532,57.556,30.802,0,0
A048,06-01-2025 03:00,A048-ENG,Engine,73.305,2.324,72.909,54.866,1849.566,150.548,23.806,77.266,513,52.749,31.314,0,0
A048,06-01-2025 06:00,A048-ENG,Engine,78.057,2.498,71.34,54.903,1782.081,149.453,23.642,78.705,423,47.019,30.503,0,0
A048,06-01-2025 12:00,A048-ENG,Engine,75.049,3.303,77.151,53.511,1802.497,147.48,24.43,77.205,486,55.791,40.293,0,0
A048,07-01-2025 05:00,A048-ENG,Engine,78.75,3.362,77.028,55.514,1710.222,151.202,23.648,77.195,396,65.397,47.072,0,0
A048,07-01-2025 09:00,A048-ENG,Engine,78.015,2.626,75.102,57.205,1678.959,146.527,23.445,79.992,372,53.181,31.869,0,0
A048,07-01-2025 10:00,A048-ENG,Engine,88.961,5.403,78.547,51.003,1734.57,131.863,24.239,79.6,449,54.421,42.994,1,1
A048,07-01-2025 12:00,A048-ENG,Engine,81.699,3.155,70.793,55.344,1756.122,149.623,23.679,78.932,485,59.984,33.317,0,0
A048,07-01-2025 15:00,A048-ENG,Engine,72.67,2.199,77.656,53.012,1821.324,149.908,23.779,80.358,560,68.69,31.374,0,0
A048,07-01-2025 17:00,A048-ENG,Engine,76.597,2.713,74.05,52.892,1796.33,145.453,23.069,78.497,522,54.275,28.68,0,0
A048,08-01-2025 10:00,A048-ENG,Engine,75.227,2.949,79.1,55.315,1927.008,147.042,23.608,77.225,643,64.796,31.782,0,0
A048,08-01-2025 15:00,A048-ENG,Engine,77.981,2.986,74.724,54.722,1685.188,142.61,23.413,79.816,450,65.008,33.518,0,0
A048,08-01-2025 18:00,A048-ENG,Engine,73.638,2.987,74.906,52.753,1705.27,143.246,22.758,79.194,546,54.551,36.028,0,1
A048,08-01-2025 20:00,A048-ENG,Engine,78.718,2.51,77.641,55.373,1749.381,146.393,23.302,80.589,575,56.389,34.154,0,0
A048,09-01-2025 05:00,A048-ENG,Engine,76.467,2.486,77.65,55.466,1802.953,140.384,23.151,76.125,608,59.308,30.273,0,1
A048,09-01-2025 06:00,A048-ENG,Engine,77.929,2.404,77.581,50.508,1669.531,144.886,23.343,82.777,336,65.776,31.555,0,0
A048,09-01-2025 22:00,A048-ENG,Engine,75.608,3.243,74.386,51.742,1845.259,146.821,22.962,80.941,403,52.253,34.523,0,0
A048,09-01-2025 23:00,A048-ENG,Engine,79.106,3.061,71.705,50.922,1855.261,143.125,24.138,78.978,371,47.123,32.984,0,1
A048,10-01-2025 01:00,A048-ENG,Engine,88.24,6.471,67.987,53.635,1813.535,131.163,23.546,79.999,591,66.52,27.281,1,0
A048,10-01-2025 20:00,A048-ENG,Engine,79.503,2.333,72.989,56.643,1799.306,142.827,23.522,80.653,592,64.234,32.806,0,0
A048,10-01-2025 21:00,A048-ENG,Engine,77.673,3.269,73.599,55.357,1709.339,145.68,22.787,77.844,713,58.843,29.425,0,0
A048,10-01-2025 22:00,A048-ENG,Engine,77.898,3.103,75.225,52.385,1835.249,148.133,22.93,80.184,643,65.367,37.765,0,0
A048,10-01-2025 23:00,A048-ENG,Engine,77.523,3.27,76.99,52.011,1790.799,148.156,23.218,81.02,478,76.659,34.422,0,0
A048,11-01-2025 09:00,A048-ENG,Engine,78.251,3.284,77.981,55.206,1695.805,150.128,23.213,80.778,716,42.989,27.291,0,0
A048,11-01-2025 10:00,A048-ENG,Engine,79.805,3.204,75.047,54.34,1830.546,150.315,23.782,80.102,424,62.585,27.212,0,0
A048,11-01-2025 12:00,A048-ENG,Engine,97.272,6.644,66.3,55.542,1708.606,139.449,23.584,82.513,603,78.132,29.66,1,0
A048,11-01-2025 13:00,A048-ENG,Engine,81.679,3.255,72.354,51.531,1790.178,145.836,23.318,78.76,397,70.606,34.798,0,1
A048,11-01-2025 14:00,A048-ENG,Engine,78.471,3.523,76.682,52.367,1806.59,144.221,23.36,78.59,416,67.882,36.073,0,0
A048,12-01-2025 02:00,A048-ENG,Engine,80.475,3.533,76.32,50.369,1885.234,139.715,22.584,78.103,569,75.288,34.187,0,0
A048,12-01-2025 04:00,A048-ENG,Engine,76.369,3.347,73.237,51.12,1747.28,147.672,22.784,80.503,569,86.001,26.39,0,1
A048,12-01-2025 05:00,A048-ENG,Engine,78.292,2.87,71.389,54.006,1931.263,149.918,23.51,83.09,711,70.758,31.604,0,0
A048,12-01-2025 09:00,A048-ENG,Engine,85.157,2.877,72.911,54.432,1685.072,141.75,22.526,82.102,684,62.189,25.502,0,1
A048,12-01-2025 11:00,A048-ENG,Engine,90.975,7.235,67.613,52.378,1816.958,143.992,23.511,84.249,615,63.546,28.107,1,1
A048,12-01-2025 18:00,A048-ENG,Engine,84.502,3.256,69.133,51.223,1662.908,150.612,22.344,81.548,425,71.404,20.032,1,1
A048,12-01-2025 21:00,A048-ENG,Engine,84.11,2.627,74.297,53.11,1847.621,150.004,23.199,83.53,769,73.597,33.76,0,0
A048,13-01-2025 00:00,A048-ENG,Engine,81.118,3.266,75.251,53.035,1775.317,145.196,23.425,82.09,388,52.398,30.561,0,0
A048,13-01-2025 03:00,A048-ENG,Engine,79.445,3.389,71.427,52.745,1882.668,144.399,23.186,82.212,683,83.828,40.101,1,0
A048,13-01-2025 10:00,A048-ENG,Engine,77.601,3.523,72.05,56.938,1548.797,155.858,23.18,80.572,511,62.919,29.974,0,0
A048,13-01-2025 18:00,A048-ENG,Engine,80.492,3.47,69.585,54.522,1578.029,144.586,23.205,82.16,508,58.339,30.138,0,1
A048,13-01-2025 21:00,A048-ENG,Engine,80.446,3.461,74.334,49.367,1873.168,136.906,23.341,84.064,677,58.207,28.37,0,1
A048,13-01-2025 22:00,A048-ENG,Engine,80.82,3.518,71.288,50.941,1959.284,144.94,23.321,80.498,468,55.463,29.972,0,1
A048,14-01-2025 00:00,A048-ENG,Engine,75.341,4.233,73.752,53.52,1849.005,145.89,23.047,82.88,430,67.981,26.099,1,1
A048,14-01-2025 03:00,A048-ENG,Engine,78.542,3.341,69.93,53.743,1686.247,146.06,23.159,83.481,490,71.369,26.612,1,0
A048,14-01-2025 16:00,A048-ENG,Engine,82.359,3.659,76.136,55.064,1684.911,144.17,22.886,83.323,475,69.993,33.368,1,1
A048,14-01-2025 20:00,A048-ENG,Engine,78.691,3.804,75.867,52.392,1922.054,145.675,23.299,82.065,520,87.792,20.957,1,0
A048,15-01-2025 03:00,A048-ENG,Engine,79.092,3.453,71.576,52.746,1663.458,143.447,22.828,83.443,769,67.053,36.348,1,1
A048,15-01-2025 04:00,A048-ENG,Engine,86.104,3.34,71.826,52.618,1773.718,141.733,23.282,86.288,622,80.187,34.026,1,1
A048,15-01-2025 05:00,A048-ENG,Engine,79.232,3.635,75.588,49.684,1651.93,149.497,23.235,80.23,577,74.138,35.697,1,1
A048,15-01-2025 06:00,A048-ENG,Engine,83.341,3.64,71.753,50.439,1642.009,149.333,23.416,83.823,812,69.867,32.915,1,1
A048,15-01-2025 07:00,A048-ENG,Engine,83.797,3.455,72.204,54.019,2019.478,146.775,22.812,84.541,518,67.584,36.21,1,0
A048,15-01-2025 17:00,A048-ENG,Engine,83.416,3.837,74.003,55.383,1721.452,142.97,23.015,85.624,464,58.239,34.115,1,1
A048,15-01-2025 20:00,A048-ENG,Engine,80.27,3.527,67.82,51.156,1695.095,149.885,23.13,83.602,543,75.55,32.087,1,0
A048,16-01-2025 11:00,A048-ENG,Engine,81.091,4.203,69.558,50.369,1729.528,149.918,23.155,84.433,474,65.412,30.199,1,0
A048,16-01-2025 17:00,A048-ENG,Engine,80.395,3.656,68.041,53.189,1614.158,146.427,22.404,81.392,837,72.244,40.604,1,0
A048,16-01-2025 20:00,A048-ENG,Engine,83.203,4.057,73.531,52.213,1914.152,145.392,23.148,83.788,848,83.49,29.541,1,1
A048,17-01-2025 03:00,A048-ENG,Engine,83.16,3.557,67.003,52.981,1887.509,143.1,22.882,81.017,613,74.83,31.741,1,0
A048,17-01-2025 05:00,A048-ENG,Engine,80.686,3.765,69.198,51.427,1545.145,149.443,23.528,83.815,649,89.824,28.441,1,1
A048,17-01-2025 06:00,A048-ENG,Engine,84.014,4.26,71.636,53.565,1750.237,142.268,23.029,87.029,541,73.18,35.895,1,0
A049,01-01-2025 02:00,A049-ENG,Engine,72.116,2.793,76.91,54.862,1816.23,148.849,24.298,74.858,294,40.378,25.162,0,1
A049,01-01-2025 10:00,A049-ENG,Engine,70.414,1.799,80.305,56.908,1853.13,152.564,24.089,73.1,465,43.961,24.984,0,0
A049,01-01-2025 12:00,A049-ENG,Engine,71.98,2.691,80.335,53.441,1806.67,145.132,23.853,78.7,459,33.705,23.848,0,0
A049,01-01-2025 16:00,A049-ENG,Engine,73.762,2.371,79.539,55.096,1806.311,148.897,23.887,74.756,323,39.542,35.218,0,0
A049,01-01-2025 17:00,A049-ENG,Engine,72.92,2.571,79.626,53.371,1945.748,149.205,24.364,75.537,394,53.172,24.218,0,1
A049,01-01-2025 19:00,A049-ENG,Engine,70.081,2.448,80.103,56.554,1720.998,154.036,23.863,76.297,218,46.748,24.972,0,0
A049,01-01-2025 21:00,A049-ENG,Engine,69.029,2.083,80.104,55.017,1849.686,151.008,23.727,74.319,134,36.601,30.333,0,0
A049,02-01-2025 02:00,A049-ENG,Engine,76.596,3.056,76.411,53.166,1847.228,152.199,23.882,73.66,503,42.435,32.678,0,0
A049,02-01-2025 03:00,A049-ENG,Engine,74.262,2.313,80.877,56.097,1837.679,151.698,23.992,78.302,277,51.943,37.388,0,0
A049,02-01-2025 06:00,A049-ENG,Engine,72.263,2.422,77.032,55.078,1758.216,152.381,24.105,76.819,381,40.121,35.641,0,0
A049,02-01-2025 10:00,A049-ENG,Engine,72.834,2.133,76.066,54.688,1756.959,147.958,24.469,77.161,260,44.766,23.551,0,0
A049,02-01-2025 13:00,A049-ENG,Engine,71.411,3.027,77.012,56.692,1633.213,158.389,23.115,74.117,463,43.426,31.038,0,0
A049,02-01-2025 21:00,A049-ENG,Engine,74.064,2.215,76.964,56.656,1638.443,147.332,23.891,74.556,418,44.462,35.07,0,0
A049,02-01-2025 22:00,A049-ENG,Engine,73.6,2.099,78.597,55.409,1729.466,149.803,23.4,76.676,409,56.274,28.741,0,0
A049,02-01-2025 23:00,A049-ENG,Engine,76.586,2.429,76.863,53.616,1701.315,152.052,23.663,76.528,477,60.354,23.125,0,0
A049,03-01-2025 02:00,A049-ENG,Engine,74.279,2.196,78.662,55.979,1882.574,150.497,23.306,76.252,391,47.216,31.863,0,0
A049,03-01-2025 03:00,A049-ENG,Engine,76.446,2.442,82.039,52.537,1812.703,150.88,24.105,76.46,190,51.734,24.217,0,0
A049,03-01-2025 04:00,A049-ENG,Engine,70.626,2.332,84.036,52.452,1825.573,152.874,23.924,76.949,334,52.675,27.149,0,0
A049,03-01-2025 06:00,A049-ENG,Engine,73.217,2.283,76.654,53.98,1596.223,150.474,23.8,74.587,434,48.582,33.933,0,0
A049,03-01-2025 08:00,A049-ENG,Engine,71.326,2.73,76.288,55.856,1738.76,147.38,23.755,75.703,541,37.667,29.907,0,0
A049,03-01-2025 09:00,A049-ENG,Engine,74.35,2.483,83.808,54.094,1801.964,153.375,23.721,78.819,407,47.031,26.493,0,0
A049,04-01-2025 07:00,A049-ENG,Engine,70.066,2.444,75.686,54.524,1652.267,144.925,24.383,79.801,500,51.341,34.559,0,0
A049,04-01-2025 12:00,A049-ENG,Engine,75.222,2.798,77.227,54.365,1803.63,144.689,24.382,77.446,323,52.684,37.494,0,0
A049,04-01-2025 16:00,A049-ENG,Engine,90.871,6.24,65.671,53.697,1768.47,135.082,23.441,76.227,356,65.186,31.665,1,0
A049,04-01-2025 20:00,A049-ENG,Engine,77.247,2.147,82.3,47.627,1933.245,145.065,24.358,76.47,475,57.73,32.384,0,0
A049,04-01-2025 21:00,A049-ENG,Engine,73.286,2.36,74.834,54.301,1736.196,150.193,23.585,78.417,396,52.347,28.358,0,0
A049,04-01-2025 22:00,A049-ENG,Engine,74.116,2.248,77.002,55.611,1877.245,147.152,24.52,74.94,463,43.565,32.241,0,0
A049,05-01-2025 00:00,A049-ENG,Engine,74.537,2.43,76.558,53.462,1818.809,146.045,23.983,75.982,338,41.216,28.415,0,0
A049,05-01-2025 07:00,A049-ENG,Engine,72.981,2.676,70.999,55.23,1745.146,148.484,23.116,75.104,387,46.22,28.353,0,0
A049,05-01-2025 16:00,A049-ENG,Engine,76.06,2.496,78.583,51.141,1856.934,149.268,23.71,76.681,244,54.643,34.135,0,0
A049,06-01-2025 09:00,A049-ENG,Engine,74.708,3.168,77.857,54.55,1826.082,143.706,24.31,81.6,448,62.27,32.855,0,0
A049,06-01-2025 11:00,A049-ENG,Engine,77.717,1.808,71.12,54.66,1960.372,150.726,24.004,80.492,350,52.417,23.605,0,0
A049,06-01-2025 13:00,A049-ENG,Engine,72.847,2.611,72.986,56.98,1756.868,147.285,23.102,78.668,557,58.431,25.792,0,1
A049,06-01-2025 19:00,A049-ENG,Engine,79.856,2.602,76.517,55.496,1811.63,148.575,23.504,82.402,242,43.942,26.335,0,0
A049,06-01-2025 21:00,A049-ENG,Engine,76.412,2.144,76.886,53.985,1718.812,150.036,23.445,77.466,331,51.582,30.156,0,0
A049,06-01-2025 23:00,A049-ENG,Engine,78.075,2.039,81.644,54.664,1765.873,146.665,23.857,77.984,487,64.418,23.823,0,0
A049,07-01-2025 02:00,A049-ENG,Engine,77.628,3.025,79.499,53.098,1749.769,137.602,23.55,81.333,399,68.52,29.14,0,0
A049,07-01-2025 03:00,A049-ENG,Engine,73.904,2.373,77.875,54.354,1773.861,148.129,23.51,78.413,434,65.437,27.727,0,0
A049,07-01-2025 10:00,A049-ENG,Engine,78.087,3.232,70.388,54.952,1782.545,140.793,23.715,80.946,365,47.548,22.895,0,0
A049,07-01-2025 17:00,A049-ENG,Engine,75.436,2.638,76.275,52.459,1745.905,142.504,23.93,79.663,334,53.121,35.764,0,0
A049,07-01-2025 18:00,A049-ENG,Engine,77.969,2.618,75.169,54.415,1794.558,150.802,23.826,80.062,558,74.761,31.036,0,0
A049,08-01-2025 02:00,A049-ENG,Engine,74.337,1.963,70.989,52.897,1612.049,144.086,23.816,76.141,503,57.867,28.328,0,0
A049,08-01-2025 04:00,A049-ENG,Engine,77.053,3.213,80.05,52.968,1874.595,150.352,23.855,78.054,272,43.611,27.275,0,0
A049,08-01-2025 08:00,A049-ENG,Engine,74.239,2.745,72.222,53.474,1728.142,145.551,22.991,83.082,409,62.879,31.36,0,0
A049,08-01-2025 16:00,A049-ENG,Engine,71.381,3.152,76.226,55.113,1750.597,145.13,23.185,81.02,376,61.609,27.24,0,0
A049,08-01-2025 20:00,A049-ENG,Engine,78.364,2.351,73.8,53.56,1743.487,151.729,23.185,79.709,288,46.272,30.867,0,0
A049,08-01-2025 23:00,A049-ENG,Engine,77.628,2.066,74.8,57.141,1681.584,151.577,23.696,82.117,294,55.042,31.508,0,0
A049,09-01-2025 00:00,A049-ENG,Engine,78.059,3.05,74.601,50.791,1717.829,146.268,23.301,81.764,650,63.766,35.026,0,0
A049,09-01-2025 01:00,A049-ENG,Engine,81.731,3.174,78.207,51.802,1516.959,148.41,24.109,82.564,513,52.293,28.441,0,0
A049,09-01-2025 03:00,A049-ENG,Engine,78.247,2.625,75.421,49.045,1641.418,150.936,23.551,80.399,641,50.633,34.589,0,0
A049,09-01-2025 06:00,A049-ENG,Engine,76.25,2.785,73.549,50.252,1750.106,153.002,23.629,78.916,535,46.314,23.189,0,1
A049,09-01-2025 08:00,A049-ENG,Engine,81.863,2.843,81.152,52.694,1803.909,155.433,23.387,76.713,412,59.496,32.926,0,1
A049,09-01-2025 09:00,A049-ENG,Engine,77.248,3.059,78.123,54.59,1776.36,149.293,23.823,77.07,537,66.035,23.029,0,0
A049,10-01-2025 03:00,A049-ENG,Engine,77.648,3.023,77.171,53.428,1744.919,144.428,22.765,79.412,599,78.831,30.371,0,0
A049,10-01-2025 11:00,A049-ENG,Engine,80.255,2.41,71.562,52.597,1946.275,146.244,23.241,85.197,422,61.815,34.135,0,0
A049,10-01-2025 14:00,A049-ENG,Engine,78.315,2.715,73.517,51.934,1754.213,145.608,23.722,83.648,345,62.957,25.86,0,0
A049,10-01-2025 17:00,A049-ENG,Engine,77.28,2.91,73.94,50.148,1895.483,151.689,23.064,82.658,425,71.724,31.522,0,0
A049,10-01-2025 18:00,A049-ENG,Engine,74.331,2.615,77.313,55.388,1746.481,140.465,23.974,80.678,611,59.127,34.398,0,0
A049,11-01-2025 09:00,A049-ENG,Engine,79.069,3.237,75.32,50.01,1925.497,145.206,23.306,80.902,544,70.173,23.559,0,0
A049,11-01-2025 10:00,A049-ENG,Engine,76.227,2.717,78.596,54.732,1700.349,145.622,23.537,83.433,585,50.864,37.533,0,0
A049,11-01-2025 12:00,A049-ENG,Engine,79.054,3.548,72.789,52.275,1775.08,146.952,23.502,81.466,522,61.71,32.019,0,0
A049,11-01-2025 18:00,A049-ENG,Engine,79.107,2.767,75.034,54.395,1817.841,145.642,23.419,82.654,661,67.252,32.212,0,0
A049,11-01-2025 19:00,A049-ENG,Engine,96.133,5.803,60.198,57.616,1932.817,132.319,23.753,79.66,498,56.379,29.776,1,1
A049,12-01-2025 00:00,A049-ENG,Engine,77.533,3.132,72.996,54.905,1881.917,145.822,22.806,84.546,625,81.202,27.049,0,0
A049,12-01-2025 11:00,A049-ENG,Engine,81.023,3.158,72.928,52.951,1774.658,145.994,22.542,81.689,690,49.388,35.585,0,0
A049,12-01-2025 15:00,A049-ENG,Engine,83.6,3.179,76.274,53.006,1797.32,143.212,22.972,80.926,628,68.632,31.353,0,1
A049,12-01-2025 17:00,A049-ENG,Engine,81.462,3.233,71.22,52.476,1715.762,147.099,22.537,81.182,528,64.116,34.445,0,0
A049,12-01-2025 22:00,A049-ENG,Engine,78.788,2.934,67.481,52.272,1654.247,146.804,23.63,79.068,611,59.393,28.032,0,0
A049,13-01-2025 01:00,A049-ENG,Engine,77.022,3.521,73.683,56.146,1858.996,147.967,23.474,81.519,620,76.523,25.464,0,1
A049,13-01-2025 02:00,A049-ENG,Engine,74.878,2.907,75.081,56.495,1858.037,141.573,22.906,83.335,543,57.012,28.584,0,0
A049,13-01-2025 03:00,A049-ENG,Engine,80.86,3.368,74.701,51.546,1858.219,148.065,23.037,81.98,443,53.966,31.906,0,1
A049,13-01-2025 05:00,A049-ENG,Engine,81.333,3.804,74.681,54.509,1828.802,147.12,22.851,79.113,746,68.538,34.62,0,1
A049,13-01-2025 16:00,A049-ENG,Engine,85.963,3.494,69.553,52.744,1756.568,147.407,22.856,84.862,478,65.253,37.103,1,0
A049,13-01-2025 18:00,A049-ENG,Engine,81.595,3.401,74.434,51.148,1896.039,149.571,22.804,87.005,450,72.976,24.523,0,1
A049,13-01-2025 21:00,A049-ENG,Engine,80.793,2.704,74.19,54.787,1739.123,145.436,23.097,82.929,504,62.37,38.982,0,0
A049,13-01-2025 22:00,A049-ENG,Engine,79.877,3.662,71.838,49.746,1748.147,148.14,22.573,84.258,777,67.689,38.35,0,1
A049,14-01-2025 11:00,A049-ENG,Engine,78.773,3.36,72.825,55.822,1991.067,144.014,22.723,79.465,563,63.035,30.536,0,0
A049,14-01-2025 12:00,A049-ENG,Engine,78.26,3.855,71.193,52.654,1835.026,145.025,23.186,82.633,502,78.234,26.798,1,1
A049,14-01-2025 16:00,A049-ENG,Engine,78.988,3.974,73.689,51.033,1622.744,148.148,23.026,80.389,502,70.475,22.98,1,1
A049,14-01-2025 21:00,A049-ENG,Engine,80.898,3.725,77.628,55.844,1757.162,148.542,22.766,78.701,822,74.521,34.917,1,0
A049,15-01-2025 06:00,A049-ENG,Engine,74.365,3.794,70.587,52.912,1841.854,143.629,22.373,83.969,579,68.347,34.228,0,1
A049,15-01-2025 07:00,A049-ENG,Engine,84.724,3.781,72.81,53.757,1700.07,145.081,23.402,84.346,498,66.302,35.609,1,0
A049,15-01-2025 14:00,A049-ENG,Engine,75.544,3.605,72.163,54.606,1803.281,144.091,23.261,84.794,625,56.592,26.329,0,0
A049,15-01-2025 16:00,A049-ENG,Engine,90.163,3.705,66.387,53.855,1736.133,140.078,23.529,82.531,521,68.904,29.739,1,1
A049,15-01-2025 18:00,A049-ENG,Engine,82.269,3.001,72.893,51.079,1837.05,147.801,22.781,81.56,697,69.119,27.963,1,0
A049,15-01-2025 21:00,A049-ENG,Engine,80.662,3.991,68.818,48.845,1849.54,141.114,23.454,79.296,739,76.966,34.931,1,0
A049,16-01-2025 02:00,A049-ENG,Engine,76.64,2.84,73.661,55.337,1625.291,141.078,22.535,84.054,471,73.097,26.51,0,1
A049,16-01-2025 04:00,A049-ENG,Engine,84.433,3.526,74.064,52.715,1798.149,145.575,23.026,84.503,728,82.692,25.096,1,0
A049,16-01-2025 12:00,A049-ENG,Engine,81.301,3.771,69.112,51.716,1833.561,146.298,22.56,82.5,651,74.253,36.938,1,0
A049,16-01-2025 13:00,A049-ENG,Engine,84.204,3.64,70.44,52.701,1952.902,150.875,22.619,85.034,816,81.47,33.828,1,1
A049,16-01-2025 15:00,A049-ENG,Engine,85.329,3.45,75.972,52.269,1817.331,150.953,22.971,87.34,631,71.42,28.465,1,0
A049,16-01-2025 18:00,A049-ENG,Engine,95.661,5.252,66.423,53.478,1799.594,138.556,23.059,84.985,801,87.248,22.384,1,1
A049,17-01-2025 01:00,A049-ENG,Engine,80.366,3.062,69.006,52.754,1816.643,144.77,23.341,86.166,819,90.841,25.444,1,0
A049,17-01-2025 02:00,A049-ENG,Engine,89.913,5.005,66.713,49.63,1816.971,122.722,23.386,83.895,620,71.029,21.82,1,1
A049,17-01-2025 05:00,A049-ENG,Engine,83.06,4.299,70.279,50.706,1628.147,144.573,22.813,85.882,501,70.654,28.966,1,0
A049,17-01-2025 08:00,A049-ENG,Engine,79.912,3.438,71.302,52.796,1865.726,139.784,22.616,87.177,546,62.645,36.174,1,0
A049,17-01-2025 10:00,A049-ENG,Engine,81.837,3.897,69.803,49.707,1748.714,149.067,22.606,86.517,516,72.767,33.52,1,1
A049,17-01-2025 11:00,A049-ENG,Engine,83.055,3.155,69.491,49.515,1757.247,148.526,22.503,84.918,835,68.028,25.319,1,1
A050,01-01-2025 05:00,A050-ENG,Engine,73.911,1.793,73.209,56.028,1717.141,154.306,24.035,73.29,419,51.503,26.588,0,0
A050,01-01-2025 11:00,A050-ENG,Engine,72.123,2.431,74.468,51.587,1719.328,140.158,24.585,76.141,449,54.498,31.584,0,0
A050,01-01-2025 17:00,A050-ENG,Engine,78.716,2.654,76.208,56.799,1741.098,152.794,23.996,74.933,152,44.351,32.729,0,0
A050,01-01-2025 23:00,A050-ENG,Engine,71.259,2.394,75.462,55.645,1942.494,149.043,23.921,73.452,152,61.663,28.272,0,0
A050,02-01-2025 00:00,A050-ENG,Engine,88.149,4.626,64.39,56.11,1892.682,127.673,23.979,79.226,294,38.723,20.445,1,0
A050,02-01-2025 07:00,A050-ENG,Engine,74.357,2.49,77.558,57.63,1895.234,149.055,23.727,76.028,497,49.509,31.56,0,0
A050,02-01-2025 11:00,A050-ENG,Engine,77.229,2.571,77.889,51.455,1924.617,149.966,23.709,74.211,156,47.152,29.036,0,1
A050,02-01-2025 13:00,A050-ENG,Engine,75.286,2.452,74.396,54.958,1912.115,150.177,23.67,75.736,263,60.218,25.742,0,1
A050,02-01-2025 17:00,A050-ENG,Engine,73.417,2.872,74.844,52.443,1860.87,148.319,23.599,72.149,264,55.433,32.898,0,0
A050,02-01-2025 18:00,A050-ENG,Engine,73.384,3.01,76.318,53.88,1823.5,143.389,23.937,75.269,266,50.503,27.124,0,0
A050,03-01-2025 03:00,A050-ENG,Engine,70.8,2.556,73.398,52.816,1790.687,152.385,24.327,74.938,176,52.363,25.496,0,0
A050,03-01-2025 05:00,A050-ENG,Engine,78.481,2.838,76.106,53.746,1821.204,147.324,23.85,80.011,188,57.937,33.224,0,0
A050,03-01-2025 09:00,A050-ENG,Engine,81.456,5.512,59.999,55.763,1749.89,135.421,23.936,78.084,232,55.917,29.427,1,0
A050,03-01-2025 12:00,A050-ENG,Engine,79.083,2.564,75.719,53.283,1881.417,144.786,24.009,78.704,408,49.496,36.88,0,0
A050,03-01-2025 13:00,A050-ENG,Engine,74.27,2.811,76.247,54.342,1810.214,152.396,24.062,78.084,389,43.114,25.789,0,0
A050,03-01-2025 22:00,A050-ENG,Engine,79.414,2.424,75.107,53.342,1909.551,151.127,24.005,74.38,506,57.888,21.296,0,0
A050,04-01-2025 00:00,A050-ENG,Engine,74.485,3.107,76.801,50.706,1847.183,153.828,23.735,77.514,460,69.199,26.857,0,0
A050,04-01-2025 01:00,A050-ENG,Engine,77.337,2.329,77.744,54.185,1739.133,151.023,23.943,77.571,348,61.601,21.645,0,0
A050,04-01-2025 06:00,A050-ENG,Engine,73.809,2.966,76.022,55.936,1820.325,152.233,23.774,76.967,236,57.153,31.251,0,1
A050,04-01-2025 12:00,A050-ENG,Engine,78.764,2.442,76.293,55.466,1927.916,144.141,23.911,76.761,306,47.568,20.939,0,0
A050,04-01-2025 14:00,A050-ENG,Engine,79.326,2.852,73.724,53.399,1853.306,145.003,24.362,78.802,209,62.31,33.198,0,1
A050,04-01-2025 18:00,A050-ENG,Engine,74.718,3.097,73.152,55.09,1792.736,148.457,23.686,79.613,498,60.696,32.464,0,0
A050,04-01-2025 23:00,A050-ENG,Engine,75.812,2.983,77.751,50.807,1799.607,156.388,23.643,75.621,197,70.089,32.982,0,1
A050,05-01-2025 03:00,A050-ENG,Engine,79.433,2.74,70.233,54.621,1837.165,142.87,23.445,75.98,556,57.235,30.975,0,0
A050,05-01-2025 04:00,A050-ENG,Engine,76.006,2.426,73.184,52.91,1816.106,147.828,23.514,76.518,256,66.475,30.436,0,0
A050,05-01-2025 05:00,A050-ENG,Engine,76.929,3.178,72.66,53.95,1716.787,150.562,23.538,78.494,274,65.318,33.415,0,0
A050,05-01-2025 07:00,A050-ENG,Engine,75.682,2.478,74.183,51.682,1731.355,146.915,23.545,80.902,211,58.934,23.01,0,1
A050,05-01-2025 10:00,A050-ENG,Engine,77.886,2.557,76.366,53.841,1822.5,143.225,23.587,76.883,565,58.116,40.632,0,0
A050,05-01-2025 14:00,A050-ENG,Engine,73.857,2.701,75.655,55.724,2040.01,144.275,23.083,79.014,551,50.866,28.418,0,1
A050,05-01-2025 22:00,A050-ENG,Engine,85.643,6.421,71.084,52.265,1866.237,138.357,23.466,77.599,347,75.422,25.071,1,1
A050,06-01-2025 04:00,A050-ENG,Engine,78.757,2.705,70.985,55.375,1709.168,148.874,23.461,78.709,536,56.15,35.517,0,0
A050,06-01-2025 06:00,A050-ENG,Engine,78.434,2.942,72.901,54.163,1746.108,148.515,23.121,79.4,582,62.355,32.604,0,0
A050,06-01-2025 08:00,A050-ENG,Engine,77.246,2.64,72.299,53.791,1845.305,144.615,23.252,78.768,582,64.463,29.456,0,0
A050,06-01-2025 11:00,A050-ENG,Engine,72.697,2.751,78.303,54.775,1765.041,148.697,23.259,78.711,500,84.925,32.128,0,0
A050,06-01-2025 16:00,A050-ENG,Engine,74.262,3.126,77.359,50.74,1888.215,151.2,23.973,82.977,604,59.589,28.192,0,0
A050,06-01-2025 19:00,A050-ENG,Engine,75.765,3.066,70.914,52.897,1867.296,145.712,23.075,78.135,620,68.58,35.958,0,0
A050,06-01-2025 22:00,A050-ENG,Engine,77.433,2.763,75.849,55.284,1634.534,149.347,23.449,78.564,610,72.806,30.887,0,1
A050,07-01-2025 03:00,A050-ENG,Engine,80.72,3.176,74.119,49.667,1640.811,147.485,23.744,80.537,276,73.595,30.247,0,0
A050,07-01-2025 14:00,A050-ENG,Engine,75.007,3.422,74.057,54.491,1801.414,145.467,23.472,78.718,469,83.978,29.708,0,0
A050,07-01-2025 16:00,A050-ENG,Engine,89.019,4.651,65.642,50.859,1803.448,130.111,23.061,78.577,388,65.948,27.036,1,1
A050,08-01-2025 07:00,A050-ENG,Engine,93.006,6.176,69.841,50.626,1691.2,132.177,23.724,76.799,523,79.226,28.761,1,0
A050,08-01-2025 09:00,A050-ENG,Engine,79.358,3.87,75.716,54.325,1777.337,146.696,23.058,77.211,507,60.707,27.088,0,1
A050,09-01-2025 00:00,A050-ENG,Engine,77.049,3.069,73.959,57.482,1688.863,144.38,23.504,83.39,350,55.247,29.445,0,0
A050,09-01-2025 03:00,A050-ENG,Engine,77.917,2.763,73.956,51.878,1748.576,144.519,23.3,77.931,504,67.657,27.662,0,1
A050,09-01-2025 08:00,A050-ENG,Engine,77.726,3.408,73.392,54.087,1823.978,140.051,23.167,79.416,333,70.392,26.454,0,0
A050,09-01-2025 09:00,A050-ENG,Engine,78.815,3.176,68.951,53.109,1992.057,144.869,23.159,77.398,427,62.438,25.728,0,1
A050,09-01-2025 10:00,A050-ENG,Engine,81.085,2.841,69.89,55.029,1855.411,153.959,23.676,78.95,336,69.025,40.953,0,1
A050,09-01-2025 14:00,A050-ENG,Engine,78.345,2.636,70.504,54.821,1888.328,147.328,23.483,83.473,439,68.63,29.814,0,1
A050,09-01-2025 16:00,A050-ENG,Engine,81.94,3.168,73.241,53.077,1888.041,151.985,23.422,78.971,680,67.297,29.071,0,0
A050,09-01-2025 23:00,A050-ENG,Engine,77.238,3.27,71.588,55.655,1781.133,147.1,23.294,78.168,525,71.018,34.334,0,0
A050,10-01-2025 02:00,A050-ENG,Engine,78.629,3.021,76.018,50.141,1877.456,151.143,23.207,81.681,365,58.761,33.673,0,0
A050,10-01-2025 06:00,A050-ENG,Engine,77.745,3.531,68.143,52.77,1989.214,141.717,23.621,83.769,469,61.969,41.89,0,0
A050,10-01-2025 09:00,A050-ENG,Engine,75.739,3.422,74.896,53.284,1635.923,145.642,23.1,79.087,443,65.956,23.184,0,0
A050,10-01-2025 11:00,A050-ENG,Engine,78.933,4.1,74.234,52.03,1985.115,141.301,23.146,82.412,396,94.107,34.279,1,0
A050,10-01-2025 12:00,A050-ENG,Engine,79.878,3.621,73.894,50.637,1761.496,150.77,23.154,77.726,666,62.705,35.283,0,1
A050,11-01-2025 02:00,A050-ENG,Engine,75.937,3.691,74.3,52.587,1734.367,150.843,23.625,78.924,547,76.534,31.313,0,0
A050,11-01-2025 08:00,A050-ENG,Engine,76.771,2.933,71.401,58.266,1919.719,143.773,22.814,79.752,648,74.253,25.07,0,1
A050,11-01-2025 10:00,A050-ENG,Engine,79.653,3.337,72.345,53.136,1873.714,148.141,23.024,82.767,639,67.264,34.737,0,0
A050,11-01-2025 11:00,A050-ENG,Engine,79.103,3.466,71.064,52.151,1571.17,145.648,23.032,79.143,639,67.237,30.323,0,1
A050,11-01-2025 12:00,A050-ENG,Engine,77.291,3.867,73.375,51.324,1810.272,141.473,22.981,80.385,515,75.608,31.293,1,0
A050,11-01-2025 17:00,A050-ENG,Engine,83.72,3.822,69.854,52.093,1786.814,153.063,23.799,84.256,445,66.402,22.655,1,1
A050,11-01-2025 21:00,A050-ENG,Engine,81.01,3.9,70.636,53.113,1682.395,137.001,23.474,78.812,428,76.869,31.648,1,1
A050,11-01-2025 22:00,A050-ENG,Engine,80.336,3.887,71.256,50.728,1857.398,140.577,23.415,80.478,477,70.171,25.707,1,0
A050,12-01-2025 01:00,A050-ENG,Engine,83.104,3.672,71.838,50.245,1739.748,143.735,23.786,78.226,557,62.533,37.143,1,0
A050,12-01-2025 03:00,A050-ENG,Engine,83.579,3.953,71.655,55.102,1645.383,150.173,22.627,81.742,477,84.054,18.062,1,1
A050,12-01-2025 12:00,A050-ENG,Engine,82.055,3,69.033,54.765,1783.079,151.385,22.918,79.696,490,60.619,35.481,0,0
A050,12-01-2025 17:00,A050-ENG,Engine,82.354,4.396,69.762,53.212,1803.469,152.557,22.874,79.127,420,66.273,24.988,1,1
A050,12-01-2025 18:00,A050-ENG,Engine,79.717,3.039,69.655,57.561,1671.145,147.222,23.288,81.454,393,70.073,31.72,1,1
A050,12-01-2025 21:00,A050-ENG,Engine,83.622,3.125,71.968,53.611,1679.83,141.942,22.741,80.099,499,53.013,31.401,0,1
A050,12-01-2025 22:00,A050-ENG,Engine,82.603,3.489,64.347,57.497,1760.146,139.746,23.246,81.076,508,77.85,31.84,1,0
A050,13-01-2025 03:00,A050-ENG,Engine,80.515,3.305,73.306,52.079,1799.296,147.25,22.944,80.527,718,71.547,27.713,1,0
A050,13-01-2025 07:00,A050-ENG,Engine,81.329,2.628,68.818,52.65,1855.296,139.071,23.066,81.075,655,70.259,27.56,1,1
A050,13-01-2025 14:00,A050-ENG,Engine,86.201,2.686,68.63,55.751,1875.479,151.762,23.169,82.471,484,79.393,29.53,1,1
A050,13-01-2025 15:00,A050-ENG,Engine,80.13,3.566,70.774,52.38,1898.576,143.967,23.321,84.522,468,66.579,32.028,1,0
A050,13-01-2025 17:00,A050-ENG,Engine,80.31,4.283,72.384,51.331,1754.187,142.732,23.309,83.239,422,76.679,37.987,1,0
A050,13-01-2025 22:00,A050-ENG,Engine,80.731,4.109,70.708,51.783,1727.815,147.257,23,78.779,632,77.282,31.697,1,0
A050,14-01-2025 00:00,A050-ENG,Engine,83.6,3.482,71.041,48.917,1784.906,148.759,22.222,82.015,633,80.061,33.355,1,1
A050,14-01-2025 02:00,A050-ENG,Engine,79.644,3.758,72.606,55.787,1964.26,140.771,23.439,84.098,469,61.183,27.387,1,1
A050,14-01-2025 06:00,A050-ENG,Engine,81.41,3.42,71.359,51.843,1872.463,144.047,22.953,86.106,496,82.268,27.563,1,0
A050,14-01-2025 07:00,A050-ENG,Engine,79.053,3.852,71.923,52.149,1793.421,152.626,23.615,84.056,441,70.895,33.586,1,1
A050,14-01-2025 10:00,A050-ENG,Engine,79.828,4.072,69.631,53.85,1696.219,149.925,23.029,84.27,449,84.389,26.71,1,1
A050,14-01-2025 14:00,A050-ENG,Engine,81.715,3.354,69.299,52.8,1840.1,146.744,23.028,85.477,496,77.259,22.904,1,0
A050,14-01-2025 18:00,A050-ENG,Engine,80.386,3.281,67.927,50.439,1791.588,147.955,22.969,81.175,762,73.427,30.673,1,0
A050,14-01-2025 21:00,A050-ENG,Engine,84.363,3.293,75.535,53.876,1700.101,140.533,23.344,86.374,463,72.604,30.767,1,1
A050,15-01-2025 04:00,A050-ENG,Engine,81.385,3.695,67.914,54.762,1751.164,143.528,23.171,83.385,516,82.239,34.23,1,1
A050,15-01-2025 05:00,A050-ENG,Engine,84.312,3.678,70.851,49.633,1896.173,142.236,22.975,81.987,475,86.444,27.282,1,1
A050,15-01-2025 09:00,A050-ENG,Engine,83.941,3.498,66.652,55.905,1825.736,145.284,23.323,85.429,584,70.967,24.109,1,0
A050,15-01-2025 13:00,A050-ENG,Engine,81.788,3.927,68.473,54.067,1859.693,146.677,22.065,85.378,583,80.996,35.644,1,0
A050,15-01-2025 19:00,A050-ENG,Engine,97.548,5.51,58.452,54.438,1855.826,132.297,23.098,85.9,548,79.88,24.955,1,1
A050,15-01-2025 20:00,A050-ENG,Engine,82.365,4.03,66.808,50.014,1670.52,137.141,22.934,84.449,682,69.666,32.009,1,1
A050,15-01-2025 23:00,A050-ENG,Engine,83.669,4.23,67.513,51.778,1877.222,147.968,23.659,85.747,488,73.225,25.291,1,1
A050,16-01-2025 01:00,A050-ENG,Engine,84.462,3.525,70.945,52.151,1688.641,146.449,23.153,87.652,585,61.095,35.519,1,0
A050,16-01-2025 09:00,A050-ENG,Engine,85.602,4.035,69.722,55.974,1698.127,145.966,23.098,83.673,741,89.386,27.52,1,1
A050,16-01-2025 10:00,A050-ENG,Engine,84.203,3.864,69.332,51.22,1862.562,147.78,23.258,86.088,855,79.371,26.44,1,1
A050,16-01-2025 11:00,A050-ENG,Engine,81.555,3.837,71.7,50.714,1813.464,147.574,22.807,83.106,488,86.945,28.441,1,1
A050,16-01-2025 12:00,A050-ENG,Engine,100.058,7.764,56.68,50.976,1944.897,130.442,22.71,84.437,543,80.641,26.001,1,1
A050,16-01-2025 13:00,A050-ENG,Engine,84.038,2.977,68.783,50.32,1737.114,145.838,22.407,84.629,663,80.815,28.482,1,1
A050,16-01-2025 14:00,A050-ENG,Engine,84.296,3.854,69.807,52.596,1854.168,139.071,22.838,84.634,750,65.511,22.358,1,0
A050,16-01-2025 19:00,A050-ENG,Engine,80.444,3.771,69.723,52.39,1721.31,140.774,23.337,84.282,626,83.959,27.899,1,1
A050,16-01-2025 21:00,A050-ENG,Engine,85.461,3.71,61.564,56.015,1792.655,147.394,22.611,81.901,798,88.658,31.884,1,1
A050,16-01-2025 22:00,A050-ENG,Engine,84.29,3.576,72.38,55.016,1719.971,149.713,22.665,82.13,813,79.692,28.952,1,0
A050,17-01-2025 02:00,A050-ENG,Engine,83.842,4.09,68.651,52.3,1912.101,144.414,22.534,88.27,632,65.734,34.413,1,1
A050,17-01-2025 04:00,A050-ENG,Engine,85.396,3.812,68.499,52.951,1639.004,147.42,22.667,84.846,639,92.236,27.388,1,1
A050,17-01-2025 06:00,A050-ENG,Engine,85.134,4.019,70.908,50.6,1767.824,145.611,22.728,81.375,686,71.54,30.295,1,0
A050,17-01-2025 11:00,A050-ENG,Engine,82.241,4.173,70.503,52.524,1707.462,148.717,23.007,87.904,578,75.342,27.267,1,1
