asset_id,timestamp,component_id,component_type,temperature,vibration,oil_pressure,fuel_pressure,rpm,hydraulic_pressure,battery_voltage,coolant_temperature,operating_hours,load_percentage,ambient_temperature,sensor_status,anomaly_label,failure_within_50_hours
A001,2025-01-01 00:00:00,A001-PMP,Fuel Pump,76.221,1.936,72.875,55.256,1771.538,149.933,23.701,76.759,275,62.832,30.33,Normal,0,0
A001,2025-01-01 01:00:00,A001-PMP,Fuel Pump,74.822,2.287,78.306,54.893,1783.362,147.264,24.425,74.716,278,53.245,28.239,Normal,0,0
A001,2025-01-01 06:00:00,A001-PMP,Fuel Pump,73.276,2.802,74.355,54.229,1765.644,145.142,24.152,74.211,419,57.084,32.404,Normal,0,0
A001,2025-01-01 09:00:00,A001-PMP,Fuel Pump,78.144,2.569,73.391,55.291,1819.8,155.324,24.265,75.939,281,68.878,24.056,Normal,0,0
A001,2025-01-01 11:00:00,A001-PMP,Fuel Pump,72.167,2.515,74.38,54.636,1895.938,150.491,23.911,73.204,300,43.899,27.568,Normal,0,0
A001,2025-01-01 13:00:00,A001-PMP,Fuel Pump,74.158,2.439,76.985,53.993,1689.695,144.726,24.021,78.483,229,58.702,29.407,Normal,0,0
A001,2025-01-01 17:00:00,A001-PMP,Fuel Pump,73.82,2.768,76.232,52.704,1808.144,150.7,24.83,79.179,231,50.846,28.563,Normal,0,0
A001,2025-01-01 18:00:00,A001-PMP,Fuel Pump,89.963,4.551,66.768,50.57,1785.36,129.335,23.761,73.696,431,56.98,21.211,Warning,1,0
A001,2025-01-01 20:00:00,A001-PMP,Fuel Pump,73.081,2.859,78.262,55.161,1831.658,149.963,23.94,74.057,142,60.391,29.514,Normal,0,0
A001,2025-01-01 21:00:00,A001-PMP,Fuel Pump,72.592,2.309,78.688,55.368,1843.213,142.759,24.262,76.434,349,49.038,27.642,Normal,0,0
A001,2025-01-01 22:00:00,A001-PMP,Fuel Pump,74.271,2.613,76.072,57.778,1569.001,148.778,23.996,76.142,378,55.009,21.216,Normal,0,0
A001,2025-01-01 23:00:00,A001-PMP,Fuel Pump,76.719,2.59,75.517,52.722,1769.899,154.913,24.135,79.04,216,67.466,32.195,Normal,0,0
A001,2025-01-02 01:00:00,A001-PMP,Fuel Pump,71.69,2.532,79.408,56.088,1737.096,145.633,23.936,73.192,499,52.803,31.56,Normal,0,0
A001,2025-01-02 08:00:00,A001-PMP,Fuel Pump,75.06,2.446,74.004,51.799,1720.068,148.168,24.185,79.242,333,47.552,31.964,Normal,0,0
A001,2025-01-02 10:00:00,A001-PMP,Fuel Pump,77.558,2.631,78.237,55.512,1788.198,150.97,24.581,80.004,254,59.289,30.801,Normal,0,0
A001,2025-01-02 11:00:00,A001-PMP,Fuel Pump,74.855,2.86,73.347,51.558,1613.431,145.093,23.734,75.289,306,74.295,35.53,Normal,0,0
A001,2025-01-02 18:00:00,A001-PMP,Fuel Pump,74.912,2.669,73.406,52.62,1687.998,145.92,23.849,76.719,449,59.643,26.172,Normal,0,0
A001,2025-01-02 20:00:00,A001-PMP,Fuel Pump,76.976,3.483,72.309,52.995,1821.19,155.894,23.44,76.598,456,73.93,21.741,Normal,0,1
A001,2025-01-02 21:00:00,A001-PMP,Fuel Pump,77.251,2.872,70.793,55.693,1748.022,154.535,23.645,74.852,455,63.751,33.815,Normal,0,1
A001,2025-01-03 03:00:00,A001-PMP,Fuel Pump,72.108,3.103,75.984,59.383,1837.817,150.913,23.789,77.909,412,64.798,36.259,Normal,0,0
A001,2025-01-03 12:00:00,A001-PMP,Fuel Pump,76.948,2.981,70.463,54.305,1889.613,153.487,24.179,76.578,180,53.599,24.582,Normal,0,0
A001,2025-01-03 14:00:00,A001-PMP,Fuel Pump,76.413,2.453,73.687,57.411,1695.413,140.758,23.162,76.608,320,60.732,29.412,Normal,0,0
A001,2025-01-03 15:00:00,A001-PMP,Fuel Pump,79.663,2.461,73.921,53.022,1719.509,147.907,24.311,80.25,455,57.859,39.525,Normal,0,0
A001,2025-01-03 21:00:00,A001-PMP,Fuel Pump,73.249,2.615,75.743,55.594,1744.005,153.087,24.198,79.598,209,65.157,36.817,Normal,0,0
A001,2025-01-04 00:00:00,A001-PMP,Fuel Pump,76.987,1.612,70.382,55.364,1842.978,144.45,23.535,79.541,246,57.237,41.215,Normal,0,0
A001,2025-01-04 01:00:00,A001-PMP,Fuel Pump,76.387,2.542,74.396,54.381,1677.173,148.064,23.521,78.674,490,61.449,28.586,Normal,0,0
A001,2025-01-04 03:00:00,A001-PMP,Fuel Pump,76.947,2.794,73.423,56.179,1933.135,156.24,24.235,76.656,191,64.119,33.834,Normal,0,0
A001,2025-01-04 04:00:00,A001-PMP,Fuel Pump,76.002,2.649,73.574,55.698,1800.269,150.411,24.007,76.15,538,67.409,31.894,Normal,0,0
A001,2025-01-04 06:00:00,A001-PMP,Fuel Pump,70.759,2.924,74.559,56.506,1906.887,149.836,23.591,77.92,458,57.261,29.993,Normal,0,0
A001,2025-01-04 13:00:00,A001-PMP,Fuel Pump,75.517,3.061,71.959,55.263,1800.28,145.938,23.662,76.757,536,59.761,38.857,Normal,0,1
A001,2025-01-05 00:00:00,A001-PMP,Fuel Pump,78.375,3.187,78.053,57.179,1766.255,150.292,23.494,77.447,526,57.811,38.1,Normal,0,0
A001,2025-01-05 03:00:00,A001-PMP,Fuel Pump,79.922,2.018,73.281,51.897,1872.411,146.062,23.844,78.606,591,77.487,28.985,Normal,0,0
A001,2025-01-05 04:00:00,A001-PMP,Fuel Pump,74.969,2.798,74.075,51.124,1820.589,152.62,23.803,74.322,385,61.869,33.71,Normal,0,0
A001,2025-01-05 08:00:00,A001-PMP,Fuel Pump,78.002,2.447,73.989,54.949,1850.047,149.409,23.79,80.547,536,72.918,15.665,Normal,0,0
A001,2025-01-05 21:00:00,A001-PMP,Fuel Pump,76.788,2.435,71.782,55.225,1835.596,142.269,23.395,76.762,324,60.998,23.12,Normal,0,0
A001,2025-01-05 22:00:00,A001-PMP,Fuel Pump,79.433,3.011,72.79,54.395,1726.508,143.938,23.317,76.68,294,54.677,30.81,Normal,0,0
A001,2025-01-06 00:00:00,A001-PMP,Fuel Pump,77.171,2.502,67.869,55.986,1711.35,146.678,23.155,75.18,543,62.719,26.352,Normal,0,0
A001,2025-01-06 05:00:00,A001-PMP,Fuel Pump,75.884,2.911,76.812,55.135,1765.293,147.492,23.076,78.902,458,50.343,33.759,Normal,0,0
A001,2025-01-06 10:00:00,A001-PMP,Fuel Pump,79.286,2.638,76.149,51.23,1740.357,156.067,24.005,78.445,598,57.21,27.354,Normal,0,0
A001,2025-01-06 16:00:00,A001-PMP,Fuel Pump,94.189,5.828,59.441,53.094,1796.426,132.324,23.485,77.581,529,65.848,20.395,Warning,1,0
A001,2025-01-06 18:00:00,A001-PMP,Fuel Pump,80.161,3.682,71.18,53.512,1867.254,148.505,23.195,79.279,571,69.864,30.44,Normal,0,0
A001,2025-01-06 22:00:00,A001-PMP,Fuel Pump,81.693,2.583,75.102,56.779,1758.887,148.631,22.871,79.083,362,56.976,30.998,Normal,0,0
A001,2025-01-07 00:00:00,A001-PMP,Fuel Pump,93.876,5.79,64.159,54.215,1757.715,136.364,23.295,79.62,615,70.024,15.414,Warning,1,1
A001,2025-01-07 01:00:00,A001-PMP,Fuel Pump,80.787,2.49,76.053,53.802,1692.684,145.855,23.209,80.357,540,71.531,21.404,Normal,0,0
A001,2025-01-07 02:00:00,A001-PMP,Fuel Pump,74.875,3.728,73.127,51.581,1739.045,144.969,23.116,78.84,623,55.911,19.098,Normal,0,1
A001,2025-01-07 11:00:00,A001-PMP,Fuel Pump,79.436,3.405,71.798,50.217,1745.755,143.691,23.029,82.32,304,68.48,31.898,Normal,0,0
A001,2025-01-07 14:00:00,A001-PMP,Fuel Pump,80.657,3.245,74.932,55.557,1727.593,140.792,24.066,79.463,595,52.768,26.431,Normal,0,1
A001,2025-01-07 15:00:00,A001-PMP,Fuel Pump,82.142,2.849,70.955,54.23,1835.141,149.998,23.842,79.372,567,70.462,28.704,Normal,0,0
A001,2025-01-08 02:00:00,A001-PMP,Fuel Pump,98.865,6.881,66.731,55.075,1585.686,141.24,23.076,79.914,287,69.208,35.423,Warning,1,1
A001,2025-01-08 10:00:00,A001-PMP,Fuel Pump,76.715,3.163,73.771,58.729,1933.209,152.253,23.33,77.684,650,74.046,24.497,Normal,0,1
A001,2025-01-09 00:00:00,A001-PMP,Fuel Pump,78.412,3.23,77.342,50.09,1844.981,140.884,23.386,78.933,474,51.929,31.945,Normal,0,0
A001,2025-01-09 05:00:00,A001-PMP,Fuel Pump,75.61,3.646,70.683,52.738,1632.887,144.822,23.406,81.786,325,62.752,38.287,Normal,0,0
A001,2025-01-09 06:00:00,A001-PMP,Fuel Pump,80.338,3.168,71.782,56.221,1931.958,144.258,23.391,80.13,618,61.094,29.722,Normal,0,0
A001,2025-01-09 08:00:00,A001-PMP,Fuel Pump,78.586,3.471,78.112,51.385,1629.197,152.646,23.111,79.959,656,64.422,31.341,Normal,0,0
A001,2025-01-09 09:00:00,A001-PMP,Fuel Pump,77.379,3.128,71.242,50.635,1761.97,147.963,23.257,79.482,505,69.013,26.721,Normal,0,0
A001,2025-01-09 12:00:00,A001-PMP,Fuel Pump,77.835,3.684,69.27,55.141,1906.753,148.293,23.326,80.901,514,46.467,31.511,Normal,0,0
A001,2025-01-09 15:00:00,A001-PMP,Fuel Pump,78.001,2.774,74.539,55.768,1894.145,145.533,23.321,81.675,331,72.679,28.032,Normal,0,0
A001,2025-01-09 16:00:00,A001-PMP,Fuel Pump,77.116,3.623,72.799,54.94,1878.478,144.622,22.81,79.133,421,76.722,27.29,Warning,1,0
A001,2025-01-09 17:00:00,A001-PMP,Fuel Pump,82.204,3.672,74.37,54.586,1778.01,146.732,23.223,85.494,603,74.119,27.681,Warning,1,0
A001,2025-01-09 18:00:00,A001-PMP,Fuel Pump,78.517,3.582,74.595,54.195,1808.502,147.418,23.35,79.097,485,66.138,37.398,Normal,0,0
A001,2025-01-10 03:00:00,A001-PMP,Fuel Pump,78.283,3.723,70.349,50.544,1891.91,145.114,23.2,80.557,555,79.438,30.1,Warning,1,0
A001,2025-01-10 08:00:00,A001-PMP,Fuel Pump,78.749,3.469,67.65,56.14,1738.655,155.326,23.317,82.656,475,70.183,29.846,Warning,1,0
A001,2025-01-10 09:00:00,A001-PMP,Fuel Pump,78.659,3.419,70.105,57.912,1791.924,153.368,23.257,81.144,630,60.101,27.765,Normal,0,1
A001,2025-01-10 11:00:00,A001-PMP,Fuel Pump,85.595,2.929,70.927,52.372,1622.369,151.404,23.224,82.154,712,89.675,28.234,Warning,1,0
A001,2025-01-10 15:00:00,A001-PMP,Fuel Pump,80.61,3.328,68.664,52.384,1757.294,144.425,23.196,83.132,408,72.641,42.359,Warning,1,1
A001,2025-01-10 19:00:00,A001-PMP,Fuel Pump,91.915,5.753,66.491,50.65,1726.832,134.702,23.72,84.107,480,77.533,31.436,Warning,1,1
A001,2025-01-10 22:00:00,A001-PMP,Fuel Pump,85.452,3.595,72.046,51.397,1837.665,146.489,23.073,79.397,662,92.858,28.683,Warning,1,1
A001,2025-01-10 23:00:00,A001-PMP,Fuel Pump,82.406,3.71,73.042,51.918,1830.64,143.508,23.066,79.14,404,62.04,35.321,Warning,1,1
A001,2025-01-11 02:00:00,A001-PMP,Fuel Pump,79.696,3.934,70.525,55.394,1838.607,145.604,23.442,81.691,625,79.901,27.258,Warning,1,0
A001,2025-01-11 12:00:00,A001-PMP,Fuel Pump,78.732,2.994,70.22,54.638,1951.88,149.979,22.73,80.835,373,74.412,30.888,Warning,1,0
A001,2025-01-11 13:00:00,A001-PMP,Fuel Pump,82.511,3.857,69.056,52.412,1556.656,144.352,23.057,79.286,387,73.747,29.72,Warning,1,0
A001,2025-01-11 23:00:00,A001-PMP,Fuel Pump,83.983,3.947,74.145,54.776,1897.324,149.644,23.304,81.754,564,71.149,23.938,Warning,1,1
A001,2025-01-12 03:00:00,A001-PMP,Fuel Pump,82.76,3.785,67.451,54.873,1769.856,150.115,22.914,82.029,644,76.113,29.23,Warning,1,0
A001,2025-01-12 05:00:00,A001-PMP,Fuel Pump,79.874,3.879,71.034,50.47,1784.711,152.163,23.78,83.16,381,63.899,32.453,Warning,1,1
A001,2025-01-12 11:00:00,A001-PMP,Fuel Pump,85.461,3.733,67.265,49.826,1949.83,146.201,22.948,81.327,715,61.978,37.115,Warning,1,1
A001,2025-01-12 12:00:00,A001-PMP,Fuel Pump,85.724,3.744,72.743,54.368,1856.096,147.942,23.091,85.731,765,66.604,30.022,Warning,1,0
A001,2025-01-12 16:00:00,A001-PMP,Fuel Pump,80.417,3.396,71.836,52.436,1783.929,148.888,23.11,81.443,431,77.873,33.341,Warning,1,1
A001,2025-01-13 01:00:00,A001-PMP,Fuel Pump,81.789,4.038,73.43,52.705,1781.035,145.071,23.043,83.933,607,76.52,31.176,Warning,1,1
A001,2025-01-13 03:00:00,A001-PMP,Fuel Pump,76.764,3.678,77.159,54.55,1727.02,148.727,22.867,79.567,589,72.01,30.458,Warning,1,1
A001,2025-01-13 04:00:00,A001-PMP,Fuel Pump,81.609,3.852,67.254,54.238,1693.462,152.921,22.523,80.115,428,78.198,38.321,Warning,1,1
A001,2025-01-13 06:00:00,A001-PMP,Fuel Pump,80.801,3.741,67.798,51.968,1776.411,143.422,22.693,79.523,424,56.266,24.718,Warning,1,1
A001,2025-01-13 08:00:00,A001-PMP,Fuel Pump,86.131,4.577,69.021,50.139,1598.677,145.324,23.001,81.097,682,76.88,31.976,Warning,1,0
A001,2025-01-13 09:00:00,A001-PMP,Fuel Pump,84.444,3.737,72.411,54.353,1672.041,140.551,22.845,80.312,414,81.214,31.757,Warning,1,0
A001,2025-01-13 12:00:00,A001-PMP,Fuel Pump,84.162,3.585,69.532,51.142,1710.47,142.072,22.884,80.431,731,62.85,31.097,Warning,1,1
A001,2025-01-13 13:00:00,A001-PMP,Fuel Pump,83.64,3.857,69.476,54.231,1869.771,147.547,23.008,81.81,679,64.48,25.97,Warning,1,1
A001,2025-01-13 17:00:00,A001-PMP,Fuel Pump,84.607,3.704,70.521,50.264,1758.452,148.537,23.293,81.176,598,76.965,40.994,Warning,1,0
A001,2025-01-13 21:00:00,A001-PMP,Fuel Pump,82.213,4.137,69.901,51.046,1645.538,144.372,23.337,87.278,803,76.415,26.173,Warning,1,1
A001,2025-01-14 04:00:00,A001-PMP,Fuel Pump,88.46,6.316,58.839,53.399,1835.957,127.436,22.797,87.143,696,84.385,34.11,Warning,1,1
A001,2025-01-14 07:00:00,A001-PMP,Fuel Pump,84.487,3.954,74.626,51.271,1881.443,150.662,23.29,81.053,442,87.809,36.147,Warning,1,1
A001,2025-01-14 10:00:00,A001-PMP,Fuel Pump,86.425,3.762,66.512,50.42,1835.514,153.351,23.172,82.276,594,82.864,28.803,Warning,1,1
A001,2025-01-14 12:00:00,A001-PMP,Fuel Pump,83.777,3.992,68.997,51.251,1950.981,145.197,22.873,85.292,599,71.08,27.026,Warning,1,1
A001,2025-01-14 14:00:00,A001-PMP,Fuel Pump,81.86,3.877,65.871,52.788,1716.01,144.155,23.388,84.094,671,81.532,21.144,Warning,1,1
A001,2025-01-14 18:00:00,A001-PMP,Fuel Pump,79.985,3.81,68.349,49.876,1975.029,147.125,23.176,81.866,761,83.013,28.098,Warning,1,1
A001,2025-01-14 22:00:00,A001-PMP,Fuel Pump,83.418,3.349,69.317,49.184,1847.594,147.337,23.666,85.046,742,74.101,34.09,Warning,1,1
A001,2025-01-15 00:00:00,A001-PMP,Fuel Pump,99.183,7.002,54.092,51.944,1748.182,139.207,23.126,83.293,725,86.3,26.915,Warning,1,1
A001,2025-01-15 04:00:00,A001-PMP,Fuel Pump,83.414,3.835,72.511,50.953,1808.216,149.569,23.263,83.181,626,75.548,21.306,Warning,1,0
A001,2025-01-15 09:00:00,A001-PMP,Fuel Pump,95.963,7.659,61.007,53.288,1894.004,134.96,22.651,78.748,822,74.355,33.805,Warning,1,1
A001,2025-01-15 16:00:00,A001-PMP,Fuel Pump,86.644,4.396,71.078,56.066,1729.17,135.357,22.788,84.916,575,79.821,31.377,Warning,1,0
A001,2025-01-15 17:00:00,A001-PMP,Fuel Pump,82.111,3.56,73.106,52.554,1743.909,143.102,22.714,82.407,579,68.407,22.498,Warning,1,1
A001,2025-01-15 18:00:00,A001-PMP,Fuel Pump,85.222,4.04,67.192,52.103,1832.49,148.44,22.905,86.008,691,78.798,33.964,Warning,1,1
A001,2025-01-15 20:00:00,A001-PMP,Fuel Pump,83.655,4.055,69.397,46.839,1718.417,145.347,22.807,84.394,752,87.895,28.392,Warning,1,1
A001,2025-01-15 21:00:00,A001-PMP,Fuel Pump,84.19,3.856,74.595,47.841,1765.05,145.523,22.656,85.725,512,85.428,29.761,Warning,1,1
A001,2025-01-15 22:00:00,A001-PMP,Fuel Pump,84.414,3.896,69.601,53.821,1689.277,141.322,22.314,85.683,569,80.987,32.526,Warning,1,1
A001,2025-01-15 23:00:00,A001-PMP,Fuel Pump,85.06,4.264,66.483,51.215,1816.125,156.942,23.028,87.188,737,88.692,31.84,Warning,1,0
A001,2025-01-16 01:00:00,A001-PMP,Fuel Pump,82.574,4.083,69.08,49.179,1681.287,145.535,23.61,85.184,777,65.367,14.448,Warning,1,1
A001,2025-01-16 03:00:00,A001-PMP,Fuel Pump,83.339,3.957,69.038,51.504,1798.431,145.303,22.972,79.36,656,94.344,29.264,Warning,1,1
A001,2025-01-16 05:00:00,A001-PMP,Fuel Pump,87.821,4.129,69.299,50.257,1661.752,140.881,22.89,85.861,562,86.641,33.153,Warning,1,1
A001,2025-01-16 06:00:00,A001-PMP,Fuel Pump,95.454,6.606,56.333,51.786,1909.057,129.569,22.677,83.092,716,77.698,22.02,Warning,1,1
A001,2025-01-16 07:00:00,A001-PMP,Fuel Pump,90.263,4.029,65.821,52.608,1678.338,140.616,22.535,83.286,542,87.043,32.892,Warning,1,1
A001,2025-01-16 16:00:00,A001-PMP,Fuel Pump,86.199,4.166,69.299,51.191,1874.453,139.059,22.849,83.272,806,74.691,32.144,Warning,1,1
A001,2025-01-16 21:00:00,A001-PMP,Fuel Pump,91.7,6.885,54.516,51.597,1764.918,131.942,22.869,82.428,550,86.836,25.118,Warning,1,1
A001,2025-01-17 07:00:00,A001-PMP,Fuel Pump,86.878,4.2,69.736,54.893,1884.327,145.398,22.417,83.575,629,79.29,31.262,Warning,1,1
A001,2025-01-17 11:00:00,A001-PMP,Fuel Pump,85.143,4.47,69.042,50.286,1791.265,150.768,23.413,87.832,553,87.578,23.722,Warning,1,1
A001,2025-01-17 14:00:00,A001-PMP,Fuel Pump,86.758,3.781,66.256,53.87,1959.372,146.946,22.492,85.628,825,100.0,30.512,Warning,1,1
A002,2025-01-01 03:00:00,A002-PMP,Fuel Pump,70.856,2.44,74.322,54.862,1761.364,149.427,23.815,75.35,502,62.91,28.38,Normal,0,0
A002,2025-01-01 05:00:00,A002-PMP,Fuel Pump,70.301,2.491,82.185,53.628,1739.827,151.455,24.52,77.417,250,37.631,28.68,Normal,0,0
A002,2025-01-01 08:00:00,A002-PMP,Fuel Pump,73.414,2.064,76.035,56.826,1692.044,149.187,23.962,76.631,356,42.82,26.577,Normal,0,0
A002,2025-01-01 12:00:00,A002-PMP,Fuel Pump,73.449,2.065,77.787,55.857,1765.217,150.927,23.593,73.537,301,53.166,34.433,Normal,0,0
A002,2025-01-01 23:00:00,A002-PMP,Fuel Pump,69.76,2.718,80.69,54.046,1790.351,149.302,23.942,76.52,150,69.051,30.949,Normal,0,0
A002,2025-01-02 03:00:00,A002-PMP,Fuel Pump,74.093,2.192,79.476,54.425,1741.792,151.754,23.725,76.447,285,49.247,28.48,Normal,0,0
A002,2025-01-02 04:00:00,A002-PMP,Fuel Pump,72.575,2.31,80.786,53.727,1970.585,148.131,23.61,73.713,399,35.212,37.663,Normal,0,0
A002,2025-01-02 12:00:00,A002-PMP,Fuel Pump,68.014,1.845,77.208,54.618,1959.217,151.694,23.573,74.444,455,60.581,35.633,Normal,0,0
A002,2025-01-02 16:00:00,A002-PMP,Fuel Pump,69.949,2.213,73.476,56.553,1730.639,149.361,23.381,74.835,459,47.596,29.944,Normal,0,0
A002,2025-01-02 20:00:00,A002-PMP,Fuel Pump,75.982,2.418,83.279,56.464,1778.868,152.765,24.465,80.097,495,59.578,30.128,Normal,0,0
A002,2025-01-03 03:00:00,A002-PMP,Fuel Pump,85.732,5.431,69.183,51.813,1732.466,145.418,23.775,77.684,496,30.691,32.842,Warning,1,0
A002,2025-01-03 07:00:00,A002-PMP,Fuel Pump,76.028,2.467,77.368,53.316,1772.737,151.488,23.552,77.89,437,67.836,29.691,Normal,0,0
A002,2025-01-03 18:00:00,A002-PMP,Fuel Pump,69.754,2.971,78.513,52.969,1803.074,138.746,23.422,76.723,405,58.224,20.293,Normal,0,0
A002,2025-01-03 19:00:00,A002-PMP,Fuel Pump,73.361,2.399,82.168,54.037,1784.556,152.582,23.335,76.233,452,47.875,29.305,Normal,0,0
A002,2025-01-04 01:00:00,A002-PMP,Fuel Pump,72.163,2.171,77.891,52.159,1838.592,153.613,23.753,76.42,384,54.883,19.858,Normal,0,0
A002,2025-01-04 02:00:00,A002-PMP,Fuel Pump,72.7,2.662,81.856,56.395,1605.995,151.329,24.678,78.095,413,42.721,31.409,Normal,0,0
A002,2025-01-04 03:00:00,A002-PMP,Fuel Pump,73.213,2.105,76.356,57.41,1809.311,146.826,23.374,73.132,362,42.01,30.56,Normal,0,0
A002,2025-01-04 16:00:00,A002-PMP,Fuel Pump,73.363,2.222,77.785,54.871,1766.214,152.515,24.187,79.14,511,50.623,33.779,Normal,0,0
A002,2025-01-04 17:00:00,A002-PMP,Fuel Pump,73.813,3.366,81.085,55.755,1822.425,149.542,23.382,73.747,420,45.915,29.761,Normal,0,0
A002,2025-01-05 09:00:00,A002-PMP,Fuel Pump,75.298,3.139,78.572,51.176,1675.429,147.092,23.591,74.181,293,60.45,24.568,Normal,0,0
A002,2025-01-05 12:00:00,A002-PMP,Fuel Pump,74.642,1.86,76.946,57.222,1900.972,146.309,23.187,78.62,590,35.544,35.551,Normal,0,1
A002,2025-01-05 22:00:00,A002-PMP,Fuel Pump,83.859,3.66,62.966,56.66,1910.723,148.583,23.64,75.365,228,51.352,30.057,Warning,1,0
A002,2025-01-06 05:00:00,A002-PMP,Fuel Pump,69.47,2.397,77.622,54.335,1907.96,156.259,23.891,80.89,378,61.28,38.549,Normal,0,0
A002,2025-01-06 13:00:00,A002-PMP,Fuel Pump,91.521,5.51,67.5,55.047,1976.817,138.406,22.969,83.547,275,51.051,37.478,Warning,1,1
A002,2025-01-06 15:00:00,A002-PMP,Fuel Pump,75.669,3.06,79.12,53.717,1878.817,151.785,23.564,76.989,254,50.689,34.189,Normal,0,0
A002,2025-01-06 18:00:00,A002-PMP,Fuel Pump,74.017,2.149,77.981,54.297,1651.88,149.681,23.566,79.483,496,52.826,25.993,Normal,0,1
A002,2025-01-07 02:00:00,A002-PMP,Fuel Pump,76.785,2.649,77.744,53.539,1729.159,148.631,23.12,79.729,645,48.961,34.591,Normal,0,0
A002,2025-01-07 10:00:00,A002-PMP,Fuel Pump,79.058,2.993,79.44,56.62,1860.569,146.264,23.175,81.143,548,57.475,42.47,Normal,0,0
A002,2025-01-07 12:00:00,A002-PMP,Fuel Pump,70.149,2.729,76.604,51.761,1813.274,146.606,23.062,80.243,640,52.573,27.968,Normal,0,1
A002,2025-01-07 15:00:00,A002-PMP,Fuel Pump,73.637,2.727,76.503,56.902,1666.68,144.368,24.505,78.429,323,42.143,27.087,Normal,0,0
A002,2025-01-07 22:00:00,A002-PMP,Fuel Pump,72.604,2.1,73.189,56.772,1775.649,148.805,23.322,75.569,651,65.197,19.139,Normal,0,0
A002,2025-01-08 03:00:00,A002-PMP,Fuel Pump,75.357,3.301,74.608,54.5,1837.252,145.424,23.204,78.567,597,54.083,22.709,Normal,0,0
A002,2025-01-08 08:00:00,A002-PMP,Fuel Pump,75.391,2.726,76.526,52.016,1800.405,149.034,22.882,79.021,411,55.909,35.14,Normal,0,0
A002,2025-01-08 09:00:00,A002-PMP,Fuel Pump,78.488,2.773,80.173,54.997,1763.08,148.746,23.345,81.144,536,47.738,25.882,Normal,0,1
A002,2025-01-08 19:00:00,A002-PMP,Fuel Pump,79.931,2.812,76.867,50.709,1822.097,147.423,23.869,78.594,622,57.088,35.294,Normal,0,0
A002,2025-01-08 20:00:00,A002-PMP,Fuel Pump,73.721,2.807,76.329,54.125,1782.923,146.911,23.354,77.468,627,76.285,28.9,Normal,0,0
A002,2025-01-08 21:00:00,A002-PMP,Fuel Pump,75.309,2.291,75.041,52.768,1905.437,142.851,23.231,77.928,448,70.686,25.653,Normal,0,1
A002,2025-01-09 00:00:00,A002-PMP,Fuel Pump,75.458,3.569,80.688,54.124,1849.734,152.367,23.008,77.176,397,69.385,31.37,Normal,0,0
A002,2025-01-09 16:00:00,A002-PMP,Fuel Pump,73.558,3.001,79.167,52.492,1811.453,150.426,22.652,79.156,391,63.249,15.515,Normal,0,0
A002,2025-01-09 18:00:00,A002-PMP,Fuel Pump,74.693,3.359,76.382,54.082,1742.973,149.078,22.99,81.518,409,71.489,38.155,Normal,0,0
A002,2025-01-09 23:00:00,A002-PMP,Fuel Pump,75.186,2.857,71.685,51.464,1858.026,149.91,22.988,81.727,635,64.405,37.549,Normal,0,1
A002,2025-01-10 01:00:00,A002-PMP,Fuel Pump,76.804,2.328,74.971,52.976,1748.298,153.626,22.944,81.838,527,78.389,35.386,Normal,0,0
A002,2025-01-10 02:00:00,A002-PMP,Fuel Pump,76.289,2.701,73.063,52.712,1790.798,149.216,22.913,79.086,451,59.681,29.023,Normal,0,0
A002,2025-01-10 17:00:00,A002-PMP,Fuel Pump,78.501,2.656,75.692,52.309,1811.463,152.623,23.242,82.665,710,47.559,27.648,Normal,0,1
A002,2025-01-10 18:00:00,A002-PMP,Fuel Pump,77.557,3.512,72.58,52.819,1829.857,147.813,23.846,81.747,673,72.58,28.2,Normal,0,0
A002,2025-01-10 21:00:00,A002-PMP,Fuel Pump,78.608,2.882,75.063,55.608,1795.121,149.162,23.305,81.174,474,75.933,36.009,Normal,0,1
A002,2025-01-10 22:00:00,A002-PMP,Fuel Pump,77.485,3.125,76.589,54.713,1700.167,150.933,23.255,78.976,494,72.899,37.316,Normal,0,0
A002,2025-01-11 04:00:00,A002-PMP,Fuel Pump,77.172,2.927,72.801,55.023,1628.739,139.007,23.269,81.292,354,65.817,27.305,Normal,0,0
A002,2025-01-11 06:00:00,A002-PMP,Fuel Pump,83.229,3.471,75.062,54.867,1721.774,145.883,23.594,84.124,610,56.541,27.582,Normal,0,0
A002,2025-01-11 10:00:00,A002-PMP,Fuel Pump,72.668,2.798,72.163,53.282,1781.745,146.309,23.189,81.295,647,67.279,30.747,Normal,0,0
A002,2025-01-11 12:00:00,A002-PMP,Fuel Pump,77.517,3.023,65.359,53.224,1801.603,151.004,23.702,80.925,710,69.613,24.492,Normal,0,0
A002,2025-01-11 13:00:00,A002-PMP,Fuel Pump,77.904,3.563,74.615,56.095,1732.614,151.029,23.013,81.776,389,64.879,33.307,Normal,0,0
A002,2025-01-11 17:00:00,A002-PMP,Fuel Pump,81.979,3.079,79.783,53.537,1682.081,144.539,23.099,82.609,371,55.818,28.51,Normal,0,0
A002,2025-01-11 22:00:00,A002-PMP,Fuel Pump,82.158,3.236,73.907,48.655,1635.852,146.716,23.904,80.153,551,70.619,27.6,Normal,0,0
A002,2025-01-12 16:00:00,A002-PMP,Fuel Pump,80.331,3.242,68.237,53.314,1832.99,151.635,22.931,77.516,565,56.859,24.515,Normal,0,0
A002,2025-01-12 23:00:00,A002-PMP,Fuel Pump,78.312,2.825,72.178,51.862,1738.544,143.462,23.044,81.609,736,80.264,28.029,Normal,0,0
A002,2025-01-13 00:00:00,A002-PMP,Fuel Pump,75.157,2.654,70.445,53.207,1896.856,139.253,22.944,79.466,425,63.219,35.379,Normal,0,0
A002,2025-01-13 02:00:00,A002-PMP,Fuel Pump,81.811,2.906,70.121,46.434,1793.687,143.089,23.269,78.308,602,60.281,32.351,Normal,0,0
A002,2025-01-13 03:00:00,A002-PMP,Fuel Pump,92.496,5.792,63.515,53.002,1726.739,129.239,23.35,80.232,515,64.096,28.071,Warning,1,1
A002,2025-01-13 15:00:00,A002-PMP,Fuel Pump,77.281,3.528,73.155,51.355,1817.984,139.481,22.519,80.335,657,69.067,29.984,Normal,0,0
A002,2025-01-13 21:00:00,A002-PMP,Fuel Pump,76.048,3.549,76.383,51.319,1915.105,149.104,23.007,82.204,438,68.093,34.387,Normal,0,1
A002,2025-01-14 01:00:00,A002-PMP,Fuel Pump,79.645,3.547,74.118,50.999,1770.676,145.18,23.323,80.488,541,83.041,26.204,Warning,1,0
A002,2025-01-14 08:00:00,A002-PMP,Fuel Pump,80.296,3.712,73.601,50.485,1946.026,144.829,22.881,77.341,795,72.408,30.505,Warning,1,1
A002,2025-01-14 10:00:00,A002-PMP,Fuel Pump,79.888,3.271,76.806,52.351,1857.923,155.384,23.175,81.52,597,62.438,30.003,Normal,0,0
A002,2025-01-14 13:00:00,A002-PMP,Fuel Pump,79.922,3.177,75.112,53.908,1857.803,152.103,22.896,85.795,501,59.292,24.596,Normal,0,0
A002,2025-01-14 15:00:00,A002-PMP,Fuel Pump,79.408,2.753,72.576,53.861,1875.258,146.345,23.354,84.637,754,76.674,34.922,Normal,0,0
A002,2025-01-14 19:00:00,A002-PMP,Fuel Pump,79.547,3.663,71.759,54.997,1796.458,146.389,22.911,82.23,777,63.644,31.356,Normal,0,0
A002,2025-01-14 21:00:00,A002-PMP,Fuel Pump,80.827,3.774,70.674,49.089,1829.066,137.663,22.896,85.699,686,72.778,35.212,Warning,1,1
A002,2025-01-15 03:00:00,A002-PMP,Fuel Pump,81.98,2.737,75.268,54.823,1757.307,147.848,22.907,83.959,505,59.343,33.112,Normal,0,0
A002,2025-01-15 07:00:00,A002-PMP,Fuel Pump,79.968,2.948,70.249,52.605,1789.397,157.971,22.5,83.325,452,57.381,28.061,Normal,0,1
A002,2025-01-15 09:00:00,A002-PMP,Fuel Pump,84.419,3.352,69.764,52.379,1831.383,144.425,22.768,84.752,515,72.876,28.269,Warning,1,0
A002,2025-01-15 10:00:00,A002-PMP,Fuel Pump,81.694,3.475,67.58,52.567,1846.308,148.224,23.003,79.696,712,79.175,32.055,Warning,1,0
A002,2025-01-15 12:00:00,A002-PMP,Fuel Pump,77.31,3.229,75.85,50.299,1732.588,145.703,23.055,82.45,825,69.699,33.04,Normal,0,1
A002,2025-01-15 23:00:00,A002-PMP,Fuel Pump,78.921,3.224,69.606,52.495,1912.739,151.671,23.1,88.258,737,66.92,21.837,Warning,1,0
A002,2025-01-16 00:00:00,A002-PMP,Fuel Pump,82.878,3.439,71.545,49.938,1799.028,149.515,22.927,82.34,842,59.853,25.952,Warning,1,0
A002,2025-01-16 04:00:00,A002-PMP,Fuel Pump,79.439,3.13,71.415,48.831,1826.511,137.829,22.965,81.397,705,67.033,33.023,Normal,0,1
A002,2025-01-16 06:00:00,A002-PMP,Fuel Pump,80.279,3.736,74.985,55.016,1847.682,145.093,23.18,81.861,496,55.451,32.183,Normal,0,0
A002,2025-01-16 08:00:00,A002-PMP,Fuel Pump,83.718,3.773,72.399,54.308,1914.452,146.532,22.856,85.989,741,63.1,26.41,Warning,1,0
A002,2025-01-16 12:00:00,A002-PMP,Fuel Pump,86.351,3.239,71.166,55.492,1787.243,144.697,22.454,81.03,486,69.252,31.814,Warning,1,1
A002,2025-01-16 20:00:00,A002-PMP,Fuel Pump,78.648,3.719,71.219,50.842,1776.644,149.758,22.508,82.817,849,81.101,30.379,Warning,1,0
A002,2025-01-16 21:00:00,A002-PMP,Fuel Pump,81.337,3.844,74.508,54.311,1693.308,150.457,22.732,83.015,557,69.791,34.156,Warning,1,0
A002,2025-01-17 04:00:00,A002-PMP,Fuel Pump,82.087,3.003,67.168,51.437,1589.589,152.33,23.045,83.429,670,62.706,35.141,Warning,1,1
A002,2025-01-17 05:00:00,A002-PMP,Fuel Pump,82.733,3.8,74.424,54.172,1800.07,149.22,22.598,81.083,807,66.277,25.969,Warning,1,0
A002,2025-01-17 09:00:00,A002-PMP,Fuel Pump,84.986,3.695,72.122,51.818,1729.098,141.213,23.426,85.053,892,80.898,36.925,Warning,1,1
A003,2025-01-01 01:00:00,A003-PMP,Fuel Pump,78.107,3.007,73.086,52.952,1770.606,150.231,23.378,76.014,232,69.721,32.882,Normal,0,0
A003,2025-01-01 03:00:00,A003-PMP,Fuel Pump,74.244,2.17,78.503,54.334,1845.531,152.678,23.555,73.228,259,71.923,31.452,Normal,0,0
A003,2025-01-01 04:00:00,A003-PMP,Fuel Pump,77.242,2.268,79.219,56.902,1786.277,145.183,24.357,76.053,208,47.947,28.84,Normal,0,0
A003,2025-01-01 06:00:00,A003-PMP,Fuel Pump,70.775,1.976,77.172,54.206,1776.472,153.249,24.471,76.219,230,75.158,32.513,Normal,0,0
A003,2025-01-01 08:00:00,A003-PMP,Fuel Pump,70.11,2.831,76.151,56.866,1793.398,148.409,24.671,75.213,475,65.615,27.302,Normal,0,0
A003,2025-01-01 17:00:00,A003-PMP,Fuel Pump,75.477,2.852,79.529,52.401,1765.661,146.074,23.587,77.68,296,60.635,27.222,Normal,0,1
A003,2025-01-01 21:00:00,A003-PMP,Fuel Pump,73.617,2.45,71.089,55.457,1818.261,154.869,24.301,80.319,464,60.08,28.697,Normal,0,1
A003,2025-01-02 01:00:00,A003-PMP,Fuel Pump,74.041,2.769,74.745,53.264,1781.665,153.24,23.645,75.625,425,66.591,25.878,Normal,0,0
A003,2025-01-02 07:00:00,A003-PMP,Fuel Pump,79.864,3.245,77.597,54.873,1613.133,149.724,24.125,75.504,152,59.85,25.179,Normal,0,0
A003,2025-01-02 14:00:00,A003-PMP,Fuel Pump,76.946,2.727,72.052,58.921,1896.013,150.907,23.749,75.328,197,74.074,31.533,Normal,0,0
A003,2025-01-02 15:00:00,A003-PMP,Fuel Pump,76.815,3.292,75.597,56.201,1761.865,144.593,23.981,78.838,330,56.614,26.36,Normal,0,0
A003,2025-01-03 00:00:00,A003-PMP,Fuel Pump,95.393,6.184,63.862,54.543,1746.416,137.669,23.89,75.356,447,58.925,24.949,Warning,1,1
A003,2025-01-03 06:00:00,A003-PMP,Fuel Pump,80.016,3.561,76.118,55.257,1920.184,148.302,23.701,76.092,173,54.904,29.125,Normal,0,1
A003,2025-01-03 08:00:00,A003-PMP,Fuel Pump,79.847,3.115,67.488,52.091,1841.838,147.821,23.636,74.194,449,70.44,32.281,Normal,0,0
A003,2025-01-03 12:00:00,A003-PMP,Fuel Pump,79.287,2.587,75.651,55.966,1754.067,144.38,23.13,75.27,255,67.319,24.612,Normal,0,0
A003,2025-01-03 15:00:00,A003-PMP,Fuel Pump,75.156,2.696,74.518,54.714,1841.638,147.25,23.485,76.94,221,55.06,35.392,Normal,0,0
A003,2025-01-03 23:00:00,A003-PMP,Fuel Pump,76.865,3.059,75.004,54.272,1726.169,150.624,23.773,80.459,175,70.104,27.023,Normal,0,1
A003,2025-01-04 10:00:00,A003-PMP,Fuel Pump,78.307,3.751,71.512,48.635,1705.189,150.919,23.763,74.619,508,53.126,28.227,Normal,0,0
A003,2025-01-04 11:00:00,A003-PMP,Fuel Pump,75.709,2.812,74.212,54.463,1818.176,149.683,23.726,75.009,469,58.703,28.027,Normal,0,0
A003,2025-01-04 14:00:00,A003-PMP,Fuel Pump,80.179,3.738,71.664,52.761,1860.193,148.91,23.819,76.653,276,59.964,38.104,Normal,0,1
A003,2025-01-04 17:00:00,A003-PMP,Fuel Pump,76.863,2.892,73.23,56.949,2022.571,151.87,24.114,80.658,571,66.912,37.851,Normal,0,0
A003,2025-01-04 20:00:00,A003-PMP,Fuel Pump,76.995,3.48,71.845,53.16,1723.858,144.3,23.909,77.03,473,65.547,36.373,Normal,0,0
A003,2025-01-05 03:00:00,A003-PMP,Fuel Pump,78.736,3.193,75.466,55.469,1781.825,152.892,23.601,77.969,455,63.057,32.309,Normal,0,0
A003,2025-01-05 04:00:00,A003-PMP,Fuel Pump,79.971,3.68,69.366,51.407,1771.06,148.915,23.631,74.216,482,74.822,40.771,Normal,0,0
A003,2025-01-05 07:00:00,A003-PMP,Fuel Pump,77.007,3.237,73.396,53.405,1792.302,145.576,23.695,77.691,356,58.594,31.338,Normal,0,0
A003,2025-01-05 10:00:00,A003-PMP,Fuel Pump,79.001,3.097,74.508,51.229,1814.667,146.824,24.684,77.962,235,61.213,23.108,Normal,0,0
A003,2025-01-05 12:00:00,A003-PMP,Fuel Pump,73.56,2.548,75.349,57.23,1686.132,149.052,23.536,77.178,513,68.553,23.536,Normal,0,1
A003,2025-01-06 09:00:00,A003-PMP,Fuel Pump,78.478,3.057,73.506,57.808,1766.637,150.523,23.622,78.273,447,66.1,25.713,Normal,0,0
A003,2025-01-06 17:00:00,A003-PMP,Fuel Pump,78.037,3.344,73.064,49.115,1858.187,148.887,23.786,75.851,366,65.395,24.542,Normal,0,1
A003,2025-01-06 20:00:00,A003-PMP,Fuel Pump,78.0,3.322,75.513,55.304,1654.005,150.682,23.619,78.304,537,67.927,31.023,Normal,0,0
A003,2025-01-07 00:00:00,A003-PMP,Fuel Pump,79.671,2.861,70.152,52.297,1783.733,156.139,23.241,76.646,530,59.294,33.178,Normal,0,1
A003,2025-01-07 01:00:00,A003-PMP,Fuel Pump,77.158,3.413,79.025,55.014,1791.631,145.528,23.095,80.092,474,73.856,27.669,Normal,0,0
A003,2025-01-07 02:00:00,A003-PMP,Fuel Pump,79.907,3.251,69.906,53.614,1875.785,146.142,23.716,76.485,297,74.724,31.565,Normal,0,0
A003,2025-01-07 03:00:00,A003-PMP,Fuel Pump,76.049,2.942,72.1,58.164,1739.468,150.144,23.65,77.496,553,69.835,27.761,Normal,0,1
A003,2025-01-07 05:00:00,A003-PMP,Fuel Pump,80.611,3.261,74.026,50.688,1944.376,143.688,23.831,78.181,535,67.745,28.794,Normal,0,0
A003,2025-01-07 06:00:00,A003-PMP,Fuel Pump,82.806,3.444,76.498,54.061,1896.97,149.84,23.358,79.112,512,72.759,29.839,Normal,0,0
A003,2025-01-07 07:00:00,A003-PMP,Fuel Pump,71.957,3.919,71.45,52.221,1698.83,146.767,23.35,77.301,366,63.339,32.649,Normal,0,0
A003,2025-01-07 08:00:00,A003-PMP,Fuel Pump,78.403,3.372,73.24,52.541,1761.684,151.518,23.926,78.935,536,59.298,28.522,Normal,0,0
A003,2025-01-07 09:00:00,A003-PMP,Fuel Pump,78.7,3.424,73.196,54.366,1691.862,147.074,23.684,81.982,605,66.746,32.754,Normal,0,1
A003,2025-01-07 10:00:00,A003-PMP,Fuel Pump,82.412,3.826,73.28,58.565,1744.625,156.571,23.807,81.531,514,66.424,34.222,Normal,0,0
A003,2025-01-07 14:00:00,A003-PMP,Fuel Pump,80.491,3.207,69.82,53.368,1624.025,146.364,23.434,76.801,554,75.217,28.906,Normal,0,0
A003,2025-01-07 16:00:00,A003-PMP,Fuel Pump,83.33,3.423,71.325,56.888,1774.176,156.939,23.341,76.977,598,68.028,28.755,Normal,0,0
A003,2025-01-07 17:00:00,A003-PMP,Fuel Pump,95.054,5.253,60.808,55.844,1649.174,132.056,23.43,81.727,598,66.425,32.081,Warning,1,1
A003,2025-01-07 21:00:00,A003-PMP,Fuel Pump,79.692,3.181,71.202,50.79,1665.865,141.047,23.885,76.002,312,85.271,26.348,Warning,1,0
A003,2025-01-08 02:00:00,A003-PMP,Fuel Pump,79.643,3.556,72.662,52.873,1668.714,141.692,24.549,82.206,339,80.705,26.627,Warning,1,1
A003,2025-01-08 09:00:00,A003-PMP,Fuel Pump,81.254,3.128,70.084,52.245,1927.505,155.445,23.509,78.889,307,65.623,30.009,Normal,0,0
A003,2025-01-08 10:00:00,A003-PMP,Fuel Pump,79.113,3.367,71.19,53.03,1760.27,150.824,22.846,82.599,381,71.568,33.05,Normal,0,1
A003,2025-01-08 19:00:00,A003-PMP,Fuel Pump,77.274,3.317,71.573,52.136,1807.43,147.929,23.152,80.811,680,64.933,41.44,Normal,0,0
A003,2025-01-08 23:00:00,A003-PMP,Fuel Pump,78.529,3.398,76.07,53.441,1697.004,151.288,23.262,80.343,653,66.451,36.404,Normal,0,0
A003,2025-01-09 06:00:00,A003-PMP,Fuel Pump,82.738,3.74,74.006,52.54,1807.633,152.519,23.159,81.095,318,69.981,31.029,Warning,1,1
A003,2025-01-09 07:00:00,A003-PMP,Fuel Pump,81.119,3.476,75.166,55.527,1826.098,144.46,23.115,83.923,648,63.717,30.569,Normal,0,0
A003,2025-01-09 20:00:00,A003-PMP,Fuel Pump,77.999,3.561,73.971,53.359,1728.751,138.757,23.697,78.828,433,63.429,21.423,Normal,0,1
A003,2025-01-10 01:00:00,A003-PMP,Fuel Pump,79.405,3.545,68.932,51.263,1806.278,157.009,23.178,80.419,521,62.425,36.217,Warning,1,1
A003,2025-01-10 02:00:00,A003-PMP,Fuel Pump,80.258,3.477,75.128,54.63,1600.27,149.094,23.142,82.246,548,76.249,21.297,Warning,1,0
A003,2025-01-10 06:00:00,A003-PMP,Fuel Pump,79.371,3.39,70.283,54.507,1828.84,142.998,23.787,82.439,630,66.024,36.121,Warning,1,0
A003,2025-01-10 08:00:00,A003-PMP,Fuel Pump,81.161,4.195,68.951,52.675,1688.64,150.107,23.124,79.66,587,69.223,30.314,Warning,1,1
A003,2025-01-10 10:00:00,A003-PMP,Fuel Pump,82.389,3.953,70.48,58.558,1753.432,151.185,23.589,79.25,400,70.088,35.09,Warning,1,1
A003,2025-01-10 15:00:00,A003-PMP,Fuel Pump,82.0,3.491,71.694,55.737,1949.73,144.063,23.692,81.874,729,81.593,29.541,Warning,1,1
A003,2025-01-10 18:00:00,A003-PMP,Fuel Pump,80.661,4.318,72.195,55.342,1706.257,144.32,23.06,81.219,684,72.592,27.553,Warning,1,1
A003,2025-01-10 22:00:00,A003-PMP,Fuel Pump,82.019,3.745,73.451,55.171,1732.523,146.791,23.129,77.586,656,73.359,39.224,Warning,1,0
A003,2025-01-11 00:00:00,A003-PMP,Fuel Pump,80.203,3.772,75.236,51.677,1755.575,148.678,23.497,82.361,629,67.588,27.34,Warning,1,1
A003,2025-01-11 07:00:00,A003-PMP,Fuel Pump,76.703,3.689,71.534,52.996,1863.322,145.832,23.016,80.089,539,73.195,34.218,Warning,1,0
A003,2025-01-11 09:00:00,A003-PMP,Fuel Pump,84.947,3.399,72.674,51.21,1793.836,143.647,23.178,84.885,598,74.058,40.552,Warning,1,0
A003,2025-01-11 12:00:00,A003-PMP,Fuel Pump,82.072,4.023,70.337,50.814,1873.819,140.313,23.343,80.532,567,71.524,30.86,Warning,1,1
A003,2025-01-11 18:00:00,A003-PMP,Fuel Pump,83.41,3.869,71.99,50.767,1698.572,141.578,23.188,80.783,655,63.999,30.747,Warning,1,1
A003,2025-01-11 20:00:00,A003-PMP,Fuel Pump,81.821,3.378,68.589,51.65,1569.518,142.715,23.781,82.237,373,72.597,31.992,Warning,1,0
A003,2025-01-12 02:00:00,A003-PMP,Fuel Pump,81.005,3.067,70.812,53.163,1753.435,142.525,23.206,82.611,544,76.766,38.19,Warning,1,0
A003,2025-01-12 04:00:00,A003-PMP,Fuel Pump,83.7,3.439,69.026,51.108,1672.805,138.23,22.637,83.743,533,68.214,32.674,Warning,1,0
A003,2025-01-12 08:00:00,A003-PMP,Fuel Pump,81.678,3.578,69.316,51.856,1937.261,147.866,23.189,79.935,552,82.271,26.942,Warning,1,1
A003,2025-01-12 14:00:00,A003-PMP,Fuel Pump,83.992,3.34,69.051,52.546,1816.375,142.197,22.692,82.989,623,64.462,28.837,Warning,1,0
A003,2025-01-12 19:00:00,A003-PMP,Fuel Pump,82.591,3.326,63.672,58.613,1847.423,147.01,23.249,79.212,440,70.687,38.717,Warning,1,1
A003,2025-01-12 23:00:00,A003-PMP,Fuel Pump,82.153,4.129,71.651,51.421,1736.883,146.594,23.099,84.961,465,82.918,29.648,Warning,1,0
A003,2025-01-13 03:00:00,A003-PMP,Fuel Pump,88.989,4.074,62.426,58.122,1633.568,145.538,22.73,80.795,687,79.822,19.645,Warning,1,1
A003,2025-01-13 08:00:00,A003-PMP,Fuel Pump,81.417,4.259,64.105,55.466,1844.97,143.31,22.821,86.192,655,89.15,29.403,Warning,1,1
A003,2025-01-13 12:00:00,A003-PMP,Fuel Pump,81.478,3.449,69.883,49.474,1711.661,150.23,23.262,81.727,644,78.255,27.788,Warning,1,1
A003,2025-01-13 13:00:00,A003-PMP,Fuel Pump,82.29,3.641,71.803,54.283,1716.087,141.46,23.042,86.836,617,69.95,29.194,Warning,1,1
A003,2025-01-13 20:00:00,A003-PMP,Fuel Pump,83.875,4.187,67.398,53.181,1890.199,147.478,22.891,82.142,521,86.734,24.541,Warning,1,1
A003,2025-01-13 21:00:00,A003-PMP,Fuel Pump,80.424,4.397,66.285,52.284,1744.243,144.947,22.763,84.154,581,79.558,34.918,Warning,1,0
A003,2025-01-13 22:00:00,A003-PMP,Fuel Pump,80.123,4.542,70.199,53.358,1838.815,148.41,23.175,80.818,754,85.279,33.303,Warning,1,1
A003,2025-01-14 01:00:00,A003-PMP,Fuel Pump,87.192,3.994,66.7,50.67,1717.441,152.174,23.036,79.468,599,81.994,30.705,Warning,1,0
A003,2025-01-14 03:00:00,A003-PMP,Fuel Pump,88.691,3.669,72.101,52.755,1893.997,149.216,22.613,83.975,640,87.092,29.899,Warning,1,1
A003,2025-01-14 05:00:00,A003-PMP,Fuel Pump,84.823,4.257,71.026,53.011,1777.121,144.369,23.196,85.719,635,78.348,37.382,Warning,1,0
A003,2025-01-14 06:00:00,A003-PMP,Fuel Pump,88.458,4.546,66.86,56.999,1792.6,145.115,22.29,83.603,647,70.567,32.041,Warning,1,1
A003,2025-01-14 09:00:00,A003-PMP,Fuel Pump,83.024,3.595,67.804,54.793,1822.01,149.822,23.218,81.801,621,66.228,25.366,Warning,1,0
A003,2025-01-14 20:00:00,A003-PMP,Fuel Pump,87.158,4.365,69.402,51.285,1758.753,146.989,22.545,85.956,810,93.711,28.82,Warning,1,0
A003,2025-01-14 21:00:00,A003-PMP,Fuel Pump,88.669,3.407,67.765,53.504,1755.52,152.969,23.571,81.693,508,78.872,26.252,Warning,1,1
A003,2025-01-15 01:00:00,A003-PMP,Fuel Pump,82.941,4.149,64.671,54.249,1832.922,146.01,23.383,82.766,549,75.479,36.863,Warning,1,1
A003,2025-01-15 04:00:00,A003-PMP,Fuel Pump,87.518,4.218,72.015,52.869,1677.289,145.327,23.16,83.068,627,85.871,29.672,Warning,1,1
A003,2025-01-15 05:00:00,A003-PMP,Fuel Pump,85.528,3.359,66.444,48.449,1744.463,150.527,22.562,84.931,715,100.0,37.268,Warning,1,1
A003,2025-01-15 09:00:00,A003-PMP,Fuel Pump,79.649,4.365,66.92,54.223,1835.018,148.116,22.806,82.097,755,81.639,34.596,Warning,1,1
A003,2025-01-15 14:00:00,A003-PMP,Fuel Pump,85.026,3.856,70.053,53.101,1812.764,147.058,23.165,84.961,620,74.526,34.482,Warning,1,0
A003,2025-01-15 18:00:00,A003-PMP,Fuel Pump,86.972,3.84,65.49,55.086,1652.306,152.126,22.269,82.681,657,89.259,30.002,Warning,1,1
A003,2025-01-15 19:00:00,A003-PMP,Fuel Pump,84.896,3.879,68.027,51.174,2019.108,144.602,22.804,82.792,569,95.762,21.805,Warning,1,1
A003,2025-01-15 21:00:00,A003-PMP,Fuel Pump,85.487,3.701,70.958,54.849,1820.92,144.552,23.147,83.503,469,65.226,32.817,Warning,1,1
A003,2025-01-15 22:00:00,A003-PMP,Fuel Pump,84.154,3.853,68.619,52.811,1807.684,145.984,22.939,84.373,638,87.659,36.101,Warning,1,1
A003,2025-01-16 00:00:00,A003-PMP,Fuel Pump,87.095,4.022,66.398,51.119,1770.429,144.292,22.748,83.311,550,91.385,23.928,Warning,1,1
A003,2025-01-16 02:00:00,A003-PMP,Fuel Pump,85.627,4.259,65.57,49.943,1790.9,142.756,23.413,84.8,473,76.252,28.642,Warning,1,0
A003,2025-01-16 03:00:00,A003-PMP,Fuel Pump,85.848,3.64,62.576,51.53,1850.444,144.013,23.344,83.981,765,92.904,35.76,Warning,1,0
A003,2025-01-16 04:00:00,A003-PMP,Fuel Pump,105.368,5.77,55.726,49.494,1972.691,126.008,22.21,83.398,587,62.529,24.574,Warning,1,0
A003,2025-01-16 06:00:00,A003-PMP,Fuel Pump,88.086,4.05,67.558,54.595,1730.055,147.955,22.668,85.302,514,79.105,28.792,Warning,1,0
A003,2025-01-16 19:00:00,A003-PMP,Fuel Pump,87.132,4.651,62.912,51.689,1830.527,145.157,22.534,81.876,736,89.497,26.215,Warning,1,0
A003,2025-01-16 22:00:00,A003-PMP,Fuel Pump,87.763,4.14,69.612,51.248,1763.488,152.719,22.286,87.119,709,96.47,33.829,Warning,1,1
A003,2025-01-17 00:00:00,A003-PMP,Fuel Pump,88.284,4.009,69.62,54.592,1724.275,142.422,22.657,81.666,588,79.604,36.507,Warning,1,0
A003,2025-01-17 03:00:00,A003-PMP,Fuel Pump,85.242,4.922,67.516,50.863,1738.314,139.872,23.145,84.491,872,100.0,33.141,Warning,1,1
A003,2025-01-17 04:00:00,A003-PMP,Fuel Pump,99.423,6.357,54.918,51.32,1885.725,130.043,22.734,82.361,695,86.022,28.907,Warning,1,1
A003,2025-01-17 12:00:00,A003-PMP,Fuel Pump,92.252,4.512,65.042,52.169,1786.275,144.048,22.232,85.674,542,73.023,17.373,Warning,1,1
A003,2025-01-17 13:00:00,A003-PMP,Fuel Pump,93.804,7.164,58.988,50.754,1834.861,131.605,22.99,86.978,531,93.044,24.906,Warning,1,1
A003,2025-01-17 15:00:00,A003-PMP,Fuel Pump,89.311,4.241,62.82,50.218,1713.918,143.746,22.95,88.673,691,72.847,27.576,Warning,1,0
A004,2025-01-01 00:00:00,A004-PMP,Fuel Pump,77.466,5.061,65.229,55.024,1914.255,134.498,24.062,73.942,354,50.371,32.816,Warning,1,0
A004,2025-01-01 04:00:00,A004-PMP,Fuel Pump,70.178,2.053,79.914,58.471,1607.32,161.153,24.059,76.26,484,46.596,29.982,Normal,0,0
A004,2025-01-01 06:00:00,A004-PMP,Fuel Pump,72.379,2.237,76.513,56.242,1789.948,147.943,24.5,74.907,242,58.947,36.134,Normal,0,0
A004,2025-01-01 08:00:00,A004-PMP,Fuel Pump,69.921,1.972,79.065,54.089,1671.022,160.079,23.963,73.034,389,44.977,29.134,Normal,0,0
A004,2025-01-01 13:00:00,A004-PMP,Fuel Pump,66.496,2.224,81.763,56.329,1769.646,142.066,23.498,78.103,253,47.863,29.641,Normal,0,0
A004,2025-01-01 16:00:00,A004-PMP,Fuel Pump,77.144,2.22,78.116,53.074,1879.962,147.557,24.31,72.1,166,55.225,26.782,Normal,0,0
A004,2025-01-01 17:00:00,A004-PMP,Fuel Pump,71.156,2.024,80.142,52.775,1775.963,151.168,24.514,75.406,268,48.959,31.368,Normal,0,0
A004,2025-01-01 18:00:00,A004-PMP,Fuel Pump,70.37,1.765,80.172,55.385,1812.624,146.999,23.974,76.479,200,48.842,32.223,Normal,0,0
A004,2025-01-01 22:00:00,A004-PMP,Fuel Pump,73.065,2.596,79.855,50.469,1835.544,149.082,23.759,75.159,300,38.764,20.977,Normal,0,0
A004,2025-01-02 02:00:00,A004-PMP,Fuel Pump,69.589,2.535,77.403,52.404,1851.686,147.972,24.002,75.4,131,58.592,31.101,Normal,0,0
A004,2025-01-02 03:00:00,A004-PMP,Fuel Pump,73.7,2.722,76.308,56.133,1644.766,149.183,23.823,78.571,408,50.273,33.04,Normal,0,0
A004,2025-01-02 08:00:00,A004-PMP,Fuel Pump,73.513,2.766,74.97,59.756,1753.867,148.196,23.48,73.436,455,59.628,41.351,Normal,0,0
A004,2025-01-02 10:00:00,A004-PMP,Fuel Pump,75.625,1.789,76.592,58.781,1826.938,145.058,23.939,77.893,338,31.589,30.881,Normal,0,0
A004,2025-01-02 12:00:00,A004-PMP,Fuel Pump,71.499,1.479,75.981,53.765,1718.36,147.897,24.178,75.825,454,60.004,22.458,Normal,0,0
A004,2025-01-02 16:00:00,A004-PMP,Fuel Pump,69.141,1.922,79.042,55.218,1737.669,144.865,23.785,78.233,385,45.65,26.687,Normal,0,0
A004,2025-01-02 17:00:00,A004-PMP,Fuel Pump,73.687,3.152,78.112,54.585,1877.664,152.272,23.675,80.629,242,52.204,31.182,Normal,0,0
A004,2025-01-02 18:00:00,A004-PMP,Fuel Pump,71.397,2.69,77.959,56.65,1780.651,148.073,24.13,76.766,201,45.899,36.728,Normal,0,0
A004,2025-01-02 19:00:00,A004-PMP,Fuel Pump,73.812,2.65,73.543,55.429,1858.73,140.053,23.94,77.464,144,57.171,34.012,Normal,0,0
A004,2025-01-02 23:00:00,A004-PMP,Fuel Pump,74.052,2.171,80.303,54.396,1764.529,147.11,23.765,77.012,341,54.156,29.801,Normal,0,0
A004,2025-01-03 01:00:00,A004-PMP,Fuel Pump,71.305,2.983,73.401,54.266,1695.032,146.381,23.784,74.25,504,57.49,36.756,Normal,0,0
A004,2025-01-03 10:00:00,A004-PMP,Fuel Pump,71.636,2.138,75.447,53.457,1836.421,149.553,23.443,76.394,384,44.313,33.218,Normal,0,0
A004,2025-01-03 15:00:00,A004-PMP,Fuel Pump,77.825,2.582,79.777,52.108,1796.769,147.872,23.931,79.797,324,55.773,25.312,Normal,0,0
A004,2025-01-03 23:00:00,A004-PMP,Fuel Pump,75.509,2.363,73.789,58.126,1866.361,149.025,23.22,74.913,217,59.324,31.769,Normal,0,0
A004,2025-01-04 01:00:00,A004-PMP,Fuel Pump,71.601,1.808,77.447,55.193,1790.095,143.104,23.888,77.358,235,47.288,23.233,Normal,0,0
A004,2025-01-04 04:00:00,A004-PMP,Fuel Pump,76.62,2.055,76.565,55.449,1792.157,144.318,22.937,79.947,474,56.57,35.834,Normal,0,0
A004,2025-01-04 05:00:00,A004-PMP,Fuel Pump,75.146,3.048,77.055,58.226,1665.052,142.61,24.115,75.288,209,70.995,36.687,Normal,0,0
A004,2025-01-04 18:00:00,A004-PMP,Fuel Pump,74.588,2.947,76.085,54.58,1833.712,150.024,24.295,77.989,407,53.03,32.64,Normal,0,0
A004,2025-01-04 19:00:00,A004-PMP,Fuel Pump,70.597,1.727,79.756,55.195,1798.058,151.64,24.402,80.102,323,63.221,25.566,Normal,0,0
A004,2025-01-04 21:00:00,A004-PMP,Fuel Pump,74.396,2.482,74.196,54.307,1750.999,148.29,24.406,77.669,231,59.912,27.678,Normal,0,0
A004,2025-01-05 01:00:00,A004-PMP,Fuel Pump,74.249,2.486,76.561,53.499,1901.359,152.331,24.09,77.794,335,52.248,29.955,Normal,0,0
A004,2025-01-05 06:00:00,A004-PMP,Fuel Pump,77.585,2.847,77.855,53.691,1717.865,146.993,23.064,76.369,424,44.498,22.811,Normal,0,0
A004,2025-01-05 09:00:00,A004-PMP,Fuel Pump,79.004,2.978,75.482,56.241,1831.199,148.525,23.649,77.225,276,61.607,30.698,Normal,0,0
A004,2025-01-05 11:00:00,A004-PMP,Fuel Pump,71.383,1.95,78.443,56.882,1726.682,147.583,23.484,76.507,287,65.123,31.092,Normal,0,0
A004,2025-01-05 13:00:00,A004-PMP,Fuel Pump,75.97,2.642,75.726,56.534,1891.961,154.297,23.803,80.43,307,53.32,28.996,Normal,0,0
A004,2025-01-05 17:00:00,A004-PMP,Fuel Pump,75.86,2.784,79.61,50.958,1728.191,148.694,23.406,77.033,581,67.201,29.255,Normal,0,0
A004,2025-01-05 19:00:00,A004-PMP,Fuel Pump,76.744,2.728,77.596,52.786,1610.212,146.136,23.917,78.035,475,55.929,25.761,Normal,0,0
A004,2025-01-05 20:00:00,A004-PMP,Fuel Pump,74.018,2.458,79.204,55.893,1712.948,153.208,23.601,76.679,304,54.737,26.084,Normal,0,0
A004,2025-01-05 22:00:00,A004-PMP,Fuel Pump,77.273,3.338,83.02,55.065,1677.202,150.264,24.205,77.576,389,65.556,25.802,Normal,0,0
A004,2025-01-06 00:00:00,A004-PMP,Fuel Pump,74.322,2.607,76.505,55.297,1898.509,143.138,23.793,73.767,508,55.918,37.27,Normal,0,0
A004,2025-01-06 01:00:00,A004-PMP,Fuel Pump,78.711,2.826,71.206,50.726,1808.797,143.771,23.685,78.417,520,53.481,39.074,Normal,0,0
A004,2025-01-06 03:00:00,A004-PMP,Fuel Pump,73.642,2.734,75.675,51.839,1761.807,150.901,23.99,78.123,396,57.996,28.195,Normal,0,0
A004,2025-01-06 11:00:00,A004-PMP,Fuel Pump,75.595,3.117,74.318,55.166,1809.008,151.79,23.537,81.378,505,46.087,34.747,Normal,0,0
A004,2025-01-06 18:00:00,A004-PMP,Fuel Pump,74.14,2.957,74.913,56.499,1825.288,149.795,23.081,78.573,478,58.011,24.879,Normal,0,0
A004,2025-01-06 20:00:00,A004-PMP,Fuel Pump,79.234,3.33,72.705,55.245,1909.649,153.846,23.31,79.815,419,59.188,39.235,Normal,0,0
A004,2025-01-06 21:00:00,A004-PMP,Fuel Pump,76.204,3.579,75.457,54.145,1849.521,147.772,23.705,79.309,517,51.884,29.53,Normal,0,0
A004,2025-01-07 01:00:00,A004-PMP,Fuel Pump,76.114,2.899,77.048,50.549,1896.443,144.882,23.41,79.306,616,58.295,32.435,Normal,0,0
A004,2025-01-07 04:00:00,A004-PMP,Fuel Pump,71.685,2.834,76.734,54.025,1959.223,144.132,23.325,78.966,554,61.036,20.494,Normal,0,0
A004,2025-01-07 08:00:00,A004-PMP,Fuel Pump,74.494,3.021,74.252,52.185,1722.118,149.386,23.616,81.833,538,57.015,28.464,Normal,0,0
A004,2025-01-07 14:00:00,A004-PMP,Fuel Pump,76.869,3.001,79.673,54.682,1744.332,150.731,23.235,80.776,497,60.228,32.003,Normal,0,0
A004,2025-01-07 19:00:00,A004-PMP,Fuel Pump,91.914,4.613,61.131,55.282,1758.076,123.391,23.638,77.689,656,55.309,29.286,Warning,1,0
A004,2025-01-07 23:00:00,A004-PMP,Fuel Pump,73.435,2.938,77.669,54.087,1789.496,153.226,23.615,80.814,609,65.996,15.619,Normal,0,0
A004,2025-01-08 01:00:00,A004-PMP,Fuel Pump,80.718,2.821,74.024,52.688,1932.281,150.649,22.828,75.339,400,53.758,31.151,Normal,0,0
A004,2025-01-08 03:00:00,A004-PMP,Fuel Pump,78.646,2.878,76.655,53.315,1813.21,151.042,23.471,79.999,430,68.214,33.561,Normal,0,1
A004,2025-01-08 04:00:00,A004-PMP,Fuel Pump,75.619,3.082,76.12,54.937,1934.551,141.114,24.014,83.001,619,65.131,32.961,Normal,0,0
A004,2025-01-08 09:00:00,A004-PMP,Fuel Pump,78.727,2.881,74.035,53.49,2030.358,144.752,23.548,80.988,336,53.199,22.029,Normal,0,0
A004,2025-01-08 11:00:00,A004-PMP,Fuel Pump,76.18,2.451,73.108,50.436,1683.38,150.446,22.957,80.1,437,61.23,27.342,Normal,0,0
A004,2025-01-08 20:00:00,A004-PMP,Fuel Pump,75.267,2.781,73.021,52.894,1920.557,140.846,23.018,76.969,299,72.8,26.928,Normal,0,1
A004,2025-01-09 07:00:00,A004-PMP,Fuel Pump,78.041,2.098,75.363,52.928,1927.505,149.093,23.668,78.554,325,55.953,29.872,Normal,0,0
A004,2025-01-09 16:00:00,A004-PMP,Fuel Pump,76.121,3.631,77.618,50.737,1732.187,146.871,23.001,80.007,555,68.532,23.134,Normal,0,1
A004,2025-01-09 17:00:00,A004-PMP,Fuel Pump,77.693,2.808,76.285,51.079,1821.851,147.49,23.767,79.06,641,58.917,23.791,Normal,0,0
A004,2025-01-09 22:00:00,A004-PMP,Fuel Pump,79.449,3.172,73.591,51.545,1614.44,145.199,23.178,82.573,501,56.948,32.264,Normal,0,0
A004,2025-01-10 02:00:00,A004-PMP,Fuel Pump,82.61,2.974,75.899,52.602,1632.431,142.366,23.488,81.852,370,66.735,35.73,Normal,0,0
A004,2025-01-10 04:00:00,A004-PMP,Fuel Pump,80.092,2.287,74.09,53.096,1861.453,145.446,23.259,81.739,557,57.398,27.13,Normal,0,0
A004,2025-01-10 07:00:00,A004-PMP,Fuel Pump,94.948,6.382,61.871,55.189,1740.684,133.762,22.956,79.384,415,76.107,29.408,Warning,1,1
A004,2025-01-10 08:00:00,A004-PMP,Fuel Pump,82.708,3.867,71.308,52.127,1846.398,151.875,22.571,80.775,418,59.939,20.38,Normal,0,1
A004,2025-01-10 10:00:00,A004-PMP,Fuel Pump,76.695,2.872,75.758,52.49,1759.528,152.192,22.842,84.762,457,59.06,34.334,Normal,0,1
A004,2025-01-10 14:00:00,A004-PMP,Fuel Pump,75.194,2.79,76.906,55.837,1793.336,149.11,23.306,78.366,453,81.956,36.874,Normal,0,0
A004,2025-01-10 21:00:00,A004-PMP,Fuel Pump,82.073,3.178,73.8,54.09,1705.719,149.582,22.643,79.589,658,52.147,34.141,Normal,0,0
A004,2025-01-10 22:00:00,A004-PMP,Fuel Pump,77.962,3.364,73.793,53.043,1917.596,155.353,23.135,82.617,718,67.264,31.656,Normal,0,0
A004,2025-01-10 23:00:00,A004-PMP,Fuel Pump,82.619,2.911,73.004,52.767,1729.458,147.973,23.267,79.542,595,65.968,29.835,Normal,0,0
A004,2025-01-11 03:00:00,A004-PMP,Fuel Pump,80.902,2.862,74.402,53.778,1723.602,153.315,23.168,79.089,398,71.847,30.272,Normal,0,0
A004,2025-01-11 06:00:00,A004-PMP,Fuel Pump,78.552,3.143,70.753,51.413,1937.111,150.428,22.82,80.265,629,68.459,26.868,Normal,0,0
A004,2025-01-11 08:00:00,A004-PMP,Fuel Pump,76.266,3.136,73.281,51.598,1834.738,144.1,23.067,80.997,415,53.424,19.718,Normal,0,0
A004,2025-01-11 12:00:00,A004-PMP,Fuel Pump,78.516,3.835,74.011,54.124,1758.573,152.478,23.457,84.186,578,67.006,29.765,Normal,0,0
A004,2025-01-11 14:00:00,A004-PMP,Fuel Pump,77.62,3.293,74.51,55.963,1909.265,135.745,22.938,81.21,745,57.589,11.5,Normal,0,0
A004,2025-01-11 19:00:00,A004-PMP,Fuel Pump,75.586,3.251,75.981,53.777,1861.227,141.322,23.023,77.083,608,64.884,19.179,Normal,0,1
A004,2025-01-11 22:00:00,A004-PMP,Fuel Pump,78.827,3.625,74.763,53.094,1845.03,148.654,23.95,82.057,453,60.763,30.993,Normal,0,1
A004,2025-01-12 04:00:00,A004-PMP,Fuel Pump,78.663,2.926,76.887,54.736,1813.678,152.524,23.225,80.459,392,58.573,29.461,Normal,0,0
A004,2025-01-12 06:00:00,A004-PMP,Fuel Pump,79.352,4.127,74.952,55.587,1920.141,146.631,23.019,81.519,624,58.816,29.67,Normal,0,0
A004,2025-01-12 07:00:00,A004-PMP,Fuel Pump,85.649,2.518,69.925,52.257,1934.325,146.174,22.673,81.285,759,57.193,23.032,Normal,0,0
A004,2025-01-12 10:00:00,A004-PMP,Fuel Pump,80.144,2.727,77.409,55.043,1964.416,153.461,23.055,80.111,754,45.539,27.969,Normal,0,0
A004,2025-01-12 13:00:00,A004-PMP,Fuel Pump,77.705,3.661,73.119,50.014,1877.008,144.911,22.678,76.91,638,74.376,25.7,Normal,0,1
A004,2025-01-12 16:00:00,A004-PMP,Fuel Pump,80.806,3.404,70.092,53.677,1849.596,149.256,22.908,83.831,636,56.798,27.846,Normal,0,0
A004,2025-01-12 18:00:00,A004-PMP,Fuel Pump,79.906,3.274,64.991,50.397,1846.696,151.277,23.409,81.899,726,82.868,35.026,Warning,1,1
A004,2025-01-12 23:00:00,A004-PMP,Fuel Pump,80.428,3.204,69.38,52.078,1863.678,149.423,23.232,83.269,413,77.985,30.376,Warning,1,0
A004,2025-01-13 04:00:00,A004-PMP,Fuel Pump,83.663,3.81,72.233,54.66,1960.972,141.295,23.326,83.023,730,68.911,30.073,Warning,1,0
A004,2025-01-13 09:00:00,A004-PMP,Fuel Pump,80.127,3.872,72.235,52.059,1775.726,144.274,22.874,81.426,412,81.704,33.557,Warning,1,0
A004,2025-01-13 14:00:00,A004-PMP,Fuel Pump,82.365,3.548,74.199,53.668,1804.518,146.108,22.736,84.228,535,68.461,37.248,Warning,1,0
A004,2025-01-13 16:00:00,A004-PMP,Fuel Pump,80.845,3.021,73.931,52.228,1976.499,145.175,23.239,82.174,510,55.85,28.976,Normal,0,0
A004,2025-01-13 21:00:00,A004-PMP,Fuel Pump,79.368,3.785,75.654,54.665,1814.186,144.397,24.061,80.742,762,76.198,31.664,Warning,1,1
A004,2025-01-14 01:00:00,A004-PMP,Fuel Pump,81.301,3.417,68.326,53.179,1796.194,147.336,23.034,82.104,663,76.398,32.666,Warning,1,1
A004,2025-01-14 05:00:00,A004-PMP,Fuel Pump,79.092,3.671,73.376,54.972,1650.762,149.602,23.029,81.725,807,67.642,35.184,Warning,1,1
A004,2025-01-14 06:00:00,A004-PMP,Fuel Pump,78.481,3.714,68.834,52.379,2041.296,147.863,23.306,80.828,522,59.893,33.979,Normal,0,1
A004,2025-01-14 13:00:00,A004-PMP,Fuel Pump,80.853,3.627,71.866,53.254,1959.625,141.426,23.251,82.979,737,66.156,35.361,Warning,1,0
A004,2025-01-14 15:00:00,A004-PMP,Fuel Pump,94.297,4.677,67.051,54.526,1884.255,131.344,23.201,81.624,641,67.93,24.785,Warning,1,0
A004,2025-01-14 20:00:00,A004-PMP,Fuel Pump,84.718,3.594,71.164,54.257,1881.583,143.753,23.137,82.711,776,54.517,32.201,Warning,1,0
A004,2025-01-15 02:00:00,A004-PMP,Fuel Pump,82.103,3.636,68.876,51.925,1707.708,149.25,22.668,84.034,758,59.84,24.333,Warning,1,0
A004,2025-01-15 07:00:00,A004-PMP,Fuel Pump,81.122,2.849,70.384,51.737,1876.755,146.853,23.478,84.615,824,66.842,29.708,Warning,1,0
A004,2025-01-15 09:00:00,A004-PMP,Fuel Pump,81.506,3.42,68.775,49.721,1732.389,140.664,23.524,80.621,552,72.59,32.179,Warning,1,0
A004,2025-01-15 11:00:00,A004-PMP,Fuel Pump,100.97,6.23,69.565,54.16,1684.601,128.582,23.064,83.475,544,71.219,37.836,Warning,1,0
A004,2025-01-15 12:00:00,A004-PMP,Fuel Pump,81.894,3.274,66.738,53.255,1784.365,142.795,22.619,83.223,544,75.346,28.35,Warning,1,0
A004,2025-01-15 13:00:00,A004-PMP,Fuel Pump,82.183,3.591,70.594,50.603,1716.939,138.99,23.366,84.65,451,72.309,31.478,Warning,1,0
A004,2025-01-15 14:00:00,A004-PMP,Fuel Pump,80.927,4.449,73.938,52.711,1922.939,150.584,22.467,83.304,637,71.581,33.058,Warning,1,1
A004,2025-01-15 21:00:00,A004-PMP,Fuel Pump,83.081,2.876,68.785,51.419,1732.613,144.451,23.015,85.938,756,60.307,29.956,Warning,1,1
A004,2025-01-15 22:00:00,A004-PMP,Fuel Pump,83.518,3.604,72.913,52.504,1771.932,140.834,23.013,84.15,631,64.268,32.91,Warning,1,1
A004,2025-01-16 03:00:00,A004-PMP,Fuel Pump,80.219,3.44,73.316,49.258,1856.615,142.63,22.837,83.783,582,70.758,28.564,Warning,1,0
A004,2025-01-16 06:00:00,A004-PMP,Fuel Pump,84.445,2.9,70.191,51.345,1785.471,148.508,22.275,81.452,672,67.257,30.772,Warning,1,1
A004,2025-01-16 07:00:00,A004-PMP,Fuel Pump,84.698,3.883,72.402,52.199,1764.042,141.151,22.503,84.869,502,72.338,27.922,Warning,1,0
A004,2025-01-16 09:00:00,A004-PMP,Fuel Pump,85.583,3.281,69.139,48.574,1917.856,152.879,22.307,82.593,772,73.457,27.422,Warning,1,1
A004,2025-01-16 12:00:00,A004-PMP,Fuel Pump,82.702,4.062,68.048,50.935,1607.776,145.955,23.111,79.189,484,74.592,33.021,Warning,1,1
A004,2025-01-16 23:00:00,A004-PMP,Fuel Pump,82.573,4.012,71.681,54.695,1758.102,149.483,23.563,84.682,554,77.768,25.347,Warning,1,0
A004,2025-01-17 01:00:00,A004-PMP,Fuel Pump,82.519,3.748,70.137,51.345,1820.895,142.051,22.763,82.816,711,78.611,31.196,Warning,1,0
A004,2025-01-17 05:00:00,A004-PMP,Fuel Pump,84.859,4.15,75.391,52.749,1642.875,142.336,23.598,81.897,778,78.123,17.427,Warning,1,0
A004,2025-01-17 12:00:00,A004-PMP,Fuel Pump,82.08,3.883,70.881,50.951,1796.552,146.402,22.809,86.622,709,77.136,32.556,Warning,1,1
A005,2025-01-01 01:00:00,A005-PMP,Fuel Pump,75.033,2.326,76.248,54.484,1715.866,143.629,24.216,75.918,109,62.505,26.359,Normal,0,0
A005,2025-01-01 02:00:00,A005-PMP,Fuel Pump,74.474,2.792,71.558,52.87,1767.115,153.809,23.709,75.331,148,60.077,28.752,Normal,0,0
A005,2025-01-01 05:00:00,A005-PMP,Fuel Pump,73.683,2.999,70.314,55.219,1883.891,153.501,24.233,77.251,186,36.324,38.067,Normal,0,0
A005,2025-01-01 08:00:00,A005-PMP,Fuel Pump,73.359,2.591,73.194,56.685,1675.68,151.703,24.199,75.833,448,62.386,34.746,Normal,0,0
A005,2025-01-01 11:00:00,A005-PMP,Fuel Pump,74.595,2.82,72.354,53.094,1794.522,151.905,24.048,73.577,319,56.784,37.559,Normal,0,0
A005,2025-01-01 12:00:00,A005-PMP,Fuel Pump,72.906,2.74,76.12,56.041,1834.919,148.369,23.785,79.394,436,54.287,23.541,Normal,0,0
A005,2025-01-01 13:00:00,A005-PMP,Fuel Pump,73.28,3.259,75.392,57.122,1731.805,146.869,23.993,76.29,278,57.369,31.462,Normal,0,0
A005,2025-01-01 18:00:00,A005-PMP,Fuel Pump,80.043,3.366,76.162,54.448,1635.336,149.818,24.128,75.537,460,44.008,28.567,Normal,0,0
A005,2025-01-01 20:00:00,A005-PMP,Fuel Pump,69.269,2.746,73.494,58.206,1833.776,146.568,23.222,76.681,396,64.808,28.921,Normal,0,0
A005,2025-01-01 21:00:00,A005-PMP,Fuel Pump,77.441,2.198,71.763,58.905,1883.898,144.688,23.387,75.941,182,50.163,28.416,Normal,0,0
A005,2025-01-02 02:00:00,A005-PMP,Fuel Pump,77.699,2.538,70.722,53.411,1661.315,151.027,23.659,77.619,291,67.324,25.375,Normal,0,1
A005,2025-01-02 06:00:00,A005-PMP,Fuel Pump,79.121,3.826,74.755,53.61,1710.953,140.771,24.347,75.043,517,66.866,35.382,Normal,0,0
A005,2025-01-02 11:00:00,A005-PMP,Fuel Pump,76.616,2.881,78.131,58.548,1648.483,149.421,23.88,75.016,444,68.025,31.284,Normal,0,1
A005,2025-01-02 14:00:00,A005-PMP,Fuel Pump,73.687,2.585,79.806,53.653,1886.032,150.642,24.02,75.449,182,57.942,37.64,Normal,0,0
A005,2025-01-03 01:00:00,A005-PMP,Fuel Pump,74.086,2.906,73.376,51.172,1668.892,153.468,24.302,79.425,211,62.861,25.045,Normal,0,0
A005,2025-01-03 03:00:00,A005-PMP,Fuel Pump,77.488,3.381,75.426,56.704,1760.049,148.145,24.319,73.532,350,57.951,35.642,Normal,0,0
A005,2025-01-03 09:00:00,A005-PMP,Fuel Pump,76.451,2.468,72.961,55.316,1935.679,153.893,24.06,76.584,376,60.949,22.762,Normal,0,0
A005,2025-01-03 10:00:00,A005-PMP,Fuel Pump,78.432,3.168,77.467,54.71,1711.536,149.075,23.572,77.766,433,58.741,29.507,Normal,0,0
A005,2025-01-03 12:00:00,A005-PMP,Fuel Pump,74.655,3.002,71.546,55.553,1710.701,146.616,23.342,76.187,270,70.254,31.133,Normal,0,0
A005,2025-01-03 14:00:00,A005-PMP,Fuel Pump,77.736,2.826,76.662,52.942,1764.028,148.017,23.626,72.682,510,61.666,29.425,Normal,0,0
A005,2025-01-03 22:00:00,A005-PMP,Fuel Pump,75.649,3.259,74.01,53.864,1971.569,144.845,24.222,78.792,233,60.562,29.836,Normal,0,0
A005,2025-01-04 02:00:00,A005-PMP,Fuel Pump,77.088,3.571,74.826,56.575,1802.609,144.972,23.539,74.614,228,64.356,36.119,Normal,0,1
A005,2025-01-04 08:00:00,A005-PMP,Fuel Pump,77.811,2.637,74.04,56.05,1721.122,148.177,24.163,75.285,302,66.662,24.604,Normal,0,0
A005,2025-01-04 09:00:00,A005-PMP,Fuel Pump,75.424,3.147,74.615,53.348,1700.588,151.501,23.644,78.116,203,66.093,27.763,Normal,0,0
A005,2025-01-04 10:00:00,A005-PMP,Fuel Pump,80.093,3.368,73.579,59.479,1813.666,149.939,23.746,74.79,354,73.474,27.138,Normal,0,0
A005,2025-01-04 13:00:00,A005-PMP,Fuel Pump,76.644,3.395,75.339,51.895,1629.145,150.925,24.298,75.197,291,80.08,29.968,Normal,0,1
A005,2025-01-04 16:00:00,A005-PMP,Fuel Pump,75.672,3.339,72.64,50.123,1828.496,151.97,23.54,79.598,352,56.683,33.354,Normal,0,1
A005,2025-01-04 18:00:00,A005-PMP,Fuel Pump,77.262,3.599,76.271,56.185,1780.458,153.271,23.416,79.187,430,61.354,22.76,Normal,0,0
A005,2025-01-04 21:00:00,A005-PMP,Fuel Pump,94.854,5.717,62.159,53.068,1837.449,136.417,23.861,77.47,380,66.112,24.12,Warning,1,0
A005,2025-01-04 23:00:00,A005-PMP,Fuel Pump,79.001,2.555,74.401,52.857,1733.271,156.291,23.758,76.94,330,64.606,34.371,Normal,0,0
A005,2025-01-05 01:00:00,A005-PMP,Fuel Pump,75.241,2.854,70.902,57.589,1757.254,148.913,23.738,79.636,406,56.431,35.841,Normal,0,1
A005,2025-01-05 04:00:00,A005-PMP,Fuel Pump,75.495,3.329,73.461,55.159,1911.008,147.504,23.911,78.031,407,59.108,36.29,Normal,0,0
A005,2025-01-05 08:00:00,A005-PMP,Fuel Pump,75.157,3.282,72.877,54.629,1819.802,155.106,23.822,77.746,291,58.95,34.012,Normal,0,0
A005,2025-01-05 13:00:00,A005-PMP,Fuel Pump,80.241,2.975,75.278,54.101,1701.789,137.45,24.551,77.871,307,41.253,31.513,Normal,0,0
A005,2025-01-05 14:00:00,A005-PMP,Fuel Pump,77.58,3.526,73.72,57.101,1901.81,147.71,23.12,77.297,390,69.075,30.299,Normal,0,0
A005,2025-01-05 17:00:00,A005-PMP,Fuel Pump,75.192,3.22,73.117,53.984,1823.628,150.665,23.755,77.484,327,58.64,26.936,Normal,0,1
A005,2025-01-05 18:00:00,A005-PMP,Fuel Pump,80.648,2.79,73.479,55.127,1800.29,138.662,23.795,80.503,347,71.406,19.38,Normal,0,0
A005,2025-01-05 22:00:00,A005-PMP,Fuel Pump,77.408,3.136,77.832,56.812,1706.933,149.332,23.723,77.489,327,64.03,28.23,Normal,0,0
A005,2025-01-06 02:00:00,A005-PMP,Fuel Pump,80.226,2.99,72.545,54.757,1671.776,148.774,23.821,78.778,344,60.822,34.96,Normal,0,0
A005,2025-01-06 06:00:00,A005-PMP,Fuel Pump,78.631,3.3,70.608,56.101,1913.717,140.944,24.239,76.749,566,70.621,30.388,Normal,0,0
A005,2025-01-06 15:00:00,A005-PMP,Fuel Pump,79.653,3.256,72.846,53.731,1829.055,149.684,23.422,77.104,404,65.954,29.051,Normal,0,0
A005,2025-01-06 18:00:00,A005-PMP,Fuel Pump,77.845,3.229,70.064,52.314,1776.607,143.698,23.836,77.835,606,55.018,27.205,Normal,0,1
A005,2025-01-06 21:00:00,A005-PMP,Fuel Pump,77.425,3.184,76.277,55.854,1887.39,148.92,23.173,76.985,344,67.287,23.994,Normal,0,0
A005,2025-01-07 02:00:00,A005-PMP,Fuel Pump,75.407,3.945,74.09,54.323,1743.798,144.161,23.863,78.33,246,72.082,23.239,Normal,0,1
A005,2025-01-07 03:00:00,A005-PMP,Fuel Pump,79.909,3.503,69.388,57.253,1843.493,145.346,23.175,80.649,330,68.865,32.413,Normal,0,0
A005,2025-01-07 08:00:00,A005-PMP,Fuel Pump,82.124,3.751,70.274,54.195,1748.646,146.927,23.76,78.13,359,69.04,34.786,Normal,0,1
A005,2025-01-07 11:00:00,A005-PMP,Fuel Pump,79.903,3.209,73.851,52.731,1703.769,146.734,23.987,76.41,528,57.944,32.957,Normal,0,0
A005,2025-01-07 17:00:00,A005-PMP,Fuel Pump,79.883,3.392,72.973,52.607,1892.026,149.629,23.879,77.55,599,56.986,32.175,Normal,0,0
A005,2025-01-07 19:00:00,A005-PMP,Fuel Pump,80.128,2.964,70.437,49.443,1764.121,152.222,23.458,78.883,372,70.401,24.989,Normal,0,0
A005,2025-01-08 02:00:00,A005-PMP,Fuel Pump,76.354,2.982,70.66,53.3,1862.457,146.569,23.509,83.742,520,60.963,26.735,Normal,0,0
A005,2025-01-08 06:00:00,A005-PMP,Fuel Pump,80.259,4.017,75.18,51.668,1801.235,149.792,22.873,75.959,384,70.101,30.838,Normal,0,0
A005,2025-01-08 12:00:00,A005-PMP,Fuel Pump,84.357,3.485,74.329,51.83,1781.699,148.566,23.206,80.3,651,74.162,32.714,Warning,1,1
A005,2025-01-08 16:00:00,A005-PMP,Fuel Pump,82.1,3.385,71.863,51.014,1881.675,142.547,22.943,81.919,673,83.805,26.664,Warning,1,0
A005,2025-01-08 18:00:00,A005-PMP,Fuel Pump,74.253,3.449,66.204,52.965,1862.496,144.787,23.062,79.514,561,62.985,30.928,Normal,0,1
A005,2025-01-08 19:00:00,A005-PMP,Fuel Pump,79.911,3.966,72.43,54.606,1743.769,148.556,23.343,79.734,344,74.868,27.499,Warning,1,1
A005,2025-01-08 22:00:00,A005-PMP,Fuel Pump,80.145,3.343,71.832,52.124,1676.997,148.86,23.243,78.678,378,69.153,30.261,Normal,0,0
A005,2025-01-08 23:00:00,A005-PMP,Fuel Pump,85.329,3.255,73.81,52.801,1749.498,156.195,23.158,75.312,683,64.262,19.958,Normal,0,0
A005,2025-01-09 00:00:00,A005-PMP,Fuel Pump,74.966,3.831,67.141,53.304,1770.826,150.901,23.547,82.174,413,67.097,27.676,Normal,0,0
A005,2025-01-09 05:00:00,A005-PMP,Fuel Pump,82.424,3.05,70.472,56.92,1707.851,144.902,22.97,78.27,317,71.408,33.533,Normal,0,0
A005,2025-01-09 09:00:00,A005-PMP,Fuel Pump,80.562,3.832,74.899,49.979,1604.007,152.136,23.818,80.538,360,73.689,34.465,Warning,1,1
A005,2025-01-09 14:00:00,A005-PMP,Fuel Pump,80.199,3.771,72.244,54.394,1732.372,148.45,23.348,79.743,536,65.43,34.574,Warning,1,0
A005,2025-01-09 18:00:00,A005-PMP,Fuel Pump,99.594,6.378,67.167,53.499,1808.535,137.901,23.767,78.505,352,69.826,28.589,Warning,1,1
A005,2025-01-09 20:00:00,A005-PMP,Fuel Pump,84.145,3.679,70.918,56.153,1708.606,145.088,23.561,81.903,690,73.82,29.364,Warning,1,1
A005,2025-01-09 21:00:00,A005-PMP,Fuel Pump,78.539,3.166,75.194,51.965,1824.546,152.741,23.551,78.81,340,63.176,39.349,Normal,0,0
A005,2025-01-10 03:00:00,A005-PMP,Fuel Pump,80.495,4.089,68.867,54.799,1890.415,148.502,23.302,84.726,708,71.565,31.02,Warning,1,1
A005,2025-01-10 08:00:00,A005-PMP,Fuel Pump,77.35,3.55,62.364,53.119,1714.973,150.321,23.695,82.742,377,69.217,24.324,Warning,1,0
A005,2025-01-10 10:00:00,A005-PMP,Fuel Pump,80.88,3.682,72.231,58.928,1951.344,140.06,23.272,79.838,390,82.355,28.421,Warning,1,1
A005,2025-01-10 18:00:00,A005-PMP,Fuel Pump,78.644,3.724,68.977,52.682,1750.967,153.151,23.439,83.372,676,95.775,30.234,Warning,1,1
A005,2025-01-10 20:00:00,A005-PMP,Fuel Pump,82.574,3.309,69.923,55.086,1751.113,145.47,22.766,80.843,452,75.501,20.123,Warning,1,0
A005,2025-01-11 01:00:00,A005-PMP,Fuel Pump,75.292,3.583,67.966,54.479,1630.675,144.03,23.371,81.77,707,72.672,39.337,Warning,1,1
A005,2025-01-11 03:00:00,A005-PMP,Fuel Pump,79.469,3.92,71.303,53.463,1892.322,150.336,22.779,78.907,400,71.34,31.78,Warning,1,0
A005,2025-01-11 08:00:00,A005-PMP,Fuel Pump,82.98,3.078,71.138,49.999,1860.648,145.326,23.085,83.453,358,70.916,30.554,Warning,1,1
A005,2025-01-11 09:00:00,A005-PMP,Fuel Pump,83.889,3.463,73.713,51.3,1733.177,146.376,23.619,78.885,369,80.683,29.726,Warning,1,1
A005,2025-01-11 11:00:00,A005-PMP,Fuel Pump,83.047,2.884,74.256,51.442,1828.226,147.587,23.264,79.063,570,58.167,24.988,Normal,0,0
A005,2025-01-11 13:00:00,A005-PMP,Fuel Pump,81.479,3.961,72.588,54.918,1836.28,151.241,23.376,77.99,507,67.464,28.944,Warning,1,1
A005,2025-01-12 01:00:00,A005-PMP,Fuel Pump,83.859,4.085,69.959,50.338,1928.302,150.002,23.402,80.243,688,82.435,40.212,Warning,1,1
A005,2025-01-12 04:00:00,A005-PMP,Fuel Pump,84.121,3.771,74.584,51.625,1816.143,139.877,23.27,84.639,402,66.406,34.211,Warning,1,0
A005,2025-01-12 07:00:00,A005-PMP,Fuel Pump,81.972,4.167,68.091,52.063,1745.921,153.951,23.121,80.679,696,58.201,25.443,Warning,1,1
A005,2025-01-12 10:00:00,A005-PMP,Fuel Pump,78.34,3.902,67.037,53.706,1807.1,141.134,23.268,82.233,685,76.673,30.735,Warning,1,0
A005,2025-01-12 13:00:00,A005-PMP,Fuel Pump,81.308,3.901,66.378,53.188,1774.161,149.24,23.415,84.759,697,86.002,29.668,Warning,1,1
A005,2025-01-12 22:00:00,A005-PMP,Fuel Pump,82.959,3.824,66.467,50.157,1789.021,148.48,23.34,81.424,560,81.827,37.104,Warning,1,1
A005,2025-01-12 23:00:00,A005-PMP,Fuel Pump,82.624,3.828,74.189,54.678,1874.267,144.598,22.825,82.954,528,85.876,38.617,Warning,1,0
A005,2025-01-13 06:00:00,A005-PMP,Fuel Pump,86.72,3.828,68.73,51.507,1840.549,142.812,22.996,80.415,499,80.43,26.239,Warning,1,1
A005,2025-01-13 07:00:00,A005-PMP,Fuel Pump,91.848,5.569,57.524,53.528,1840.555,138.1,22.447,80.121,420,80.865,31.057,Warning,1,1
A005,2025-01-13 09:00:00,A005-PMP,Fuel Pump,80.45,3.864,70.528,52.924,1743.124,145.446,23.522,81.576,493,76.723,27.216,Warning,1,0
A005,2025-01-13 12:00:00,A005-PMP,Fuel Pump,83.852,3.229,70.867,50.962,1741.733,150.945,22.336,83.145,412,79.288,25.906,Warning,1,0
A005,2025-01-13 16:00:00,A005-PMP,Fuel Pump,83.355,3.931,70.386,51.278,1868.728,148.292,22.834,80.315,574,71.803,22.642,Warning,1,1
A005,2025-01-13 18:00:00,A005-PMP,Fuel Pump,83.076,4.157,71.678,51.808,1684.492,141.568,23.59,82.953,578,63.243,34.17,Warning,1,0
A005,2025-01-13 21:00:00,A005-PMP,Fuel Pump,96.87,6.453,58.034,56.345,1806.685,139.908,23.753,85.385,715,86.78,27.497,Warning,1,1
A005,2025-01-13 22:00:00,A005-PMP,Fuel Pump,82.133,3.737,68.935,49.649,1844.298,148.132,23.053,81.914,449,98.375,23.983,Warning,1,1
A005,2025-01-14 01:00:00,A005-PMP,Fuel Pump,93.756,7.862,56.827,53.374,1832.542,135.373,22.849,84.31,724,79.885,19.595,Warning,1,0
A005,2025-01-14 03:00:00,A005-PMP,Fuel Pump,84.678,4.141,68.101,53.017,1816.345,138.415,22.804,81.405,433,72.872,24.651,Warning,1,0
A005,2025-01-14 10:00:00,A005-PMP,Fuel Pump,80.309,4.0,69.061,55.557,1765.753,144.495,23.151,83.449,716,79.954,31.36,Warning,1,1
A005,2025-01-14 18:00:00,A005-PMP,Fuel Pump,81.754,4.408,68.371,56.971,1684.942,152.13,22.796,84.975,557,76.251,30.578,Warning,1,1
A005,2025-01-14 21:00:00,A005-PMP,Fuel Pump,79.465,4.245,68.783,51.801,1773.18,148.189,22.833,79.347,554,68.469,23.283,Warning,1,1
A005,2025-01-14 22:00:00,A005-PMP,Fuel Pump,80.262,4.162,67.453,58.342,1924.52,152.633,23.279,84.114,569,75.643,27.003,Warning,1,1
A005,2025-01-14 23:00:00,A005-PMP,Fuel Pump,83.488,3.696,65.262,52.977,1910.634,150.93,23.477,84.206,548,79.648,36.411,Warning,1,1
A005,2025-01-15 00:00:00,A005-PMP,Fuel Pump,98.47,6.177,61.075,52.645,1903.448,143.426,23.16,86.18,645,71.559,29.212,Warning,1,0
A005,2025-01-15 03:00:00,A005-PMP,Fuel Pump,81.172,3.991,71.214,54.538,1852.594,143.961,22.702,83.441,762,79.117,35.536,Warning,1,1
A005,2025-01-15 04:00:00,A005-PMP,Fuel Pump,88.408,3.659,72.542,50.206,1760.935,144.469,22.953,84.74,601,80.09,33.074,Warning,1,1
A005,2025-01-15 06:00:00,A005-PMP,Fuel Pump,86.91,4.554,65.401,52.703,1976.107,140.774,22.934,82.653,823,87.779,35.956,Warning,1,1
A005,2025-01-15 08:00:00,A005-PMP,Fuel Pump,82.861,3.675,69.174,55.225,1849.244,136.992,23.195,82.716,772,83.564,29.252,Warning,1,0
A005,2025-01-15 11:00:00,A005-PMP,Fuel Pump,81.922,3.707,66.895,53.64,1708.283,138.231,23.065,82.407,670,79.546,36.412,Warning,1,1
A005,2025-01-15 12:00:00,A005-PMP,Fuel Pump,87.287,3.806,68.98,50.524,1726.722,144.751,22.491,84.019,596,77.316,31.173,Warning,1,1
A005,2025-01-15 15:00:00,A005-PMP,Fuel Pump,85.535,3.991,68.817,54.939,1893.473,149.2,23.019,88.316,528,76.721,21.92,Warning,1,1
A005,2025-01-16 09:00:00,A005-PMP,Fuel Pump,95.817,7.151,56.63,54.606,1759.169,137.483,22.905,84.928,766,81.365,31.708,Warning,1,1
A005,2025-01-16 12:00:00,A005-PMP,Fuel Pump,84.044,4.231,72.423,55.928,1768.06,146.572,23.214,85.831,766,79.883,30.381,Warning,1,0
A005,2025-01-16 22:00:00,A005-PMP,Fuel Pump,88.23,4.199,70.44,50.43,1915.631,147.906,22.843,84.965,780,84.639,25.716,Warning,1,1
A005,2025-01-17 02:00:00,A005-PMP,Fuel Pump,87.607,3.821,69.665,55.506,1777.248,146.929,22.853,85.701,837,82.941,27.415,Warning,1,1
A005,2025-01-17 04:00:00,A005-PMP,Fuel Pump,78.717,3.911,69.702,52.241,1776.724,138.662,23.204,85.724,523,82.135,18.987,Warning,1,0
A005,2025-01-17 05:00:00,A005-PMP,Fuel Pump,94.704,8.096,61.413,53.382,1724.081,129.275,23.0,86.09,617,86.453,30.658,Warning,1,1
A005,2025-01-17 10:00:00,A005-PMP,Fuel Pump,86.418,4.531,65.364,51.748,1690.625,145.981,22.75,86.988,698,82.575,27.781,Warning,1,1
A005,2025-01-17 13:00:00,A005-PMP,Fuel Pump,87.697,4.507,65.4,54.683,1889.276,142.07,23.133,86.551,674,89.61,37.88,Warning,1,1
A006,2025-01-01 04:00:00,A006-PMP,Fuel Pump,74.679,2.81,83.621,56.517,1846.257,154.316,23.678,71.756,302,46.613,36.386,Normal,0,0
A006,2025-01-01 05:00:00,A006-PMP,Fuel Pump,72.487,1.848,79.031,54.119,1953.258,154.485,23.85,78.656,270,53.241,21.642,Normal,0,0
A006,2025-01-01 06:00:00,A006-PMP,Fuel Pump,71.736,1.823,75.151,53.287,1689.534,147.452,24.59,75.078,504,56.838,35.458,Normal,0,0
A006,2025-01-02 02:00:00,A006-PMP,Fuel Pump,74.44,2.352,78.479,54.63,1877.436,151.754,24.167,75.266,362,46.751,33.325,Normal,0,0
A006,2025-01-02 06:00:00,A006-PMP,Fuel Pump,71.814,2.301,73.976,54.628,1939.434,146.213,24.224,68.821,424,45.635,20.448,Normal,0,0
A006,2025-01-02 10:00:00,A006-PMP,Fuel Pump,74.165,2.668,80.394,56.525,1805.031,148.053,23.872,73.618,153,50.61,28.547,Normal,0,0
A006,2025-01-02 11:00:00,A006-PMP,Fuel Pump,64.901,2.3,78.475,49.372,1821.304,149.073,23.483,75.013,227,60.773,25.129,Normal,0,0
A006,2025-01-02 17:00:00,A006-PMP,Fuel Pump,76.794,2.61,81.379,55.186,1881.175,151.593,23.763,75.614,335,49.598,31.327,Normal,0,0
A006,2025-01-02 20:00:00,A006-PMP,Fuel Pump,73.452,2.623,82.181,53.836,1633.15,145.064,23.51,74.337,169,46.153,29.882,Normal,0,0
A006,2025-01-02 21:00:00,A006-PMP,Fuel Pump,75.561,2.632,81.327,56.356,1768.542,154.659,23.961,77.721,359,58.755,29.378,Normal,0,0
A006,2025-01-03 01:00:00,A006-PMP,Fuel Pump,69.412,2.545,78.927,56.783,1791.685,152.38,23.537,78.158,241,58.638,25.999,Normal,0,1
A006,2025-01-03 02:00:00,A006-PMP,Fuel Pump,71.17,2.526,78.655,52.965,1709.312,151.461,24.138,80.55,326,58.629,23.955,Normal,0,0
A006,2025-01-03 04:00:00,A006-PMP,Fuel Pump,72.471,2.548,74.185,56.554,1809.231,150.39,23.703,77.786,426,63.753,27.962,Normal,0,0
A006,2025-01-03 05:00:00,A006-PMP,Fuel Pump,77.509,2.221,76.16,53.049,1865.252,148.248,23.597,79.651,495,67.967,28.357,Normal,0,0
A006,2025-01-03 06:00:00,A006-PMP,Fuel Pump,74.398,2.515,75.193,53.768,1860.995,147.535,23.99,76.377,349,45.099,38.106,Normal,0,0
A006,2025-01-03 12:00:00,A006-PMP,Fuel Pump,70.122,2.639,80.687,52.075,1683.184,154.01,23.36,78.181,204,54.371,27.911,Normal,0,0
A006,2025-01-03 14:00:00,A006-PMP,Fuel Pump,71.357,2.022,79.14,54.01,1784.54,144.738,24.018,77.354,254,52.81,23.058,Normal,0,0
A006,2025-01-03 15:00:00,A006-PMP,Fuel Pump,68.359,2.532,75.222,54.6,1884.889,150.692,23.817,76.601,223,41.638,25.467,Normal,0,0
A006,2025-01-03 17:00:00,A006-PMP,Fuel Pump,74.056,2.728,71.863,51.911,1880.628,152.027,23.91,75.261,320,59.966,23.985,Normal,0,0
A006,2025-01-03 21:00:00,A006-PMP,Fuel Pump,77.184,2.622,75.784,54.955,1777.995,145.966,23.979,74.678,336,51.783,28.373,Normal,0,0
A006,2025-01-03 22:00:00,A006-PMP,Fuel Pump,77.073,2.453,75.857,52.666,1803.513,149.304,24.05,76.884,394,71.305,32.281,Normal,0,0
A006,2025-01-04 00:00:00,A006-PMP,Fuel Pump,76.296,2.575,77.419,53.384,1754.109,142.951,23.872,78.165,380,54.112,25.613,Normal,0,0
A006,2025-01-04 03:00:00,A006-PMP,Fuel Pump,76.245,3.28,78.488,54.086,1962.029,142.735,23.047,75.102,336,61.364,30.843,Normal,0,0
A006,2025-01-04 04:00:00,A006-PMP,Fuel Pump,70.902,3.104,76.395,57.969,1719.899,151.015,23.851,78.659,318,56.965,34.925,Normal,0,0
A006,2025-01-04 05:00:00,A006-PMP,Fuel Pump,73.778,2.293,78.469,56.266,1756.479,147.635,23.284,73.316,411,53.053,33.96,Normal,0,0
A006,2025-01-04 07:00:00,A006-PMP,Fuel Pump,77.606,2.467,75.945,55.898,1771.56,151.006,24.581,75.017,451,67.37,27.539,Normal,0,0
A006,2025-01-04 19:00:00,A006-PMP,Fuel Pump,73.53,2.307,77.203,52.248,1986.269,142.305,24.125,79.032,253,58.345,30.272,Normal,0,0
A006,2025-01-04 21:00:00,A006-PMP,Fuel Pump,76.467,2.334,75.378,55.519,1677.749,149.666,23.894,77.248,287,58.546,30.289,Normal,0,0
A006,2025-01-04 23:00:00,A006-PMP,Fuel Pump,72.011,2.729,81.673,54.826,1729.149,148.183,23.316,77.412,213,61.583,26.537,Normal,0,0
A006,2025-01-05 02:00:00,A006-PMP,Fuel Pump,72.388,2.039,75.036,51.462,1886.409,148.391,24.035,80.381,523,49.383,28.263,Normal,0,0
A006,2025-01-05 03:00:00,A006-PMP,Fuel Pump,77.279,2.961,77.32,57.05,1793.857,150.84,23.641,79.516,219,50.76,21.586,Normal,0,0
A006,2025-01-05 04:00:00,A006-PMP,Fuel Pump,77.889,2.989,75.418,48.159,1847.992,151.4,23.881,78.442,546,54.978,27.948,Normal,0,0
A006,2025-01-05 05:00:00,A006-PMP,Fuel Pump,87.093,4.535,62.014,50.924,1765.827,130.801,23.762,74.905,220,65.933,25.89,Warning,1,0
A006,2025-01-05 06:00:00,A006-PMP,Fuel Pump,87.369,6.033,66.145,53.808,1810.413,145.597,23.904,77.879,457,52.151,26.992,Warning,1,0
A006,2025-01-05 09:00:00,A006-PMP,Fuel Pump,74.881,2.768,83.951,54.196,1737.374,150.611,23.942,78.227,261,57.996,37.411,Normal,0,0
A006,2025-01-05 18:00:00,A006-PMP,Fuel Pump,82.139,2.975,79.474,55.362,1818.49,152.157,23.434,78.791,408,66.72,33.497,Normal,0,0
A006,2025-01-05 21:00:00,A006-PMP,Fuel Pump,71.377,2.972,76.99,56.466,1687.581,145.62,23.786,76.036,399,38.668,30.987,Normal,0,0
A006,2025-01-05 23:00:00,A006-PMP,Fuel Pump,73.453,2.524,75.468,56.731,1709.852,144.264,23.893,74.613,260,50.328,29.575,Normal,0,0
A006,2025-01-06 03:00:00,A006-PMP,Fuel Pump,74.211,2.722,74.313,54.541,1924.412,148.922,23.554,75.927,494,67.537,29.282,Normal,0,0
A006,2025-01-06 10:00:00,A006-PMP,Fuel Pump,72.927,2.771,74.857,55.629,1873.295,146.014,23.106,75.856,316,40.044,28.628,Normal,0,0
A006,2025-01-06 11:00:00,A006-PMP,Fuel Pump,75.616,2.546,75.121,53.283,1822.386,146.101,23.436,74.511,564,57.963,30.443,Normal,0,0
A006,2025-01-06 15:00:00,A006-PMP,Fuel Pump,73.842,2.363,78.806,50.684,1693.871,140.122,23.283,77.456,495,66.438,28.89,Normal,0,0
A006,2025-01-07 04:00:00,A006-PMP,Fuel Pump,76.83,2.861,73.027,55.27,1856.764,146.298,23.74,77.312,439,54.387,33.876,Normal,0,0
A006,2025-01-07 09:00:00,A006-PMP,Fuel Pump,73.228,2.213,75.633,54.823,1813.264,147.849,22.893,78.075,577,57.934,27.259,Normal,0,1
A006,2025-01-07 10:00:00,A006-PMP,Fuel Pump,74.36,2.789,73.952,52.871,1844.385,150.144,23.914,80.958,567,58.429,44.211,Normal,0,1
A006,2025-01-07 11:00:00,A006-PMP,Fuel Pump,71.412,2.867,79.358,59.4,1789.085,149.402,23.747,82.834,428,52.002,43.278,Normal,0,0
A006,2025-01-08 12:00:00,A006-PMP,Fuel Pump,76.205,3.357,74.687,54.846,1718.826,149.141,23.461,79.987,518,77.743,36.523,Normal,0,0
A006,2025-01-08 13:00:00,A006-PMP,Fuel Pump,75.978,2.419,71.48,51.869,1797.379,142.837,23.443,79.217,421,52.417,37.628,Normal,0,0
A006,2025-01-08 14:00:00,A006-PMP,Fuel Pump,76.831,2.54,72.998,57.255,1768.773,143.307,23.625,78.839,669,62.759,25.428,Normal,0,0
A006,2025-01-08 15:00:00,A006-PMP,Fuel Pump,76.649,2.596,75.018,53.786,1851.624,145.785,23.424,80.418,623,53.541,34.431,Normal,0,0
A006,2025-01-08 18:00:00,A006-PMP,Fuel Pump,78.031,2.764,76.339,48.984,1773.935,148.071,23.914,79.824,502,63.31,31.877,Normal,0,0
A006,2025-01-08 20:00:00,A006-PMP,Fuel Pump,81.291,2.188,75.688,55.404,1888.872,148.759,23.898,83.267,337,59.511,32.237,Normal,0,0
A006,2025-01-09 00:00:00,A006-PMP,Fuel Pump,73.324,3.221,75.817,55.514,1893.009,150.756,23.715,81.02,510,68.291,20.79,Normal,0,0
A006,2025-01-09 08:00:00,A006-PMP,Fuel Pump,75.239,3.048,72.52,51.218,1804.538,152.872,23.38,77.734,467,72.858,26.129,Normal,0,1
A006,2025-01-09 09:00:00,A006-PMP,Fuel Pump,81.658,2.557,71.629,52.839,1787.403,158.056,23.086,77.417,605,55.254,31.161,Normal,0,0
A006,2025-01-09 11:00:00,A006-PMP,Fuel Pump,78.461,2.577,74.935,54.595,1656.261,153.315,22.958,77.799,517,64.482,32.673,Normal,0,0
A006,2025-01-09 17:00:00,A006-PMP,Fuel Pump,77.796,3.037,79.123,56.813,1864.278,151.814,23.673,77.813,434,62.924,37.484,Normal,0,0
A006,2025-01-09 23:00:00,A006-PMP,Fuel Pump,79.348,3.223,74.589,54.095,1668.266,145.392,23.252,80.472,406,51.938,25.361,Normal,0,0
A006,2025-01-10 03:00:00,A006-PMP,Fuel Pump,74.201,3.68,73.503,48.845,1656.034,151.773,22.789,83.173,455,64.515,33.569,Normal,0,0
A006,2025-01-10 04:00:00,A006-PMP,Fuel Pump,78.23,2.728,74.77,49.716,1883.835,148.038,23.502,75.266,580,54.923,27.471,Normal,0,1
A006,2025-01-10 05:00:00,A006-PMP,Fuel Pump,77.698,2.749,73.387,51.441,1693.409,151.281,23.517,81.557,545,74.205,32.433,Normal,0,0
A006,2025-01-10 09:00:00,A006-PMP,Fuel Pump,79.357,3.425,72.428,51.652,1662.033,141.718,23.179,80.392,410,80.762,21.537,Normal,0,1
A006,2025-01-10 12:00:00,A006-PMP,Fuel Pump,81.54,3.78,69.474,55.455,1820.269,145.841,23.353,81.587,516,73.689,35.53,Normal,0,0
A006,2025-01-10 16:00:00,A006-PMP,Fuel Pump,78.658,3.678,75.611,52.441,1878.211,147.134,23.425,81.307,452,47.797,14.763,Normal,0,0
A006,2025-01-10 18:00:00,A006-PMP,Fuel Pump,80.159,3.154,77.422,50.656,1758.583,144.346,23.423,83.215,548,56.939,46.527,Normal,0,0
A006,2025-01-10 21:00:00,A006-PMP,Fuel Pump,75.888,3.682,74.895,55.152,1736.852,155.766,23.988,81.786,528,74.393,28.491,Normal,0,0
A006,2025-01-10 23:00:00,A006-PMP,Fuel Pump,78.656,3.278,74.308,54.509,1712.981,146.704,23.573,80.309,388,71.438,30.484,Normal,0,1
A006,2025-01-11 07:00:00,A006-PMP,Fuel Pump,81.418,3.349,78.775,54.227,1669.835,151.13,23.853,77.631,538,70.729,34.302,Normal,0,0
A006,2025-01-11 10:00:00,A006-PMP,Fuel Pump,77.809,3.303,68.779,52.239,1854.971,146.463,23.276,78.238,734,65.003,30.143,Normal,0,0
A006,2025-01-11 14:00:00,A006-PMP,Fuel Pump,80.739,3.085,72.456,57.142,1768.063,149.17,23.155,83.513,479,75.099,29.887,Normal,0,0
A006,2025-01-11 17:00:00,A006-PMP,Fuel Pump,84.49,3.388,76.046,51.232,1752.348,141.378,23.049,82.555,407,67.938,38.636,Normal,0,0
A006,2025-01-11 18:00:00,A006-PMP,Fuel Pump,82.366,3.686,74.217,54.476,1849.424,142.82,22.799,81.348,412,64.696,31.385,Normal,0,1
A006,2025-01-11 19:00:00,A006-PMP,Fuel Pump,81.34,3.015,72.513,51.942,1717.826,143.003,23.58,80.997,396,71.444,33.845,Normal,0,0
A006,2025-01-11 22:00:00,A006-PMP,Fuel Pump,81.662,3.131,74.143,49.081,1614.862,148.034,23.58,81.074,457,83.715,22.783,Warning,1,0
A006,2025-01-12 09:00:00,A006-PMP,Fuel Pump,81.26,3.038,73.2,53.957,1689.197,149.955,23.285,81.519,621,68.081,33.536,Normal,0,1
A006,2025-01-12 11:00:00,A006-PMP,Fuel Pump,77.959,3.566,73.71,51.696,1813.009,142.33,23.892,83.024,769,73.656,36.884,Normal,0,0
A006,2025-01-12 16:00:00,A006-PMP,Fuel Pump,80.692,3.444,71.869,57.095,1978.987,144.99,23.082,81.319,703,62.788,25.396,Normal,0,1
A006,2025-01-12 23:00:00,A006-PMP,Fuel Pump,81.419,3.037,72.752,52.686,1768.422,146.351,23.406,80.735,637,65.349,34.911,Normal,0,0
A006,2025-01-13 07:00:00,A006-PMP,Fuel Pump,79.469,3.861,70.661,54.408,1960.538,144.962,22.881,81.517,459,68.461,31.609,Warning,1,1
A006,2025-01-13 08:00:00,A006-PMP,Fuel Pump,80.105,3.169,74.43,54.473,1927.124,154.011,23.233,81.823,561,53.461,25.311,Normal,0,0
A006,2025-01-13 10:00:00,A006-PMP,Fuel Pump,84.285,3.334,72.882,51.15,1680.865,145.16,23.562,81.046,786,81.704,27.136,Warning,1,0
A006,2025-01-13 13:00:00,A006-PMP,Fuel Pump,84.423,3.512,75.377,52.273,1898.046,147.188,23.406,84.458,516,61.458,30.36,Normal,0,0
A006,2025-01-13 18:00:00,A006-PMP,Fuel Pump,80.239,4.492,74.699,57.595,1762.654,147.174,22.649,81.989,776,64.632,44.978,Warning,1,1
A006,2025-01-13 21:00:00,A006-PMP,Fuel Pump,80.721,3.574,70.504,53.367,1815.12,144.338,23.562,82.256,454,70.554,22.665,Warning,1,0
A006,2025-01-14 01:00:00,A006-PMP,Fuel Pump,91.435,5.78,61.284,52.724,1661.414,139.933,22.193,83.551,530,73.396,26.027,Warning,1,1
A006,2025-01-14 04:00:00,A006-PMP,Fuel Pump,83.378,3.698,70.293,51.312,1976.082,142.722,23.548,83.709,728,64.068,24.078,Warning,1,1
A006,2025-01-14 08:00:00,A006-PMP,Fuel Pump,83.72,3.497,74.412,53.311,1975.274,142.328,23.275,80.471,619,75.605,21.404,Warning,1,0
A006,2025-01-14 09:00:00,A006-PMP,Fuel Pump,82.243,4.338,71.626,54.138,1814.478,148.743,23.087,85.224,564,61.82,17.763,Warning,1,0
A006,2025-01-14 12:00:00,A006-PMP,Fuel Pump,77.936,3.675,75.662,52.667,1790.704,145.452,22.847,85.44,526,71.181,19.107,Warning,1,1
A006,2025-01-14 14:00:00,A006-PMP,Fuel Pump,81.516,3.705,74.067,54.417,1793.822,145.24,22.815,83.65,568,57.425,30.114,Normal,0,0
A006,2025-01-14 23:00:00,A006-PMP,Fuel Pump,85.907,3.21,67.926,54.033,1848.955,150.788,22.624,84.822,605,65.262,33.116,Warning,1,0
A006,2025-01-15 00:00:00,A006-PMP,Fuel Pump,81.021,3.584,71.302,50.171,1973.24,152.195,22.93,84.8,516,87.59,36.184,Warning,1,1
A006,2025-01-15 01:00:00,A006-PMP,Fuel Pump,83.773,3.975,74.658,53.875,1831.711,141.796,23.101,82.162,589,75.443,26.181,Warning,1,1
A006,2025-01-15 03:00:00,A006-PMP,Fuel Pump,85.736,3.185,73.35,55.233,1873.73,147.508,22.926,87.173,707,69.404,34.741,Warning,1,0
A006,2025-01-15 04:00:00,A006-PMP,Fuel Pump,81.536,3.501,69.823,53.702,1866.338,144.527,22.87,81.399,674,73.464,36.89,Warning,1,1
A006,2025-01-15 05:00:00,A006-PMP,Fuel Pump,81.051,3.199,68.049,50.29,1830.037,144.708,22.756,81.83,619,62.802,25.551,Warning,1,1
A006,2025-01-15 06:00:00,A006-PMP,Fuel Pump,83.704,3.386,69.764,53.947,1777.828,147.373,23.65,83.984,829,89.776,24.366,Warning,1,1
A006,2025-01-15 10:00:00,A006-PMP,Fuel Pump,84.799,3.726,74.551,49.694,1727.443,146.773,23.135,88.451,616,57.342,29.835,Warning,1,0
A006,2025-01-15 13:00:00,A006-PMP,Fuel Pump,89.771,6.405,64.763,54.57,1696.493,125.687,22.612,81.594,465,84.526,36.701,Warning,1,1
A006,2025-01-15 20:00:00,A006-PMP,Fuel Pump,99.087,4.507,60.51,51.741,1759.302,139.837,22.729,83.983,732,82.697,24.691,Warning,1,1
A006,2025-01-16 02:00:00,A006-PMP,Fuel Pump,82.483,3.265,70.032,50.933,1728.31,145.126,22.066,80.445,722,79.233,30.737,Warning,1,0
A006,2025-01-16 03:00:00,A006-PMP,Fuel Pump,81.167,3.363,75.78,52.748,1817.614,147.328,22.263,82.887,737,76.506,29.979,Warning,1,1
A006,2025-01-16 05:00:00,A006-PMP,Fuel Pump,82.407,3.883,69.686,53.761,1769.149,145.91,22.842,82.971,796,91.0,25.801,Warning,1,1
A006,2025-01-16 07:00:00,A006-PMP,Fuel Pump,84.982,3.698,72.214,51.224,1901.931,141.864,22.826,86.648,674,69.263,23.296,Warning,1,0
A006,2025-01-16 16:00:00,A006-PMP,Fuel Pump,82.795,3.856,66.234,50.583,1865.038,149.266,22.997,84.952,737,76.897,34.789,Warning,1,1
A006,2025-01-16 17:00:00,A006-PMP,Fuel Pump,83.526,2.952,67.59,52.139,1891.183,143.611,22.636,85.482,848,71.117,34.404,Warning,1,1
A006,2025-01-17 02:00:00,A006-PMP,Fuel Pump,80.911,3.773,62.674,52.499,1864.079,144.732,22.434,88.563,879,83.551,27.345,Warning,1,0
A006,2025-01-17 05:00:00,A006-PMP,Fuel Pump,86.339,3.702,72.597,52.172,1628.589,146.679,23.387,84.783,739,82.387,27.474,Warning,1,1
A006,2025-01-17 07:00:00,A006-PMP,Fuel Pump,86.661,3.862,76.12,53.552,1849.375,148.206,22.005,85.413,813,81.9,30.422,Warning,1,0
A006,2025-01-17 10:00:00,A006-PMP,Fuel Pump,82.355,3.668,74.013,50.005,1873.367,150.164,22.639,85.37,560,79.411,32.055,Warning,1,1
A006,2025-01-17 12:00:00,A006-PMP,Fuel Pump,83.863,3.505,73.324,53.319,1870.575,142.33,22.555,84.673,728,81.328,32.508,Warning,1,0
A007,2025-01-01 01:00:00,A007-PMP,Fuel Pump,77.382,2.635,75.27,56.287,1889.537,151.464,23.645,79.5,175,58.286,23.762,Normal,0,1
A007,2025-01-01 04:00:00,A007-PMP,Fuel Pump,84.52,4.055,70.212,59.209,1818.509,151.564,24.431,75.203,435,55.69,28.403,Warning,1,0
A007,2025-01-01 07:00:00,A007-PMP,Fuel Pump,75.391,1.691,78.489,53.98,1774.667,155.324,23.843,76.159,134,45.401,30.181,Normal,0,0
A007,2025-01-01 12:00:00,A007-PMP,Fuel Pump,77.252,2.508,78.523,54.876,1746.222,147.9,24.342,76.796,213,41.948,23.757,Normal,0,0
A007,2025-01-01 18:00:00,A007-PMP,Fuel Pump,73.159,2.915,73.651,50.082,1746.523,145.17,22.892,78.943,223,58.71,33.336,Normal,0,0
A007,2025-01-02 00:00:00,A007-PMP,Fuel Pump,64.978,2.694,77.29,55.467,1783.492,149.896,23.988,76.149,125,58.412,31.414,Normal,0,1
A007,2025-01-02 02:00:00,A007-PMP,Fuel Pump,74.376,2.368,77.582,52.926,2011.095,154.452,24.029,77.644,371,50.799,24.46,Normal,0,0
A007,2025-01-02 06:00:00,A007-PMP,Fuel Pump,75.317,2.093,77.321,54.629,1797.281,144.807,24.271,73.169,207,60.987,22.841,Normal,0,0
A007,2025-01-02 09:00:00,A007-PMP,Fuel Pump,75.257,1.866,74.772,59.384,1854.989,152.033,23.613,73.637,472,53.055,29.664,Normal,0,1
A007,2025-01-02 13:00:00,A007-PMP,Fuel Pump,67.522,2.56,78.285,57.476,1655.086,147.473,24.268,78.227,426,65.666,42.808,Normal,0,0
A007,2025-01-02 16:00:00,A007-PMP,Fuel Pump,71.103,2.916,75.063,50.741,1697.867,147.434,23.957,76.343,184,65.43,28.815,Normal,0,0
A007,2025-01-02 17:00:00,A007-PMP,Fuel Pump,73.399,2.688,75.289,52.368,1997.751,147.32,23.98,72.994,485,61.562,23.971,Normal,0,0
A007,2025-01-02 18:00:00,A007-PMP,Fuel Pump,74.25,2.524,76.339,55.503,1808.077,153.402,23.553,79.106,188,52.351,26.271,Normal,0,0
A007,2025-01-02 20:00:00,A007-PMP,Fuel Pump,72.045,1.538,77.226,52.516,1812.053,159.734,24.426,74.566,202,47.787,36.465,Normal,0,0
A007,2025-01-03 20:00:00,A007-PMP,Fuel Pump,76.831,2.743,78.547,54.522,1825.283,150.769,24.454,77.901,407,46.823,27.18,Normal,0,1
A007,2025-01-03 21:00:00,A007-PMP,Fuel Pump,80.372,2.753,76.969,51.974,1900.393,147.354,23.532,76.091,239,68.482,32.329,Normal,0,0
A007,2025-01-04 00:00:00,A007-PMP,Fuel Pump,75.151,3.0,77.654,58.905,1753.406,150.217,23.859,77.136,474,47.489,24.083,Normal,0,0
A007,2025-01-04 09:00:00,A007-PMP,Fuel Pump,76.815,3.215,72.737,56.631,1862.391,149.707,24.291,76.684,346,61.385,30.619,Normal,0,1
A007,2025-01-04 14:00:00,A007-PMP,Fuel Pump,73.769,2.492,75.565,53.206,1734.03,153.108,23.605,80.837,556,63.496,25.896,Normal,0,0
A007,2025-01-04 16:00:00,A007-PMP,Fuel Pump,80.003,3.091,78.388,53.838,1849.996,150.298,23.675,77.419,316,67.488,37.998,Normal,0,0
A007,2025-01-05 00:00:00,A007-PMP,Fuel Pump,72.436,2.953,78.033,53.927,1885.452,146.836,23.519,78.221,507,62.527,29.436,Normal,0,0
A007,2025-01-05 07:00:00,A007-PMP,Fuel Pump,73.411,2.292,73.179,51.97,1688.343,150.367,23.598,77.859,514,63.765,21.572,Normal,0,0
A007,2025-01-05 11:00:00,A007-PMP,Fuel Pump,73.811,2.89,75.412,54.679,1804.325,148.925,23.216,82.849,547,65.007,30.259,Normal,0,0
A007,2025-01-05 12:00:00,A007-PMP,Fuel Pump,74.555,2.978,76.199,49.517,1671.15,154.996,23.588,81.703,351,70.339,28.899,Normal,0,0
A007,2025-01-05 15:00:00,A007-PMP,Fuel Pump,73.861,3.349,76.917,52.805,1677.672,141.061,24.065,79.593,412,68.418,29.399,Normal,0,0
A007,2025-01-05 19:00:00,A007-PMP,Fuel Pump,73.663,3.202,79.289,52.292,1690.495,154.701,23.457,77.131,504,71.968,36.474,Normal,0,0
A007,2025-01-06 00:00:00,A007-PMP,Fuel Pump,76.287,3.681,78.865,54.414,1766.982,139.629,23.466,77.843,432,58.069,28.762,Normal,0,0
A007,2025-01-06 02:00:00,A007-PMP,Fuel Pump,75.697,3.218,70.635,52.75,1791.274,150.666,23.52,74.482,612,45.337,29.66,Normal,0,0
A007,2025-01-06 05:00:00,A007-PMP,Fuel Pump,73.543,3.046,76.921,50.964,1640.515,145.291,23.855,78.411,544,54.92,33.697,Normal,0,0
A007,2025-01-06 06:00:00,A007-PMP,Fuel Pump,74.556,3.59,73.937,52.141,1765.597,148.901,23.931,79.392,277,55.57,36.358,Normal,0,0
A007,2025-01-06 08:00:00,A007-PMP,Fuel Pump,74.765,2.962,77.544,51.147,1694.7,151.429,23.163,75.95,389,70.2,28.893,Normal,0,0
A007,2025-01-06 13:00:00,A007-PMP,Fuel Pump,76.692,2.741,75.547,52.53,1678.015,148.854,23.42,78.298,459,39.941,25.54,Normal,0,1
A007,2025-01-06 14:00:00,A007-PMP,Fuel Pump,76.819,3.18,72.388,53.471,1778.488,142.076,24.012,77.984,277,60.105,31.865,Normal,0,0
A007,2025-01-06 17:00:00,A007-PMP,Fuel Pump,78.888,3.8,73.275,48.467,1858.365,146.086,24.225,78.356,592,55.597,24.935,Normal,0,0
A007,2025-01-06 21:00:00,A007-PMP,Fuel Pump,80.613,2.742,71.738,54.69,1813.009,148.809,23.932,78.737,278,64.424,36.798,Normal,0,1
A007,2025-01-07 01:00:00,A007-PMP,Fuel Pump,77.142,3.144,76.65,56.86,1937.211,147.664,23.334,76.388,349,57.85,32.383,Normal,0,0
A007,2025-01-07 02:00:00,A007-PMP,Fuel Pump,75.466,3.109,72.342,54.481,1730.531,140.567,23.897,77.258,465,60.243,26.544,Normal,0,0
A007,2025-01-07 03:00:00,A007-PMP,Fuel Pump,75.739,2.966,75.4,56.988,1827.588,144.149,23.653,78.345,508,46.305,20.774,Normal,0,1
A007,2025-01-07 05:00:00,A007-PMP,Fuel Pump,71.39,3.302,77.417,57.556,1760.614,143.597,24.028,79.723,315,69.417,26.765,Normal,0,0
A007,2025-01-07 07:00:00,A007-PMP,Fuel Pump,79.623,3.17,74.356,53.808,1808.15,144.946,23.016,79.913,596,74.786,33.021,Normal,0,0
A007,2025-01-07 08:00:00,A007-PMP,Fuel Pump,78.466,3.268,76.842,57.032,1699.675,142.944,23.596,76.955,290,53.842,36.1,Normal,0,0
A007,2025-01-08 04:00:00,A007-PMP,Fuel Pump,80.252,2.793,75.109,53.772,1758.324,149.568,23.963,80.551,394,64.892,38.107,Normal,0,0
A007,2025-01-08 05:00:00,A007-PMP,Fuel Pump,81.441,3.411,69.547,52.83,1680.856,147.676,23.797,81.276,558,66.064,27.875,Normal,0,0
A007,2025-01-08 10:00:00,A007-PMP,Fuel Pump,81.618,3.931,73.596,50.661,1835.676,139.434,22.993,80.277,306,53.163,28.52,Normal,0,0
A007,2025-01-08 16:00:00,A007-PMP,Fuel Pump,77.533,3.204,69.603,50.176,1756.655,145.912,23.495,77.644,520,68.079,19.216,Normal,0,0
A007,2025-01-08 19:00:00,A007-PMP,Fuel Pump,76.072,3.275,75.717,54.392,1768.124,148.36,23.312,79.438,542,55.294,36.9,Normal,0,0
A007,2025-01-09 06:00:00,A007-PMP,Fuel Pump,77.838,3.167,74.984,52.164,1938.99,144.85,23.053,77.742,684,59.291,24.157,Normal,0,0
A007,2025-01-09 19:00:00,A007-PMP,Fuel Pump,78.906,3.323,78.656,50.612,1782.408,142.417,23.484,79.169,386,56.912,33.661,Normal,0,1
A007,2025-01-10 04:00:00,A007-PMP,Fuel Pump,76.77,2.673,72.207,51.98,1797.718,149.402,23.454,80.593,589,75.323,33.353,Normal,0,0
A007,2025-01-10 05:00:00,A007-PMP,Fuel Pump,81.992,3.269,69.876,52.509,1893.379,144.167,23.481,82.283,642,67.116,25.677,Normal,0,1
A007,2025-01-10 08:00:00,A007-PMP,Fuel Pump,76.599,3.237,68.849,51.917,1776.868,149.155,22.591,83.241,337,65.743,36.472,Normal,0,0
A007,2025-01-10 12:00:00,A007-PMP,Fuel Pump,74.489,3.671,71.025,54.999,1803.743,152.717,23.501,82.524,386,62.621,23.573,Normal,0,0
A007,2025-01-10 13:00:00,A007-PMP,Fuel Pump,76.599,2.997,74.207,54.342,1785.424,148.418,23.124,85.578,728,69.827,27.048,Normal,0,1
A007,2025-01-10 17:00:00,A007-PMP,Fuel Pump,96.301,6.538,61.125,55.189,1727.133,138.297,23.428,81.053,491,72.768,35.967,Warning,1,0
A007,2025-01-10 20:00:00,A007-PMP,Fuel Pump,81.809,3.602,70.895,54.766,1694.688,145.346,23.711,78.256,419,66.503,31.457,Normal,0,1
A007,2025-01-11 02:00:00,A007-PMP,Fuel Pump,81.318,3.188,71.711,52.717,1769.71,157.886,23.856,82.448,550,70.163,35.644,Normal,0,1
A007,2025-01-11 03:00:00,A007-PMP,Fuel Pump,80.313,3.673,71.387,53.294,1711.851,143.507,22.386,81.988,710,74.147,35.427,Warning,1,0
A007,2025-01-11 12:00:00,A007-PMP,Fuel Pump,81.275,3.051,72.306,53.007,1879.07,144.167,24.32,78.536,485,70.721,31.439,Normal,0,0
A007,2025-01-11 14:00:00,A007-PMP,Fuel Pump,80.388,3.118,73.306,51.77,1806.316,146.266,22.647,85.408,718,73.581,30.901,Normal,0,1
A007,2025-01-11 15:00:00,A007-PMP,Fuel Pump,81.224,3.141,70.821,49.481,1766.855,149.46,23.457,82.607,392,64.922,32.755,Normal,0,0
A007,2025-01-11 20:00:00,A007-PMP,Fuel Pump,84.272,3.338,72.835,51.738,1828.034,155.058,22.874,79.269,470,62.441,28.334,Normal,0,0
A007,2025-01-11 22:00:00,A007-PMP,Fuel Pump,84.416,3.669,71.964,51.072,1936.99,146.499,23.112,82.66,745,65.898,26.235,Warning,1,0
A007,2025-01-12 02:00:00,A007-PMP,Fuel Pump,93.581,7.676,63.148,53.324,1783.153,136.947,22.583,81.612,626,62.924,36.092,Warning,1,1
A007,2025-01-12 05:00:00,A007-PMP,Fuel Pump,77.584,3.733,78.804,52.511,1691.739,151.604,22.797,80.992,657,48.81,28.484,Normal,0,1
A007,2025-01-12 06:00:00,A007-PMP,Fuel Pump,82.752,3.408,72.211,54.019,1795.189,144.034,22.906,82.768,443,54.769,38.391,Normal,0,1
A007,2025-01-12 09:00:00,A007-PMP,Fuel Pump,75.073,3.321,70.131,50.666,1930.778,150.519,22.541,82.132,680,63.632,31.834,Normal,0,0
A007,2025-01-12 16:00:00,A007-PMP,Fuel Pump,75.913,4.586,74.492,54.765,1946.509,146.869,23.113,84.712,408,81.4,33.076,Warning,1,0
A007,2025-01-13 04:00:00,A007-PMP,Fuel Pump,78.046,3.781,66.466,49.86,1855.685,151.213,23.121,87.091,432,63.177,24.823,Warning,1,0
A007,2025-01-13 06:00:00,A007-PMP,Fuel Pump,79.567,2.947,72.55,52.861,1925.096,140.527,22.953,79.707,767,79.685,36.195,Warning,1,0
A007,2025-01-13 11:00:00,A007-PMP,Fuel Pump,85.32,3.6,67.641,53.895,1807.648,145.308,23.654,80.524,563,80.076,27.952,Warning,1,1
A007,2025-01-13 13:00:00,A007-PMP,Fuel Pump,83.769,3.657,74.849,52.709,1838.383,150.63,22.24,84.793,436,67.879,32.5,Warning,1,0
A007,2025-01-13 15:00:00,A007-PMP,Fuel Pump,84.581,4.059,75.138,51.378,1747.862,144.326,23.342,80.181,758,62.922,26.428,Warning,1,0
A007,2025-01-14 02:00:00,A007-PMP,Fuel Pump,80.951,3.753,66.817,51.068,1827.454,143.717,22.932,79.819,669,77.965,23.302,Warning,1,0
A007,2025-01-14 04:00:00,A007-PMP,Fuel Pump,83.846,3.37,69.692,54.631,1870.081,140.04,22.7,84.291,679,63.463,34.025,Warning,1,0
A007,2025-01-14 08:00:00,A007-PMP,Fuel Pump,83.667,4.298,70.933,50.532,1969.207,145.495,23.273,82.331,566,74.246,27.189,Warning,1,1
A007,2025-01-14 09:00:00,A007-PMP,Fuel Pump,85.311,4.255,68.906,48.942,1773.634,156.053,22.924,85.129,668,64.971,25.855,Warning,1,1
A007,2025-01-14 10:00:00,A007-PMP,Fuel Pump,77.23,3.873,67.986,51.222,1845.935,151.569,23.506,83.713,805,75.997,36.731,Warning,1,0
A007,2025-01-14 14:00:00,A007-PMP,Fuel Pump,84.608,4.16,74.232,52.179,1712.46,143.085,22.467,84.522,660,79.467,30.587,Warning,1,0
A007,2025-01-14 15:00:00,A007-PMP,Fuel Pump,84.037,3.933,79.028,53.204,1605.721,141.508,23.126,83.212,637,72.169,29.228,Warning,1,1
A007,2025-01-14 17:00:00,A007-PMP,Fuel Pump,84.277,4.209,67.503,53.181,1790.786,144.684,23.278,85.818,791,68.936,38.435,Warning,1,0
A007,2025-01-14 23:00:00,A007-PMP,Fuel Pump,84.756,3.825,66.887,54.244,1684.81,150.394,22.769,80.339,680,91.011,22.268,Warning,1,0
A007,2025-01-15 01:00:00,A007-PMP,Fuel Pump,84.396,3.807,69.165,50.029,1802.181,148.135,22.995,83.06,808,74.389,28.565,Warning,1,0
A007,2025-01-15 04:00:00,A007-PMP,Fuel Pump,83.952,3.559,72.212,50.499,1847.833,148.069,23.054,83.562,512,75.455,25.447,Warning,1,1
A007,2025-01-15 10:00:00,A007-PMP,Fuel Pump,84.57,3.285,69.344,53.785,1935.616,141.825,22.748,84.354,613,58.753,36.788,Warning,1,1
A007,2025-01-15 11:00:00,A007-PMP,Fuel Pump,83.241,3.396,74.661,47.247,1699.019,143.115,22.627,86.114,644,61.528,37.787,Warning,1,1
A007,2025-01-15 16:00:00,A007-PMP,Fuel Pump,80.268,3.474,72.14,53.538,1920.996,150.812,23.789,83.214,729,87.736,25.4,Warning,1,1
A007,2025-01-15 22:00:00,A007-PMP,Fuel Pump,80.199,4.485,71.788,53.353,1767.556,142.144,22.663,84.227,850,74.281,20.297,Warning,1,1
A007,2025-01-16 02:00:00,A007-PMP,Fuel Pump,85.986,3.536,69.46,55.221,1815.562,144.171,23.276,85.725,825,65.334,33.65,Warning,1,1
A007,2025-01-16 06:00:00,A007-PMP,Fuel Pump,84.947,3.521,65.775,54.708,1919.626,143.267,22.71,83.648,579,69.502,26.831,Warning,1,0
A007,2025-01-16 08:00:00,A007-PMP,Fuel Pump,86.741,4.063,68.084,51.399,1867.703,148.974,22.951,83.575,572,77.639,28.608,Warning,1,0
A007,2025-01-16 13:00:00,A007-PMP,Fuel Pump,80.777,3.764,67.625,53.77,1747.401,148.698,23.053,85.616,810,83.594,39.967,Warning,1,0
A007,2025-01-16 16:00:00,A007-PMP,Fuel Pump,85.725,4.149,70.164,48.423,1915.795,146.22,22.763,86.776,677,60.41,30.559,Warning,1,0
A007,2025-01-16 17:00:00,A007-PMP,Fuel Pump,94.021,6.662,51.794,53.188,1686.304,132.923,22.785,86.245,604,94.297,21.102,Warning,1,1
A007,2025-01-16 21:00:00,A007-PMP,Fuel Pump,84.323,3.368,67.109,53.806,1597.462,150.026,22.661,87.864,734,86.73,28.363,Warning,1,0
A007,2025-01-16 22:00:00,A007-PMP,Fuel Pump,86.594,4.265,66.939,52.546,1730.666,140.772,22.911,83.722,611,75.653,27.5,Warning,1,0
A007,2025-01-17 06:00:00,A007-PMP,Fuel Pump,83.827,4.151,67.72,52.965,1770.503,147.574,22.555,85.312,574,78.444,36.812,Warning,1,0
A007,2025-01-17 08:00:00,A007-PMP,Fuel Pump,84.101,4.28,69.904,48.863,1636.842,152.463,22.224,84.466,622,84.672,21.177,Warning,1,1
A007,2025-01-17 13:00:00,A007-PMP,Fuel Pump,82.985,3.809,70.68,52.476,1739.368,138.892,22.802,83.471,505,78.157,27.895,Warning,1,0
A007,2025-01-17 14:00:00,A007-PMP,Fuel Pump,86.38,4.073,74.574,52.298,1739.436,144.36,23.005,86.957,759,88.714,24.915,Warning,1,0
A008,2025-01-01 04:00:00,A008-PMP,Fuel Pump,74.22,2.786,69.85,55.853,1739.719,148.956,24.458,75.385,487,55.36,29.148,Normal,0,0
A008,2025-01-01 07:00:00,A008-PMP,Fuel Pump,73.292,2.257,76.115,59.065,1736.738,147.57,23.608,77.543,505,65.768,27.769,Normal,0,0
A008,2025-01-01 08:00:00,A008-PMP,Fuel Pump,77.095,2.733,78.754,53.5,1591.855,160.321,24.051,76.757,440,52.114,23.187,Normal,0,1
A008,2025-01-01 09:00:00,A008-PMP,Fuel Pump,77.131,2.879,76.152,58.42,1833.781,142.27,23.921,79.076,154,56.001,39.32,Normal,0,0
A008,2025-01-01 13:00:00,A008-PMP,Fuel Pump,74.86,2.778,75.97,55.052,1719.406,143.637,24.31,77.413,167,61.427,31.646,Normal,0,0
A008,2025-01-01 21:00:00,A008-PMP,Fuel Pump,75.458,2.99,73.076,55.516,1743.467,155.623,24.084,76.91,407,42.912,33.534,Normal,0,0
A008,2025-01-02 10:00:00,A008-PMP,Fuel Pump,74.305,3.047,75.168,54.79,1790.461,155.824,23.837,77.579,531,65.068,34.444,Normal,0,1
A008,2025-01-02 16:00:00,A008-PMP,Fuel Pump,77.513,2.75,71.726,53.01,1770.404,152.581,23.816,77.27,338,59.764,31.184,Normal,0,0
A008,2025-01-02 17:00:00,A008-PMP,Fuel Pump,77.039,2.741,65.881,55.655,1887.673,146.241,24.045,75.606,285,43.534,39.765,Normal,0,0
A008,2025-01-02 19:00:00,A008-PMP,Fuel Pump,75.666,2.763,77.799,56.662,1803.5,149.138,23.468,78.197,170,60.148,33.026,Normal,0,0
A008,2025-01-03 02:00:00,A008-PMP,Fuel Pump,72.665,2.752,74.373,53.684,1841.812,146.411,23.984,76.887,346,50.017,31.179,Normal,0,0
A008,2025-01-04 00:00:00,A008-PMP,Fuel Pump,80.998,3.313,72.782,57.527,1676.122,158.558,23.443,78.575,462,73.968,32.296,Normal,0,0
A008,2025-01-04 02:00:00,A008-PMP,Fuel Pump,74.857,2.986,73.288,59.096,1740.348,152.055,24.407,75.013,538,63.302,25.068,Normal,0,0
A008,2025-01-04 12:00:00,A008-PMP,Fuel Pump,73.777,3.762,76.916,54.775,1658.022,151.489,23.651,78.496,541,54.269,27.55,Normal,0,0
A008,2025-01-04 16:00:00,A008-PMP,Fuel Pump,77.011,2.703,73.905,52.991,1731.806,141.432,23.675,78.806,339,60.81,28.233,Normal,0,0
A008,2025-01-05 01:00:00,A008-PMP,Fuel Pump,79.573,3.229,73.341,52.842,1870.459,155.966,23.699,74.228,287,58.354,32.796,Normal,0,1
A008,2025-01-05 05:00:00,A008-PMP,Fuel Pump,73.471,2.808,75.059,53.386,1914.392,147.163,24.076,75.863,248,73.691,36.846,Normal,0,0
A008,2025-01-05 12:00:00,A008-PMP,Fuel Pump,80.112,2.867,73.977,53.472,1837.161,147.645,23.768,81.206,466,62.377,32.014,Normal,0,0
A008,2025-01-05 15:00:00,A008-PMP,Fuel Pump,80.716,2.778,73.09,53.207,1896.779,154.28,23.499,71.593,595,74.074,30.225,Normal,0,0
A008,2025-01-05 16:00:00,A008-PMP,Fuel Pump,76.089,2.984,74.678,55.918,1946.984,150.214,23.613,79.572,507,57.144,37.097,Normal,0,0
A008,2025-01-06 02:00:00,A008-PMP,Fuel Pump,78.504,2.53,69.087,54.353,1745.246,146.283,23.833,76.072,482,46.234,38.285,Normal,0,0
A008,2025-01-06 03:00:00,A008-PMP,Fuel Pump,77.801,2.706,73.085,53.381,1702.975,150.476,23.54,81.52,321,66.288,17.261,Normal,0,1
A008,2025-01-06 06:00:00,A008-PMP,Fuel Pump,79.02,3.272,73.146,52.627,1797.837,149.718,23.56,80.365,330,70.686,30.095,Normal,0,0
A008,2025-01-06 16:00:00,A008-PMP,Fuel Pump,73.512,2.718,74.179,53.446,1730.678,150.411,23.708,73.785,413,70.555,35.906,Normal,0,0
A008,2025-01-06 18:00:00,A008-PMP,Fuel Pump,84.453,3.195,69.489,54.329,1727.936,146.599,23.057,77.973,572,49.558,27.001,Normal,0,1
A008,2025-01-06 20:00:00,A008-PMP,Fuel Pump,79.638,2.833,70.526,52.66,1804.36,144.505,23.672,77.784,534,71.928,30.315,Normal,0,0
A008,2025-01-06 21:00:00,A008-PMP,Fuel Pump,78.003,3.225,70.604,56.977,1772.106,145.659,23.641,76.713,593,74.458,33.827,Normal,0,0
A008,2025-01-07 00:00:00,A008-PMP,Fuel Pump,78.704,2.483,68.664,54.085,1841.915,139.335,23.539,76.565,558,58.033,26.725,Normal,0,1
A008,2025-01-07 02:00:00,A008-PMP,Fuel Pump,75.093,3.462,70.519,58.6,2050.126,147.323,22.979,79.958,247,83.83,23.439,Normal,0,0
A008,2025-01-07 04:00:00,A008-PMP,Fuel Pump,76.009,3.33,73.015,54.127,1870.308,144.069,23.793,78.741,379,60.832,23.391,Normal,0,0
A008,2025-01-07 07:00:00,A008-PMP,Fuel Pump,81.73,3.284,73.646,54.634,1693.771,152.696,23.789,80.248,450,49.1,32.264,Normal,0,0
A008,2025-01-07 13:00:00,A008-PMP,Fuel Pump,83.846,3.339,73.945,55.23,1697.003,147.507,23.472,74.675,470,74.039,25.341,Normal,0,1
A008,2025-01-07 17:00:00,A008-PMP,Fuel Pump,84.447,2.72,77.097,53.725,1779.044,147.955,23.237,82.028,310,62.441,27.177,Normal,0,1
A008,2025-01-07 19:00:00,A008-PMP,Fuel Pump,79.55,3.323,72.969,50.038,1813.182,150.892,23.495,81.322,321,77.357,27.481,Normal,0,1
A008,2025-01-08 01:00:00,A008-PMP,Fuel Pump,77.711,3.413,74.885,52.405,1758.451,147.409,23.211,80.061,652,72.066,16.392,Normal,0,1
A008,2025-01-08 06:00:00,A008-PMP,Fuel Pump,77.664,2.732,73.307,53.186,1840.143,148.444,23.141,79.801,503,58.461,31.088,Normal,0,0
A008,2025-01-08 10:00:00,A008-PMP,Fuel Pump,75.226,3.446,70.494,52.573,1841.175,154.567,23.385,83.396,310,60.263,36.159,Normal,0,1
A008,2025-01-08 19:00:00,A008-PMP,Fuel Pump,75.279,3.226,74.448,52.029,1685.528,144.558,23.226,81.204,307,72.64,32.865,Normal,0,1
A008,2025-01-08 20:00:00,A008-PMP,Fuel Pump,81.026,3.95,69.583,51.554,1697.776,150.976,23.421,80.811,412,65.601,33.091,Warning,1,0
A008,2025-01-08 22:00:00,A008-PMP,Fuel Pump,83.271,3.149,74.083,55.025,1712.086,144.714,24.061,77.516,362,64.917,39.829,Normal,0,1
A008,2025-01-09 02:00:00,A008-PMP,Fuel Pump,81.521,3.506,70.991,52.806,1622.896,153.998,22.688,80.694,603,70.341,28.672,Warning,1,0
A008,2025-01-09 06:00:00,A008-PMP,Fuel Pump,82.235,3.344,72.803,50.898,1823.229,144.492,23.868,80.101,343,75.592,31.312,Warning,1,1
A008,2025-01-09 08:00:00,A008-PMP,Fuel Pump,77.274,3.409,74.437,53.192,1761.223,156.654,23.897,80.283,609,62.651,19.825,Normal,0,1
A008,2025-01-09 10:00:00,A008-PMP,Fuel Pump,83.426,3.611,69.975,53.383,1826.215,153.717,23.716,81.906,630,71.063,24.645,Warning,1,0
A008,2025-01-09 12:00:00,A008-PMP,Fuel Pump,80.388,3.946,69.343,53.565,1947.221,146.233,23.343,77.399,358,75.65,26.297,Warning,1,0
A008,2025-01-09 22:00:00,A008-PMP,Fuel Pump,76.822,3.823,71.175,52.599,1820.468,145.097,23.217,80.9,713,66.409,27.655,Normal,0,0
A008,2025-01-09 23:00:00,A008-PMP,Fuel Pump,82.213,2.97,74.915,53.506,1770.151,143.698,24.051,85.095,417,86.281,30.607,Warning,1,0
A008,2025-01-10 02:00:00,A008-PMP,Fuel Pump,82.597,3.506,69.02,52.342,1796.748,139.132,23.68,77.704,620,64.029,35.001,Warning,1,0
A008,2025-01-10 03:00:00,A008-PMP,Fuel Pump,79.361,3.434,70.956,55.64,1979.486,149.722,23.156,82.904,325,66.885,16.882,Normal,0,0
A008,2025-01-10 06:00:00,A008-PMP,Fuel Pump,84.988,3.083,72.463,52.791,1786.799,141.179,23.148,79.705,430,83.231,24.223,Warning,1,1
A008,2025-01-10 09:00:00,A008-PMP,Fuel Pump,78.923,3.456,72.314,48.886,1727.954,144.878,22.822,78.581,417,73.075,27.555,Warning,1,0
A008,2025-01-10 11:00:00,A008-PMP,Fuel Pump,97.472,6.084,63.772,52.177,1714.241,137.91,23.014,84.398,492,65.987,28.096,Warning,1,1
A008,2025-01-10 12:00:00,A008-PMP,Fuel Pump,78.571,3.691,64.98,52.623,1781.519,142.085,23.095,83.752,624,73.63,31.997,Warning,1,1
A008,2025-01-10 23:00:00,A008-PMP,Fuel Pump,81.111,2.569,70.686,53.002,1959.859,152.918,23.609,79.056,614,64.712,24.52,Normal,0,1
A008,2025-01-11 11:00:00,A008-PMP,Fuel Pump,81.337,3.941,73.601,54.169,1605.04,142.256,23.837,81.44,478,74.297,25.842,Warning,1,0
A008,2025-01-11 15:00:00,A008-PMP,Fuel Pump,83.48,3.99,73.433,52.605,1839.465,147.648,22.72,82.865,473,84.976,33.447,Warning,1,1
A008,2025-01-11 17:00:00,A008-PMP,Fuel Pump,79.794,4.181,72.592,52.698,1718.209,147.573,23.329,82.107,595,68.961,33.047,Warning,1,0
A008,2025-01-11 21:00:00,A008-PMP,Fuel Pump,82.007,3.739,70.192,52.964,1934.342,143.429,22.773,80.352,676,80.181,34.208,Warning,1,1
A008,2025-01-12 01:00:00,A008-PMP,Fuel Pump,82.5,3.405,66.308,51.916,1730.333,146.852,23.008,78.726,436,67.37,21.367,Warning,1,0
A008,2025-01-12 13:00:00,A008-PMP,Fuel Pump,79.003,3.895,68.258,48.836,1673.54,147.205,23.442,81.034,424,80.419,34.575,Warning,1,0
A008,2025-01-13 03:00:00,A008-PMP,Fuel Pump,82.775,4.177,72.958,53.109,1985.704,147.122,23.489,82.075,520,66.981,27.874,Warning,1,1
A008,2025-01-13 05:00:00,A008-PMP,Fuel Pump,82.003,3.53,72.041,51.406,1758.497,144.353,23.398,84.263,553,80.176,35.532,Warning,1,1
A008,2025-01-13 15:00:00,A008-PMP,Fuel Pump,81.333,3.822,68.508,52.325,1843.655,152.041,23.372,82.687,788,76.211,35.507,Warning,1,0
A008,2025-01-13 19:00:00,A008-PMP,Fuel Pump,89.013,3.753,69.902,53.598,1731.242,142.744,23.219,79.589,649,66.566,34.078,Warning,1,1
A008,2025-01-14 02:00:00,A008-PMP,Fuel Pump,79.299,3.679,74.487,53.927,1773.35,142.126,23.446,85.915,666,68.35,24.73,Warning,1,0
A008,2025-01-14 04:00:00,A008-PMP,Fuel Pump,84.43,3.209,69.857,52.735,1814.725,142.574,23.132,82.822,647,88.057,33.189,Warning,1,0
A008,2025-01-14 10:00:00,A008-PMP,Fuel Pump,85.938,3.748,67.043,50.421,1698.017,155.033,23.006,84.859,689,84.837,30.713,Warning,1,1
A008,2025-01-14 12:00:00,A008-PMP,Fuel Pump,89.117,4.16,68.922,51.464,1747.903,151.123,23.642,85.108,753,52.849,18.764,Warning,1,1
A008,2025-01-14 15:00:00,A008-PMP,Fuel Pump,83.026,3.354,66.408,50.764,1652.013,139.739,22.162,81.61,733,83.754,28.417,Warning,1,1
A008,2025-01-15 04:00:00,A008-PMP,Fuel Pump,87.202,3.802,72.783,53.813,1821.961,146.872,22.817,82.441,655,81.262,24.006,Warning,1,1
A008,2025-01-15 08:00:00,A008-PMP,Fuel Pump,87.095,3.827,69.995,51.944,1634.177,148.212,22.356,83.281,654,78.263,29.958,Warning,1,1
A008,2025-01-15 09:00:00,A008-PMP,Fuel Pump,84.383,4.898,67.939,49.967,1673.099,148.321,22.408,81.206,799,68.647,32.286,Warning,1,1
A008,2025-01-15 10:00:00,A008-PMP,Fuel Pump,78.092,3.726,70.281,51.78,1889.463,136.742,22.705,84.555,531,83.061,32.585,Warning,1,0
A008,2025-01-15 15:00:00,A008-PMP,Fuel Pump,83.481,4.253,72.623,51.781,1728.092,145.892,22.382,86.246,473,70.006,31.569,Warning,1,1
A008,2025-01-15 18:00:00,A008-PMP,Fuel Pump,82.173,3.617,68.182,52.551,1782.565,142.244,22.89,83.205,756,71.704,30.415,Warning,1,1
A008,2025-01-15 22:00:00,A008-PMP,Fuel Pump,88.294,3.918,69.222,54.863,1827.39,141.842,22.951,82.454,775,81.497,26.063,Warning,1,1
A008,2025-01-16 02:00:00,A008-PMP,Fuel Pump,87.465,4.387,69.48,51.29,1762.165,138.9,22.896,83.883,494,69.519,41.821,Warning,1,1
A008,2025-01-16 03:00:00,A008-PMP,Fuel Pump,83.955,4.341,68.654,51.354,1769.675,151.209,23.218,83.83,835,64.199,31.522,Warning,1,0
A008,2025-01-16 05:00:00,A008-PMP,Fuel Pump,81.473,4.233,68.038,51.821,1662.573,138.414,23.024,81.586,816,88.858,24.921,Warning,1,1
A008,2025-01-16 06:00:00,A008-PMP,Fuel Pump,83.0,4.214,70.164,51.624,1853.209,145.475,22.435,84.907,783,78.385,16.929,Warning,1,1
A008,2025-01-16 12:00:00,A008-PMP,Fuel Pump,84.561,3.839,70.343,51.82,1754.712,149.155,23.293,82.381,514,69.192,29.511,Warning,1,0
A008,2025-01-16 22:00:00,A008-PMP,Fuel Pump,84.538,3.925,68.657,49.863,1819.831,142.57,22.254,83.195,867,91.799,30.692,Warning,1,1
A008,2025-01-17 03:00:00,A008-PMP,Fuel Pump,81.407,3.979,67.758,50.596,1643.916,144.489,22.572,86.292,632,86.231,39.721,Warning,1,1
A008,2025-01-17 09:00:00,A008-PMP,Fuel Pump,90.607,4.867,68.753,51.122,1722.542,146.975,22.844,85.19,592,71.694,30.165,Warning,1,1
A009,2025-01-01 05:00:00,A009-PMP,Fuel Pump,71.081,2.632,81.001,55.386,1792.44,153.785,23.695,77.209,393,63.91,30.295,Normal,0,0
A009,2025-01-01 10:00:00,A009-PMP,Fuel Pump,71.317,2.24,74.823,53.196,1910.737,140.071,24.009,76.307,168,48.777,28.84,Normal,0,0
A009,2025-01-01 14:00:00,A009-PMP,Fuel Pump,72.509,2.562,73.978,53.945,1794.629,149.287,24.651,75.294,389,55.051,17.515,Normal,0,0
A009,2025-01-01 15:00:00,A009-PMP,Fuel Pump,74.424,2.914,74.496,54.941,1860.819,146.094,24.169,76.504,452,55.713,37.893,Normal,0,1
A009,2025-01-01 16:00:00,A009-PMP,Fuel Pump,72.453,2.918,76.801,49.597,1854.438,148.913,23.791,74.556,413,63.165,25.394,Normal,0,0
A009,2025-01-01 20:00:00,A009-PMP,Fuel Pump,73.314,2.15,72.697,53.497,1759.859,149.605,23.934,74.955,244,62.538,26.196,Normal,0,0
A009,2025-01-02 00:00:00,A009-PMP,Fuel Pump,73.303,2.802,77.479,53.19,1713.951,150.014,23.39,77.616,406,55.564,24.152,Normal,0,0
A009,2025-01-02 04:00:00,A009-PMP,Fuel Pump,78.82,2.946,75.243,58.876,1851.064,148.737,23.779,77.764,323,53.312,28.107,Normal,0,0
A009,2025-01-02 05:00:00,A009-PMP,Fuel Pump,96.863,5.522,66.827,53.688,1750.376,141.755,24.539,76.307,271,63.647,30.999,Warning,1,0
A009,2025-01-02 07:00:00,A009-PMP,Fuel Pump,73.494,3.031,74.2,53.92,1739.234,149.721,24.603,68.78,426,57.409,35.872,Normal,0,0
A009,2025-01-02 08:00:00,A009-PMP,Fuel Pump,73.888,2.47,78.08,55.751,1794.387,152.045,24.24,75.694,268,60.298,32.612,Normal,0,0
A009,2025-01-02 18:00:00,A009-PMP,Fuel Pump,73.301,2.309,70.644,51.293,1804.113,152.161,24.756,75.967,150,48.24,29.858,Normal,0,0
A009,2025-01-02 22:00:00,A009-PMP,Fuel Pump,75.356,2.562,73.113,55.78,1792.529,141.658,24.283,74.27,543,48.184,36.793,Normal,0,0
A009,2025-01-03 05:00:00,A009-PMP,Fuel Pump,73.758,2.988,77.546,55.286,1704.511,143.051,24.38,76.741,541,59.801,39.023,Normal,0,0
A009,2025-01-03 08:00:00,A009-PMP,Fuel Pump,78.046,3.266,77.306,53.482,1902.589,152.09,23.616,75.418,519,58.62,35.557,Normal,0,1
A009,2025-01-03 09:00:00,A009-PMP,Fuel Pump,74.445,2.385,77.23,52.538,1806.086,147.652,24.097,75.741,357,51.367,34.947,Normal,0,0
A009,2025-01-03 17:00:00,A009-PMP,Fuel Pump,76.539,3.446,75.435,53.588,1785.81,148.121,23.997,75.098,165,63.166,32.841,Normal,0,0
A009,2025-01-03 19:00:00,A009-PMP,Fuel Pump,72.809,3.05,80.116,56.177,1765.63,148.256,23.816,72.635,226,60.229,32.92,Normal,0,0
A009,2025-01-04 02:00:00,A009-PMP,Fuel Pump,73.434,3.243,78.486,57.113,1919.192,146.686,24.363,76.459,286,48.138,27.868,Normal,0,0
A009,2025-01-04 12:00:00,A009-PMP,Fuel Pump,76.973,3.009,71.545,55.438,1833.531,148.777,22.902,79.028,533,62.918,32.018,Normal,0,0
A009,2025-01-04 13:00:00,A009-PMP,Fuel Pump,79.402,2.511,78.38,56.268,1819.921,153.479,23.414,75.594,498,68.546,25.301,Normal,0,0
A009,2025-01-04 16:00:00,A009-PMP,Fuel Pump,73.584,2.571,74.265,56.729,1724.256,141.789,23.405,76.43,273,76.307,31.942,Normal,0,0
A009,2025-01-04 21:00:00,A009-PMP,Fuel Pump,78.925,2.805,73.004,51.564,1822.827,152.088,23.774,75.475,206,75.959,19.483,Normal,0,0
A009,2025-01-05 01:00:00,A009-PMP,Fuel Pump,80.58,2.913,73.251,56.593,1635.451,149.508,24.07,78.55,592,45.097,23.27,Normal,0,0
A009,2025-01-05 04:00:00,A009-PMP,Fuel Pump,76.045,2.764,77.182,55.714,1769.973,144.785,23.306,80.05,581,65.456,30.867,Normal,0,1
A009,2025-01-05 08:00:00,A009-PMP,Fuel Pump,81.136,2.997,77.951,54.258,1755.313,157.238,23.558,77.102,352,66.039,28.55,Normal,0,0
A009,2025-01-05 12:00:00,A009-PMP,Fuel Pump,74.424,2.893,74.376,51.786,1822.476,150.737,23.601,73.384,265,63.44,39.074,Normal,0,0
A009,2025-01-05 15:00:00,A009-PMP,Fuel Pump,76.622,2.843,73.557,51.924,1734.888,148.345,23.65,78.91,464,60.51,38.379,Normal,0,0
A009,2025-01-05 18:00:00,A009-PMP,Fuel Pump,79.337,2.968,76.33,56.221,1762.46,156.116,23.919,76.987,315,67.891,35.192,Normal,0,0
A009,2025-01-05 21:00:00,A009-PMP,Fuel Pump,74.282,2.843,73.553,54.446,1839.932,147.752,23.38,78.776,432,69.494,27.571,Normal,0,1
A009,2025-01-05 23:00:00,A009-PMP,Fuel Pump,76.531,3.609,75.56,56.016,1690.096,146.784,23.76,77.892,389,53.489,33.799,Normal,0,0
A009,2025-01-06 09:00:00,A009-PMP,Fuel Pump,78.526,3.088,74.669,57.203,1780.345,151.616,23.794,78.416,554,70.005,26.16,Normal,0,0
A009,2025-01-06 12:00:00,A009-PMP,Fuel Pump,75.373,2.796,76.984,53.452,1855.302,148.31,22.99,79.794,312,72.695,39.212,Normal,0,0
A009,2025-01-06 15:00:00,A009-PMP,Fuel Pump,74.838,3.182,72.073,54.353,1690.938,141.777,24.679,78.514,528,81.369,37.545,Normal,0,0
A009,2025-01-06 17:00:00,A009-PMP,Fuel Pump,80.108,2.673,77.522,55.514,1850.091,150.688,23.588,76.852,244,56.883,38.757,Normal,0,0
A009,2025-01-06 23:00:00,A009-PMP,Fuel Pump,77.295,3.733,73.417,55.233,1706.964,147.047,23.221,81.162,547,52.346,31.862,Normal,0,1
A009,2025-01-07 02:00:00,A009-PMP,Fuel Pump,77.858,3.286,75.916,55.774,1826.343,148.397,23.448,78.155,269,58.737,27.858,Normal,0,0
A009,2025-01-07 04:00:00,A009-PMP,Fuel Pump,78.506,3.15,73.845,51.881,1816.13,146.579,24.019,80.296,501,54.514,28.584,Normal,0,1
A009,2025-01-07 05:00:00,A009-PMP,Fuel Pump,76.933,3.258,75.995,54.347,2021.61,145.43,23.812,76.507,427,78.055,36.797,Normal,0,0
A009,2025-01-07 10:00:00,A009-PMP,Fuel Pump,77.81,3.132,69.675,51.338,1812.294,148.755,23.548,77.909,372,71.78,31.845,Normal,0,0
A009,2025-01-07 21:00:00,A009-PMP,Fuel Pump,76.701,2.09,76.544,57.05,1858.388,144.442,23.063,75.996,516,71.28,36.326,Normal,0,1
A009,2025-01-08 03:00:00,A009-PMP,Fuel Pump,78.001,2.77,71.858,55.994,1837.837,149.094,22.927,79.915,584,66.04,32.687,Normal,0,1
A009,2025-01-08 04:00:00,A009-PMP,Fuel Pump,81.073,3.013,73.16,49.717,1772.275,153.07,23.601,81.099,440,74.255,36.746,Normal,0,1
A009,2025-01-08 06:00:00,A009-PMP,Fuel Pump,76.522,3.226,68.701,51.618,1707.078,142.433,23.658,74.016,673,74.587,34.072,Normal,0,0
A009,2025-01-08 07:00:00,A009-PMP,Fuel Pump,76.762,3.427,72.358,52.437,1789.782,153.088,23.923,80.227,456,63.948,32.607,Normal,0,0
A009,2025-01-08 08:00:00,A009-PMP,Fuel Pump,83.727,2.958,70.546,54.783,1775.361,151.797,23.933,82.806,465,67.321,34.402,Normal,0,1
A009,2025-01-08 10:00:00,A009-PMP,Fuel Pump,81.327,3.129,72.071,53.103,1896.693,145.568,23.674,77.168,612,69.62,34.513,Normal,0,1
A009,2025-01-08 11:00:00,A009-PMP,Fuel Pump,82.984,3.573,72.304,53.665,1826.732,146.271,23.655,80.456,375,58.123,27.551,Normal,0,1
A009,2025-01-08 20:00:00,A009-PMP,Fuel Pump,79.989,3.299,75.645,55.92,1805.523,149.649,22.943,81.092,615,70.89,34.77,Normal,0,0
A009,2025-01-09 09:00:00,A009-PMP,Fuel Pump,83.356,3.645,73.326,53.584,1835.237,149.289,23.853,79.983,434,70.511,27.958,Warning,1,1
A009,2025-01-09 10:00:00,A009-PMP,Fuel Pump,81.861,3.857,72.248,54.149,1877.548,146.902,23.46,79.616,360,64.083,32.608,Normal,0,0
A009,2025-01-09 17:00:00,A009-PMP,Fuel Pump,79.379,3.362,70.067,51.418,1834.39,150.048,23.412,82.343,603,60.09,28.045,Normal,0,0
A009,2025-01-10 00:00:00,A009-PMP,Fuel Pump,78.767,3.58,75.677,51.257,1756.401,146.879,23.597,80.466,505,68.337,22.253,Normal,0,1
A009,2025-01-10 06:00:00,A009-PMP,Fuel Pump,78.938,3.458,72.15,51.242,1854.187,151.852,23.635,81.18,711,66.13,30.645,Normal,0,0
A009,2025-01-10 16:00:00,A009-PMP,Fuel Pump,84.753,3.571,71.687,54.52,1800.048,141.761,22.915,82.003,606,59.362,28.095,Warning,1,0
A009,2025-01-10 17:00:00,A009-PMP,Fuel Pump,77.671,2.819,73.251,54.047,1731.634,141.618,23.709,81.706,726,65.448,35.936,Normal,0,1
A009,2025-01-10 19:00:00,A009-PMP,Fuel Pump,76.01,3.006,73.816,52.692,1862.767,148.602,23.386,78.987,454,71.141,31.272,Normal,0,0
A009,2025-01-10 22:00:00,A009-PMP,Fuel Pump,83.319,3.593,70.093,54.397,1754.27,144.992,23.417,83.811,438,72.968,26.121,Warning,1,0
A009,2025-01-11 06:00:00,A009-PMP,Fuel Pump,81.08,3.559,71.174,52.169,1888.222,146.89,23.553,82.958,603,82.544,32.106,Warning,1,1
A009,2025-01-11 10:00:00,A009-PMP,Fuel Pump,79.107,3.32,71.711,51.358,1779.0,142.467,23.479,84.52,406,89.055,24.832,Warning,1,0
A009,2025-01-11 13:00:00,A009-PMP,Fuel Pump,81.63,3.947,70.275,54.292,1935.159,141.353,22.821,81.359,375,80.395,32.217,Warning,1,0
A009,2025-01-11 14:00:00,A009-PMP,Fuel Pump,74.398,4.035,74.551,52.659,1602.083,146.432,23.667,82.399,429,87.405,29.07,Warning,1,1
A009,2025-01-12 05:00:00,A009-PMP,Fuel Pump,83.513,3.014,72.104,51.702,1709.203,144.94,23.25,78.595,758,72.882,28.912,Warning,1,0
A009,2025-01-13 01:00:00,A009-PMP,Fuel Pump,79.329,3.996,70.569,48.406,1670.855,148.821,22.565,80.988,527,73.266,32.24,Warning,1,1
A009,2025-01-13 03:00:00,A009-PMP,Fuel Pump,79.99,3.642,71.934,57.196,1876.913,147.889,22.648,80.586,544,71.449,34.55,Warning,1,0
A009,2025-01-13 12:00:00,A009-PMP,Fuel Pump,84.675,3.21,71.42,56.853,1804.295,146.604,23.282,81.409,611,67.029,30.29,Warning,1,1
A009,2025-01-13 14:00:00,A009-PMP,Fuel Pump,81.217,3.264,72.037,54.448,1832.216,141.67,23.048,83.12,703,66.182,26.178,Warning,1,1
A009,2025-01-13 17:00:00,A009-PMP,Fuel Pump,85.373,3.984,71.024,52.818,1784.352,143.94,22.547,83.906,585,62.613,33.257,Warning,1,1
A009,2025-01-13 20:00:00,A009-PMP,Fuel Pump,85.185,4.142,73.48,53.524,1718.843,149.715,23.009,83.713,772,70.072,26.999,Warning,1,0
A009,2025-01-14 00:00:00,A009-PMP,Fuel Pump,80.926,3.928,72.895,52.483,1888.904,145.825,22.823,79.471,631,77.555,31.48,Warning,1,0
A009,2025-01-14 11:00:00,A009-PMP,Fuel Pump,81.4,4.303,69.817,49.533,1781.628,142.636,23.157,82.302,586,63.487,29.588,Warning,1,0
A009,2025-01-14 12:00:00,A009-PMP,Fuel Pump,84.045,3.696,69.364,54.062,1625.519,146.191,23.26,82.735,500,64.775,26.696,Warning,1,0
A009,2025-01-14 13:00:00,A009-PMP,Fuel Pump,83.376,3.573,72.346,51.519,1933.191,144.862,22.691,81.276,670,76.895,24.648,Warning,1,1
A009,2025-01-14 17:00:00,A009-PMP,Fuel Pump,80.03,3.566,70.74,53.712,1752.926,149.817,23.345,79.639,442,89.52,35.832,Warning,1,0
A009,2025-01-15 00:00:00,A009-PMP,Fuel Pump,80.53,3.585,71.065,51.347,1800.281,143.383,22.947,83.268,561,71.795,34.106,Warning,1,0
A009,2025-01-15 07:00:00,A009-PMP,Fuel Pump,80.63,3.743,71.664,48.957,1792.365,146.853,23.672,82.373,489,76.318,38.438,Warning,1,0
A009,2025-01-15 12:00:00,A009-PMP,Fuel Pump,80.697,4.043,70.083,53.227,1811.991,147.096,22.811,84.587,498,86.761,27.523,Warning,1,1
A009,2025-01-15 22:00:00,A009-PMP,Fuel Pump,86.212,4.166,66.755,50.618,1863.589,146.607,23.139,82.162,458,72.216,32.319,Warning,1,1
A009,2025-01-16 01:00:00,A009-PMP,Fuel Pump,83.36,3.589,74.162,49.831,1916.831,145.192,23.069,81.152,633,99.165,28.089,Warning,1,1
A009,2025-01-16 04:00:00,A009-PMP,Fuel Pump,83.107,4.303,69.168,51.908,1712.567,148.389,22.856,83.627,579,77.842,26.774,Warning,1,1
A009,2025-01-16 05:00:00,A009-PMP,Fuel Pump,80.068,4.118,67.413,51.478,1796.658,142.229,22.494,84.569,547,93.779,34.551,Warning,1,1
A009,2025-01-16 06:00:00,A009-PMP,Fuel Pump,84.103,4.451,71.354,51.927,1594.047,140.79,23.124,83.509,851,77.848,33.068,Warning,1,0
A009,2025-01-16 07:00:00,A009-PMP,Fuel Pump,88.657,4.455,67.715,52.837,1867.568,145.493,22.812,80.714,782,71.871,26.523,Warning,1,0
A009,2025-01-16 21:00:00,A009-PMP,Fuel Pump,79.877,3.596,70.366,53.491,1948.211,136.214,23.158,82.034,556,83.018,29.675,Warning,1,0
A009,2025-01-16 22:00:00,A009-PMP,Fuel Pump,83.008,3.983,69.224,55.488,1874.965,146.042,23.078,86.722,741,82.726,24.874,Warning,1,1
A009,2025-01-16 23:00:00,A009-PMP,Fuel Pump,83.145,4.218,70.002,50.216,1700.45,152.779,23.152,84.748,685,84.642,27.661,Warning,1,1
A009,2025-01-17 00:00:00,A009-PMP,Fuel Pump,81.605,3.662,65.64,53.826,1790.918,141.534,22.77,83.336,685,68.378,36.302,Warning,1,1
A009,2025-01-17 07:00:00,A009-PMP,Fuel Pump,87.113,4.028,67.537,56.377,1911.028,148.498,22.837,83.607,880,88.929,28.466,Warning,1,1
A009,2025-01-17 13:00:00,A009-PMP,Fuel Pump,82.265,4.515,71.292,50.702,1793.26,147.686,22.644,87.653,510,79.82,27.403,Warning,1,1
A010,2025-01-01 02:00:00,A010-PMP,Fuel Pump,72.7,2.147,73.996,49.489,1881.358,153.339,24.487,75.756,484,53.782,35.117,Normal,0,0
A010,2025-01-01 08:00:00,A010-PMP,Fuel Pump,73.877,2.086,71.88,53.401,1777.452,146.621,24.026,71.797,220,56.023,28.983,Normal,0,1
A010,2025-01-01 13:00:00,A010-PMP,Fuel Pump,76.548,2.505,80.206,57.144,1876.458,146.939,24.628,79.401,403,55.019,30.808,Normal,0,0
A010,2025-01-01 14:00:00,A010-PMP,Fuel Pump,77.06,2.508,70.158,55.561,1697.97,143.472,24.088,77.986,151,56.367,35.926,Normal,0,0
A010,2025-01-01 15:00:00,A010-PMP,Fuel Pump,77.229,2.512,77.667,54.067,1864.913,151.529,23.868,76.761,191,40.902,24.572,Normal,0,0
A010,2025-01-01 16:00:00,A010-PMP,Fuel Pump,79.484,2.207,75.512,55.515,1822.279,149.406,23.735,74.907,390,66.042,26.558,Normal,0,0
A010,2025-01-01 20:00:00,A010-PMP,Fuel Pump,73.779,2.878,75.028,54.032,1755.134,150.682,24.366,73.09,288,54.651,30.813,Normal,0,0
A010,2025-01-01 21:00:00,A010-PMP,Fuel Pump,72.401,3.077,74.715,52.381,1891.242,150.97,23.519,72.844,484,41.215,26.888,Normal,0,0
A010,2025-01-02 05:00:00,A010-PMP,Fuel Pump,75.025,2.713,71.071,56.961,1813.287,145.928,24.028,77.533,175,44.906,14.258,Normal,0,0
A010,2025-01-02 08:00:00,A010-PMP,Fuel Pump,75.688,2.745,75.055,51.253,1726.733,148.5,24.325,72.018,458,50.891,20.509,Normal,0,0
A010,2025-01-02 09:00:00,A010-PMP,Fuel Pump,76.514,2.416,76.182,53.208,1805.377,151.597,23.799,77.465,221,57.997,31.368,Normal,0,0
A010,2025-01-02 21:00:00,A010-PMP,Fuel Pump,77.785,2.802,73.613,56.682,1919.565,148.695,23.857,75.3,338,61.848,24.527,Normal,0,0
A010,2025-01-02 22:00:00,A010-PMP,Fuel Pump,72.786,2.784,73.718,53.242,1741.604,153.294,23.944,79.28,391,60.945,20.45,Normal,0,0
A010,2025-01-03 04:00:00,A010-PMP,Fuel Pump,73.274,3.134,73.679,52.151,1735.393,144.326,24.173,74.547,236,70.799,30.704,Normal,0,0
A010,2025-01-03 13:00:00,A010-PMP,Fuel Pump,77.275,2.518,76.95,52.819,1837.032,147.268,24.28,77.987,361,55.515,28.07,Normal,0,0
A010,2025-01-03 14:00:00,A010-PMP,Fuel Pump,74.264,2.48,72.044,54.318,1842.888,142.852,23.638,74.942,497,51.755,34.979,Normal,0,0
A010,2025-01-03 21:00:00,A010-PMP,Fuel Pump,82.871,2.418,78.98,55.173,1810.785,146.143,23.478,77.853,510,72.11,30.981,Normal,0,0
A010,2025-01-04 03:00:00,A010-PMP,Fuel Pump,73.749,2.811,75.963,52.842,1768.28,151.467,23.883,76.917,434,62.432,29.126,Normal,0,1
A010,2025-01-04 05:00:00,A010-PMP,Fuel Pump,77.858,2.802,73.878,57.132,1774.927,146.739,23.739,77.081,313,49.729,27.782,Normal,0,0
A010,2025-01-04 06:00:00,A010-PMP,Fuel Pump,78.333,3.008,77.259,53.177,1899.287,154.633,24.272,79.805,320,63.645,32.925,Normal,0,0
A010,2025-01-04 07:00:00,A010-PMP,Fuel Pump,76.049,3.286,76.494,52.283,2010.524,150.565,23.314,74.687,261,44.759,33.818,Normal,0,1
A010,2025-01-04 08:00:00,A010-PMP,Fuel Pump,75.73,3.154,70.208,52.26,1841.853,146.624,23.964,76.005,445,74.842,31.043,Normal,0,0
A010,2025-01-04 17:00:00,A010-PMP,Fuel Pump,76.944,2.678,71.283,54.872,1888.2,145.703,23.515,73.833,455,52.277,23.608,Normal,0,0
A010,2025-01-04 20:00:00,A010-PMP,Fuel Pump,77.445,2.65,79.471,54.881,1686.716,153.211,23.348,78.668,470,71.233,40.133,Normal,0,0
A010,2025-01-04 22:00:00,A010-PMP,Fuel Pump,77.02,3.175,73.989,50.775,1843.112,142.799,23.196,74.741,539,61.824,25.182,Normal,0,0
A010,2025-01-05 06:00:00,A010-PMP,Fuel Pump,75.667,2.501,77.303,55.49,1791.856,149.16,23.656,74.019,211,52.249,28.979,Normal,0,0
A010,2025-01-05 15:00:00,A010-PMP,Fuel Pump,79.049,3.026,71.221,52.852,1943.199,151.129,24.165,81.329,421,58.921,34.101,Normal,0,1
A010,2025-01-05 19:00:00,A010-PMP,Fuel Pump,76.925,3.51,76.224,56.062,1804.179,143.784,23.591,77.246,245,63.614,23.862,Normal,0,1
A010,2025-01-05 23:00:00,A010-PMP,Fuel Pump,86.631,6.701,65.203,56.544,1615.841,137.552,24.52,80.095,515,53.054,30.441,Warning,1,1
A010,2025-01-06 03:00:00,A010-PMP,Fuel Pump,76.276,3.069,71.225,54.021,1714.849,156.971,23.676,76.999,507,70.578,23.84,Normal,0,0
A010,2025-01-06 08:00:00,A010-PMP,Fuel Pump,78.779,3.002,76.165,51.229,1877.643,153.232,23.744,80.025,534,60.05,25.843,Normal,0,1
A010,2025-01-06 12:00:00,A010-PMP,Fuel Pump,75.348,3.104,71.915,51.252,1773.97,145.777,23.698,79.024,555,76.229,33.239,Normal,0,0
A010,2025-01-06 13:00:00,A010-PMP,Fuel Pump,76.815,2.589,71.719,54.067,1749.314,149.452,23.388,76.801,481,79.22,29.835,Normal,0,1
A010,2025-01-06 15:00:00,A010-PMP,Fuel Pump,82.267,3.057,71.927,50.387,1702.548,151.816,23.341,79.632,390,55.341,25.654,Normal,0,0
A010,2025-01-06 16:00:00,A010-PMP,Fuel Pump,75.385,3.413,74.435,54.661,1826.572,144.884,24.033,78.198,447,67.888,31.915,Normal,0,0
A010,2025-01-06 23:00:00,A010-PMP,Fuel Pump,73.997,2.723,69.792,52.472,1808.108,148.408,23.986,75.761,296,68.632,26.067,Normal,0,0
A010,2025-01-07 00:00:00,A010-PMP,Fuel Pump,89.66,5.426,58.008,55.108,1935.934,142.872,23.516,82.153,549,70.1,24.511,Warning,1,1
A010,2025-01-07 02:00:00,A010-PMP,Fuel Pump,77.376,3.179,73.408,56.454,1741.493,143.006,23.426,77.438,494,70.794,37.625,Normal,0,1
A010,2025-01-07 06:00:00,A010-PMP,Fuel Pump,80.409,3.269,68.054,53.347,1661.812,149.511,23.744,80.068,328,65.636,21.839,Normal,0,0
A010,2025-01-07 10:00:00,A010-PMP,Fuel Pump,78.414,3.472,70.208,54.244,1821.87,143.965,23.501,78.024,542,60.757,27.306,Normal,0,1
A010,2025-01-07 21:00:00,A010-PMP,Fuel Pump,81.662,2.807,74.093,49.984,1791.798,146.248,23.728,77.479,643,61.212,32.506,Normal,0,0
A010,2025-01-07 23:00:00,A010-PMP,Fuel Pump,79.898,3.645,72.52,53.852,1840.525,147.505,23.025,78.354,331,65.609,27.188,Normal,0,0
A010,2025-01-08 08:00:00,A010-PMP,Fuel Pump,78.753,4.016,74.111,50.881,1707.133,154.209,23.503,78.85,474,62.011,28.413,Normal,0,1
A010,2025-01-08 09:00:00,A010-PMP,Fuel Pump,80.89,2.953,70.041,53.685,1802.823,144.551,23.635,79.863,367,52.518,33.902,Normal,0,0
A010,2025-01-08 11:00:00,A010-PMP,Fuel Pump,81.98,3.459,72.059,54.841,1803.446,143.989,23.59,79.094,284,74.359,28.599,Warning,1,0
A010,2025-01-08 15:00:00,A010-PMP,Fuel Pump,77.274,3.195,70.484,55.343,1903.82,154.578,23.335,80.511,580,78.924,37.749,Normal,0,0
A010,2025-01-08 18:00:00,A010-PMP,Fuel Pump,78.63,3.107,74.794,54.763,1593.693,154.572,23.666,81.939,296,67.501,22.53,Normal,0,0
A010,2025-01-09 01:00:00,A010-PMP,Fuel Pump,74.108,3.079,73.335,53.011,1772.231,152.015,23.084,78.093,444,71.954,26.441,Normal,0,1
A010,2025-01-09 02:00:00,A010-PMP,Fuel Pump,78.07,3.534,71.917,50.798,1960.562,144.398,23.332,80.724,479,86.667,27.951,Warning,1,1
A010,2025-01-09 07:00:00,A010-PMP,Fuel Pump,82.423,3.697,72.377,51.286,1791.202,139.347,23.559,79.136,341,64.759,33.278,Normal,0,1
A010,2025-01-09 10:00:00,A010-PMP,Fuel Pump,81.162,3.344,74.433,48.907,1832.137,150.612,22.887,77.083,374,77.854,35.872,Warning,1,0
A010,2025-01-09 13:00:00,A010-PMP,Fuel Pump,77.042,3.63,70.694,52.182,1820.06,150.315,23.662,80.235,539,51.705,34.772,Normal,0,1
A010,2025-01-09 15:00:00,A010-PMP,Fuel Pump,80.708,3.303,69.244,52.702,1904.052,150.647,23.413,78.381,667,59.304,25.291,Normal,0,1
A010,2025-01-09 21:00:00,A010-PMP,Fuel Pump,74.408,3.582,68.938,52.616,1807.098,140.694,24.462,79.114,604,75.412,37.463,Warning,1,1
A010,2025-01-09 22:00:00,A010-PMP,Fuel Pump,75.907,3.34,75.831,50.573,1725.825,154.739,23.297,78.563,606,73.732,27.656,Normal,0,1
A010,2025-01-09 23:00:00,A010-PMP,Fuel Pump,81.352,3.972,69.046,53.277,1784.799,145.123,23.429,78.145,609,80.357,32.336,Warning,1,0
A010,2025-01-10 00:00:00,A010-PMP,Fuel Pump,76.252,3.116,71.149,52.674,1858.283,149.541,23.156,78.486,435,76.782,30.946,Normal,0,0
A010,2025-01-10 08:00:00,A010-PMP,Fuel Pump,82.559,3.615,66.049,55.716,1822.472,144.923,23.164,76.431,683,72.986,33.256,Warning,1,0
A010,2025-01-10 11:00:00,A010-PMP,Fuel Pump,78.511,3.406,69.842,54.085,1693.352,140.327,23.1,81.797,337,64.953,31.328,Normal,0,1
A010,2025-01-10 16:00:00,A010-PMP,Fuel Pump,79.889,3.314,73.627,54.361,1689.748,141.777,22.916,80.739,425,81.171,37.237,Warning,1,1
A010,2025-01-10 21:00:00,A010-PMP,Fuel Pump,79.094,3.545,72.718,55.783,1605.8,141.444,23.303,83.164,547,68.211,33.345,Warning,1,0
A010,2025-01-11 01:00:00,A010-PMP,Fuel Pump,82.38,3.663,68.525,54.177,1795.288,150.16,23.051,82.206,405,79.226,30.345,Warning,1,1
A010,2025-01-11 02:00:00,A010-PMP,Fuel Pump,87.646,2.975,73.958,54.218,1821.906,144.332,22.962,78.944,573,90.155,32.437,Warning,1,0
A010,2025-01-11 04:00:00,A010-PMP,Fuel Pump,81.691,3.537,71.814,52.856,1797.957,153.014,23.19,81.624,604,67.334,36.304,Warning,1,0
A010,2025-01-11 05:00:00,A010-PMP,Fuel Pump,79.266,3.875,65.896,50.979,1791.523,156.576,23.316,81.459,446,81.738,24.568,Warning,1,1
A010,2025-01-11 10:00:00,A010-PMP,Fuel Pump,80.452,4.541,69.443,52.977,1814.247,145.905,22.901,85.658,620,67.983,26.768,Warning,1,0
A010,2025-01-11 21:00:00,A010-PMP,Fuel Pump,80.824,4.152,73.773,55.893,1887.121,144.312,23.235,81.119,699,80.261,29.947,Warning,1,1
A010,2025-01-11 22:00:00,A010-PMP,Fuel Pump,80.38,3.495,73.357,53.411,1841.261,147.669,22.446,79.412,643,71.388,31.574,Warning,1,1
A010,2025-01-12 02:00:00,A010-PMP,Fuel Pump,85.251,3.602,70.751,54.066,1766.587,139.091,23.115,84.942,639,78.419,30.386,Warning,1,0
A010,2025-01-12 13:00:00,A010-PMP,Fuel Pump,80.769,4.46,69.198,55.415,1902.993,145.553,22.911,81.656,422,83.635,41.427,Warning,1,1
A010,2025-01-12 22:00:00,A010-PMP,Fuel Pump,85.643,3.736,69.735,52.964,1811.791,145.602,23.559,84.513,399,75.302,25.757,Warning,1,1
A010,2025-01-13 02:00:00,A010-PMP,Fuel Pump,79.966,3.882,70.937,51.12,1742.833,146.199,22.742,83.767,671,87.579,28.912,Warning,1,0
A010,2025-01-13 03:00:00,A010-PMP,Fuel Pump,87.564,3.605,70.08,54.454,1827.471,142.557,22.48,81.001,596,77.737,27.832,Warning,1,1
A010,2025-01-13 07:00:00,A010-PMP,Fuel Pump,80.51,3.82,71.294,53.624,1885.631,142.121,23.051,77.868,508,84.917,30.483,Warning,1,1
A010,2025-01-13 12:00:00,A010-PMP,Fuel Pump,85.911,3.799,69.363,52.008,1712.455,148.121,23.013,83.265,538,77.352,24.631,Warning,1,0
A010,2025-01-13 14:00:00,A010-PMP,Fuel Pump,85.516,3.259,74.246,51.172,1768.581,143.804,22.895,81.51,521,66.567,33.806,Warning,1,1
A010,2025-01-13 18:00:00,A010-PMP,Fuel Pump,84.218,3.335,72.298,53.048,1691.368,143.838,23.283,79.32,712,69.22,27.671,Warning,1,1
A010,2025-01-13 19:00:00,A010-PMP,Fuel Pump,75.391,3.413,78.518,53.012,1565.424,155.654,22.611,83.822,801,67.261,41.011,Warning,1,1
A010,2025-01-14 00:00:00,A010-PMP,Fuel Pump,85.704,3.783,71.06,54.353,2135.723,151.695,22.643,87.123,643,55.037,27.781,Warning,1,0
A010,2025-01-14 05:00:00,A010-PMP,Fuel Pump,83.45,3.956,71.684,52.863,1809.384,144.622,22.412,82.992,740,66.925,27.17,Warning,1,1
A010,2025-01-14 07:00:00,A010-PMP,Fuel Pump,102.551,7.711,57.619,53.746,1831.781,132.204,23.207,84.64,508,93.988,29.602,Warning,1,1
A010,2025-01-14 09:00:00,A010-PMP,Fuel Pump,85.083,3.864,63.387,53.519,1916.281,152.27,23.025,84.684,647,81.669,26.199,Warning,1,1
A010,2025-01-14 10:00:00,A010-PMP,Fuel Pump,83.962,3.714,70.01,50.452,1937.118,138.695,23.006,82.643,673,76.285,25.78,Warning,1,0
A010,2025-01-14 12:00:00,A010-PMP,Fuel Pump,79.856,3.935,72.533,54.65,1705.447,146.692,22.635,83.414,727,71.476,25.65,Warning,1,0
A010,2025-01-14 14:00:00,A010-PMP,Fuel Pump,83.997,3.878,70.208,54.484,1667.743,142.365,22.852,81.21,802,79.457,31.087,Warning,1,1
A010,2025-01-14 22:00:00,A010-PMP,Fuel Pump,84.895,3.972,71.926,50.825,1828.414,144.792,23.147,85.793,766,89.937,36.151,Warning,1,1
A010,2025-01-15 01:00:00,A010-PMP,Fuel Pump,92.159,7.237,61.566,51.921,1949.687,127.641,22.87,80.937,445,81.013,23.362,Warning,1,1
A010,2025-01-15 05:00:00,A010-PMP,Fuel Pump,85.381,3.407,68.63,47.846,1806.388,142.83,23.176,83.08,454,77.535,30.261,Warning,1,1
A010,2025-01-15 10:00:00,A010-PMP,Fuel Pump,83.126,3.553,69.664,52.454,1796.129,142.359,23.088,82.886,474,75.008,30.819,Warning,1,1
A010,2025-01-15 14:00:00,A010-PMP,Fuel Pump,85.395,3.816,68.013,52.95,1811.663,144.104,23.504,83.258,590,90.617,30.5,Warning,1,1
A010,2025-01-15 15:00:00,A010-PMP,Fuel Pump,84.25,4.167,70.618,55.674,1806.419,142.489,22.71,88.511,478,64.143,24.05,Warning,1,1
A010,2025-01-15 23:00:00,A010-PMP,Fuel Pump,86.987,4.134,64.239,53.503,1893.02,154.138,22.824,84.293,608,62.46,34.842,Warning,1,1
A010,2025-01-16 01:00:00,A010-PMP,Fuel Pump,87.278,3.972,73.865,52.04,1884.363,142.966,22.809,83.941,574,82.617,26.267,Warning,1,1
A010,2025-01-16 09:00:00,A010-PMP,Fuel Pump,86.7,4.149,67.084,50.4,1738.203,140.093,22.774,83.866,519,87.654,32.371,Warning,1,1
A010,2025-01-16 13:00:00,A010-PMP,Fuel Pump,88.223,3.85,73.226,55.013,1799.715,136.957,22.762,88.897,648,83.982,29.163,Warning,1,1
A010,2025-01-16 19:00:00,A010-PMP,Fuel Pump,88.192,3.95,69.065,50.048,1676.3,148.741,22.864,81.913,724,87.447,16.322,Warning,1,0
A010,2025-01-16 21:00:00,A010-PMP,Fuel Pump,89.038,4.27,68.797,52.876,1704.127,151.66,22.73,86.551,603,76.71,22.843,Warning,1,1
A010,2025-01-17 00:00:00,A010-PMP,Fuel Pump,86.605,3.707,67.716,50.709,1883.099,141.53,23.591,86.917,683,71.444,38.192,Warning,1,1
A010,2025-01-17 01:00:00,A010-PMP,Fuel Pump,87.943,3.831,70.306,51.247,1873.284,144.642,22.492,85.885,807,78.276,30.773,Warning,1,1
A010,2025-01-17 02:00:00,A010-PMP,Fuel Pump,83.541,4.677,68.207,51.015,1832.608,143.801,22.748,89.797,731,73.464,22.81,Warning,1,1
A010,2025-01-17 05:00:00,A010-PMP,Fuel Pump,83.983,4.277,64.337,52.38,1728.639,144.862,23.316,88.201,674,71.297,36.226,Warning,1,0
A010,2025-01-17 06:00:00,A010-PMP,Fuel Pump,84.744,3.936,66.845,53.503,1791.247,142.262,22.596,84.752,508,74.825,33.342,Warning,1,1
A010,2025-01-17 11:00:00,A010-PMP,Fuel Pump,88.825,4.118,68.598,52.904,1778.529,148.352,23.395,86.834,652,68.145,30.549,Warning,1,1
A011,2025-01-01 03:00:00,A011-PMP,Fuel Pump,73.35,2.365,74.772,57.077,1813.025,146.509,23.885,75.698,402,51.591,34.075,Normal,0,0
A011,2025-01-01 05:00:00,A011-PMP,Fuel Pump,72.206,2.171,76.204,52.035,1782.291,148.297,23.829,74.843,144,59.103,24.807,Normal,0,0
A011,2025-01-01 07:00:00,A011-PMP,Fuel Pump,74.762,2.959,80.174,54.238,1636.763,147.762,23.952,75.993,216,38.698,29.477,Normal,0,0
A011,2025-01-01 10:00:00,A011-PMP,Fuel Pump,88.487,5.948,74.462,55.423,1792.186,133.58,23.924,72.672,146,57.511,22.742,Warning,1,0
A011,2025-01-01 13:00:00,A011-PMP,Fuel Pump,73.774,2.997,75.591,57.486,1772.41,157.154,24.12,73.974,397,72.752,33.012,Normal,0,0
A011,2025-01-01 15:00:00,A011-PMP,Fuel Pump,76.026,2.824,75.889,54.511,1829.152,150.261,24.415,75.799,500,44.047,24.09,Normal,0,0
A011,2025-01-01 16:00:00,A011-PMP,Fuel Pump,75.274,2.298,76.912,55.709,1697.104,151.383,24.517,75.005,401,56.108,31.267,Normal,0,0
A011,2025-01-02 06:00:00,A011-PMP,Fuel Pump,77.154,2.326,71.977,55.725,1716.594,144.491,23.528,76.58,487,55.537,25.078,Normal,0,0
A011,2025-01-02 14:00:00,A011-PMP,Fuel Pump,74.32,1.972,75.218,53.13,1815.426,145.02,24.036,76.395,305,56.057,32.346,Normal,0,0
A011,2025-01-03 13:00:00,A011-PMP,Fuel Pump,77.31,2.645,77.732,54.26,1816.845,151.352,23.622,75.191,310,52.869,29.61,Normal,0,1
A011,2025-01-03 19:00:00,A011-PMP,Fuel Pump,72.688,2.669,75.401,51.116,1699.407,149.004,23.772,75.099,198,58.476,31.338,Normal,0,0
A011,2025-01-03 20:00:00,A011-PMP,Fuel Pump,75.475,2.275,74.735,51.952,1876.054,154.642,23.794,79.025,446,67.498,31.518,Normal,0,1
A011,2025-01-04 00:00:00,A011-PMP,Fuel Pump,71.882,2.927,71.196,59.466,1935.391,159.027,23.996,79.914,399,66.139,24.978,Normal,0,0
A011,2025-01-04 03:00:00,A011-PMP,Fuel Pump,75.78,3.018,79.041,57.065,1832.68,148.169,23.717,77.69,287,58.811,29.546,Normal,0,0
A011,2025-01-04 05:00:00,A011-PMP,Fuel Pump,75.555,2.541,74.784,55.914,1727.715,146.096,23.807,72.672,324,67.369,30.651,Normal,0,1
A011,2025-01-04 06:00:00,A011-PMP,Fuel Pump,77.228,2.742,78.34,50.993,1805.694,149.195,23.875,79.757,330,48.461,23.027,Normal,0,0
A011,2025-01-04 14:00:00,A011-PMP,Fuel Pump,78.089,3.079,74.34,52.862,1699.985,142.348,23.513,76.795,467,69.953,34.121,Normal,0,0
A011,2025-01-04 16:00:00,A011-PMP,Fuel Pump,70.902,3.179,75.622,56.662,1872.176,150.895,24.014,77.502,417,70.437,27.451,Normal,0,0
A011,2025-01-04 17:00:00,A011-PMP,Fuel Pump,74.256,3.291,71.646,54.533,1783.657,144.804,23.5,78.231,396,57.367,25.174,Normal,0,0
A011,2025-01-04 18:00:00,A011-PMP,Fuel Pump,92.352,6.202,55.736,54.11,1649.077,149.444,23.783,79.196,293,55.104,28.223,Warning,1,0
A011,2025-01-04 22:00:00,A011-PMP,Fuel Pump,75.098,2.337,72.992,55.892,1763.76,145.663,23.734,78.327,307,65.572,31.689,Normal,0,0
A011,2025-01-05 02:00:00,A011-PMP,Fuel Pump,77.293,3.11,73.078,52.833,1784.311,148.781,23.705,76.582,578,57.697,28.564,Normal,0,0
A011,2025-01-05 05:00:00,A011-PMP,Fuel Pump,76.567,2.913,77.848,55.912,1658.911,148.063,23.262,80.442,493,53.021,31.01,Normal,0,0
A011,2025-01-05 12:00:00,A011-PMP,Fuel Pump,77.981,2.321,70.704,50.674,1869.873,155.206,23.65,79.586,502,51.934,36.149,Normal,0,0
A011,2025-01-05 14:00:00,A011-PMP,Fuel Pump,80.179,2.645,73.299,55.456,1838.009,147.654,23.245,79.697,264,51.466,41.391,Normal,0,0
A011,2025-01-05 16:00:00,A011-PMP,Fuel Pump,76.499,3.088,67.575,55.067,2045.707,151.693,23.772,77.253,455,63.359,37.686,Normal,0,1
A011,2025-01-05 19:00:00,A011-PMP,Fuel Pump,73.702,2.919,73.132,53.846,1880.343,142.093,23.615,76.693,571,61.873,27.065,Normal,0,0
A011,2025-01-05 22:00:00,A011-PMP,Fuel Pump,78.073,3.032,77.459,49.942,1933.942,145.926,24.107,77.115,490,64.827,24.616,Normal,0,1
A011,2025-01-06 00:00:00,A011-PMP,Fuel Pump,78.185,2.841,74.576,54.184,1723.723,148.357,23.164,77.035,526,53.09,25.617,Normal,0,0
A011,2025-01-06 01:00:00,A011-PMP,Fuel Pump,77.24,3.34,72.033,53.135,1882.543,148.141,23.702,82.253,583,60.025,27.579,Normal,0,0
A011,2025-01-06 05:00:00,A011-PMP,Fuel Pump,77.008,2.66,72.837,53.962,1567.657,158.404,23.809,78.765,281,58.134,30.47,Normal,0,0
A011,2025-01-06 07:00:00,A011-PMP,Fuel Pump,76.725,2.479,73.954,52.655,1605.581,147.716,23.621,78.938,286,70.574,28.596,Normal,0,0
A011,2025-01-06 11:00:00,A011-PMP,Fuel Pump,74.188,3.118,75.174,50.743,1911.278,145.58,23.703,78.35,364,62.591,25.315,Normal,0,0
A011,2025-01-06 12:00:00,A011-PMP,Fuel Pump,75.532,2.932,74.447,56.214,1757.587,150.963,23.53,81.149,286,51.498,36.519,Normal,0,1
A011,2025-01-06 21:00:00,A011-PMP,Fuel Pump,75.873,2.672,74.346,52.135,1724.539,146.213,23.796,75.557,528,57.273,41.994,Normal,0,0
A011,2025-01-07 02:00:00,A011-PMP,Fuel Pump,77.254,3.095,77.88,53.732,1992.326,146.724,23.485,80.524,416,78.982,28.677,Normal,0,0
A011,2025-01-07 05:00:00,A011-PMP,Fuel Pump,79.498,2.874,76.47,53.788,1844.08,152.56,23.132,78.231,517,67.178,30.989,Normal,0,0
A011,2025-01-07 09:00:00,A011-PMP,Fuel Pump,75.89,2.67,72.724,52.3,1693.437,149.034,23.166,79.957,365,70.905,25.676,Normal,0,0
A011,2025-01-07 16:00:00,A011-PMP,Fuel Pump,79.056,2.736,74.543,54.654,1707.869,150.387,23.602,79.525,613,77.826,30.612,Normal,0,0
A011,2025-01-07 17:00:00,A011-PMP,Fuel Pump,75.224,2.402,73.452,55.679,1885.728,149.118,24.067,79.374,317,62.981,31.02,Normal,0,0
A011,2025-01-07 18:00:00,A011-PMP,Fuel Pump,76.827,3.417,69.977,51.837,1872.476,146.548,23.444,78.3,310,80.082,32.801,Normal,0,0
A011,2025-01-07 20:00:00,A011-PMP,Fuel Pump,76.505,2.647,75.157,51.611,1711.818,148.787,23.766,78.428,353,63.093,29.44,Normal,0,0
A011,2025-01-07 21:00:00,A011-PMP,Fuel Pump,79.954,4.101,73.685,56.145,1776.452,142.552,24.293,77.434,380,72.385,31.08,Normal,0,0
A011,2025-01-08 01:00:00,A011-PMP,Fuel Pump,81.714,2.781,78.132,53.169,1832.73,147.618,23.223,76.827,426,66.741,25.179,Normal,0,0
A011,2025-01-08 04:00:00,A011-PMP,Fuel Pump,75.014,3.617,68.237,53.998,1790.026,141.295,23.598,77.913,417,78.715,35.02,Normal,0,0
A011,2025-01-08 07:00:00,A011-PMP,Fuel Pump,81.046,3.167,75.192,53.096,1763.442,151.1,23.71,78.733,629,56.44,21.654,Normal,0,0
A011,2025-01-08 11:00:00,A011-PMP,Fuel Pump,80.769,3.008,74.643,54.93,1713.958,144.582,23.665,79.756,311,64.253,32.309,Normal,0,0
A011,2025-01-08 13:00:00,A011-PMP,Fuel Pump,79.25,3.435,76.12,53.958,1727.853,147.428,22.98,80.314,461,61.875,30.56,Normal,0,0
A011,2025-01-08 20:00:00,A011-PMP,Fuel Pump,80.334,3.662,70.973,54.312,1894.304,149.967,23.989,80.504,514,66.232,18.228,Normal,0,1
A011,2025-01-08 23:00:00,A011-PMP,Fuel Pump,80.496,3.203,72.798,52.239,2000.449,143.789,23.819,81.437,510,71.355,29.401,Normal,0,0
A011,2025-01-09 08:00:00,A011-PMP,Fuel Pump,94.301,5.807,64.331,53.999,1728.363,128.247,23.399,80.208,479,73.899,21.561,Warning,1,1
A011,2025-01-10 00:00:00,A011-PMP,Fuel Pump,77.879,3.347,72.726,56.53,1960.111,146.696,23.651,80.725,373,74.162,31.924,Normal,0,0
A011,2025-01-10 01:00:00,A011-PMP,Fuel Pump,92.045,5.52,65.212,52.22,1660.122,130.771,23.591,76.977,482,63.149,33.755,Warning,1,1
A011,2025-01-10 03:00:00,A011-PMP,Fuel Pump,80.955,3.501,73.281,50.611,1746.121,146.846,22.982,83.345,712,72.187,38.912,Normal,0,0
A011,2025-01-10 04:00:00,A011-PMP,Fuel Pump,78.639,3.809,76.205,56.053,1896.606,148.984,23.336,84.27,451,70.425,28.074,Normal,0,0
A011,2025-01-10 08:00:00,A011-PMP,Fuel Pump,81.294,3.637,67.675,54.33,1969.927,148.564,23.312,80.184,373,63.115,30.692,Normal,0,0
A011,2025-01-10 10:00:00,A011-PMP,Fuel Pump,81.195,3.059,67.908,53.589,1732.554,155.093,23.059,82.273,394,63.303,30.107,Normal,0,0
A011,2025-01-10 14:00:00,A011-PMP,Fuel Pump,79.358,3.291,71.697,51.179,1803.375,153.405,23.135,81.21,426,70.649,28.022,Normal,0,0
A011,2025-01-10 17:00:00,A011-PMP,Fuel Pump,76.874,3.016,69.878,53.246,1703.058,144.331,23.541,82.965,564,74.603,31.603,Normal,0,1
A011,2025-01-10 19:00:00,A011-PMP,Fuel Pump,83.83,3.433,72.48,52.336,1694.411,152.949,23.436,80.137,522,71.984,28.317,Warning,1,0
A011,2025-01-10 20:00:00,A011-PMP,Fuel Pump,80.84,3.947,70.511,54.812,1742.408,146.968,22.985,82.139,642,80.018,30.962,Warning,1,0
A011,2025-01-11 10:00:00,A011-PMP,Fuel Pump,80.221,3.818,70.034,53.085,1722.763,147.141,23.334,82.763,717,65.488,29.164,Warning,1,0
A011,2025-01-11 16:00:00,A011-PMP,Fuel Pump,81.688,3.912,72.008,51.938,1791.303,148.883,23.35,80.903,388,61.534,35.385,Warning,1,1
A011,2025-01-11 17:00:00,A011-PMP,Fuel Pump,79.12,3.644,68.529,50.745,1935.784,150.092,23.375,79.28,518,72.324,29.632,Warning,1,1
A011,2025-01-11 19:00:00,A011-PMP,Fuel Pump,92.928,5.22,65.086,52.201,1788.819,130.088,23.163,86.264,597,68.595,28.378,Warning,1,1
A011,2025-01-11 22:00:00,A011-PMP,Fuel Pump,84.942,3.103,70.635,49.196,1773.306,141.977,22.729,78.439,747,67.087,31.269,Warning,1,0
A011,2025-01-12 03:00:00,A011-PMP,Fuel Pump,82.87,3.741,72.048,56.817,1734.768,152.125,23.687,82.35,517,74.854,34.754,Warning,1,1
A011,2025-01-12 05:00:00,A011-PMP,Fuel Pump,80.488,3.07,71.942,53.489,1815.657,142.44,22.966,83.637,513,74.484,25.66,Warning,1,1
A011,2025-01-12 12:00:00,A011-PMP,Fuel Pump,87.779,3.671,69.672,53.458,1863.501,147.899,23.62,80.17,394,66.516,25.549,Warning,1,1
A011,2025-01-12 14:00:00,A011-PMP,Fuel Pump,82.018,3.53,67.766,52.089,1665.543,151.085,23.074,81.777,472,66.932,22.949,Warning,1,0
A011,2025-01-12 16:00:00,A011-PMP,Fuel Pump,81.363,3.566,74.513,55.114,1820.73,144.545,23.882,83.362,774,76.753,23.338,Warning,1,1
A011,2025-01-12 17:00:00,A011-PMP,Fuel Pump,79.493,3.348,69.591,52.152,1860.337,146.5,23.172,83.463,671,59.92,33.741,Normal,0,1
A011,2025-01-12 18:00:00,A011-PMP,Fuel Pump,91.958,6.614,67.515,55.302,1682.453,135.727,23.628,83.379,710,75.232,32.179,Warning,1,0
A011,2025-01-12 23:00:00,A011-PMP,Fuel Pump,81.874,3.74,67.594,54.067,1956.494,146.153,23.595,83.125,543,74.542,26.496,Warning,1,0
A011,2025-01-13 01:00:00,A011-PMP,Fuel Pump,83.122,4.335,67.495,52.606,1949.248,143.278,23.287,83.01,642,77.825,39.163,Warning,1,1
A011,2025-01-13 04:00:00,A011-PMP,Fuel Pump,84.27,4.293,74.179,51.391,1822.857,147.959,22.578,80.553,577,69.3,40.65,Warning,1,1
A011,2025-01-13 11:00:00,A011-PMP,Fuel Pump,78.451,3.596,70.426,52.594,1708.74,147.163,22.71,83.042,610,74.437,28.779,Warning,1,1
A011,2025-01-13 14:00:00,A011-PMP,Fuel Pump,79.634,3.354,73.581,55.078,1830.285,147.213,22.632,83.48,427,79.657,30.827,Warning,1,1
A011,2025-01-13 16:00:00,A011-PMP,Fuel Pump,79.092,3.675,65.074,53.437,1857.417,145.136,23.49,84.304,673,65.345,30.221,Warning,1,0
A011,2025-01-13 20:00:00,A011-PMP,Fuel Pump,80.053,3.614,65.907,54.05,1677.127,147.252,23.508,81.876,534,66.289,36.591,Warning,1,1
A011,2025-01-13 21:00:00,A011-PMP,Fuel Pump,80.301,4.036,70.962,55.738,1716.16,147.046,23.069,83.234,607,69.278,18.745,Warning,1,1
A011,2025-01-13 23:00:00,A011-PMP,Fuel Pump,80.903,4.134,72.174,54.106,1780.626,147.521,23.058,83.773,470,66.162,18.129,Warning,1,1
A011,2025-01-14 01:00:00,A011-PMP,Fuel Pump,84.309,4.152,68.656,54.743,1799.532,139.319,23.338,82.806,611,73.464,33.231,Warning,1,1
A011,2025-01-14 04:00:00,A011-PMP,Fuel Pump,81.07,3.965,75.093,56.342,1914.598,141.09,22.745,85.675,644,86.451,33.979,Warning,1,1
A011,2025-01-14 05:00:00,A011-PMP,Fuel Pump,80.848,3.132,72.498,51.457,1683.129,149.55,22.409,83.834,682,70.736,38.007,Warning,1,0
A011,2025-01-14 07:00:00,A011-PMP,Fuel Pump,86.27,3.633,71.946,52.678,1796.18,150.62,23.081,82.09,647,70.42,28.465,Warning,1,0
A011,2025-01-14 09:00:00,A011-PMP,Fuel Pump,81.804,3.521,76.544,50.005,1881.101,151.946,22.948,83.905,435,61.144,30.124,Warning,1,1
A011,2025-01-14 23:00:00,A011-PMP,Fuel Pump,82.14,3.471,75.546,51.79,1722.272,149.064,23.087,85.395,828,76.101,34.776,Warning,1,1
A011,2025-01-15 01:00:00,A011-PMP,Fuel Pump,84.818,3.656,69.89,52.121,1689.569,143.844,23.255,85.117,592,78.267,24.934,Warning,1,1
A011,2025-01-15 02:00:00,A011-PMP,Fuel Pump,83.298,3.472,70.04,51.475,1782.082,150.932,23.295,82.764,519,76.324,29.976,Warning,1,1
A011,2025-01-15 05:00:00,A011-PMP,Fuel Pump,93.32,5.119,63.936,52.479,1700.32,127.846,22.911,80.477,455,69.993,33.159,Warning,1,1
A011,2025-01-15 10:00:00,A011-PMP,Fuel Pump,82.109,3.92,70.83,52.825,1709.61,151.26,22.707,78.738,494,82.91,34.079,Warning,1,1
A011,2025-01-15 15:00:00,A011-PMP,Fuel Pump,84.15,3.936,68.49,52.341,1780.579,146.847,23.527,82.921,657,70.131,29.622,Warning,1,0
A011,2025-01-15 17:00:00,A011-PMP,Fuel Pump,81.963,4.016,69.768,52.361,1795.555,142.007,23.444,87.89,567,86.467,21.179,Warning,1,1
A011,2025-01-15 19:00:00,A011-PMP,Fuel Pump,85.488,4.087,72.373,54.332,1987.047,149.373,22.66,84.23,736,68.291,36.047,Warning,1,0
A011,2025-01-15 22:00:00,A011-PMP,Fuel Pump,87.244,3.739,67.593,53.2,1680.079,155.731,22.565,84.662,487,75.585,25.401,Warning,1,1
A011,2025-01-16 04:00:00,A011-PMP,Fuel Pump,85.779,3.481,70.275,54.631,1804.678,141.487,23.239,84.82,600,76.565,25.161,Warning,1,0
A011,2025-01-16 14:00:00,A011-PMP,Fuel Pump,85.717,3.888,68.004,50.522,1809.976,147.197,22.744,85.469,726,68.653,26.738,Warning,1,1
A011,2025-01-16 17:00:00,A011-PMP,Fuel Pump,84.787,4.587,69.065,50.652,1802.306,144.745,22.261,84.933,712,77.19,29.147,Warning,1,0
A011,2025-01-17 00:00:00,A011-PMP,Fuel Pump,84.252,4.37,70.596,50.154,1682.187,145.015,23.123,85.633,657,79.42,33.21,Warning,1,1
A011,2025-01-17 01:00:00,A011-PMP,Fuel Pump,83.603,3.64,70.957,51.091,1624.821,150.897,22.934,85.044,504,77.08,34.186,Warning,1,0
A011,2025-01-17 03:00:00,A011-PMP,Fuel Pump,88.034,4.588,67.156,51.175,1571.116,138.19,23.06,87.184,697,72.43,26.848,Warning,1,1
A011,2025-01-17 04:00:00,A011-PMP,Fuel Pump,85.581,3.333,70.491,56.832,1764.538,142.485,23.04,86.713,734,85.319,28.414,Warning,1,1
A011,2025-01-17 05:00:00,A011-PMP,Fuel Pump,85.737,3.778,69.671,51.605,1805.56,145.215,23.094,86.422,620,78.671,28.979,Warning,1,1
A011,2025-01-17 06:00:00,A011-PMP,Fuel Pump,83.46,3.913,69.475,52.695,1824.202,144.578,23.406,84.901,655,76.861,38.988,Warning,1,0
A011,2025-01-17 09:00:00,A011-PMP,Fuel Pump,83.58,3.859,68.937,52.598,1857.705,147.819,23.24,88.831,884,77.99,28.931,Warning,1,1
A011,2025-01-17 12:00:00,A011-PMP,Fuel Pump,86.064,4.293,71.616,52.77,1953.852,145.239,22.468,84.463,661,88.943,25.533,Warning,1,0
A011,2025-01-17 15:00:00,A011-PMP,Fuel Pump,85.904,3.099,68.607,50.327,1744.909,149.221,22.907,83.938,706,74.021,32.19,Warning,1,0
A012,2025-01-01 04:00:00,A012-PMP,Fuel Pump,71.501,2.178,73.391,56.136,1800.398,151.952,24.244,76.469,429,51.985,38.2,Normal,0,0
A012,2025-01-01 05:00:00,A012-PMP,Fuel Pump,84.678,5.495,63.911,54.324,1917.428,127.708,24.946,74.524,424,50.927,31.849,Warning,1,1
A012,2025-01-01 11:00:00,A012-PMP,Fuel Pump,71.357,2.535,76.087,57.796,1810.83,150.893,23.677,74.44,125,43.693,37.086,Normal,0,0
A012,2025-01-01 21:00:00,A012-PMP,Fuel Pump,75.691,2.658,78.542,55.977,1784.813,154.037,24.173,70.926,359,60.369,26.033,Normal,0,1
A012,2025-01-02 02:00:00,A012-PMP,Fuel Pump,73.206,2.795,76.914,52.924,1870.177,141.749,23.804,74.101,310,66.079,38.749,Normal,0,0
A012,2025-01-02 04:00:00,A012-PMP,Fuel Pump,77.158,1.509,73.985,54.901,1680.35,150.495,23.514,78.28,173,59.742,31.375,Normal,0,1
A012,2025-01-02 10:00:00,A012-PMP,Fuel Pump,74.7,2.635,78.209,55.39,1789.335,151.816,23.97,75.352,418,53.867,27.302,Normal,0,0
A012,2025-01-02 11:00:00,A012-PMP,Fuel Pump,75.189,2.426,76.626,54.383,1845.291,155.483,24.526,77.97,456,55.065,33.997,Normal,0,0
A012,2025-01-02 12:00:00,A012-PMP,Fuel Pump,69.635,2.318,77.557,55.493,1886.148,156.229,23.84,73.624,428,61.075,36.439,Normal,0,0
A012,2025-01-02 15:00:00,A012-PMP,Fuel Pump,69.536,2.813,74.46,57.019,1735.594,151.458,23.794,77.274,413,52.659,31.066,Normal,0,0
A012,2025-01-02 19:00:00,A012-PMP,Fuel Pump,75.466,2.113,75.864,55.025,1935.26,150.008,24.136,77.722,413,32.891,30.402,Normal,0,0
A012,2025-01-02 21:00:00,A012-PMP,Fuel Pump,73.653,1.937,76.766,54.922,1639.655,144.835,23.92,76.939,403,54.657,30.225,Normal,0,1
A012,2025-01-03 04:00:00,A012-PMP,Fuel Pump,70.1,3.011,77.355,55.012,1775.154,145.471,24.293,80.311,285,66.072,29.163,Normal,0,0
A012,2025-01-03 19:00:00,A012-PMP,Fuel Pump,70.835,3.153,72.411,54.998,1871.027,146.765,24.279,73.025,182,56.192,21.567,Normal,0,0
A012,2025-01-04 02:00:00,A012-PMP,Fuel Pump,72.536,2.359,77.945,53.403,1722.541,145.185,24.432,75.922,562,63.528,32.748,Normal,0,0
A012,2025-01-04 10:00:00,A012-PMP,Fuel Pump,75.609,3.068,74.323,52.025,1696.619,148.754,24.429,79.186,241,66.738,24.65,Normal,0,0
A012,2025-01-04 15:00:00,A012-PMP,Fuel Pump,72.876,2.319,72.789,50.429,1841.554,158.337,23.536,78.817,583,56.938,31.379,Normal,0,0
A012,2025-01-05 03:00:00,A012-PMP,Fuel Pump,77.754,2.835,73.471,51.797,1849.586,151.624,23.312,74.974,418,58.285,30.683,Normal,0,0
A012,2025-01-05 06:00:00,A012-PMP,Fuel Pump,76.823,2.865,77.373,52.891,1672.342,145.072,23.997,79.621,245,57.284,37.563,Normal,0,1
A012,2025-01-05 07:00:00,A012-PMP,Fuel Pump,75.317,3.144,78.695,56.366,1844.955,155.099,23.352,79.945,214,60.937,31.053,Normal,0,1
A012,2025-01-05 08:00:00,A012-PMP,Fuel Pump,70.215,3.055,69.791,51.385,1791.513,155.031,23.643,78.54,221,51.471,29.029,Normal,0,0
A012,2025-01-05 11:00:00,A012-PMP,Fuel Pump,76.124,3.012,77.823,53.946,1691.506,143.703,24.043,77.132,357,50.739,26.291,Normal,0,0
A012,2025-01-05 14:00:00,A012-PMP,Fuel Pump,73.313,2.824,75.139,53.253,1759.381,150.416,23.68,79.665,567,50.834,29.062,Normal,0,0
A012,2025-01-05 15:00:00,A012-PMP,Fuel Pump,72.792,3.01,80.77,54.509,1721.897,147.445,23.554,76.44,412,64.969,20.884,Normal,0,0
A012,2025-01-06 00:00:00,A012-PMP,Fuel Pump,75.628,2.384,75.03,52.19,1737.16,153.14,23.67,77.838,236,50.346,29.771,Normal,0,0
A012,2025-01-06 06:00:00,A012-PMP,Fuel Pump,89.638,6.677,73.165,54.613,1699.236,136.978,23.874,74.925,597,50.619,40.049,Warning,1,0
A012,2025-01-06 08:00:00,A012-PMP,Fuel Pump,79.612,2.624,73.942,57.255,1766.204,146.533,23.384,74.335,231,68.368,29.785,Normal,0,1
A012,2025-01-06 14:00:00,A012-PMP,Fuel Pump,88.469,5.785,70.772,53.327,1733.648,134.745,23.511,78.149,507,71.315,30.354,Warning,1,1
A012,2025-01-06 15:00:00,A012-PMP,Fuel Pump,75.45,2.493,76.533,51.623,1950.481,143.148,23.494,82.224,500,58.09,32.118,Normal,0,0
A012,2025-01-06 17:00:00,A012-PMP,Fuel Pump,76.227,2.584,73.892,53.957,1783.432,151.076,23.206,75.631,602,44.763,30.707,Normal,0,0
A012,2025-01-07 07:00:00,A012-PMP,Fuel Pump,74.976,3.415,75.652,52.956,1641.275,143.136,23.212,77.653,469,64.131,23.171,Normal,0,1
A012,2025-01-07 11:00:00,A012-PMP,Fuel Pump,80.51,2.502,78.193,53.095,1725.564,145.997,24.096,77.478,490,58.88,34.876,Normal,0,0
A012,2025-01-07 14:00:00,A012-PMP,Fuel Pump,74.511,2.964,74.506,54.127,1752.275,150.445,23.863,80.245,268,63.803,22.868,Normal,0,0
A012,2025-01-08 05:00:00,A012-PMP,Fuel Pump,76.178,2.824,74.592,52.86,1794.413,155.327,23.146,79.999,549,53.977,34.635,Normal,0,0
A012,2025-01-08 08:00:00,A012-PMP,Fuel Pump,75.526,2.607,75.589,54.208,1727.682,151.08,22.827,78.584,445,64.972,35.539,Normal,0,0
A012,2025-01-08 09:00:00,A012-PMP,Fuel Pump,79.78,3.639,71.544,53.975,1848.656,142.81,23.62,78.292,651,56.569,27.883,Normal,0,0
A012,2025-01-08 13:00:00,A012-PMP,Fuel Pump,75.492,2.181,77.062,52.326,1748.418,145.556,22.992,78.735,332,61.324,32.176,Normal,0,1
A012,2025-01-09 02:00:00,A012-PMP,Fuel Pump,75.317,3.221,73.044,53.056,1770.752,146.835,22.819,79.676,660,62.62,35.332,Normal,0,0
A012,2025-01-09 04:00:00,A012-PMP,Fuel Pump,77.508,3.591,78.292,53.428,1694.226,146.61,23.442,75.48,452,75.207,26.809,Normal,0,0
A012,2025-01-09 05:00:00,A012-PMP,Fuel Pump,78.468,3.402,76.832,55.104,1715.15,147.101,23.446,80.539,515,68.476,30.389,Normal,0,1
A012,2025-01-09 06:00:00,A012-PMP,Fuel Pump,80.749,3.414,77.255,53.951,1929.932,146.311,23.527,81.48,365,56.539,28.036,Normal,0,1
A012,2025-01-09 07:00:00,A012-PMP,Fuel Pump,78.653,3.106,72.905,53.809,1738.585,144.064,22.985,76.399,501,59.25,32.694,Normal,0,1
A012,2025-01-09 12:00:00,A012-PMP,Fuel Pump,77.516,2.722,72.557,55.433,1995.851,147.218,23.559,79.9,382,66.751,25.375,Normal,0,0
A012,2025-01-09 13:00:00,A012-PMP,Fuel Pump,76.644,3.388,71.736,56.496,1857.56,150.884,23.238,78.882,336,65.326,24.064,Normal,0,0
A012,2025-01-09 14:00:00,A012-PMP,Fuel Pump,80.321,3.248,76.254,56.742,1870.357,147.2,23.804,80.245,384,63.0,26.951,Normal,0,0
A012,2025-01-09 19:00:00,A012-PMP,Fuel Pump,77.901,2.955,73.82,53.709,1808.716,146.552,23.352,83.589,454,67.632,32.917,Normal,0,0
A012,2025-01-09 20:00:00,A012-PMP,Fuel Pump,78.829,2.744,71.892,57.397,1905.014,146.155,23.6,80.737,518,79.442,29.352,Normal,0,0
A012,2025-01-09 21:00:00,A012-PMP,Fuel Pump,71.954,3.276,75.832,56.787,1843.288,145.876,23.073,79.374,490,52.774,28.741,Normal,0,0
A012,2025-01-09 22:00:00,A012-PMP,Fuel Pump,79.66,2.611,72.446,54.767,1925.977,147.028,24.127,81.751,678,66.118,36.217,Normal,0,0
A012,2025-01-10 03:00:00,A012-PMP,Fuel Pump,80.581,2.949,73.212,52.115,1648.299,143.725,23.5,81.579,513,72.086,32.545,Normal,0,0
A012,2025-01-10 17:00:00,A012-PMP,Fuel Pump,83.334,3.096,69.966,55.02,1914.716,148.758,23.293,79.571,364,71.657,32.879,Normal,0,0
A012,2025-01-10 19:00:00,A012-PMP,Fuel Pump,84.971,2.732,71.379,52.079,1809.545,151.592,23.585,81.128,546,56.32,34.776,Normal,0,0
A012,2025-01-10 21:00:00,A012-PMP,Fuel Pump,79.294,2.892,74.484,49.892,1821.063,144.881,23.441,80.469,647,70.952,36.806,Normal,0,0
A012,2025-01-11 03:00:00,A012-PMP,Fuel Pump,83.383,2.644,72.582,53.665,1765.133,139.519,23.58,82.311,575,62.472,34.228,Normal,0,0
A012,2025-01-11 07:00:00,A012-PMP,Fuel Pump,80.555,4.498,72.154,52.538,1765.466,147.2,23.34,86.451,676,68.832,27.852,Warning,1,1
A012,2025-01-11 11:00:00,A012-PMP,Fuel Pump,77.486,2.996,74.751,53.098,1950.873,145.147,23.173,81.944,613,62.94,22.008,Normal,0,0
A012,2025-01-11 15:00:00,A012-PMP,Fuel Pump,79.0,2.946,71.494,49.37,1846.321,149.12,23.081,79.134,517,87.39,23.853,Warning,1,1
A012,2025-01-11 16:00:00,A012-PMP,Fuel Pump,79.72,3.359,73.993,59.491,1747.874,144.76,23.194,82.758,357,88.451,29.446,Warning,1,0
A012,2025-01-11 20:00:00,A012-PMP,Fuel Pump,79.921,3.888,70.47,52.706,1766.374,152.177,23.048,79.718,636,62.292,26.038,Normal,0,0
A012,2025-01-11 23:00:00,A012-PMP,Fuel Pump,80.017,3.799,73.079,53.028,1921.321,150.613,22.956,83.244,514,82.871,38.883,Warning,1,0
A012,2025-01-12 04:00:00,A012-PMP,Fuel Pump,78.698,3.21,74.628,51.365,1680.02,149.89,23.422,79.626,442,74.659,24.347,Normal,0,0
A012,2025-01-12 12:00:00,A012-PMP,Fuel Pump,82.21,3.196,76.313,53.013,1690.862,143.288,22.858,82.133,514,63.929,27.524,Normal,0,0
A012,2025-01-12 13:00:00,A012-PMP,Fuel Pump,80.044,3.408,73.711,48.526,1813.528,145.033,23.23,81.518,618,68.007,31.478,Normal,0,1
A012,2025-01-12 18:00:00,A012-PMP,Fuel Pump,94.327,4.96,65.063,54.095,1852.383,138.73,23.308,81.141,749,80.684,33.34,Warning,1,1
A012,2025-01-12 22:00:00,A012-PMP,Fuel Pump,95.67,5.487,57.382,54.037,1641.934,127.077,22.57,78.144,674,78.584,30.692,Warning,1,1
A012,2025-01-13 00:00:00,A012-PMP,Fuel Pump,78.996,4.437,75.915,53.194,1851.806,149.482,23.332,82.391,654,92.265,26.408,Warning,1,1
A012,2025-01-13 03:00:00,A012-PMP,Fuel Pump,85.867,3.33,67.665,49.41,1873.513,144.182,23.221,80.86,598,69.251,28.375,Warning,1,0
A012,2025-01-13 13:00:00,A012-PMP,Fuel Pump,79.654,3.399,73.013,56.439,1874.859,145.718,22.77,85.125,409,74.031,14.259,Warning,1,0
A012,2025-01-13 22:00:00,A012-PMP,Fuel Pump,83.7,3.688,70.56,52.053,1843.314,148.23,23.318,84.17,428,74.364,37.067,Warning,1,0
A012,2025-01-14 05:00:00,A012-PMP,Fuel Pump,83.205,2.99,68.294,53.941,1971.083,147.049,22.757,80.699,720,69.06,36.333,Warning,1,0
A012,2025-01-14 06:00:00,A012-PMP,Fuel Pump,85.543,3.992,74.55,54.216,1684.6,142.796,23.655,82.27,452,56.952,33.032,Warning,1,0
A012,2025-01-14 07:00:00,A012-PMP,Fuel Pump,79.916,3.42,66.681,50.46,1929.304,132.753,22.907,81.907,672,76.943,19.333,Warning,1,1
A012,2025-01-14 12:00:00,A012-PMP,Fuel Pump,79.895,3.467,72.957,54.717,1701.167,142.719,23.317,82.099,778,75.048,28.85,Warning,1,0
A012,2025-01-14 21:00:00,A012-PMP,Fuel Pump,80.247,3.286,65.282,50.822,1858.693,141.415,23.155,83.693,459,64.665,29.035,Warning,1,0
A012,2025-01-15 03:00:00,A012-PMP,Fuel Pump,86.818,3.821,70.842,55.462,1780.373,142.576,22.985,84.221,620,63.307,30.645,Warning,1,0
A012,2025-01-15 21:00:00,A012-PMP,Fuel Pump,83.106,3.372,73.149,46.613,1942.046,144.791,22.932,84.091,767,85.208,30.871,Warning,1,1
A012,2025-01-16 05:00:00,A012-PMP,Fuel Pump,80.318,3.686,73.204,50.626,1628.27,137.51,22.74,87.493,769,68.96,28.56,Warning,1,1
A012,2025-01-16 08:00:00,A012-PMP,Fuel Pump,86.708,4.052,69.191,51.85,1711.214,152.671,23.003,81.393,673,68.531,29.232,Warning,1,1
A012,2025-01-16 09:00:00,A012-PMP,Fuel Pump,81.7,3.996,73.456,53.812,1578.874,144.777,22.523,85.567,624,75.874,38.558,Warning,1,0
A012,2025-01-16 12:00:00,A012-PMP,Fuel Pump,87.352,4.123,69.678,54.033,1816.038,148.837,23.359,86.773,548,61.694,32.568,Warning,1,1
A012,2025-01-16 16:00:00,A012-PMP,Fuel Pump,80.582,3.955,70.861,51.585,1732.341,145.675,23.818,83.882,749,85.896,29.125,Warning,1,1
A012,2025-01-16 19:00:00,A012-PMP,Fuel Pump,85.83,4.011,68.229,54.618,1844.288,148.257,22.546,88.356,576,80.887,38.388,Warning,1,1
A012,2025-01-16 22:00:00,A012-PMP,Fuel Pump,86.654,4.482,70.513,52.632,1809.722,140.528,22.714,86.431,486,79.317,39.309,Warning,1,0
A012,2025-01-17 01:00:00,A012-PMP,Fuel Pump,82.406,3.892,69.623,53.74,1734.34,143.945,22.914,83.328,613,66.042,33.749,Warning,1,1
A012,2025-01-17 05:00:00,A012-PMP,Fuel Pump,81.746,3.696,71.066,52.576,1775.789,140.493,22.735,83.174,642,75.257,33.373,Warning,1,0
A012,2025-01-17 08:00:00,A012-PMP,Fuel Pump,85.246,3.803,73.143,51.36,1800.207,140.233,21.97,86.92,564,71.803,35.782,Warning,1,1
A012,2025-01-17 14:00:00,A012-PMP,Fuel Pump,86.825,4.394,73.249,50.613,1827.156,143.24,22.286,85.127,531,65.472,32.997,Warning,1,1
A012,2025-01-17 15:00:00,A012-PMP,Fuel Pump,83.352,3.817,69.91,54.933,1932.606,144.676,23.147,83.943,589,80.677,28.253,Warning,1,1
A013,2025-01-01 01:00:00,A013-PMP,Fuel Pump,71.536,3.183,77.45,56.29,1899.013,148.189,24.032,75.531,340,58.326,29.357,Normal,0,0
A013,2025-01-01 03:00:00,A013-PMP,Fuel Pump,72.806,2.524,75.417,54.722,1861.579,146.633,23.899,75.086,436,51.434,33.754,Normal,0,0
A013,2025-01-01 05:00:00,A013-PMP,Fuel Pump,75.785,2.604,77.554,52.093,1903.981,151.339,23.829,75.778,115,64.852,33.575,Normal,0,0
A013,2025-01-01 12:00:00,A013-PMP,Fuel Pump,78.069,2.465,74.806,51.344,1775.659,149.345,23.852,75.31,384,65.248,33.094,Normal,0,1
A013,2025-01-01 23:00:00,A013-PMP,Fuel Pump,69.565,2.58,79.989,55.55,1766.527,152.849,24.066,75.143,362,55.803,28.413,Normal,0,0
A013,2025-01-02 08:00:00,A013-PMP,Fuel Pump,72.937,2.564,74.926,53.061,1656.181,151.328,23.424,77.799,159,58.004,34.432,Normal,0,1
A013,2025-01-02 13:00:00,A013-PMP,Fuel Pump,75.125,2.715,77.069,56.558,1865.508,152.523,23.267,72.456,489,49.38,28.758,Normal,0,1
A013,2025-01-02 15:00:00,A013-PMP,Fuel Pump,75.383,1.913,79.766,55.083,1832.691,151.619,23.728,78.517,293,50.049,24.997,Normal,0,0
A013,2025-01-02 16:00:00,A013-PMP,Fuel Pump,74.656,2.856,76.302,52.891,1769.652,146.828,23.846,74.759,519,48.094,24.491,Normal,0,0
A013,2025-01-02 17:00:00,A013-PMP,Fuel Pump,70.963,2.83,76.482,52.109,1705.455,148.891,24.136,77.213,322,51.666,32.296,Normal,0,0
A013,2025-01-02 19:00:00,A013-PMP,Fuel Pump,78.032,2.738,75.47,56.391,1734.885,145.518,23.743,78.272,461,64.44,27.517,Normal,0,0
A013,2025-01-02 20:00:00,A013-PMP,Fuel Pump,73.53,3.098,76.939,56.377,1891.221,150.154,23.858,75.686,462,58.968,35.939,Normal,0,0
A013,2025-01-02 22:00:00,A013-PMP,Fuel Pump,75.268,3.498,80.073,61.04,1704.119,154.99,24.406,76.211,173,53.148,33.686,Normal,0,0
A013,2025-01-03 04:00:00,A013-PMP,Fuel Pump,75.633,3.2,73.582,55.903,1878.322,150.733,23.959,72.147,509,57.187,29.957,Normal,0,0
A013,2025-01-03 05:00:00,A013-PMP,Fuel Pump,69.644,2.089,79.658,54.448,1669.803,144.048,23.922,76.567,441,69.972,29.599,Normal,0,0
A013,2025-01-03 06:00:00,A013-PMP,Fuel Pump,78.824,2.982,81.043,55.677,1657.256,146.029,24.125,75.867,305,56.803,25.949,Normal,0,0
A013,2025-01-03 07:00:00,A013-PMP,Fuel Pump,73.906,3.101,78.711,51.326,1861.154,151.296,23.9,74.62,447,50.004,14.507,Normal,0,1
A013,2025-01-03 12:00:00,A013-PMP,Fuel Pump,76.219,2.237,76.541,53.055,1836.225,146.571,23.454,77.13,183,58.086,34.108,Normal,0,0
A013,2025-01-03 15:00:00,A013-PMP,Fuel Pump,73.504,2.425,75.302,54.418,1843.437,150.804,23.098,77.899,195,60.435,26.091,Normal,0,0
A013,2025-01-03 18:00:00,A013-PMP,Fuel Pump,75.435,2.337,76.386,54.366,1752.354,147.547,23.945,75.927,301,56.316,27.511,Normal,0,0
A013,2025-01-04 03:00:00,A013-PMP,Fuel Pump,73.527,2.722,75.354,55.206,1743.985,144.588,23.828,78.528,367,57.115,29.369,Normal,0,0
A013,2025-01-04 05:00:00,A013-PMP,Fuel Pump,75.671,2.332,77.745,53.694,1760.031,153.19,23.332,73.421,177,56.472,31.507,Normal,0,0
A013,2025-01-04 06:00:00,A013-PMP,Fuel Pump,72.717,2.3,70.923,54.075,1845.982,152.91,23.94,75.834,549,66.947,28.948,Normal,0,0
A013,2025-01-04 21:00:00,A013-PMP,Fuel Pump,72.11,2.399,75.578,54.434,1836.184,146.081,23.781,80.018,516,62.696,30.2,Normal,0,0
A013,2025-01-04 22:00:00,A013-PMP,Fuel Pump,74.326,2.623,73.955,53.157,1871.072,155.627,23.575,75.546,276,49.125,38.632,Normal,0,0
A013,2025-01-05 00:00:00,A013-PMP,Fuel Pump,75.561,2.399,72.147,53.699,1801.948,150.809,23.865,75.747,526,57.837,37.185,Normal,0,0
A013,2025-01-05 03:00:00,A013-PMP,Fuel Pump,77.77,2.194,73.636,56.611,1937.977,148.786,23.567,77.708,505,76.016,28.658,Normal,0,1
A013,2025-01-05 07:00:00,A013-PMP,Fuel Pump,80.908,2.82,73.357,55.624,2012.661,146.556,23.413,72.465,564,43.313,37.097,Normal,0,0
A013,2025-01-05 09:00:00,A013-PMP,Fuel Pump,75.749,2.657,79.626,55.248,1825.579,147.572,23.481,75.612,300,70.551,21.927,Normal,0,1
A013,2025-01-05 13:00:00,A013-PMP,Fuel Pump,74.899,2.9,73.802,55.716,1844.123,151.507,23.574,78.242,535,64.306,33.744,Normal,0,0
A013,2025-01-05 17:00:00,A013-PMP,Fuel Pump,74.501,3.331,71.876,55.538,1813.773,145.441,23.525,81.447,375,51.178,21.2,Normal,0,0
A013,2025-01-05 19:00:00,A013-PMP,Fuel Pump,73.648,2.622,74.833,53.406,1873.853,146.879,23.965,77.151,272,60.792,34.0,Normal,0,0
A013,2025-01-05 22:00:00,A013-PMP,Fuel Pump,72.361,3.646,77.396,56.608,1751.095,146.088,23.323,71.63,242,53.791,31.598,Normal,0,0
A013,2025-01-06 00:00:00,A013-PMP,Fuel Pump,76.096,3.01,74.112,55.021,1759.985,147.389,23.329,77.729,575,60.961,25.381,Normal,0,0
A013,2025-01-06 05:00:00,A013-PMP,Fuel Pump,82.911,3.135,73.999,55.982,1932.448,153.28,23.557,77.457,370,67.592,28.823,Normal,0,0
A013,2025-01-06 06:00:00,A013-PMP,Fuel Pump,78.568,3.285,71.428,54.346,1903.346,145.198,23.43,80.553,452,73.511,12.392,Normal,0,1
A013,2025-01-06 12:00:00,A013-PMP,Fuel Pump,75.494,3.089,73.669,54.437,1816.674,152.075,23.198,78.476,480,73.173,26.05,Normal,0,0
A013,2025-01-06 13:00:00,A013-PMP,Fuel Pump,73.884,2.826,73.926,55.505,1719.296,148.459,24.033,80.675,485,60.844,30.945,Normal,0,0
A013,2025-01-06 18:00:00,A013-PMP,Fuel Pump,76.337,3.117,74.902,55.505,1657.544,153.531,23.403,78.181,633,47.961,29.482,Normal,0,1
A013,2025-01-06 20:00:00,A013-PMP,Fuel Pump,74.728,2.844,72.71,53.901,1802.447,146.032,23.355,79.755,398,67.767,25.936,Normal,0,1
A013,2025-01-06 22:00:00,A013-PMP,Fuel Pump,79.566,2.334,76.894,55.254,1639.301,150.377,23.248,79.692,483,67.332,33.966,Normal,0,0
A013,2025-01-07 05:00:00,A013-PMP,Fuel Pump,74.132,2.781,73.39,53.919,1771.279,145.914,23.834,76.062,379,59.41,19.517,Normal,0,0
A013,2025-01-07 07:00:00,A013-PMP,Fuel Pump,78.513,3.548,74.335,53.239,1996.023,146.026,23.366,77.702,289,74.856,32.695,Normal,0,0
A013,2025-01-07 10:00:00,A013-PMP,Fuel Pump,77.161,2.856,75.825,55.905,1667.817,145.638,22.768,76.753,605,74.213,24.186,Normal,0,0
A013,2025-01-07 11:00:00,A013-PMP,Fuel Pump,76.091,3.485,76.227,58.13,1561.856,149.834,22.668,78.609,629,60.566,23.788,Normal,0,0
A013,2025-01-07 12:00:00,A013-PMP,Fuel Pump,74.374,2.741,75.13,55.072,2027.845,148.327,23.719,78.253,568,73.59,24.841,Normal,0,0
A013,2025-01-07 14:00:00,A013-PMP,Fuel Pump,72.683,3.002,73.299,53.107,1866.951,153.193,23.752,78.119,314,63.722,35.165,Normal,0,0
A013,2025-01-07 15:00:00,A013-PMP,Fuel Pump,80.167,3.516,76.066,59.694,1867.403,152.602,23.747,78.716,623,53.942,26.154,Normal,0,0
A013,2025-01-07 20:00:00,A013-PMP,Fuel Pump,88.948,6.363,60.507,51.531,1882.387,131.696,23.49,80.111,403,59.738,27.575,Warning,1,0
A013,2025-01-07 22:00:00,A013-PMP,Fuel Pump,78.923,2.772,72.781,54.458,1877.977,149.249,23.016,79.278,657,67.703,26.137,Normal,0,0
A013,2025-01-08 08:00:00,A013-PMP,Fuel Pump,77.417,3.349,70.335,50.434,1823.584,145.613,23.275,77.641,568,61.183,30.995,Normal,0,0
A013,2025-01-08 09:00:00,A013-PMP,Fuel Pump,79.232,3.85,72.562,53.487,1914.62,148.004,23.996,81.059,427,65.626,29.943,Normal,0,0
A013,2025-01-08 16:00:00,A013-PMP,Fuel Pump,79.298,3.402,75.491,52.188,1678.801,147.106,23.629,79.817,403,49.958,30.287,Normal,0,0
A013,2025-01-08 22:00:00,A013-PMP,Fuel Pump,75.724,2.438,75.146,53.219,1830.562,147.391,23.403,80.077,298,63.749,28.307,Normal,0,0
A013,2025-01-08 23:00:00,A013-PMP,Fuel Pump,82.262,3.609,72.678,53.204,1800.258,146.156,23.734,78.148,340,56.815,23.518,Normal,0,1
A013,2025-01-09 00:00:00,A013-PMP,Fuel Pump,78.774,2.761,75.211,51.366,1694.458,145.025,23.376,81.521,411,64.816,21.977,Normal,0,0
A013,2025-01-09 03:00:00,A013-PMP,Fuel Pump,80.271,3.223,70.042,56.317,1822.395,145.199,23.105,80.397,507,58.097,27.156,Normal,0,1
A013,2025-01-09 04:00:00,A013-PMP,Fuel Pump,77.89,3.109,73.546,52.033,1747.149,145.681,23.513,83.118,352,55.697,31.196,Normal,0,1
A013,2025-01-09 05:00:00,A013-PMP,Fuel Pump,81.567,2.338,70.417,55.703,1904.835,154.577,23.516,80.889,653,50.821,30.015,Normal,0,0
A013,2025-01-09 11:00:00,A013-PMP,Fuel Pump,80.979,3.467,71.573,52.653,1713.984,148.338,23.678,76.256,633,70.547,27.54,Normal,0,0
A013,2025-01-09 22:00:00,A013-PMP,Fuel Pump,78.829,3.27,73.583,50.138,2036.593,147.503,23.991,78.654,607,71.482,24.082,Normal,0,0
A013,2025-01-10 00:00:00,A013-PMP,Fuel Pump,82.106,3.17,66.156,52.867,1696.946,153.031,23.222,82.083,470,78.601,26.261,Warning,1,0
A013,2025-01-10 01:00:00,A013-PMP,Fuel Pump,82.48,2.89,71.329,52.445,1726.896,146.022,23.164,80.498,619,66.054,35.769,Normal,0,1
A013,2025-01-10 02:00:00,A013-PMP,Fuel Pump,87.29,5.694,64.677,55.961,1886.632,127.876,23.048,77.453,400,79.575,34.2,Warning,1,0
A013,2025-01-10 11:00:00,A013-PMP,Fuel Pump,81.155,3.354,70.573,56.328,1857.462,143.572,23.01,84.655,484,66.301,26.612,Normal,0,0
A013,2025-01-10 12:00:00,A013-PMP,Fuel Pump,79.978,4.112,68.708,52.478,1805.518,140.094,23.497,82.491,472,56.555,29.593,Normal,0,0
A013,2025-01-10 13:00:00,A013-PMP,Fuel Pump,77.821,3.496,72.297,52.686,1801.459,148.781,23.316,81.276,340,67.082,25.315,Normal,0,0
A013,2025-01-10 14:00:00,A013-PMP,Fuel Pump,81.39,3.04,70.212,55.107,1691.624,144.383,24.061,81.766,625,69.063,20.74,Normal,0,0
A013,2025-01-10 15:00:00,A013-PMP,Fuel Pump,80.741,2.831,71.016,50.121,1808.56,140.31,23.278,82.053,699,69.449,32.324,Normal,0,0
A013,2025-01-10 17:00:00,A013-PMP,Fuel Pump,81.219,3.457,72.914,53.424,1748.943,150.721,23.995,78.585,435,68.25,26.732,Normal,0,1
A013,2025-01-10 18:00:00,A013-PMP,Fuel Pump,78.346,3.161,70.614,49.802,1910.623,149.75,23.75,80.152,364,71.958,25.762,Normal,0,0
A013,2025-01-10 21:00:00,A013-PMP,Fuel Pump,80.927,3.432,73.583,53.946,1787.351,145.567,23.493,79.542,460,69.18,21.527,Normal,0,1
A013,2025-01-11 12:00:00,A013-PMP,Fuel Pump,95.426,6.136,58.529,51.211,1819.509,129.29,23.461,85.212,737,59.206,41.571,Warning,1,1
A013,2025-01-11 19:00:00,A013-PMP,Fuel Pump,79.164,3.752,67.563,55.705,1745.441,144.626,23.495,82.036,538,66.244,25.447,Warning,1,1
A013,2025-01-11 21:00:00,A013-PMP,Fuel Pump,78.131,3.337,73.368,51.897,1885.755,152.109,23.238,82.291,418,68.055,28.537,Normal,0,0
A013,2025-01-12 04:00:00,A013-PMP,Fuel Pump,79.229,3.421,71.33,54.716,1705.06,151.73,23.096,84.063,616,90.413,35.132,Warning,1,0
A013,2025-01-12 08:00:00,A013-PMP,Fuel Pump,84.231,3.421,70.275,51.209,1863.895,146.199,22.929,83.594,475,77.736,25.258,Warning,1,1
A013,2025-01-12 14:00:00,A013-PMP,Fuel Pump,81.951,3.092,73.292,55.367,1613.083,146.229,23.14,83.794,410,66.191,27.057,Normal,0,0
A013,2025-01-12 19:00:00,A013-PMP,Fuel Pump,82.833,4.026,75.088,53.523,1527.059,143.318,22.652,85.142,695,76.142,29.495,Warning,1,1
A013,2025-01-13 01:00:00,A013-PMP,Fuel Pump,80.278,3.753,69.217,53.156,1793.955,143.526,22.655,82.428,646,69.035,31.455,Warning,1,0
A013,2025-01-13 03:00:00,A013-PMP,Fuel Pump,83.116,3.583,68.17,55.747,1820.218,145.037,23.377,81.414,557,59.85,30.291,Warning,1,0
A013,2025-01-13 07:00:00,A013-PMP,Fuel Pump,97.327,6.745,64.811,52.13,1843.476,135.219,23.746,82.898,784,69.87,28.046,Warning,1,1
A013,2025-01-13 10:00:00,A013-PMP,Fuel Pump,79.7,2.96,68.651,52.753,1765.325,150.568,22.889,82.426,476,67.686,34.67,Warning,1,0
A013,2025-01-13 14:00:00,A013-PMP,Fuel Pump,83.133,3.208,71.259,52.313,1798.664,139.809,22.601,84.99,470,78.338,31.101,Warning,1,0
A013,2025-01-13 15:00:00,A013-PMP,Fuel Pump,94.93,5.98,55.097,55.36,1743.357,141.203,23.207,84.666,439,78.224,28.462,Warning,1,0
A013,2025-01-13 17:00:00,A013-PMP,Fuel Pump,86.005,3.266,70.118,47.552,1894.95,149.36,22.702,84.84,599,79.795,27.349,Warning,1,0
A013,2025-01-13 18:00:00,A013-PMP,Fuel Pump,79.697,3.975,68.924,52.524,1733.714,146.801,23.369,85.911,513,74.205,22.206,Warning,1,1
A013,2025-01-13 19:00:00,A013-PMP,Fuel Pump,82.279,3.796,70.022,53.859,1836.427,148.489,23.387,78.262,543,69.458,29.236,Warning,1,1
A013,2025-01-13 21:00:00,A013-PMP,Fuel Pump,82.581,3.721,74.222,53.187,1644.777,146.065,23.388,82.629,498,64.844,29.818,Warning,1,1
A013,2025-01-13 22:00:00,A013-PMP,Fuel Pump,79.161,3.591,69.264,51.519,1775.813,149.189,22.775,80.418,787,66.875,22.436,Warning,1,0
A013,2025-01-14 09:00:00,A013-PMP,Fuel Pump,83.902,3.192,70.897,50.715,1884.723,159.151,22.995,85.98,655,81.698,29.612,Warning,1,1
A013,2025-01-14 12:00:00,A013-PMP,Fuel Pump,79.187,3.904,69.044,51.377,1763.192,141.661,22.991,84.748,628,64.768,29.917,Warning,1,0
A013,2025-01-14 13:00:00,A013-PMP,Fuel Pump,81.399,3.34,70.9,51.213,1793.641,142.941,23.419,88.493,572,79.509,30.998,Warning,1,1
A013,2025-01-14 15:00:00,A013-PMP,Fuel Pump,85.233,3.699,71.573,52.367,1707.543,140.165,22.65,85.85,781,75.907,32.686,Warning,1,1
A013,2025-01-14 20:00:00,A013-PMP,Fuel Pump,76.427,4.18,74.981,51.121,1964.98,139.088,23.106,82.945,455,63.466,28.75,Warning,1,1
A013,2025-01-15 06:00:00,A013-PMP,Fuel Pump,84.797,3.615,76.801,54.315,1704.597,148.419,22.949,84.601,524,69.0,31.56,Warning,1,1
A013,2025-01-15 09:00:00,A013-PMP,Fuel Pump,79.17,3.698,77.129,49.712,1941.832,150.078,23.209,82.674,557,82.835,39.526,Warning,1,1
A013,2025-01-15 14:00:00,A013-PMP,Fuel Pump,82.834,3.397,75.749,51.487,1975.809,147.529,23.341,85.944,505,72.883,33.562,Warning,1,0
A013,2025-01-15 16:00:00,A013-PMP,Fuel Pump,86.198,3.775,67.692,51.259,1840.556,150.621,23.318,84.499,732,88.409,27.898,Warning,1,1
A013,2025-01-15 18:00:00,A013-PMP,Fuel Pump,84.033,4.291,68.246,51.769,1651.338,142.083,23.2,85.714,612,82.031,37.084,Warning,1,0
A013,2025-01-15 19:00:00,A013-PMP,Fuel Pump,81.868,3.249,69.43,52.043,1821.539,142.884,22.77,85.71,808,66.894,30.171,Warning,1,1
A013,2025-01-15 21:00:00,A013-PMP,Fuel Pump,86.794,4.201,73.197,49.961,1894.331,144.532,23.551,82.429,612,67.246,30.408,Warning,1,0
A013,2025-01-16 02:00:00,A013-PMP,Fuel Pump,81.452,4.108,71.724,52.747,1843.371,148.013,22.906,84.804,593,67.04,29.3,Warning,1,0
A013,2025-01-16 04:00:00,A013-PMP,Fuel Pump,83.955,3.097,70.733,57.994,1904.225,145.031,23.017,85.315,773,81.54,29.728,Warning,1,1
A013,2025-01-16 10:00:00,A013-PMP,Fuel Pump,84.856,4.321,69.752,52.845,1846.407,145.706,22.656,88.592,511,68.632,32.082,Warning,1,1
A013,2025-01-16 17:00:00,A013-PMP,Fuel Pump,84.744,3.2,69.476,50.487,1842.9,138.474,22.423,79.738,516,80.295,22.506,Warning,1,1
A013,2025-01-17 01:00:00,A013-PMP,Fuel Pump,82.511,3.782,64.833,51.43,1699.032,147.404,23.023,87.058,504,90.768,29.186,Warning,1,1
A013,2025-01-17 04:00:00,A013-PMP,Fuel Pump,86.984,4.25,69.009,49.304,1950.593,138.667,22.643,85.847,799,98.53,38.702,Warning,1,1
A013,2025-01-17 08:00:00,A013-PMP,Fuel Pump,87.209,3.92,68.256,51.497,1775.035,144.87,22.278,85.628,786,74.975,30.103,Warning,1,1
A013,2025-01-17 13:00:00,A013-PMP,Fuel Pump,83.434,3.873,70.569,52.004,1643.903,142.502,22.491,86.422,559,73.881,27.225,Warning,1,0
A014,2025-01-01 04:00:00,A014-PMP,Fuel Pump,73.759,1.829,83.482,57.7,1742.159,152.074,23.749,77.15,192,52.326,27.882,Normal,0,0
A014,2025-01-01 10:00:00,A014-PMP,Fuel Pump,73.534,2.127,75.883,56.521,1662.332,148.304,23.746,76.396,357,50.625,26.792,Normal,0,0
A014,2025-01-01 11:00:00,A014-PMP,Fuel Pump,70.918,2.411,78.91,56.136,1898.879,155.62,23.983,76.086,308,50.507,25.524,Normal,0,0
A014,2025-01-01 13:00:00,A014-PMP,Fuel Pump,70.775,2.113,76.054,56.132,1621.814,146.853,24.236,76.405,144,46.79,34.694,Normal,0,1
A014,2025-01-01 22:00:00,A014-PMP,Fuel Pump,73.386,1.684,77.502,54.635,1856.983,147.311,24.121,73.651,233,51.249,28.534,Normal,0,0
A014,2025-01-01 23:00:00,A014-PMP,Fuel Pump,70.679,1.755,80.969,53.74,1797.117,146.335,24.077,77.44,406,60.045,29.417,Normal,0,0
A014,2025-01-02 00:00:00,A014-PMP,Fuel Pump,72.4,2.448,76.357,55.089,1708.266,149.182,24.416,75.144,187,42.562,31.753,Normal,0,0
A014,2025-01-02 02:00:00,A014-PMP,Fuel Pump,67.628,2.657,78.123,60.835,1887.03,155.16,23.591,75.482,303,56.232,29.579,Normal,0,1
A014,2025-01-02 08:00:00,A014-PMP,Fuel Pump,74.272,2.242,76.541,57.658,1757.158,149.729,23.878,76.829,352,60.695,38.047,Normal,0,0
A014,2025-01-02 10:00:00,A014-PMP,Fuel Pump,74.698,2.126,77.174,54.542,1958.042,154.944,24.096,76.904,187,47.744,33.861,Normal,0,0
A014,2025-01-02 14:00:00,A014-PMP,Fuel Pump,69.968,1.783,77.094,58.033,1750.972,150.039,24.078,75.228,163,47.563,36.429,Normal,0,0
A014,2025-01-02 17:00:00,A014-PMP,Fuel Pump,71.408,2.254,76.476,52.834,1702.726,145.784,24.212,78.097,477,39.745,33.493,Normal,0,0
A014,2025-01-02 22:00:00,A014-PMP,Fuel Pump,73.258,2.05,76.786,53.899,1766.02,149.834,23.836,75.786,414,51.988,25.461,Normal,0,0
A014,2025-01-03 02:00:00,A014-PMP,Fuel Pump,68.619,2.964,75.555,53.818,1798.621,142.782,24.215,76.009,238,46.183,34.72,Normal,0,0
A014,2025-01-03 06:00:00,A014-PMP,Fuel Pump,70.632,2.396,80.936,53.056,1918.781,151.602,23.127,74.519,260,69.82,29.393,Normal,0,0
A014,2025-01-03 11:00:00,A014-PMP,Fuel Pump,69.948,2.298,74.767,54.548,1763.367,151.269,23.3,74.618,464,44.464,29.926,Normal,0,1
A014,2025-01-03 14:00:00,A014-PMP,Fuel Pump,79.189,4.218,69.112,53.779,1833.312,124.803,23.7,76.37,554,49.808,21.622,Warning,1,0
A014,2025-01-03 16:00:00,A014-PMP,Fuel Pump,73.67,2.778,78.961,56.254,1745.3,154.794,23.633,78.824,254,51.422,27.333,Normal,0,0
A014,2025-01-03 17:00:00,A014-PMP,Fuel Pump,70.689,2.589,73.859,56.973,2026.837,147.255,24.227,73.831,284,55.401,31.775,Normal,0,0
A014,2025-01-03 18:00:00,A014-PMP,Fuel Pump,72.565,2.285,77.289,54.128,1743.004,150.246,23.488,75.851,184,67.635,29.421,Normal,0,0
A014,2025-01-03 23:00:00,A014-PMP,Fuel Pump,76.678,2.232,75.916,55.218,1912.498,158.242,23.528,78.07,459,48.733,24.355,Normal,0,0
A014,2025-01-04 09:00:00,A014-PMP,Fuel Pump,77.061,2.364,77.67,56.054,1885.282,146.93,23.782,76.989,254,56.227,30.966,Normal,0,0
A014,2025-01-04 11:00:00,A014-PMP,Fuel Pump,76.891,2.34,76.141,55.046,1774.38,155.8,23.695,81.899,424,48.845,26.714,Normal,0,0
A014,2025-01-04 16:00:00,A014-PMP,Fuel Pump,74.163,2.446,82.935,50.89,1765.523,152.045,23.581,77.193,472,74.316,30.329,Normal,0,0
A014,2025-01-04 17:00:00,A014-PMP,Fuel Pump,75.56,2.432,73.102,56.508,1850.11,151.03,23.681,75.929,438,64.281,31.634,Normal,0,0
A014,2025-01-04 22:00:00,A014-PMP,Fuel Pump,75.815,2.665,74.601,55.251,1740.394,145.039,23.926,74.821,486,61.033,32.851,Normal,0,0
A014,2025-01-05 02:00:00,A014-PMP,Fuel Pump,73.309,2.392,78.406,54.468,1746.881,151.665,23.805,80.104,363,56.794,29.359,Normal,0,0
A014,2025-01-05 10:00:00,A014-PMP,Fuel Pump,74.631,2.695,79.77,55.041,1680.761,135.809,23.34,75.875,331,47.176,26.837,Normal,0,0
A014,2025-01-05 11:00:00,A014-PMP,Fuel Pump,76.861,2.314,78.541,49.019,1824.311,153.401,23.859,77.622,454,34.422,39.452,Normal,0,0
A014,2025-01-05 14:00:00,A014-PMP,Fuel Pump,78.396,2.651,75.444,57.522,1824.688,148.086,23.746,76.693,374,53.896,32.92,Normal,0,0
A014,2025-01-06 02:00:00,A014-PMP,Fuel Pump,73.195,2.775,73.73,57.095,1760.352,147.188,23.072,82.126,491,54.199,31.453,Normal,0,0
A014,2025-01-06 04:00:00,A014-PMP,Fuel Pump,71.483,1.979,75.817,57.019,1929.774,149.244,23.528,78.623,450,64.851,26.104,Normal,0,0
A014,2025-01-06 22:00:00,A014-PMP,Fuel Pump,77.543,2.935,76.348,53.138,1662.935,145.023,23.236,83.735,552,72.972,23.706,Normal,0,1
A014,2025-01-07 00:00:00,A014-PMP,Fuel Pump,78.669,1.972,72.967,54.443,1632.833,142.427,24.308,79.725,370,78.493,21.46,Normal,0,0
A014,2025-01-07 02:00:00,A014-PMP,Fuel Pump,75.866,2.576,73.288,55.777,1887.189,151.188,23.434,78.238,428,67.251,34.008,Normal,0,0
A014,2025-01-07 05:00:00,A014-PMP,Fuel Pump,77.407,2.575,77.247,50.716,1744.425,141.141,23.253,77.197,555,40.786,35.862,Normal,0,0
A014,2025-01-07 07:00:00,A014-PMP,Fuel Pump,90.933,7.146,65.474,54.088,1885.725,146.536,23.745,78.605,569,33.293,40.281,Warning,1,0
A014,2025-01-07 09:00:00,A014-PMP,Fuel Pump,73.652,2.73,75.17,53.539,1788.672,147.133,23.383,78.186,375,56.031,25.278,Normal,0,0
A014,2025-01-07 12:00:00,A014-PMP,Fuel Pump,75.047,2.827,76.985,53.74,2036.215,153.889,23.32,81.476,531,67.326,23.277,Normal,0,0
A014,2025-01-07 14:00:00,A014-PMP,Fuel Pump,75.323,3.06,77.68,50.979,1855.219,143.393,23.314,78.503,466,67.69,26.206,Normal,0,0
A014,2025-01-07 23:00:00,A014-PMP,Fuel Pump,77.876,2.134,80.271,53.212,1714.301,152.499,23.892,79.027,322,69.195,35.015,Normal,0,0
A014,2025-01-08 01:00:00,A014-PMP,Fuel Pump,72.789,3.215,75.416,53.308,1967.121,147.336,23.301,77.925,497,61.059,24.58,Normal,0,0
A014,2025-01-08 08:00:00,A014-PMP,Fuel Pump,81.336,3.188,77.933,51.227,1868.068,151.204,23.457,75.305,366,40.504,28.602,Normal,0,1
A014,2025-01-08 14:00:00,A014-PMP,Fuel Pump,75.31,2.569,74.842,56.964,1915.885,147.823,22.976,80.194,351,55.281,25.175,Normal,0,0
A014,2025-01-08 15:00:00,A014-PMP,Fuel Pump,77.652,3.084,72.087,56.971,1823.998,147.605,22.977,77.872,379,56.488,29.713,Normal,0,1
A014,2025-01-08 18:00:00,A014-PMP,Fuel Pump,73.277,3.174,74.672,55.062,1681.11,149.969,24.15,80.763,582,54.801,35.613,Normal,0,0
A014,2025-01-08 23:00:00,A014-PMP,Fuel Pump,91.568,6.011,64.881,53.555,1768.407,131.142,23.346,80.45,673,62.725,37.297,Warning,1,0
A014,2025-01-09 03:00:00,A014-PMP,Fuel Pump,74.531,3.392,71.182,58.199,1767.486,145.305,23.685,79.806,392,53.525,26.18,Normal,0,0
A014,2025-01-09 07:00:00,A014-PMP,Fuel Pump,83.793,2.497,78.698,54.615,2006.452,141.718,23.941,83.251,557,59.318,25.749,Normal,0,0
A014,2025-01-09 08:00:00,A014-PMP,Fuel Pump,80.784,2.861,74.536,57.031,1772.344,145.27,22.455,82.243,416,57.65,33.914,Normal,0,0
A014,2025-01-09 09:00:00,A014-PMP,Fuel Pump,74.587,2.759,76.387,56.307,1810.169,148.345,23.519,78.273,341,57.073,29.074,Normal,0,0
A014,2025-01-09 14:00:00,A014-PMP,Fuel Pump,86.691,4.69,70.743,52.677,1863.08,141.632,23.687,81.691,682,66.975,27.726,Warning,1,0
A014,2025-01-09 17:00:00,A014-PMP,Fuel Pump,74.395,3.403,74.4,52.98,1778.622,156.426,23.206,84.367,659,68.108,24.474,Normal,0,0
A014,2025-01-09 21:00:00,A014-PMP,Fuel Pump,76.503,3.442,72.752,52.455,1708.531,146.822,23.09,79.066,488,51.852,25.208,Normal,0,0
A014,2025-01-10 09:00:00,A014-PMP,Fuel Pump,73.111,2.929,72.66,55.68,1845.546,154.77,23.702,80.835,571,63.381,31.956,Normal,0,0
A014,2025-01-10 10:00:00,A014-PMP,Fuel Pump,76.246,2.93,76.076,56.303,1733.197,148.153,23.311,80.102,683,47.391,26.279,Normal,0,0
A014,2025-01-10 12:00:00,A014-PMP,Fuel Pump,79.814,3.324,72.39,53.373,1795.456,143.929,23.101,80.386,593,58.652,32.878,Normal,0,0
A014,2025-01-10 13:00:00,A014-PMP,Fuel Pump,79.516,3.335,69.424,54.039,1737.484,145.382,23.423,80.97,338,60.581,33.306,Normal,0,0
A014,2025-01-10 17:00:00,A014-PMP,Fuel Pump,77.594,2.301,74.804,55.287,1847.914,148.946,23.043,79.984,433,55.908,26.325,Normal,0,0
A014,2025-01-10 18:00:00,A014-PMP,Fuel Pump,78.432,3.234,68.243,52.366,1937.854,147.449,23.261,86.652,462,72.281,33.858,Normal,0,0
A014,2025-01-11 05:00:00,A014-PMP,Fuel Pump,74.102,2.95,73.37,55.216,1770.784,145.004,23.319,80.738,518,70.38,36.71,Normal,0,0
A014,2025-01-11 20:00:00,A014-PMP,Fuel Pump,89.294,5.521,62.797,53.155,1902.457,128.895,23.771,81.46,595,52.341,25.567,Warning,1,0
A014,2025-01-12 04:00:00,A014-PMP,Fuel Pump,81.182,3.014,74.408,50.392,1729.936,150.491,22.611,83.205,580,62.268,19.841,Normal,0,1
A014,2025-01-12 08:00:00,A014-PMP,Fuel Pump,72.764,2.84,71.34,51.615,1663.193,144.343,22.99,81.273,593,67.409,23.744,Normal,0,1
A014,2025-01-12 15:00:00,A014-PMP,Fuel Pump,80.569,2.992,68.707,50.287,1948.219,145.236,23.432,80.579,647,72.689,32.012,Normal,0,0
A014,2025-01-12 16:00:00,A014-PMP,Fuel Pump,77.974,2.806,73.003,52.938,1763.196,149.321,23.187,81.995,579,77.831,30.523,Normal,0,0
A014,2025-01-12 22:00:00,A014-PMP,Fuel Pump,79.661,2.59,70.457,52.885,1799.733,145.143,23.406,82.888,583,61.442,26.624,Normal,0,0
A014,2025-01-13 01:00:00,A014-PMP,Fuel Pump,83.14,2.867,73.696,50.854,1716.548,143.131,23.154,81.297,638,49.633,27.82,Normal,0,0
A014,2025-01-13 09:00:00,A014-PMP,Fuel Pump,78.266,2.732,75.266,51.831,1842.681,150.514,23.002,79.494,460,64.889,29.222,Normal,0,0
A014,2025-01-13 10:00:00,A014-PMP,Fuel Pump,79.022,3.415,75.244,57.432,1973.601,145.741,22.854,81.203,617,56.262,30.621,Normal,0,0
A014,2025-01-14 02:00:00,A014-PMP,Fuel Pump,80.849,3.312,73.442,52.738,1897.175,147.326,22.83,80.796,652,61.608,25.934,Normal,0,0
A014,2025-01-14 04:00:00,A014-PMP,Fuel Pump,78.963,3.559,76.158,54.421,1804.25,136.288,22.514,82.712,474,73.025,22.889,Normal,0,1
A014,2025-01-14 13:00:00,A014-PMP,Fuel Pump,79.036,3.2,75.472,50.043,1626.93,141.964,23.128,86.329,769,78.188,27.818,Normal,0,1
A014,2025-01-14 20:00:00,A014-PMP,Fuel Pump,93.005,5.638,63.707,50.134,1736.317,139.18,22.865,82.381,473,69.87,31.103,Warning,1,0
A014,2025-01-15 13:00:00,A014-PMP,Fuel Pump,81.395,3.256,72.317,53.108,1800.174,150.55,22.573,85.542,700,60.195,33.265,Normal,0,0
A014,2025-01-15 17:00:00,A014-PMP,Fuel Pump,78.981,4.343,71.951,56.845,1817.38,149.887,22.825,82.442,682,57.241,32.599,Warning,1,0
A014,2025-01-15 20:00:00,A014-PMP,Fuel Pump,98.502,5.644,61.123,48.115,1852.081,123.004,23.014,80.592,821,77.453,33.378,Warning,1,1
A014,2025-01-15 23:00:00,A014-PMP,Fuel Pump,77.76,3.825,70.789,50.485,1714.021,145.713,22.795,83.984,656,54.69,19.675,Normal,0,1
A014,2025-01-16 02:00:00,A014-PMP,Fuel Pump,83.795,3.358,72.907,47.457,1642.376,144.54,23.381,83.722,465,70.346,31.249,Warning,1,0
A014,2025-01-16 04:00:00,A014-PMP,Fuel Pump,85.555,3.432,74.413,53.06,1762.933,148.598,23.244,83.525,585,65.132,21.914,Warning,1,0
A014,2025-01-16 08:00:00,A014-PMP,Fuel Pump,75.996,4.34,71.076,51.815,1931.468,146.039,23.777,82.538,785,79.429,28.773,Warning,1,1
A014,2025-01-16 12:00:00,A014-PMP,Fuel Pump,83.534,3.293,73.372,54.086,1748.556,148.884,23.307,85.431,592,75.75,27.188,Warning,1,0
A014,2025-01-16 13:00:00,A014-PMP,Fuel Pump,83.66,3.895,70.554,51.602,1677.492,143.46,23.726,83.606,669,81.683,27.504,Warning,1,1
A014,2025-01-16 14:00:00,A014-PMP,Fuel Pump,76.81,4.166,72.667,51.447,1728.584,143.238,23.281,81.194,740,71.072,35.645,Warning,1,1
A014,2025-01-16 16:00:00,A014-PMP,Fuel Pump,82.964,3.381,69.819,52.444,1701.17,143.539,23.238,89.339,582,57.931,25.61,Warning,1,0
A014,2025-01-16 18:00:00,A014-PMP,Fuel Pump,82.328,4.034,73.328,49.563,1887.735,146.216,23.025,80.432,788,71.769,29.305,Warning,1,1
A014,2025-01-16 19:00:00,A014-PMP,Fuel Pump,89.984,3.197,72.549,52.586,1905.146,151.947,22.711,84.827,513,68.408,25.166,Warning,1,0
A014,2025-01-16 20:00:00,A014-PMP,Fuel Pump,81.5,3.711,73.309,49.738,1855.52,151.496,22.413,84.809,781,75.524,33.917,Warning,1,0
A014,2025-01-16 22:00:00,A014-PMP,Fuel Pump,83.879,3.398,71.656,51.876,1899.068,146.787,23.058,84.483,823,52.057,36.562,Warning,1,0
A014,2025-01-17 01:00:00,A014-PMP,Fuel Pump,80.157,3.365,70.069,53.499,1739.15,144.801,22.767,84.52,638,66.086,28.965,Warning,1,1
A014,2025-01-17 03:00:00,A014-PMP,Fuel Pump,83.718,3.5,72.904,51.587,1881.495,146.573,22.773,82.159,860,72.463,24.642,Warning,1,0
A014,2025-01-17 09:00:00,A014-PMP,Fuel Pump,79.437,3.426,64.847,56.445,1828.582,147.41,22.71,84.817,537,81.735,24.769,Warning,1,1
A015,2025-01-01 15:00:00,A015-PMP,Fuel Pump,68.902,3.079,78.867,52.234,1686.673,147.23,24.13,75.118,379,46.557,29.596,Normal,0,0
A015,2025-01-01 17:00:00,A015-PMP,Fuel Pump,72.642,2.851,79.326,54.775,1776.742,160.191,23.873,74.323,175,49.476,22.656,Normal,0,0
A015,2025-01-01 18:00:00,A015-PMP,Fuel Pump,75.115,2.281,76.584,57.166,1757.557,147.522,24.294,73.855,435,44.882,24.744,Normal,0,0
A015,2025-01-02 03:00:00,A015-PMP,Fuel Pump,73.49,2.965,79.413,54.546,1957.122,153.5,23.948,76.545,520,65.923,32.238,Normal,0,0
A015,2025-01-02 10:00:00,A015-PMP,Fuel Pump,73.068,2.053,75.639,56.672,1955.169,145.013,24.276,80.322,495,53.48,32.554,Normal,0,0
A015,2025-01-02 12:00:00,A015-PMP,Fuel Pump,71.046,2.462,75.039,57.365,1845.47,149.303,24.153,74.354,228,46.091,23.719,Normal,0,0
A015,2025-01-02 14:00:00,A015-PMP,Fuel Pump,75.952,2.092,75.059,51.673,1726.891,149.111,23.379,78.174,203,64.313,29.348,Normal,0,0
A015,2025-01-02 19:00:00,A015-PMP,Fuel Pump,72.873,2.225,74.376,57.038,1830.822,149.252,24.589,76.312,328,55.471,24.436,Normal,0,0
A015,2025-01-02 21:00:00,A015-PMP,Fuel Pump,75.385,2.802,80.216,56.376,1819.435,149.126,23.158,72.434,246,54.798,27.224,Normal,0,0
A015,2025-01-03 03:00:00,A015-PMP,Fuel Pump,71.033,2.99,77.892,56.429,1924.696,146.2,23.852,76.086,176,68.786,27.928,Normal,0,1
A015,2025-01-03 04:00:00,A015-PMP,Fuel Pump,75.534,2.585,75.368,55.292,1850.957,150.218,23.722,76.238,361,51.8,35.17,Normal,0,0
A015,2025-01-03 14:00:00,A015-PMP,Fuel Pump,71.944,2.82,76.575,50.732,1927.452,154.4,24.147,78.496,501,50.97,35.796,Normal,0,0
A015,2025-01-03 18:00:00,A015-PMP,Fuel Pump,75.355,1.976,75.615,54.183,1816.2,152.595,23.674,79.339,369,49.262,33.469,Normal,0,0
A015,2025-01-03 21:00:00,A015-PMP,Fuel Pump,70.552,2.792,74.152,59.878,1690.898,146.49,24.066,76.261,563,51.483,25.172,Normal,0,0
A015,2025-01-04 04:00:00,A015-PMP,Fuel Pump,76.123,2.683,75.07,50.772,1720.955,154.962,24.23,78.481,255,51.145,28.334,Normal,0,0
A015,2025-01-04 07:00:00,A015-PMP,Fuel Pump,72.543,2.733,77.665,54.344,1839.588,151.051,23.418,79.492,570,58.595,29.776,Normal,0,1
A015,2025-01-04 08:00:00,A015-PMP,Fuel Pump,75.641,2.97,75.674,54.576,1652.243,150.565,23.692,77.635,399,40.718,42.666,Normal,0,0
A015,2025-01-04 10:00:00,A015-PMP,Fuel Pump,78.6,2.645,75.489,51.779,1809.852,143.553,23.165,75.59,397,56.077,25.712,Normal,0,1
A015,2025-01-04 14:00:00,A015-PMP,Fuel Pump,77.476,2.6,75.199,53.123,1848.702,150.817,23.622,78.026,376,67.58,29.986,Normal,0,0
A015,2025-01-04 16:00:00,A015-PMP,Fuel Pump,73.642,2.8,73.723,56.493,1826.811,148.398,23.73,76.446,204,59.379,37.488,Normal,0,0
A015,2025-01-04 21:00:00,A015-PMP,Fuel Pump,74.692,3.042,75.534,53.597,1830.016,153.134,23.149,77.116,347,58.891,38.847,Normal,0,0
A015,2025-01-05 00:00:00,A015-PMP,Fuel Pump,72.711,2.916,78.06,51.1,1924.933,148.539,23.553,80.194,441,67.971,23.157,Normal,0,0
A015,2025-01-05 04:00:00,A015-PMP,Fuel Pump,76.076,2.663,73.015,52.069,1957.347,145.774,23.922,78.28,490,49.645,32.12,Normal,0,0
A015,2025-01-05 16:00:00,A015-PMP,Fuel Pump,75.7,2.713,70.442,51.513,1791.886,146.801,23.551,78.558,495,74.303,27.159,Normal,0,0
A015,2025-01-05 22:00:00,A015-PMP,Fuel Pump,76.199,2.723,76.943,51.104,1798.591,147.516,23.361,80.577,541,47.194,32.296,Normal,0,0
A015,2025-01-06 00:00:00,A015-PMP,Fuel Pump,75.944,3.162,73.864,55.906,1783.861,159.813,23.806,82.803,305,66.514,28.669,Normal,0,0
A015,2025-01-06 01:00:00,A015-PMP,Fuel Pump,78.962,2.975,76.588,55.557,1693.753,149.291,23.679,75.76,290,72.995,39.922,Normal,0,0
A015,2025-01-06 16:00:00,A015-PMP,Fuel Pump,74.785,2.755,74.03,56.131,1764.473,149.618,23.911,78.509,321,75.333,27.319,Normal,0,0
A015,2025-01-06 19:00:00,A015-PMP,Fuel Pump,78.217,2.99,76.547,54.993,1893.403,152.784,23.914,80.408,461,74.718,40.41,Normal,0,0
A015,2025-01-07 06:00:00,A015-PMP,Fuel Pump,74.763,2.664,70.81,52.733,1750.922,147.145,23.684,81.812,516,70.382,22.182,Normal,0,1
A015,2025-01-07 08:00:00,A015-PMP,Fuel Pump,70.478,2.809,76.103,55.871,1699.865,149.232,23.817,77.18,333,49.009,23.228,Normal,0,0
A015,2025-01-07 10:00:00,A015-PMP,Fuel Pump,74.433,2.904,71.668,54.175,1763.803,146.776,23.455,78.271,587,82.636,20.271,Normal,0,0
A015,2025-01-07 16:00:00,A015-PMP,Fuel Pump,74.547,3.857,73.34,50.319,1696.435,147.164,23.358,77.318,450,52.586,22.713,Normal,0,0
A015,2025-01-07 22:00:00,A015-PMP,Fuel Pump,77.796,3.84,73.958,51.899,1720.862,146.78,23.578,77.138,386,70.094,26.226,Normal,0,0
A015,2025-01-07 23:00:00,A015-PMP,Fuel Pump,80.045,6.041,68.347,53.683,1845.878,139.873,23.682,77.204,522,70.802,34.72,Warning,1,1
A015,2025-01-08 06:00:00,A015-PMP,Fuel Pump,79.152,3.491,72.324,53.421,1604.1,146.705,24.037,78.461,628,55.351,39.8,Normal,0,0
A015,2025-01-08 09:00:00,A015-PMP,Fuel Pump,77.085,3.543,75.391,49.521,1942.382,147.138,23.798,80.366,452,53.665,27.663,Normal,0,0
A015,2025-01-08 10:00:00,A015-PMP,Fuel Pump,78.153,2.856,73.166,53.885,1860.43,145.269,23.413,76.942,316,54.301,35.651,Normal,0,0
A015,2025-01-08 15:00:00,A015-PMP,Fuel Pump,80.372,2.695,74.893,53.091,1859.091,147.471,22.792,81.156,585,46.505,30.708,Normal,0,0
A015,2025-01-08 17:00:00,A015-PMP,Fuel Pump,81.129,3.108,73.902,54.831,1739.121,148.491,23.161,78.988,557,81.66,29.278,Normal,0,0
A015,2025-01-08 19:00:00,A015-PMP,Fuel Pump,75.855,3.351,74.064,53.443,1852.696,145.461,23.733,77.112,468,50.655,33.068,Normal,0,0
A015,2025-01-09 03:00:00,A015-PMP,Fuel Pump,77.709,3.998,70.575,53.697,1828.039,146.052,23.191,79.315,459,78.039,28.214,Normal,0,0
A015,2025-01-09 05:00:00,A015-PMP,Fuel Pump,75.049,3.322,72.536,52.259,1962.233,152.347,22.853,78.189,540,57.649,30.312,Normal,0,0
A015,2025-01-09 06:00:00,A015-PMP,Fuel Pump,78.247,2.707,73.653,53.774,1819.322,141.895,23.749,78.955,414,56.089,30.35,Normal,0,0
A015,2025-01-09 09:00:00,A015-PMP,Fuel Pump,98.561,6.794,61.546,50.294,1593.808,145.043,23.502,79.623,516,64.358,31.533,Warning,1,1
A015,2025-01-09 11:00:00,A015-PMP,Fuel Pump,73.601,2.687,79.376,55.833,1665.866,160.005,23.614,80.301,312,77.432,25.629,Normal,0,1
A015,2025-01-09 13:00:00,A015-PMP,Fuel Pump,77.542,3.167,74.152,51.924,1956.062,150.958,23.448,80.731,335,63.97,26.593,Normal,0,0
A015,2025-01-10 02:00:00,A015-PMP,Fuel Pump,78.614,2.884,71.853,54.59,1848.074,144.53,23.828,78.463,469,67.868,27.932,Normal,0,0
A015,2025-01-10 06:00:00,A015-PMP,Fuel Pump,76.566,3.39,73.13,53.26,1775.934,155.509,23.157,77.48,360,62.002,27.549,Normal,0,0
A015,2025-01-10 09:00:00,A015-PMP,Fuel Pump,80.958,3.088,71.459,53.133,1855.867,148.713,23.598,78.945,717,56.351,27.611,Normal,0,1
A015,2025-01-10 15:00:00,A015-PMP,Fuel Pump,83.19,2.857,69.385,50.04,1753.304,142.078,23.687,78.848,399,64.113,31.798,Normal,0,1
A015,2025-01-10 23:00:00,A015-PMP,Fuel Pump,80.626,3.12,70.875,56.372,1870.306,146.291,23.33,80.086,390,47.662,30.435,Normal,0,0
A015,2025-01-11 08:00:00,A015-PMP,Fuel Pump,77.045,3.536,72.765,52.301,1841.711,143.602,23.15,80.375,563,58.061,28.197,Normal,0,0
A015,2025-01-11 10:00:00,A015-PMP,Fuel Pump,80.183,3.34,74.062,52.014,2071.492,150.232,23.176,80.712,518,68.263,29.68,Normal,0,0
A015,2025-01-11 11:00:00,A015-PMP,Fuel Pump,77.734,3.347,69.874,52.146,1752.688,149.954,23.021,84.058,609,80.195,33.555,Warning,1,0
A015,2025-01-11 15:00:00,A015-PMP,Fuel Pump,82.051,3.122,73.545,54.071,1574.96,149.144,23.302,86.065,448,84.773,29.608,Warning,1,0
A015,2025-01-11 19:00:00,A015-PMP,Fuel Pump,84.279,3.499,71.86,54.995,1895.276,148.538,23.561,82.587,514,69.507,34.966,Warning,1,0
A015,2025-01-11 23:00:00,A015-PMP,Fuel Pump,80.844,3.46,72.774,49.824,1943.798,149.357,22.983,80.077,463,76.294,31.312,Warning,1,1
A015,2025-01-12 01:00:00,A015-PMP,Fuel Pump,83.464,3.413,70.553,56.713,1961.97,146.799,23.344,81.968,588,69.914,30.482,Warning,1,1
A015,2025-01-12 05:00:00,A015-PMP,Fuel Pump,82.243,3.425,72.817,51.725,1779.517,150.765,22.705,78.3,745,66.232,28.303,Normal,0,0
A015,2025-01-12 06:00:00,A015-PMP,Fuel Pump,79.849,3.931,74.154,52.846,1886.841,136.49,23.327,83.575,628,65.711,32.926,Warning,1,1
A015,2025-01-12 07:00:00,A015-PMP,Fuel Pump,83.162,3.459,72.652,52.93,1902.401,147.834,23.536,80.794,439,74.811,38.131,Warning,1,1
A015,2025-01-12 08:00:00,A015-PMP,Fuel Pump,77.24,3.325,70.677,54.269,1792.088,143.841,23.387,79.824,716,64.138,28.336,Normal,0,0
A015,2025-01-12 09:00:00,A015-PMP,Fuel Pump,79.398,3.546,72.214,53.054,1665.486,148.545,23.397,83.381,585,71.358,35.432,Warning,1,0
A015,2025-01-12 10:00:00,A015-PMP,Fuel Pump,79.467,3.109,73.66,52.459,1863.264,154.079,23.548,79.946,686,65.621,32.911,Normal,0,0
A015,2025-01-12 11:00:00,A015-PMP,Fuel Pump,77.76,3.133,74.857,53.279,1876.014,145.258,22.923,83.213,749,59.58,32.503,Normal,0,1
A015,2025-01-12 19:00:00,A015-PMP,Fuel Pump,79.014,3.752,69.372,50.384,1961.688,145.932,23.672,84.138,631,77.063,36.292,Warning,1,0
A015,2025-01-13 00:00:00,A015-PMP,Fuel Pump,81.517,3.993,70.304,55.538,1884.266,149.206,23.146,80.937,758,71.297,22.628,Warning,1,1
A015,2025-01-13 06:00:00,A015-PMP,Fuel Pump,79.284,3.173,70.251,52.923,1765.637,144.536,24.016,83.794,508,58.075,31.251,Normal,0,1
A015,2025-01-13 07:00:00,A015-PMP,Fuel Pump,86.757,3.388,69.515,50.474,1879.443,142.649,22.888,83.403,589,68.75,30.758,Warning,1,0
A015,2025-01-13 14:00:00,A015-PMP,Fuel Pump,81.576,3.216,74.122,53.585,1888.76,144.029,23.405,80.306,528,71.621,25.438,Warning,1,1
A015,2025-01-13 17:00:00,A015-PMP,Fuel Pump,82.174,3.15,72.234,53.181,1830.028,142.009,22.696,79.378,645,81.207,35.922,Warning,1,0
A015,2025-01-13 22:00:00,A015-PMP,Fuel Pump,83.903,3.017,69.982,50.962,1594.686,146.681,22.922,83.777,416,76.655,33.076,Warning,1,1
A015,2025-01-14 13:00:00,A015-PMP,Fuel Pump,81.209,3.528,66.72,50.203,1822.755,150.986,22.838,83.273,610,91.752,31.108,Warning,1,1
A015,2025-01-14 17:00:00,A015-PMP,Fuel Pump,82.168,3.015,70.887,54.169,1880.263,142.306,22.484,85.398,597,76.762,25.133,Warning,1,0
A015,2025-01-14 22:00:00,A015-PMP,Fuel Pump,77.148,3.87,70.167,51.458,1920.16,145.864,22.675,83.314,605,87.501,29.347,Warning,1,0
A015,2025-01-15 00:00:00,A015-PMP,Fuel Pump,97.096,6.99,61.516,54.44,1835.412,129.388,22.89,84.068,629,74.337,35.434,Warning,1,1
A015,2025-01-15 01:00:00,A015-PMP,Fuel Pump,79.864,3.693,68.883,53.049,1970.362,146.077,23.057,86.577,577,77.015,35.269,Warning,1,0
A015,2025-01-15 08:00:00,A015-PMP,Fuel Pump,80.411,3.788,64.469,51.552,1730.96,142.774,21.763,82.215,572,76.484,25.511,Warning,1,0
A015,2025-01-15 09:00:00,A015-PMP,Fuel Pump,83.938,3.808,71.805,51.051,1721.99,142.326,23.197,81.915,627,72.039,27.802,Warning,1,1
A015,2025-01-15 10:00:00,A015-PMP,Fuel Pump,78.519,3.837,70.29,52.726,1768.47,142.421,23.296,83.216,511,84.202,29.771,Warning,1,1
A015,2025-01-15 12:00:00,A015-PMP,Fuel Pump,79.936,3.03,65.098,52.953,1875.477,141.346,23.327,83.559,523,74.936,34.582,Warning,1,1
A015,2025-01-15 18:00:00,A015-PMP,Fuel Pump,82.962,3.87,76.252,53.841,1799.696,143.298,23.371,83.461,499,86.381,28.146,Warning,1,1
A015,2025-01-15 20:00:00,A015-PMP,Fuel Pump,78.171,4.199,69.119,52.226,1761.18,142.405,23.159,84.821,544,69.891,38.133,Warning,1,1
A015,2025-01-16 00:00:00,A015-PMP,Fuel Pump,84.08,3.764,69.107,48.922,1655.177,144.295,22.865,83.827,777,77.355,25.789,Warning,1,0
A015,2025-01-16 01:00:00,A015-PMP,Fuel Pump,81.665,4.074,67.576,52.706,1819.713,142.878,23.084,81.395,601,75.143,29.802,Warning,1,1
A015,2025-01-16 04:00:00,A015-PMP,Fuel Pump,82.681,3.81,68.7,49.119,1853.342,152.925,22.596,84.213,701,64.906,31.052,Warning,1,0
A015,2025-01-16 08:00:00,A015-PMP,Fuel Pump,81.933,3.454,72.167,56.783,1800.523,138.297,22.53,82.529,799,76.733,27.919,Warning,1,1
A015,2025-01-16 12:00:00,A015-PMP,Fuel Pump,96.055,6.316,57.211,51.451,1709.579,135.961,22.286,84.907,487,68.97,33.543,Warning,1,1
A015,2025-01-16 13:00:00,A015-PMP,Fuel Pump,87.035,3.006,71.404,50.334,1880.627,144.326,22.763,83.54,666,71.438,23.604,Warning,1,0
A015,2025-01-16 16:00:00,A015-PMP,Fuel Pump,83.308,4.066,73.426,50.189,1866.688,144.861,22.358,83.175,605,66.788,33.411,Warning,1,1
A015,2025-01-16 19:00:00,A015-PMP,Fuel Pump,82.606,3.458,68.01,55.805,1770.459,146.017,22.783,85.723,730,73.457,27.23,Warning,1,1
A015,2025-01-17 01:00:00,A015-PMP,Fuel Pump,80.254,4.444,69.323,51.688,1949.781,143.805,22.433,81.851,569,76.957,34.361,Warning,1,1
A015,2025-01-17 06:00:00,A015-PMP,Fuel Pump,83.489,4.05,68.686,53.001,1742.54,140.373,23.126,82.508,651,71.581,29.939,Warning,1,0
A015,2025-01-17 10:00:00,A015-PMP,Fuel Pump,97.477,7.789,61.891,52.578,2024.962,135.476,23.162,83.164,689,70.902,31.387,Warning,1,1
A016,2025-01-01 04:00:00,A016-PMP,Fuel Pump,71.741,2.465,75.768,55.612,1681.49,149.627,23.583,74.27,115,55.106,25.437,Normal,0,0
A016,2025-01-01 05:00:00,A016-PMP,Fuel Pump,73.755,2.63,74.896,49.907,1743.346,143.345,24.054,75.622,113,55.057,29.494,Normal,0,0
A016,2025-01-01 08:00:00,A016-PMP,Fuel Pump,73.93,2.703,71.979,57.473,1822.051,154.507,24.133,79.567,413,48.1,38.085,Normal,0,0
A016,2025-01-01 10:00:00,A016-PMP,Fuel Pump,70.903,2.275,76.157,53.193,1732.51,155.063,24.078,73.039,222,57.128,27.94,Normal,0,0
A016,2025-01-01 11:00:00,A016-PMP,Fuel Pump,72.358,2.097,78.17,55.01,1830.578,149.976,24.031,78.519,389,58.39,21.023,Normal,0,0
A016,2025-01-01 13:00:00,A016-PMP,Fuel Pump,73.62,2.053,75.043,55.178,1930.859,152.454,23.65,74.023,411,51.776,30.371,Normal,0,0
A016,2025-01-01 17:00:00,A016-PMP,Fuel Pump,77.859,2.15,77.646,53.612,1769.449,151.428,23.331,73.412,416,54.673,21.226,Normal,0,0
A016,2025-01-01 18:00:00,A016-PMP,Fuel Pump,75.612,2.545,76.326,53.984,1828.294,147.863,23.682,77.542,193,49.502,36.705,Normal,0,0
A016,2025-01-02 00:00:00,A016-PMP,Fuel Pump,76.442,2.414,75.873,53.093,1793.748,151.824,23.948,80.006,139,51.171,25.622,Normal,0,0
A016,2025-01-02 01:00:00,A016-PMP,Fuel Pump,76.792,2.447,80.972,57.48,1859.492,149.6,23.571,74.363,485,46.259,24.406,Normal,0,0
A016,2025-01-02 06:00:00,A016-PMP,Fuel Pump,72.676,2.882,77.807,58.107,1818.564,152.931,23.685,72.819,160,60.548,30.742,Normal,0,0
A016,2025-01-02 12:00:00,A016-PMP,Fuel Pump,69.765,2.463,75.782,52.756,1720.38,150.144,23.831,75.508,236,51.469,35.102,Normal,0,0
A016,2025-01-02 14:00:00,A016-PMP,Fuel Pump,75.094,2.35,74.115,57.352,1937.634,145.808,24.256,72.671,356,48.063,23.924,Normal,0,0
A016,2025-01-02 18:00:00,A016-PMP,Fuel Pump,70.514,2.377,75.087,55.184,1686.797,155.275,23.866,75.918,286,44.287,31.52,Normal,0,0
A016,2025-01-02 22:00:00,A016-PMP,Fuel Pump,75.761,2.744,76.408,52.759,1939.951,152.601,23.64,78.993,351,67.123,28.986,Normal,0,0
A016,2025-01-03 00:00:00,A016-PMP,Fuel Pump,74.819,2.561,82.791,49.985,1824.785,145.854,23.869,74.615,456,50.859,31.323,Normal,0,1
A016,2025-01-03 08:00:00,A016-PMP,Fuel Pump,73.716,3.096,74.198,57.142,1850.676,154.762,24.1,77.104,421,62.375,30.468,Normal,0,0
A016,2025-01-03 19:00:00,A016-PMP,Fuel Pump,77.495,2.715,72.96,51.208,1837.36,149.052,23.871,77.143,528,56.352,31.9,Normal,0,0
A016,2025-01-04 08:00:00,A016-PMP,Fuel Pump,80.728,2.667,73.947,54.102,1883.357,143.985,23.761,77.078,372,68.934,27.313,Normal,0,1
A016,2025-01-04 10:00:00,A016-PMP,Fuel Pump,78.711,3.014,77.274,54.861,1837.496,147.283,23.459,76.16,567,47.936,32.291,Normal,0,0
A016,2025-01-04 16:00:00,A016-PMP,Fuel Pump,68.955,2.727,78.605,51.479,1851.163,146.686,23.407,75.746,578,71.445,34.478,Normal,0,0
A016,2025-01-04 23:00:00,A016-PMP,Fuel Pump,74.38,2.511,77.599,57.114,1722.406,148.615,23.085,76.284,401,74.997,35.999,Normal,0,0
A016,2025-01-05 05:00:00,A016-PMP,Fuel Pump,70.28,2.823,78.128,50.165,1713.154,149.667,23.559,76.755,239,61.383,39.517,Normal,0,0
A016,2025-01-05 16:00:00,A016-PMP,Fuel Pump,75.143,2.835,76.646,55.836,1717.555,148.854,23.413,77.286,520,61.344,34.797,Normal,0,0
A016,2025-01-05 23:00:00,A016-PMP,Fuel Pump,76.015,2.944,73.046,55.677,1876.369,149.167,23.18,80.058,550,46.688,23.69,Normal,0,0
A016,2025-01-06 02:00:00,A016-PMP,Fuel Pump,68.392,3.168,73.241,53.614,1791.167,145.023,23.815,76.367,273,48.109,30.326,Normal,0,0
A016,2025-01-06 05:00:00,A016-PMP,Fuel Pump,75.774,2.855,73.224,54.93,1770.375,143.55,23.007,77.873,523,66.082,26.569,Normal,0,0
A016,2025-01-06 06:00:00,A016-PMP,Fuel Pump,80.384,2.791,76.961,56.16,1935.929,148.197,23.122,74.326,459,59.058,38.483,Normal,0,0
A016,2025-01-06 12:00:00,A016-PMP,Fuel Pump,79.078,3.085,78.728,56.305,1781.553,146.684,23.348,77.8,504,54.34,28.454,Normal,0,0
A016,2025-01-06 13:00:00,A016-PMP,Fuel Pump,73.408,2.442,72.757,56.733,1715.303,147.104,23.699,79.376,461,60.735,31.937,Normal,0,0
A016,2025-01-06 19:00:00,A016-PMP,Fuel Pump,79.223,3.295,76.318,56.241,1716.621,146.88,23.417,74.561,270,57.214,30.851,Normal,0,0
A016,2025-01-07 03:00:00,A016-PMP,Fuel Pump,73.958,3.316,77.976,52.028,1645.942,148.4,24.089,76.014,634,52.07,18.161,Normal,0,0
A016,2025-01-07 04:00:00,A016-PMP,Fuel Pump,79.021,3.521,77.013,50.722,1774.894,152.707,23.077,77.944,643,63.111,29.751,Normal,0,0
A016,2025-01-07 06:00:00,A016-PMP,Fuel Pump,79.626,3.317,74.48,55.098,1718.411,146.457,23.947,82.81,438,65.306,13.466,Normal,0,0
A016,2025-01-07 16:00:00,A016-PMP,Fuel Pump,76.59,2.676,73.396,56.546,1816.872,141.088,23.386,79.533,590,65.63,29.128,Normal,0,0
A016,2025-01-07 21:00:00,A016-PMP,Fuel Pump,76.675,3.448,75.758,54.397,1704.416,145.599,23.296,78.452,571,65.265,38.028,Normal,0,0
A016,2025-01-08 01:00:00,A016-PMP,Fuel Pump,77.226,3.399,71.934,55.777,1864.321,149.952,23.021,79.106,459,71.09,27.233,Normal,0,0
A016,2025-01-08 06:00:00,A016-PMP,Fuel Pump,73.959,3.256,75.489,50.004,1955.49,151.583,23.163,77.153,537,65.797,30.646,Normal,0,1
A016,2025-01-08 07:00:00,A016-PMP,Fuel Pump,75.241,3.05,74.59,53.214,1858.222,152.121,23.185,79.305,282,60.012,27.878,Normal,0,0
A016,2025-01-08 16:00:00,A016-PMP,Fuel Pump,72.489,2.895,74.236,53.169,1897.452,143.185,23.509,78.344,474,66.066,27.25,Normal,0,0
A016,2025-01-08 23:00:00,A016-PMP,Fuel Pump,79.252,2.851,73.732,52.421,1831.816,149.934,22.708,77.41,535,76.607,31.326,Normal,0,0
A016,2025-01-09 03:00:00,A016-PMP,Fuel Pump,83.865,3.327,72.405,54.332,1884.244,143.774,23.504,79.922,346,56.285,27.878,Normal,0,0
A016,2025-01-09 05:00:00,A016-PMP,Fuel Pump,80.671,3.758,70.471,57.031,1856.378,144.426,23.498,83.002,404,75.53,36.041,Normal,0,1
A016,2025-01-09 12:00:00,A016-PMP,Fuel Pump,79.494,3.438,71.645,54.126,1799.621,148.004,23.793,80.675,583,77.448,27.526,Normal,0,0
A016,2025-01-09 16:00:00,A016-PMP,Fuel Pump,75.33,3.582,77.406,52.831,1924.573,154.464,23.626,80.48,338,71.737,34.35,Normal,0,1
A016,2025-01-09 22:00:00,A016-PMP,Fuel Pump,82.725,3.392,73.916,52.356,1816.76,153.523,23.346,79.761,584,76.652,29.358,Normal,0,0
A016,2025-01-10 04:00:00,A016-PMP,Fuel Pump,79.301,3.585,73.883,52.277,1749.323,148.999,22.711,78.248,410,65.584,29.342,Normal,0,1
A016,2025-01-10 10:00:00,A016-PMP,Fuel Pump,84.844,2.78,77.638,53.022,1658.003,139.174,23.138,82.474,517,69.626,28.192,Normal,0,0
A016,2025-01-10 14:00:00,A016-PMP,Fuel Pump,81.984,3.414,70.532,53.255,1849.824,148.748,22.989,76.975,511,70.697,29.902,Normal,0,0
A016,2025-01-10 17:00:00,A016-PMP,Fuel Pump,82.694,2.968,72.582,57.728,1881.284,140.899,23.583,79.356,715,65.572,33.737,Normal,0,0
A016,2025-01-10 18:00:00,A016-PMP,Fuel Pump,81.677,3.438,77.825,53.677,1829.298,145.832,22.961,78.02,705,74.852,27.788,Normal,0,1
A016,2025-01-10 23:00:00,A016-PMP,Fuel Pump,82.066,3.7,71.106,54.767,1843.237,150.257,23.325,81.945,600,60.08,32.342,Normal,0,0
A016,2025-01-11 01:00:00,A016-PMP,Fuel Pump,78.748,2.869,69.612,53.122,1739.564,149.938,23.191,81.361,430,61.833,33.74,Normal,0,0
A016,2025-01-11 02:00:00,A016-PMP,Fuel Pump,82.19,3.496,72.827,55.394,1814.673,145.321,23.595,83.142,569,68.019,33.101,Normal,0,0
A016,2025-01-11 03:00:00,A016-PMP,Fuel Pump,77.304,3.225,72.475,50.824,1611.6,146.553,23.274,82.805,546,83.956,23.209,Warning,1,1
A016,2025-01-11 06:00:00,A016-PMP,Fuel Pump,76.959,2.502,70.436,51.457,1970.521,146.848,23.876,79.716,548,77.094,31.221,Normal,0,0
A016,2025-01-11 07:00:00,A016-PMP,Fuel Pump,79.416,2.788,77.217,54.234,1699.793,148.473,23.137,83.977,354,66.411,29.771,Normal,0,1
A016,2025-01-11 14:00:00,A016-PMP,Fuel Pump,84.777,3.404,75.301,51.748,1789.488,146.255,23.455,80.171,517,75.332,31.883,Warning,1,0
A016,2025-01-11 15:00:00,A016-PMP,Fuel Pump,79.354,3.669,67.769,49.976,1775.592,143.502,24.364,81.879,625,66.101,35.733,Warning,1,0
A016,2025-01-11 17:00:00,A016-PMP,Fuel Pump,78.747,2.844,71.758,51.914,1735.997,139.862,23.087,81.51,423,64.641,29.754,Normal,0,0
A016,2025-01-11 19:00:00,A016-PMP,Fuel Pump,84.013,2.812,75.059,52.052,1538.57,139.566,23.2,80.631,466,72.756,27.874,Normal,0,0
A016,2025-01-11 21:00:00,A016-PMP,Fuel Pump,80.615,3.231,67.236,54.253,1747.281,142.39,22.769,83.315,445,70.984,32.564,Warning,1,0
A016,2025-01-12 01:00:00,A016-PMP,Fuel Pump,79.695,3.417,70.235,56.645,1646.406,139.99,23.354,83.273,587,82.721,28.692,Warning,1,0
A016,2025-01-12 04:00:00,A016-PMP,Fuel Pump,79.885,3.412,74.713,54.267,1861.382,138.895,23.38,81.954,735,64.971,39.207,Normal,0,1
A016,2025-01-12 10:00:00,A016-PMP,Fuel Pump,81.961,4.093,70.015,52.779,1817.17,150.283,23.436,82.072,476,66.984,27.593,Warning,1,0
A016,2025-01-12 13:00:00,A016-PMP,Fuel Pump,83.84,5.738,63.425,52.469,1908.728,133.242,22.922,78.947,557,70.997,29.657,Warning,1,0
A016,2025-01-12 14:00:00,A016-PMP,Fuel Pump,82.721,3.836,77.371,50.917,1846.586,146.461,23.236,83.464,633,72.457,24.672,Warning,1,1
A016,2025-01-12 15:00:00,A016-PMP,Fuel Pump,78.383,3.383,68.038,51.383,1974.497,144.325,23.297,80.325,695,75.776,28.687,Warning,1,0
A016,2025-01-12 22:00:00,A016-PMP,Fuel Pump,79.554,3.528,71.058,50.201,1942.269,144.678,24.22,82.208,620,81.123,30.122,Warning,1,0
A016,2025-01-13 04:00:00,A016-PMP,Fuel Pump,78.873,3.111,71.643,53.102,1808.923,143.438,22.695,84.551,446,73.071,32.819,Warning,1,0
A016,2025-01-13 06:00:00,A016-PMP,Fuel Pump,81.076,3.094,75.365,52.904,1756.781,144.466,22.874,81.151,486,90.16,34.271,Warning,1,1
A016,2025-01-13 09:00:00,A016-PMP,Fuel Pump,86.627,3.286,69.68,51.103,1903.318,142.613,22.85,82.33,616,79.574,28.657,Warning,1,0
A016,2025-01-13 11:00:00,A016-PMP,Fuel Pump,80.545,3.485,70.989,47.629,1743.355,146.3,23.566,87.15,451,85.914,25.088,Warning,1,0
A016,2025-01-14 00:00:00,A016-PMP,Fuel Pump,79.61,3.059,72.343,53.154,1840.293,148.903,23.112,85.532,783,84.637,39.566,Warning,1,1
A016,2025-01-14 02:00:00,A016-PMP,Fuel Pump,84.938,3.255,71.823,56.301,1702.072,146.116,23.023,83.399,553,79.023,30.678,Warning,1,1
A016,2025-01-14 05:00:00,A016-PMP,Fuel Pump,81.589,3.972,73.863,51.79,1798.666,154.397,23.118,85.151,788,79.738,35.462,Warning,1,1
A016,2025-01-14 11:00:00,A016-PMP,Fuel Pump,80.14,3.437,66.924,54.818,1812.41,152.357,23.244,82.184,519,59.29,31.532,Warning,1,0
A016,2025-01-14 15:00:00,A016-PMP,Fuel Pump,82.783,3.909,68.849,52.824,1836.466,143.952,23.152,80.582,508,66.514,35.298,Warning,1,0
A016,2025-01-14 17:00:00,A016-PMP,Fuel Pump,86.064,3.369,67.525,58.482,1787.156,142.422,23.281,80.555,584,68.315,34.01,Warning,1,0
A016,2025-01-15 00:00:00,A016-PMP,Fuel Pump,77.479,3.732,69.95,55.743,1899.067,144.608,23.335,83.078,608,78.083,20.352,Warning,1,1
A016,2025-01-15 03:00:00,A016-PMP,Fuel Pump,82.367,3.143,65.125,54.079,1963.09,145.67,23.53,82.151,488,62.895,28.052,Warning,1,0
A016,2025-01-15 06:00:00,A016-PMP,Fuel Pump,78.463,3.693,72.54,51.297,2027.891,140.055,23.159,84.42,731,71.294,29.221,Warning,1,1
A016,2025-01-15 09:00:00,A016-PMP,Fuel Pump,87.35,3.989,74.187,51.579,1910.382,136.803,22.936,80.937,558,75.92,30.922,Warning,1,0
A016,2025-01-15 10:00:00,A016-PMP,Fuel Pump,93.488,5.662,56.523,54.795,1766.623,140.783,22.726,84.903,512,73.264,35.838,Warning,1,1
A016,2025-01-15 11:00:00,A016-PMP,Fuel Pump,86.839,3.799,69.244,50.969,1970.46,145.091,22.905,85.729,450,87.377,27.428,Warning,1,1
A016,2025-01-15 13:00:00,A016-PMP,Fuel Pump,85.329,3.839,72.098,48.209,1682.973,149.223,23.094,83.194,484,77.336,33.02,Warning,1,0
A016,2025-01-15 16:00:00,A016-PMP,Fuel Pump,89.112,3.519,69.034,51.529,1901.614,147.054,22.271,83.142,488,70.51,38.464,Warning,1,0
A016,2025-01-15 20:00:00,A016-PMP,Fuel Pump,86.682,3.734,68.351,55.593,1783.088,145.108,22.708,79.832,734,68.174,26.82,Warning,1,1
A016,2025-01-15 21:00:00,A016-PMP,Fuel Pump,85.753,3.517,65.411,51.667,1687.409,145.432,23.233,82.864,708,75.043,19.754,Warning,1,1
A016,2025-01-16 02:00:00,A016-PMP,Fuel Pump,86.007,4.229,69.752,55.29,1886.341,140.196,23.31,85.668,525,91.305,31.334,Warning,1,1
A016,2025-01-16 04:00:00,A016-PMP,Fuel Pump,80.082,3.864,69.188,57.248,1703.136,147.426,23.351,82.98,789,76.365,27.467,Warning,1,1
A016,2025-01-16 07:00:00,A016-PMP,Fuel Pump,82.901,3.875,73.164,51.917,1838.602,141.72,23.206,83.432,844,74.61,30.395,Warning,1,0
A016,2025-01-16 09:00:00,A016-PMP,Fuel Pump,83.39,3.54,68.365,49.804,1829.64,143.7,22.809,85.06,792,79.113,24.079,Warning,1,0
A016,2025-01-16 15:00:00,A016-PMP,Fuel Pump,86.743,3.336,71.973,52.827,1682.332,149.274,23.291,84.438,572,75.951,36.488,Warning,1,1
A016,2025-01-16 22:00:00,A016-PMP,Fuel Pump,88.966,4.564,69.685,52.173,1881.671,146.977,22.864,86.026,733,72.004,35.567,Warning,1,1
A016,2025-01-16 23:00:00,A016-PMP,Fuel Pump,82.705,3.261,65.165,48.782,1910.063,142.583,22.428,84.394,744,69.638,28.036,Warning,1,0
A016,2025-01-17 05:00:00,A016-PMP,Fuel Pump,85.557,3.798,71.26,50.851,1759.953,143.057,22.467,84.682,733,84.56,28.309,Warning,1,1
A017,2025-01-01 01:00:00,A017-PMP,Fuel Pump,74.404,1.788,79.763,57.639,1912.689,150.5,24.197,75.305,216,58.878,36.84,Normal,0,0
A017,2025-01-01 19:00:00,A017-PMP,Fuel Pump,76.152,2.78,80.11,57.848,1745.764,150.868,24.508,76.435,120,63.219,38.269,Normal,0,1
A017,2025-01-01 21:00:00,A017-PMP,Fuel Pump,76.245,2.178,77.068,51.565,1726.341,151.312,23.94,72.26,438,42.897,28.545,Normal,0,0
A017,2025-01-01 22:00:00,A017-PMP,Fuel Pump,76.652,2.279,70.457,57.538,1877.255,151.183,23.922,79.736,465,60.188,30.43,Normal,0,1
A017,2025-01-02 03:00:00,A017-PMP,Fuel Pump,75.871,3.351,75.316,56.869,1780.008,148.947,23.991,74.953,185,54.267,30.094,Normal,0,0
A017,2025-01-02 06:00:00,A017-PMP,Fuel Pump,73.67,2.056,74.351,51.53,1867.451,142.295,23.939,74.251,338,53.136,34.342,Normal,0,1
A017,2025-01-02 09:00:00,A017-PMP,Fuel Pump,77.381,2.409,76.367,54.511,1740.048,154.96,23.744,73.919,395,62.574,34.409,Normal,0,0
A017,2025-01-02 18:00:00,A017-PMP,Fuel Pump,73.317,2.193,74.098,54.834,1656.515,146.584,24.321,75.849,403,79.793,32.046,Normal,0,0
A017,2025-01-02 20:00:00,A017-PMP,Fuel Pump,70.387,2.65,73.756,54.535,1803.939,155.535,23.739,77.297,207,55.141,31.896,Normal,0,0
A017,2025-01-02 22:00:00,A017-PMP,Fuel Pump,80.694,2.719,72.436,54.176,1712.121,152.709,24.123,77.676,393,75.765,30.04,Normal,0,0
A017,2025-01-02 23:00:00,A017-PMP,Fuel Pump,73.415,2.778,76.536,52.97,1681.334,152.244,23.55,76.463,250,68.279,34.025,Normal,0,0
A017,2025-01-03 06:00:00,A017-PMP,Fuel Pump,73.289,2.814,75.553,54.623,1772.494,143.536,23.915,75.807,263,69.486,29.159,Normal,0,0
A017,2025-01-03 10:00:00,A017-PMP,Fuel Pump,77.739,2.718,75.241,55.771,1798.964,146.702,23.442,75.978,497,66.265,21.549,Normal,0,0
A017,2025-01-03 16:00:00,A017-PMP,Fuel Pump,74.711,2.576,74.098,54.199,1755.208,145.31,24.386,76.111,535,55.976,30.971,Normal,0,1
A017,2025-01-03 17:00:00,A017-PMP,Fuel Pump,75.534,2.444,74.931,54.802,1828.907,150.245,23.87,74.479,533,80.623,32.268,Normal,0,1
A017,2025-01-03 18:00:00,A017-PMP,Fuel Pump,73.224,2.77,72.539,51.46,1987.773,152.424,23.837,76.781,184,65.219,29.351,Normal,0,1
A017,2025-01-03 21:00:00,A017-PMP,Fuel Pump,71.386,2.561,75.615,55.326,1966.785,149.024,23.756,74.767,493,67.822,37.223,Normal,0,1
A017,2025-01-04 04:00:00,A017-PMP,Fuel Pump,72.547,2.845,73.836,54.46,1780.924,154.055,23.959,76.201,551,66.523,37.189,Normal,0,0
A017,2025-01-04 08:00:00,A017-PMP,Fuel Pump,73.608,3.557,77.304,57.118,1732.639,142.865,24.116,72.465,469,61.882,33.02,Normal,0,0
A017,2025-01-04 12:00:00,A017-PMP,Fuel Pump,73.084,3.066,71.51,53.349,1823.256,143.876,24.21,77.365,369,61.61,22.105,Normal,0,1
A017,2025-01-04 19:00:00,A017-PMP,Fuel Pump,78.019,2.479,76.356,51.085,1766.337,152.95,24.332,72.603,300,51.746,29.665,Normal,0,1
A017,2025-01-04 22:00:00,A017-PMP,Fuel Pump,78.88,2.927,72.351,54.35,1763.676,145.12,24.277,77.327,424,53.705,36.695,Normal,0,0
A017,2025-01-05 00:00:00,A017-PMP,Fuel Pump,74.53,3.01,76.942,54.803,1805.752,141.619,23.642,74.579,452,62.697,29.974,Normal,0,0
A017,2025-01-05 04:00:00,A017-PMP,Fuel Pump,78.491,2.696,75.619,50.597,1887.818,153.46,23.626,76.618,282,43.7,29.695,Normal,0,0
A017,2025-01-05 06:00:00,A017-PMP,Fuel Pump,76.808,3.044,78.887,54.521,1844.641,147.505,23.626,78.485,553,73.84,36.443,Normal,0,0
A017,2025-01-05 13:00:00,A017-PMP,Fuel Pump,77.675,3.531,72.591,54.093,1786.461,146.468,23.492,73.949,245,66.419,33.213,Normal,0,0
A017,2025-01-05 22:00:00,A017-PMP,Fuel Pump,78.872,3.909,75.375,52.315,1866.628,150.658,24.132,79.441,243,64.713,34.82,Normal,0,1
A017,2025-01-05 23:00:00,A017-PMP,Fuel Pump,73.981,3.089,72.218,53.233,1883.155,144.381,23.564,76.122,505,65.476,31.672,Normal,0,0
A017,2025-01-06 06:00:00,A017-PMP,Fuel Pump,77.685,3.129,73.398,55.144,1723.211,152.469,23.532,79.138,465,69.387,26.175,Normal,0,0
A017,2025-01-06 07:00:00,A017-PMP,Fuel Pump,78.038,3.833,72.078,55.071,1873.702,143.774,23.403,80.674,319,69.413,30.352,Normal,0,1
A017,2025-01-06 09:00:00,A017-PMP,Fuel Pump,75.765,3.166,69.615,52.388,1726.771,147.888,23.305,77.651,450,60.208,28.987,Normal,0,0
A017,2025-01-06 10:00:00,A017-PMP,Fuel Pump,76.184,3.152,74.605,54.151,1677.882,140.119,23.459,78.293,269,75.422,39.77,Normal,0,0
A017,2025-01-06 15:00:00,A017-PMP,Fuel Pump,80.477,3.15,73.308,53.196,1776.662,156.207,23.316,77.102,254,72.226,26.137,Normal,0,1
A017,2025-01-06 19:00:00,A017-PMP,Fuel Pump,77.289,2.876,71.373,54.158,1774.92,150.694,24.358,78.944,484,60.064,31.962,Normal,0,0
A017,2025-01-06 20:00:00,A017-PMP,Fuel Pump,80.331,3.43,73.024,51.032,1720.046,148.082,23.991,72.451,298,66.958,33.39,Normal,0,0
A017,2025-01-07 02:00:00,A017-PMP,Fuel Pump,78.222,2.945,72.689,55.417,1849.586,151.041,24.173,78.745,309,71.016,19.282,Normal,0,1
A017,2025-01-07 06:00:00,A017-PMP,Fuel Pump,79.625,3.152,73.254,51.024,1796.184,151.939,23.587,74.738,375,75.767,36.754,Normal,0,0
A017,2025-01-07 16:00:00,A017-PMP,Fuel Pump,78.358,3.395,70.517,55.018,1835.438,146.194,23.503,74.746,480,64.016,30.142,Normal,0,1
A017,2025-01-07 17:00:00,A017-PMP,Fuel Pump,81.68,3.217,73.94,50.163,1698.971,146.127,23.146,81.035,630,61.306,23.96,Normal,0,0
A017,2025-01-07 20:00:00,A017-PMP,Fuel Pump,78.573,2.667,74.384,53.88,1986.775,147.9,23.033,82.495,375,68.897,27.147,Normal,0,0
A017,2025-01-07 22:00:00,A017-PMP,Fuel Pump,80.524,3.565,74.108,54.936,1886.946,148.869,24.267,79.157,325,74.413,25.528,Normal,0,1
A017,2025-01-08 07:00:00,A017-PMP,Fuel Pump,79.766,3.106,77.023,51.621,1801.63,149.739,23.625,77.792,410,73.812,32.99,Normal,0,1
A017,2025-01-08 10:00:00,A017-PMP,Fuel Pump,79.677,2.75,69.651,48.591,1772.986,149.977,23.505,80.808,373,84.771,25.416,Normal,0,0
A017,2025-01-08 13:00:00,A017-PMP,Fuel Pump,73.697,2.904,71.127,51.744,1829.266,152.601,23.947,82.464,313,63.415,29.256,Normal,0,1
A017,2025-01-08 15:00:00,A017-PMP,Fuel Pump,80.08,3.151,70.713,53.784,1787.31,145.533,23.637,80.089,320,65.054,28.448,Normal,0,1
A017,2025-01-08 21:00:00,A017-PMP,Fuel Pump,91.873,6.161,57.366,55.17,1784.122,144.977,23.432,80.976,597,51.085,35.98,Warning,1,1
A017,2025-01-09 06:00:00,A017-PMP,Fuel Pump,81.25,3.374,70.309,53.42,1830.858,146.217,23.102,78.45,298,76.535,30.04,Warning,1,1
A017,2025-01-09 08:00:00,A017-PMP,Fuel Pump,81.41,3.792,67.345,57.052,2014.209,143.304,23.53,78.742,545,74.929,38.223,Warning,1,1
A017,2025-01-09 12:00:00,A017-PMP,Fuel Pump,76.553,3.122,74.383,50.621,1800.932,148.05,23.642,77.552,636,50.965,27.148,Normal,0,1
A017,2025-01-09 13:00:00,A017-PMP,Fuel Pump,77.797,3.454,77.369,54.387,1848.25,155.271,23.712,80.459,592,60.076,30.364,Normal,0,0
A017,2025-01-09 20:00:00,A017-PMP,Fuel Pump,81.91,3.3,70.818,56.166,1822.111,146.619,23.315,80.299,340,68.284,35.763,Normal,0,0
A017,2025-01-09 21:00:00,A017-PMP,Fuel Pump,81.582,3.082,72.441,50.154,1777.706,145.257,23.351,79.495,422,73.686,26.592,Normal,0,1
A017,2025-01-09 23:00:00,A017-PMP,Fuel Pump,79.667,3.756,68.202,48.798,1736.604,146.914,23.269,78.855,605,83.059,36.273,Warning,1,0
A017,2025-01-10 00:00:00,A017-PMP,Fuel Pump,81.038,3.126,75.247,51.552,1797.471,146.992,23.437,79.249,614,73.614,25.814,Normal,0,0
A017,2025-01-10 01:00:00,A017-PMP,Fuel Pump,79.638,3.473,74.631,53.795,1872.285,142.467,23.542,80.025,440,76.652,32.414,Warning,1,1
A017,2025-01-10 02:00:00,A017-PMP,Fuel Pump,80.617,3.776,66.739,51.813,1798.402,142.576,23.262,80.847,597,82.514,33.623,Warning,1,1
A017,2025-01-10 05:00:00,A017-PMP,Fuel Pump,79.504,3.403,69.105,53.688,1995.183,145.536,23.053,81.473,366,76.004,30.519,Warning,1,1
A017,2025-01-10 07:00:00,A017-PMP,Fuel Pump,83.432,4.378,68.15,53.464,1774.019,148.999,22.767,78.465,578,83.98,37.322,Warning,1,0
A017,2025-01-10 11:00:00,A017-PMP,Fuel Pump,76.022,3.745,70.737,55.512,1712.484,149.315,22.7,83.373,721,73.948,28.189,Warning,1,0
A017,2025-01-10 17:00:00,A017-PMP,Fuel Pump,78.493,3.514,72.02,56.982,1838.555,148.201,23.341,79.699,528,68.845,27.378,Normal,0,1
A017,2025-01-10 22:00:00,A017-PMP,Fuel Pump,81.5,3.38,72.367,56.925,1887.229,149.232,22.98,79.948,533,75.74,27.835,Warning,1,0
A017,2025-01-11 00:00:00,A017-PMP,Fuel Pump,80.056,3.933,70.622,52.214,1807.672,148.393,23.663,78.412,650,78.602,34.936,Warning,1,0
A017,2025-01-11 03:00:00,A017-PMP,Fuel Pump,96.631,5.01,61.635,53.272,1751.271,137.118,23.269,77.702,522,69.135,26.618,Warning,1,1
A017,2025-01-11 11:00:00,A017-PMP,Fuel Pump,79.443,3.641,73.397,57.197,1762.047,143.379,22.969,80.398,741,69.943,30.848,Warning,1,1
A017,2025-01-11 13:00:00,A017-PMP,Fuel Pump,84.369,3.465,71.242,51.096,1708.795,148.467,23.58,79.256,423,82.653,36.068,Warning,1,0
A017,2025-01-11 17:00:00,A017-PMP,Fuel Pump,79.442,4.091,68.52,51.136,1875.295,140.623,23.381,79.912,545,89.607,39.054,Warning,1,1
A017,2025-01-12 02:00:00,A017-PMP,Fuel Pump,84.166,3.677,72.905,53.995,1818.418,145.886,23.653,78.698,635,74.558,37.671,Warning,1,1
A017,2025-01-12 03:00:00,A017-PMP,Fuel Pump,79.176,3.93,74.704,51.857,1851.296,147.863,23.066,84.05,382,70.949,24.71,Warning,1,1
A017,2025-01-12 04:00:00,A017-PMP,Fuel Pump,80.375,3.189,70.093,53.334,1716.142,142.194,22.831,81.378,429,68.672,21.581,Warning,1,1
A017,2025-01-12 07:00:00,A017-PMP,Fuel Pump,82.325,3.758,71.452,54.891,1674.34,145.7,23.567,77.18,631,62.64,33.537,Warning,1,1
A017,2025-01-12 08:00:00,A017-PMP,Fuel Pump,80.754,3.729,71.913,51.182,1793.103,141.896,23.588,78.679,516,72.201,33.965,Warning,1,0
A017,2025-01-12 12:00:00,A017-PMP,Fuel Pump,81.882,3.327,69.214,52.645,1670.111,155.829,22.573,77.65,398,80.552,27.903,Warning,1,0
A017,2025-01-12 14:00:00,A017-PMP,Fuel Pump,79.659,3.458,71.535,50.079,1794.151,147.911,23.061,82.26,564,75.043,27.996,Warning,1,0
A017,2025-01-12 15:00:00,A017-PMP,Fuel Pump,76.384,3.375,69.138,53.108,1804.997,143.734,23.175,83.678,490,71.796,25.096,Warning,1,0
A017,2025-01-12 16:00:00,A017-PMP,Fuel Pump,83.661,3.436,73.232,53.327,1848.405,149.892,23.519,83.556,496,65.693,33.4,Warning,1,0
A017,2025-01-12 17:00:00,A017-PMP,Fuel Pump,85.126,3.592,68.481,54.003,1752.436,148.064,23.181,79.986,623,82.411,21.471,Warning,1,1
A017,2025-01-12 20:00:00,A017-PMP,Fuel Pump,84.274,4.075,70.9,53.936,1865.735,145.744,22.869,79.871,409,72.939,25.655,Warning,1,0
A017,2025-01-12 23:00:00,A017-PMP,Fuel Pump,81.536,3.584,72.406,53.131,1849.258,144.117,23.267,81.099,472,72.461,24.589,Warning,1,1
A017,2025-01-13 01:00:00,A017-PMP,Fuel Pump,77.819,3.733,68.445,54.309,1769.509,142.188,23.182,82.145,406,73.989,24.577,Warning,1,1
A017,2025-01-13 02:00:00,A017-PMP,Fuel Pump,78.144,3.988,71.698,52.219,1649.977,146.587,22.48,81.325,516,80.609,28.976,Warning,1,0
A017,2025-01-13 06:00:00,A017-PMP,Fuel Pump,79.768,3.223,68.202,51.606,1756.958,145.687,22.459,83.956,599,76.769,28.043,Warning,1,1
A017,2025-01-13 08:00:00,A017-PMP,Fuel Pump,86.444,4.257,74.121,52.848,1866.109,148.361,23.16,83.257,763,68.55,22.309,Warning,1,1
A017,2025-01-13 09:00:00,A017-PMP,Fuel Pump,81.551,4.239,70.145,51.007,1688.979,145.575,23.033,80.088,624,75.863,21.778,Warning,1,0
A017,2025-01-13 11:00:00,A017-PMP,Fuel Pump,81.183,3.745,69.692,51.3,1777.033,147.644,23.204,85.256,503,69.885,31.147,Warning,1,1
A017,2025-01-13 12:00:00,A017-PMP,Fuel Pump,83.918,4.357,72.82,51.959,1887.167,140.286,23.251,87.571,752,78.369,28.633,Warning,1,1
A017,2025-01-14 01:00:00,A017-PMP,Fuel Pump,80.387,3.441,69.492,50.236,1746.056,145.404,23.404,81.018,465,80.464,31.162,Warning,1,1
A017,2025-01-14 05:00:00,A017-PMP,Fuel Pump,82.929,3.723,68.736,51.247,1862.359,142.503,23.065,82.085,672,91.569,35.353,Warning,1,0
A017,2025-01-14 06:00:00,A017-PMP,Fuel Pump,86.035,4.12,66.269,53.731,1793.58,153.754,22.717,84.365,692,66.306,40.812,Warning,1,0
A017,2025-01-14 08:00:00,A017-PMP,Fuel Pump,83.092,3.155,68.886,49.77,1639.841,143.34,22.997,80.218,603,76.538,30.303,Warning,1,1
A017,2025-01-14 11:00:00,A017-PMP,Fuel Pump,80.978,3.498,69.766,51.963,1794.71,148.285,22.802,83.826,543,84.738,20.868,Warning,1,0
A017,2025-01-14 14:00:00,A017-PMP,Fuel Pump,93.9,5.611,58.749,48.938,2040.275,124.081,23.331,81.637,794,57.587,31.322,Warning,1,1
A017,2025-01-14 21:00:00,A017-PMP,Fuel Pump,103.957,6.301,57.686,49.532,1932.54,134.077,22.78,86.927,600,70.663,30.612,Warning,1,1
A017,2025-01-15 08:00:00,A017-PMP,Fuel Pump,88.476,3.724,70.506,51.899,1714.537,145.596,23.181,81.928,449,86.659,28.035,Warning,1,1
A017,2025-01-15 11:00:00,A017-PMP,Fuel Pump,94.2,7.004,59.18,52.995,1900.073,141.406,23.205,83.384,577,75.453,29.327,Warning,1,1
A017,2025-01-15 15:00:00,A017-PMP,Fuel Pump,77.995,3.723,66.736,53.34,1684.304,148.258,22.838,85.218,548,59.022,29.005,Warning,1,1
A017,2025-01-15 21:00:00,A017-PMP,Fuel Pump,87.523,3.718,63.911,58.339,1826.737,144.047,22.697,85.034,750,69.365,26.909,Warning,1,1
A017,2025-01-16 00:00:00,A017-PMP,Fuel Pump,84.396,3.739,68.877,50.659,1780.58,143.93,23.295,86.324,832,83.334,22.617,Warning,1,1
A017,2025-01-16 03:00:00,A017-PMP,Fuel Pump,79.539,4.292,73.898,51.781,1756.069,144.297,23.173,86.102,827,83.524,28.703,Warning,1,0
A017,2025-01-16 07:00:00,A017-PMP,Fuel Pump,80.428,3.635,70.481,53.147,2015.498,145.541,22.302,87.095,494,87.57,26.2,Warning,1,0
A017,2025-01-16 10:00:00,A017-PMP,Fuel Pump,80.763,3.738,67.266,52.214,1853.773,146.306,22.658,84.045,811,72.755,27.78,Warning,1,0
A017,2025-01-16 11:00:00,A017-PMP,Fuel Pump,82.801,3.997,70.614,51.943,1767.824,149.382,23.112,84.197,837,72.037,22.084,Warning,1,1
A017,2025-01-16 12:00:00,A017-PMP,Fuel Pump,87.377,3.876,64.462,53.19,1791.423,144.762,23.178,87.318,601,84.158,27.951,Warning,1,1
A017,2025-01-16 21:00:00,A017-PMP,Fuel Pump,89.031,4.535,69.635,50.368,1832.982,146.14,22.668,88.548,525,85.198,24.043,Warning,1,1
A017,2025-01-17 03:00:00,A017-PMP,Fuel Pump,84.534,4.25,73.024,52.471,1841.143,148.536,23.009,81.353,584,74.282,33.525,Warning,1,0
A017,2025-01-17 08:00:00,A017-PMP,Fuel Pump,84.996,4.682,69.242,53.493,1658.056,144.55,23.22,85.03,635,80.19,20.567,Warning,1,1
A017,2025-01-17 12:00:00,A017-PMP,Fuel Pump,85.949,3.541,66.174,50.324,1873.802,143.523,22.79,84.583,751,78.971,40.502,Warning,1,0
A018,2025-01-01 00:00:00,A018-PMP,Fuel Pump,72.232,2.045,81.181,51.573,1869.31,154.928,23.737,73.448,228,60.492,31.93,Normal,0,0
A018,2025-01-01 01:00:00,A018-PMP,Fuel Pump,70.318,2.13,80.663,55.051,1943.685,150.443,23.33,76.255,305,48.47,29.146,Normal,0,0
A018,2025-01-01 02:00:00,A018-PMP,Fuel Pump,71.587,2.675,79.304,52.41,1835.695,148.732,24.006,73.133,373,50.362,27.101,Normal,0,0
A018,2025-01-01 03:00:00,A018-PMP,Fuel Pump,68.562,1.883,79.534,55.616,1752.612,149.16,24.194,77.216,337,47.666,33.058,Normal,0,0
A018,2025-01-01 08:00:00,A018-PMP,Fuel Pump,74.428,2.227,81.8,51.17,1793.164,142.961,23.217,73.41,256,62.629,25.97,Normal,0,0
A018,2025-01-01 13:00:00,A018-PMP,Fuel Pump,76.413,2.191,77.956,52.947,1743.119,143.398,23.804,75.067,170,52.779,20.892,Normal,0,0
A018,2025-01-01 20:00:00,A018-PMP,Fuel Pump,71.371,1.964,78.47,58.014,1740.521,150.145,23.578,76.304,263,58.819,31.436,Normal,0,0
A018,2025-01-02 06:00:00,A018-PMP,Fuel Pump,74.234,2.194,78.57,53.171,1889.526,154.511,23.986,78.605,515,45.072,34.596,Normal,0,1
A018,2025-01-02 07:00:00,A018-PMP,Fuel Pump,70.872,1.918,73.994,54.784,1707.644,157.511,24.516,69.776,142,62.566,26.091,Normal,0,0
A018,2025-01-02 11:00:00,A018-PMP,Fuel Pump,76.085,2.651,76.205,54.154,1726.442,155.439,24.043,73.871,208,46.235,25.279,Normal,0,0
A018,2025-01-02 12:00:00,A018-PMP,Fuel Pump,72.162,2.379,73.656,51.322,1756.872,145.986,24.036,75.206,409,55.533,32.502,Normal,0,0
A018,2025-01-02 14:00:00,A018-PMP,Fuel Pump,72.547,2.612,75.547,54.913,1811.947,157.572,23.818,74.848,374,50.178,38.258,Normal,0,0
A018,2025-01-02 16:00:00,A018-PMP,Fuel Pump,73.546,1.928,76.749,55.575,1837.49,150.945,24.397,75.846,230,62.912,30.302,Normal,0,0
A018,2025-01-02 21:00:00,A018-PMP,Fuel Pump,71.257,2.37,80.17,52.725,1753.017,142.859,24.063,75.332,529,48.386,36.48,Normal,0,0
A018,2025-01-03 01:00:00,A018-PMP,Fuel Pump,70.682,2.617,77.607,54.04,1609.717,150.54,24.032,78.743,491,43.85,31.325,Normal,0,0
A018,2025-01-03 02:00:00,A018-PMP,Fuel Pump,69.382,1.937,77.161,53.24,1798.458,151.881,24.057,77.823,293,48.547,27.425,Normal,0,0
A018,2025-01-03 09:00:00,A018-PMP,Fuel Pump,71.73,2.042,76.76,53.694,1631.884,151.695,23.922,79.391,310,40.565,24.93,Normal,0,0
A018,2025-01-03 12:00:00,A018-PMP,Fuel Pump,73.373,3.072,81.819,53.756,1690.103,147.254,23.01,76.571,501,59.155,30.122,Normal,0,0
A018,2025-01-04 00:00:00,A018-PMP,Fuel Pump,90.057,4.919,58.021,58.369,1816.657,125.963,23.208,77.234,285,47.856,36.16,Warning,1,0
A018,2025-01-04 01:00:00,A018-PMP,Fuel Pump,73.242,2.669,80.962,51.785,1740.151,149.9,23.78,75.595,417,36.446,28.576,Normal,0,0
A018,2025-01-04 04:00:00,A018-PMP,Fuel Pump,76.987,2.634,78.615,56.517,1802.93,152.525,24.054,75.82,534,51.056,27.717,Normal,0,0
A018,2025-01-04 05:00:00,A018-PMP,Fuel Pump,76.589,2.0,77.778,56.851,1767.989,149.633,23.693,75.034,504,49.366,26.794,Normal,0,0
A018,2025-01-04 06:00:00,A018-PMP,Fuel Pump,72.234,2.262,76.535,52.912,1765.118,145.39,24.012,73.227,216,54.038,25.581,Normal,0,0
A018,2025-01-04 09:00:00,A018-PMP,Fuel Pump,74.274,2.962,74.536,54.692,1795.217,147.63,23.211,74.107,331,62.929,34.266,Normal,0,0
A018,2025-01-04 13:00:00,A018-PMP,Fuel Pump,70.023,2.427,77.232,57.644,1826.071,150.468,23.553,77.831,327,46.137,30.819,Normal,0,0
A018,2025-01-04 17:00:00,A018-PMP,Fuel Pump,76.682,2.172,75.068,53.96,1934.684,150.841,23.499,77.571,203,48.474,37.397,Normal,0,0
A018,2025-01-04 23:00:00,A018-PMP,Fuel Pump,77.226,2.742,71.428,51.458,1805.27,155.493,23.574,74.612,423,59.795,38.138,Normal,0,0
A018,2025-01-05 00:00:00,A018-PMP,Fuel Pump,70.521,2.12,74.51,54.604,1773.898,146.367,24.017,79.031,572,65.079,30.265,Normal,0,0
A018,2025-01-05 01:00:00,A018-PMP,Fuel Pump,70.886,2.75,79.122,52.681,1853.93,149.744,23.869,79.314,309,54.986,35.781,Normal,0,0
A018,2025-01-05 10:00:00,A018-PMP,Fuel Pump,71.665,2.387,75.628,55.153,1919.171,146.597,23.534,80.158,575,49.59,15.704,Normal,0,0
A018,2025-01-05 11:00:00,A018-PMP,Fuel Pump,74.9,2.496,72.247,53.687,1774.945,147.978,23.867,80.611,289,53.302,28.766,Normal,0,0
A018,2025-01-05 13:00:00,A018-PMP,Fuel Pump,74.586,2.437,73.115,53.071,1696.124,150.661,23.805,78.808,387,46.177,19.813,Normal,0,0
A018,2025-01-05 14:00:00,A018-PMP,Fuel Pump,70.855,2.727,79.025,53.975,1743.87,147.567,24.065,79.782,417,52.275,30.474,Normal,0,0
A018,2025-01-05 17:00:00,A018-PMP,Fuel Pump,74.136,2.782,76.924,51.46,1765.326,149.913,23.589,81.542,572,60.452,33.457,Normal,0,0
A018,2025-01-05 21:00:00,A018-PMP,Fuel Pump,72.506,2.389,76.355,54.936,1744.548,144.529,23.575,76.901,469,67.977,19.662,Normal,0,0
A018,2025-01-06 01:00:00,A018-PMP,Fuel Pump,76.872,2.114,79.367,55.283,1816.644,151.579,22.994,78.695,611,42.833,31.515,Normal,0,0
A018,2025-01-06 08:00:00,A018-PMP,Fuel Pump,76.527,2.858,73.487,52.001,1768.842,147.203,23.234,78.269,292,58.141,31.038,Normal,0,1
A018,2025-01-06 09:00:00,A018-PMP,Fuel Pump,75.783,2.727,74.352,57.524,1928.567,150.796,23.979,78.677,248,52.196,35.222,Normal,0,0
A018,2025-01-06 16:00:00,A018-PMP,Fuel Pump,74.114,3.063,74.339,55.781,1668.274,149.643,23.308,75.726,367,55.582,23.923,Normal,0,0
A018,2025-01-06 17:00:00,A018-PMP,Fuel Pump,74.824,2.847,74.673,56.212,1983.979,143.856,24.147,77.323,354,52.069,34.232,Normal,0,0
A018,2025-01-06 19:00:00,A018-PMP,Fuel Pump,79.835,3.058,74.265,50.099,1748.668,143.133,23.831,78.594,357,51.624,29.571,Normal,0,0
A018,2025-01-06 20:00:00,A018-PMP,Fuel Pump,73.331,2.695,74.391,52.349,1874.547,143.293,23.516,76.742,396,67.284,26.535,Normal,0,0
A018,2025-01-06 21:00:00,A018-PMP,Fuel Pump,77.815,2.473,77.387,51.939,1897.756,151.765,23.771,80.191,443,58.423,30.569,Normal,0,0
A018,2025-01-07 00:00:00,A018-PMP,Fuel Pump,75.88,2.268,71.523,51.908,1915.772,144.784,23.291,79.16,520,61.11,23.934,Normal,0,0
A018,2025-01-07 02:00:00,A018-PMP,Fuel Pump,72.02,2.207,77.001,52.94,1964.642,143.213,23.398,78.908,596,52.642,25.744,Normal,0,0
A018,2025-01-07 08:00:00,A018-PMP,Fuel Pump,76.45,2.973,75.699,49.061,1759.391,147.191,23.299,76.599,456,53.084,34.2,Normal,0,0
A018,2025-01-07 13:00:00,A018-PMP,Fuel Pump,77.727,2.676,81.845,56.218,1781.609,143.271,23.159,77.8,573,71.491,28.294,Normal,0,0
A018,2025-01-07 14:00:00,A018-PMP,Fuel Pump,74.45,3.227,78.058,50.885,1647.696,151.125,23.89,77.029,316,53.694,35.329,Normal,0,0
A018,2025-01-07 16:00:00,A018-PMP,Fuel Pump,75.034,2.884,74.78,52.662,1808.97,150.854,23.19,75.761,333,49.19,27.489,Normal,0,0
A018,2025-01-07 18:00:00,A018-PMP,Fuel Pump,76.577,3.11,75.248,55.206,1705.617,154.034,23.718,80.412,517,52.196,33.418,Normal,0,0
A018,2025-01-07 21:00:00,A018-PMP,Fuel Pump,73.147,2.707,74.411,53.235,1787.064,141.539,23.607,78.451,328,47.598,24.151,Normal,0,0
A018,2025-01-08 04:00:00,A018-PMP,Fuel Pump,76.272,3.674,74.668,54.542,1980.098,139.907,24.003,78.078,509,46.723,31.6,Normal,0,0
A018,2025-01-08 05:00:00,A018-PMP,Fuel Pump,75.793,3.403,79.197,54.624,1833.202,152.619,23.501,76.893,511,57.624,28.381,Normal,0,0
A018,2025-01-08 16:00:00,A018-PMP,Fuel Pump,70.737,3.068,77.811,55.751,1831.842,142.335,24.141,76.93,609,50.678,27.431,Normal,0,0
A018,2025-01-09 03:00:00,A018-PMP,Fuel Pump,86.608,4.485,64.206,54.731,1887.508,130.547,23.465,81.486,540,54.7,25.966,Warning,1,0
A018,2025-01-09 18:00:00,A018-PMP,Fuel Pump,72.548,3.295,76.589,54.155,1804.336,148.276,23.673,80.687,485,82.206,26.83,Normal,0,0
A018,2025-01-09 23:00:00,A018-PMP,Fuel Pump,75.476,2.661,72.843,50.483,1703.762,145.846,23.751,84.436,468,68.383,31.206,Normal,0,1
A018,2025-01-10 01:00:00,A018-PMP,Fuel Pump,79.728,3.186,77.115,51.357,1762.266,143.393,23.694,83.386,552,60.728,40.71,Normal,0,0
A018,2025-01-10 02:00:00,A018-PMP,Fuel Pump,78.592,2.435,75.438,53.038,1775.943,146.733,23.687,80.45,586,52.049,30.34,Normal,0,0
A018,2025-01-10 06:00:00,A018-PMP,Fuel Pump,80.098,3.706,73.15,55.9,1915.073,151.493,23.39,78.717,409,59.093,24.402,Normal,0,0
A018,2025-01-10 11:00:00,A018-PMP,Fuel Pump,79.705,2.517,79.748,54.657,1863.288,145.612,23.323,86.07,352,52.991,27.177,Normal,0,0
A018,2025-01-10 12:00:00,A018-PMP,Fuel Pump,78.931,2.614,76.516,54.817,1806.535,144.643,23.416,80.141,634,61.423,30.103,Normal,0,1
A018,2025-01-10 13:00:00,A018-PMP,Fuel Pump,75.505,3.232,74.092,52.797,1958.294,143.665,23.54,83.166,380,53.075,29.172,Normal,0,0
A018,2025-01-10 16:00:00,A018-PMP,Fuel Pump,78.099,2.571,78.91,52.031,1726.938,148.976,23.653,82.732,333,48.066,38.137,Normal,0,0
A018,2025-01-10 20:00:00,A018-PMP,Fuel Pump,79.473,2.939,73.581,55.234,1674.107,151.342,23.286,80.021,697,76.682,34.218,Normal,0,0
A018,2025-01-11 03:00:00,A018-PMP,Fuel Pump,78.429,3.405,76.074,54.609,1892.291,148.168,23.385,81.972,430,52.178,19.445,Normal,0,0
A018,2025-01-11 05:00:00,A018-PMP,Fuel Pump,73.596,2.681,75.231,54.079,1851.423,149.79,23.968,79.837,417,65.98,33.741,Normal,0,0
A018,2025-01-11 11:00:00,A018-PMP,Fuel Pump,75.034,3.048,69.9,53.327,1684.515,152.015,23.912,79.912,405,50.445,27.577,Normal,0,0
A018,2025-01-11 15:00:00,A018-PMP,Fuel Pump,84.688,2.883,70.471,53.437,1822.022,149.962,23.301,77.86,474,57.386,35.317,Normal,0,0
A018,2025-01-12 10:00:00,A018-PMP,Fuel Pump,78.126,2.603,73.363,51.394,1913.705,144.914,23.583,81.697,689,59.178,35.683,Normal,0,0
A018,2025-01-12 16:00:00,A018-PMP,Fuel Pump,77.344,3.59,73.529,52.301,1706.763,150.355,23.38,82.443,767,55.418,32.303,Normal,0,0
A018,2025-01-12 17:00:00,A018-PMP,Fuel Pump,77.869,2.807,73.685,54.498,1973.21,148.374,23.613,82.265,722,70.618,27.183,Normal,0,1
A018,2025-01-12 18:00:00,A018-PMP,Fuel Pump,84.575,3.246,72.403,60.621,1903.31,152.498,23.293,79.999,622,63.492,30.425,Normal,0,1
A018,2025-01-12 20:00:00,A018-PMP,Fuel Pump,92.532,7.045,60.16,52.426,1781.618,131.744,23.312,81.103,631,69.614,24.024,Warning,1,1
A018,2025-01-13 00:00:00,A018-PMP,Fuel Pump,77.663,3.412,73.727,49.215,1763.307,142.161,23.568,80.573,444,59.888,29.813,Normal,0,0
A018,2025-01-13 04:00:00,A018-PMP,Fuel Pump,78.734,3.551,73.385,56.154,1751.478,143.859,22.66,79.643,600,59.468,25.84,Normal,0,0
A018,2025-01-13 05:00:00,A018-PMP,Fuel Pump,83.706,3.19,75.244,51.003,1762.648,147.452,23.258,84.044,697,55.264,43.018,Normal,0,0
A018,2025-01-13 09:00:00,A018-PMP,Fuel Pump,79.253,2.662,75.13,52.758,1956.642,141.107,23.036,79.201,549,66.917,30.511,Normal,0,0
A018,2025-01-13 11:00:00,A018-PMP,Fuel Pump,76.711,2.997,70.93,48.103,1782.172,145.605,23.269,83.179,700,52.355,21.435,Normal,0,1
A018,2025-01-13 13:00:00,A018-PMP,Fuel Pump,81.495,2.903,74.334,50.81,1877.804,148.669,23.44,81.542,620,72.166,30.573,Normal,0,0
A018,2025-01-14 06:00:00,A018-PMP,Fuel Pump,80.933,3.503,73.819,55.003,1754.34,147.597,22.601,81.355,724,62.807,32.96,Normal,0,0
A018,2025-01-14 07:00:00,A018-PMP,Fuel Pump,78.183,3.327,80.301,52.986,1674.112,140.951,23.287,79.849,658,68.942,28.325,Normal,0,0
A018,2025-01-14 09:00:00,A018-PMP,Fuel Pump,77.246,3.548,67.335,50.735,1780.63,144.37,23.056,80.333,655,82.81,38.098,Warning,1,1
A018,2025-01-14 12:00:00,A018-PMP,Fuel Pump,84.367,3.172,74.64,54.776,1568.632,152.032,22.64,82.185,444,76.374,27.721,Warning,1,0
A018,2025-01-14 14:00:00,A018-PMP,Fuel Pump,79.118,2.616,72.486,55.526,1889.955,144.74,22.896,82.373,520,65.314,29.986,Normal,0,1
A018,2025-01-14 23:00:00,A018-PMP,Fuel Pump,82.586,3.125,72.476,49.375,1618.779,145.443,22.907,86.891,691,64.478,31.418,Normal,0,0
A018,2025-01-15 03:00:00,A018-PMP,Fuel Pump,96.502,7.429,56.673,54.343,1816.131,133.53,22.792,83.472,642,57.317,35.602,Warning,1,1
A018,2025-01-15 05:00:00,A018-PMP,Fuel Pump,76.39,3.478,71.011,51.975,1626.153,150.837,22.486,84.434,548,64.411,28.611,Normal,0,0
A018,2025-01-15 07:00:00,A018-PMP,Fuel Pump,79.921,4.572,71.55,50.939,2004.45,145.608,22.598,83.245,446,83.589,31.268,Warning,1,1
A018,2025-01-15 08:00:00,A018-PMP,Fuel Pump,83.368,3.647,73.783,49.144,1705.042,139.509,22.848,86.522,577,54.146,24.025,Normal,0,0
A018,2025-01-15 10:00:00,A018-PMP,Fuel Pump,81.048,4.095,72.566,50.897,1660.074,144.351,23.103,80.733,460,77.74,27.941,Warning,1,1
A018,2025-01-15 12:00:00,A018-PMP,Fuel Pump,85.545,3.138,72.187,53.747,1816.789,141.797,22.812,83.655,452,59.863,29.066,Normal,0,0
A018,2025-01-15 17:00:00,A018-PMP,Fuel Pump,83.157,3.819,69.503,54.209,1803.479,144.602,22.714,84.272,812,58.297,25.827,Warning,1,0
A018,2025-01-16 02:00:00,A018-PMP,Fuel Pump,82.975,3.696,75.923,52.907,1806.703,146.589,22.851,83.986,722,65.388,31.331,Warning,1,0
A018,2025-01-16 11:00:00,A018-PMP,Fuel Pump,78.998,3.16,71.781,51.41,1895.623,148.486,22.861,81.65,715,68.634,42.761,Warning,1,0
A018,2025-01-16 15:00:00,A018-PMP,Fuel Pump,81.927,4.22,66.466,50.74,1825.576,144.783,22.722,85.452,658,53.931,28.425,Warning,1,1
A018,2025-01-16 22:00:00,A018-PMP,Fuel Pump,83.594,3.136,69.219,51.067,1770.191,144.6,22.855,83.319,562,51.526,25.805,Normal,0,0
A018,2025-01-17 00:00:00,A018-PMP,Fuel Pump,81.517,3.759,67.176,50.408,1883.478,145.801,22.314,89.591,578,69.221,25.544,Warning,1,1
A018,2025-01-17 01:00:00,A018-PMP,Fuel Pump,81.117,3.651,66.122,53.504,1708.031,149.006,22.901,86.666,764,72.275,34.527,Warning,1,1
A018,2025-01-17 07:00:00,A018-PMP,Fuel Pump,78.94,3.496,70.03,53.15,1723.422,145.997,22.934,86.143,758,70.47,26.028,Warning,1,1
A018,2025-01-17 09:00:00,A018-PMP,Fuel Pump,78.81,3.659,73.466,54.427,1738.821,139.181,22.782,85.545,743,68.495,31.755,Warning,1,0
A018,2025-01-17 11:00:00,A018-PMP,Fuel Pump,84.526,3.388,71.242,50.898,1730.267,143.752,22.706,84.313,676,73.326,19.762,Warning,1,1
A018,2025-01-17 12:00:00,A018-PMP,Fuel Pump,79.375,3.188,71.417,53.774,1718.483,137.219,22.844,82.889,661,83.769,28.67,Warning,1,1
A018,2025-01-17 15:00:00,A018-PMP,Fuel Pump,82.485,3.005,70.227,53.043,1878.248,141.975,23.478,81.653,605,75.265,32.232,Warning,1,0
A019,2025-01-01 00:00:00,A019-PMP,Fuel Pump,76.997,2.085,75.89,55.028,1778.052,145.866,24.178,75.303,416,66.766,33.587,Normal,0,0
A019,2025-01-01 01:00:00,A019-PMP,Fuel Pump,72.014,2.352,79.553,55.196,1797.046,149.584,24.36,72.974,491,54.232,37.313,Normal,0,0
A019,2025-01-01 04:00:00,A019-PMP,Fuel Pump,74.306,2.892,74.799,57.58,1862.483,154.093,24.324,74.291,381,68.568,36.447,Normal,0,1
A019,2025-01-01 09:00:00,A019-PMP,Fuel Pump,80.134,5.153,71.324,53.324,1653.087,136.414,24.084,74.919,255,45.103,35.532,Warning,1,1
A019,2025-01-01 11:00:00,A019-PMP,Fuel Pump,71.629,2.874,76.114,50.851,1860.003,154.448,23.93,74.179,111,61.599,20.036,Normal,0,0
A019,2025-01-01 14:00:00,A019-PMP,Fuel Pump,74.663,3.178,74.591,55.669,1844.418,149.313,23.462,78.349,449,55.766,32.246,Normal,0,0
A019,2025-01-01 17:00:00,A019-PMP,Fuel Pump,75.393,2.092,74.472,57.156,1851.332,138.253,24.448,75.455,489,54.866,25.575,Normal,0,0
A019,2025-01-01 20:00:00,A019-PMP,Fuel Pump,76.12,2.003,75.765,54.812,1816.901,150.023,23.745,75.696,242,78.235,32.835,Normal,0,0
A019,2025-01-02 03:00:00,A019-PMP,Fuel Pump,74.557,2.727,79.424,53.304,1887.981,150.293,23.459,75.488,419,55.441,17.745,Normal,0,1
A019,2025-01-02 04:00:00,A019-PMP,Fuel Pump,76.501,3.041,74.174,53.314,1658.261,151.689,23.725,78.033,441,64.148,32.459,Normal,0,0
A019,2025-01-02 06:00:00,A019-PMP,Fuel Pump,70.123,2.872,74.692,53.817,1755.309,154.808,23.868,76.587,305,42.577,24.252,Normal,0,1
A019,2025-01-02 13:00:00,A019-PMP,Fuel Pump,79.94,1.981,77.891,56.808,2000.463,147.478,23.928,75.004,464,70.633,26.152,Normal,0,0
A019,2025-01-02 17:00:00,A019-PMP,Fuel Pump,73.676,2.25,74.758,53.811,1898.614,148.292,23.751,77.555,439,56.893,24.57,Normal,0,0
A019,2025-01-02 19:00:00,A019-PMP,Fuel Pump,72.289,3.04,75.601,52.922,1864.89,155.697,23.806,77.376,401,68.606,40.427,Normal,0,0
A019,2025-01-02 21:00:00,A019-PMP,Fuel Pump,75.411,2.869,76.995,54.737,1679.578,144.394,23.619,78.478,498,68.635,23.524,Normal,0,0
A019,2025-01-03 05:00:00,A019-PMP,Fuel Pump,78.343,2.317,77.081,54.679,1797.599,152.487,24.012,78.069,164,61.755,31.853,Normal,0,0
A019,2025-01-03 09:00:00,A019-PMP,Fuel Pump,75.028,2.593,77.64,56.202,1756.242,149.993,23.687,77.345,202,51.759,31.033,Normal,0,0
A019,2025-01-03 10:00:00,A019-PMP,Fuel Pump,75.451,2.555,71.982,54.056,1856.688,151.923,23.609,78.415,355,67.905,25.369,Normal,0,0
A019,2025-01-03 11:00:00,A019-PMP,Fuel Pump,75.333,3.096,79.047,55.702,1775.256,150.75,23.588,75.241,427,45.483,34.391,Normal,0,0
A019,2025-01-03 18:00:00,A019-PMP,Fuel Pump,74.837,2.967,74.573,54.964,1911.891,152.876,23.599,78.864,289,48.537,29.875,Normal,0,0
A019,2025-01-03 19:00:00,A019-PMP,Fuel Pump,76.217,3.19,74.414,56.192,1737.614,147.755,23.803,76.441,182,66.103,42.171,Normal,0,1
A019,2025-01-03 23:00:00,A019-PMP,Fuel Pump,81.443,3.002,73.17,53.298,1827.01,139.824,23.56,78.522,249,45.721,32.654,Normal,0,0
A019,2025-01-04 01:00:00,A019-PMP,Fuel Pump,69.761,2.456,74.073,56.6,1801.985,153.636,23.436,73.129,333,65.421,28.903,Normal,0,0
A019,2025-01-04 06:00:00,A019-PMP,Fuel Pump,75.486,2.026,71.582,54.557,1788.264,148.013,23.999,76.211,227,49.704,22.353,Normal,0,0
A019,2025-01-04 07:00:00,A019-PMP,Fuel Pump,78.965,2.844,72.856,56.102,1872.888,147.305,24.214,79.067,247,56.627,29.813,Normal,0,1
A019,2025-01-04 14:00:00,A019-PMP,Fuel Pump,75.782,2.689,75.111,55.365,1680.918,147.985,23.736,78.37,240,55.776,28.736,Normal,0,1
A019,2025-01-04 18:00:00,A019-PMP,Fuel Pump,75.632,2.617,78.08,53.339,1666.789,154.335,23.413,76.643,418,67.405,26.64,Normal,0,0
A019,2025-01-04 19:00:00,A019-PMP,Fuel Pump,76.322,2.734,79.02,55.815,1641.854,146.994,23.997,72.512,495,53.091,35.298,Normal,0,0
A019,2025-01-04 21:00:00,A019-PMP,Fuel Pump,77.456,3.419,75.599,53.285,1714.607,147.181,24.149,77.539,571,48.292,25.101,Normal,0,0
A019,2025-01-05 03:00:00,A019-PMP,Fuel Pump,76.486,3.451,74.74,54.617,1735.687,158.256,24.488,80.944,349,77.082,25.594,Normal,0,1
A019,2025-01-05 17:00:00,A019-PMP,Fuel Pump,75.539,3.18,76.662,54.976,2046.782,145.593,24.104,80.159,605,49.533,32.741,Normal,0,0
A019,2025-01-05 19:00:00,A019-PMP,Fuel Pump,76.536,2.943,73.586,53.331,1861.021,143.037,24.08,76.601,584,58.407,25.302,Normal,0,0
A019,2025-01-06 03:00:00,A019-PMP,Fuel Pump,75.045,3.295,75.325,55.207,1860.622,151.789,23.488,75.854,569,56.041,27.805,Normal,0,0
A019,2025-01-06 04:00:00,A019-PMP,Fuel Pump,76.975,2.71,74.678,50.624,1636.655,155.151,22.905,79.696,441,72.735,29.734,Normal,0,1
A019,2025-01-06 11:00:00,A019-PMP,Fuel Pump,73.971,3.589,75.411,57.059,1774.181,153.146,23.316,75.032,543,65.711,34.47,Normal,0,0
A019,2025-01-06 12:00:00,A019-PMP,Fuel Pump,77.853,3.095,74.039,53.02,1694.542,149.0,23.673,75.28,348,77.577,22.619,Normal,0,1
A019,2025-01-07 03:00:00,A019-PMP,Fuel Pump,75.225,3.119,73.123,51.263,1889.324,157.485,24.012,76.241,531,79.897,26.906,Normal,0,1
A019,2025-01-07 04:00:00,A019-PMP,Fuel Pump,83.495,6.419,69.752,59.074,1600.595,143.069,23.133,77.778,474,53.229,35.009,Warning,1,1
A019,2025-01-07 08:00:00,A019-PMP,Fuel Pump,79.754,2.996,72.685,53.835,1830.484,146.581,23.42,79.125,542,51.601,28.375,Normal,0,1
A019,2025-01-07 11:00:00,A019-PMP,Fuel Pump,78.283,2.894,72.733,54.024,1762.106,150.875,23.796,78.695,300,61.962,31.323,Normal,0,1
A019,2025-01-08 01:00:00,A019-PMP,Fuel Pump,78.298,3.503,75.944,50.341,1822.542,157.924,23.298,80.166,327,74.373,22.531,Normal,0,0
A019,2025-01-08 02:00:00,A019-PMP,Fuel Pump,74.472,3.565,69.135,49.198,1671.393,146.204,22.938,76.838,395,59.065,36.638,Normal,0,0
A019,2025-01-08 11:00:00,A019-PMP,Fuel Pump,79.038,2.762,74.098,50.979,1662.129,150.617,23.243,81.991,534,47.632,32.89,Normal,0,0
A019,2025-01-08 20:00:00,A019-PMP,Fuel Pump,81.417,3.139,73.276,56.821,1834.01,154.043,23.26,79.109,463,59.337,32.54,Normal,0,1
A019,2025-01-09 01:00:00,A019-PMP,Fuel Pump,82.992,2.635,72.77,53.397,1799.375,150.833,23.18,81.154,483,63.945,30.593,Normal,0,1
A019,2025-01-09 04:00:00,A019-PMP,Fuel Pump,77.167,2.998,69.57,53.058,1688.549,152.848,23.49,79.249,591,57.669,23.627,Normal,0,0
A019,2025-01-09 08:00:00,A019-PMP,Fuel Pump,77.76,2.599,75.728,52.747,1891.223,150.408,23.141,82.331,626,64.728,26.642,Normal,0,0
A019,2025-01-09 10:00:00,A019-PMP,Fuel Pump,82.659,3.571,72.376,56.183,1684.975,144.915,22.586,79.557,328,63.4,27.639,Normal,0,0
A019,2025-01-09 23:00:00,A019-PMP,Fuel Pump,77.6,3.136,72.792,54.948,1733.859,139.458,22.807,79.685,613,79.653,24.913,Normal,0,0
A019,2025-01-10 03:00:00,A019-PMP,Fuel Pump,76.817,3.176,74.791,54.805,1715.333,141.592,23.297,79.533,463,64.542,28.614,Normal,0,0
A019,2025-01-10 04:00:00,A019-PMP,Fuel Pump,78.534,3.175,74.555,53.895,1883.65,149.256,23.329,80.907,408,52.696,26.862,Normal,0,0
A019,2025-01-10 05:00:00,A019-PMP,Fuel Pump,76.887,3.544,67.708,54.301,1804.484,146.144,23.707,82.333,665,74.086,37.788,Normal,0,0
A019,2025-01-10 09:00:00,A019-PMP,Fuel Pump,80.976,2.55,74.815,55.659,1849.351,141.64,23.485,78.56,347,73.872,33.065,Normal,0,0
A019,2025-01-10 12:00:00,A019-PMP,Fuel Pump,80.319,3.352,73.586,53.82,1835.757,144.824,23.783,78.586,372,66.44,30.161,Normal,0,1
A019,2025-01-10 14:00:00,A019-PMP,Fuel Pump,79.991,2.892,72.18,50.035,1653.541,144.58,23.392,78.605,496,79.119,31.106,Normal,0,0
A019,2025-01-10 16:00:00,A019-PMP,Fuel Pump,80.201,3.195,74.774,53.219,1730.632,147.126,23.196,79.245,545,67.255,23.26,Normal,0,0
A019,2025-01-10 19:00:00,A019-PMP,Fuel Pump,78.17,3.278,71.383,53.998,1719.506,151.708,23.408,83.271,475,66.77,23.376,Normal,0,0
A019,2025-01-11 02:00:00,A019-PMP,Fuel Pump,82.332,3.94,71.814,51.79,1842.868,152.282,23.304,83.765,556,77.36,33.71,Warning,1,0
A019,2025-01-11 11:00:00,A019-PMP,Fuel Pump,84.963,3.993,72.667,56.826,1931.771,145.703,23.416,81.179,705,81.43,25.734,Warning,1,0
A019,2025-01-11 13:00:00,A019-PMP,Fuel Pump,79.884,3.601,72.188,56.608,1744.968,143.595,23.26,77.48,454,70.532,17.781,Warning,1,0
A019,2025-01-11 15:00:00,A019-PMP,Fuel Pump,82.105,3.142,73.848,53.747,1894.153,145.377,23.253,83.568,505,60.824,36.081,Normal,0,0
A019,2025-01-11 18:00:00,A019-PMP,Fuel Pump,81.174,2.723,68.644,55.608,1915.532,142.75,23.827,82.899,508,74.069,24.196,Warning,1,0
A019,2025-01-11 19:00:00,A019-PMP,Fuel Pump,75.001,3.049,72.18,52.63,1934.675,142.489,23.331,83.57,479,59.757,33.056,Normal,0,1
A019,2025-01-12 00:00:00,A019-PMP,Fuel Pump,74.775,4.168,74.35,52.106,1827.933,144.811,22.796,80.806,433,77.467,31.825,Warning,1,0
A019,2025-01-12 05:00:00,A019-PMP,Fuel Pump,77.391,3.724,69.448,53.299,1884.652,146.833,23.17,84.568,746,72.33,28.711,Warning,1,0
A019,2025-01-12 06:00:00,A019-PMP,Fuel Pump,98.295,5.264,61.284,54.353,1761.941,147.545,22.897,85.414,721,72.088,33.853,Warning,1,0
A019,2025-01-12 07:00:00,A019-PMP,Fuel Pump,77.367,3.402,72.071,51.908,1911.652,147.518,22.441,80.752,426,65.488,25.717,Normal,0,1
A019,2025-01-12 08:00:00,A019-PMP,Fuel Pump,80.018,3.394,70.065,51.565,1845.506,138.344,23.366,78.75,760,75.193,35.33,Warning,1,0
A019,2025-01-12 10:00:00,A019-PMP,Fuel Pump,83.701,3.197,74.722,52.183,1896.911,149.543,22.755,79.031,581,72.575,27.57,Warning,1,0
A019,2025-01-12 18:00:00,A019-PMP,Fuel Pump,79.392,4.053,73.747,51.026,1703.451,147.899,23.365,83.668,590,66.865,42.1,Warning,1,0
A019,2025-01-12 22:00:00,A019-PMP,Fuel Pump,85.135,3.946,68.621,52.279,1920.31,148.281,22.978,81.517,758,79.388,28.443,Warning,1,0
A019,2025-01-13 01:00:00,A019-PMP,Fuel Pump,82.505,2.595,69.306,52.734,2011.061,148.087,23.644,81.847,695,75.764,25.199,Warning,1,0
A019,2025-01-13 05:00:00,A019-PMP,Fuel Pump,79.752,3.917,67.908,55.324,1980.573,140.213,22.41,81.497,492,72.462,28.181,Warning,1,1
A019,2025-01-13 16:00:00,A019-PMP,Fuel Pump,83.672,3.785,71.713,51.957,1887.771,152.004,23.077,81.609,787,69.776,33.917,Warning,1,1
A019,2025-01-13 17:00:00,A019-PMP,Fuel Pump,83.15,3.842,70.67,53.25,1844.287,149.852,22.776,81.186,617,69.899,30.116,Warning,1,1
A019,2025-01-13 18:00:00,A019-PMP,Fuel Pump,78.579,3.354,69.12,55.189,1806.285,147.047,22.786,81.649,569,52.577,30.221,Normal,0,1
A019,2025-01-13 20:00:00,A019-PMP,Fuel Pump,82.408,3.076,66.439,56.047,1808.28,148.589,23.291,82.6,555,83.855,29.206,Warning,1,1
A019,2025-01-13 23:00:00,A019-PMP,Fuel Pump,83.749,4.044,74.324,53.014,1781.392,147.728,23.496,84.793,515,72.722,25.107,Warning,1,1
A019,2025-01-14 00:00:00,A019-PMP,Fuel Pump,79.598,3.417,72.862,52.985,1691.914,151.238,22.953,83.513,563,69.523,31.247,Warning,1,0
A019,2025-01-14 01:00:00,A019-PMP,Fuel Pump,85.653,4.192,69.457,53.9,1647.573,147.303,23.701,80.362,568,66.833,29.178,Warning,1,1
A019,2025-01-14 05:00:00,A019-PMP,Fuel Pump,83.223,3.584,74.222,51.731,1772.716,150.486,22.752,80.542,520,76.086,30.847,Warning,1,1
A019,2025-01-14 14:00:00,A019-PMP,Fuel Pump,84.43,4.019,73.09,50.96,1816.441,142.701,22.98,82.639,586,74.41,34.616,Warning,1,0
A019,2025-01-15 00:00:00,A019-PMP,Fuel Pump,82.304,3.546,69.637,50.01,1955.292,147.545,22.636,82.297,509,86.315,29.498,Warning,1,0
A019,2025-01-15 02:00:00,A019-PMP,Fuel Pump,85.543,2.976,66.898,52.483,1879.905,146.583,22.785,85.065,805,68.943,33.324,Warning,1,1
A019,2025-01-15 11:00:00,A019-PMP,Fuel Pump,84.127,3.149,69.189,50.699,1944.358,144.95,22.989,85.878,617,88.206,31.334,Warning,1,1
A019,2025-01-15 13:00:00,A019-PMP,Fuel Pump,83.439,3.893,74.538,55.528,1868.241,147.348,22.653,81.042,485,72.338,37.656,Warning,1,1
A019,2025-01-15 14:00:00,A019-PMP,Fuel Pump,88.101,4.235,68.833,54.017,1661.233,140.017,23.825,82.842,790,66.873,28.231,Warning,1,1
A019,2025-01-15 18:00:00,A019-PMP,Fuel Pump,85.162,4.054,75.316,55.222,1827.616,144.69,23.259,84.526,517,72.74,19.847,Warning,1,1
A019,2025-01-16 01:00:00,A019-PMP,Fuel Pump,81.957,3.687,70.277,49.855,1826.377,132.629,22.905,84.657,531,68.917,35.314,Warning,1,1
A019,2025-01-16 03:00:00,A019-PMP,Fuel Pump,81.643,4.042,69.485,57.301,1978.74,147.928,23.237,85.537,662,85.152,32.619,Warning,1,1
A019,2025-01-16 04:00:00,A019-PMP,Fuel Pump,82.7,4.32,71.502,49.897,1696.708,140.226,23.183,86.428,599,73.736,29.977,Warning,1,0
A019,2025-01-16 10:00:00,A019-PMP,Fuel Pump,86.047,4.072,68.064,50.698,1917.013,143.816,22.769,84.016,597,65.298,29.085,Warning,1,1
A019,2025-01-16 16:00:00,A019-PMP,Fuel Pump,84.041,3.772,72.929,51.47,1767.889,142.589,23.506,81.889,509,79.908,31.681,Warning,1,1
A019,2025-01-16 18:00:00,A019-PMP,Fuel Pump,86.83,4.178,70.917,54.036,1749.368,145.657,23.256,84.927,550,71.593,24.824,Warning,1,1
A019,2025-01-16 21:00:00,A019-PMP,Fuel Pump,82.812,3.874,63.726,52.414,1821.617,144.429,22.521,86.638,750,68.232,37.513,Warning,1,1
A019,2025-01-17 02:00:00,A019-PMP,Fuel Pump,85.404,3.32,63.265,50.768,2028.729,154.673,23.372,83.139,678,71.578,23.503,Warning,1,1
A019,2025-01-17 14:00:00,A019-PMP,Fuel Pump,85.869,3.943,63.861,56.36,1592.696,147.692,22.945,82.407,846,97.523,34.81,Warning,1,1
A019,2025-01-17 15:00:00,A019-PMP,Fuel Pump,89.189,4.062,73.768,52.58,1841.531,145.035,23.089,86.215,892,75.209,24.519,Warning,1,1
A020,2025-01-01 07:00:00,A020-PMP,Fuel Pump,72.853,1.251,81.166,54.969,1757.848,152.005,24.135,72.42,174,49.877,33.661,Normal,0,0
A020,2025-01-01 08:00:00,A020-PMP,Fuel Pump,71.728,2.035,75.356,52.74,1763.547,153.007,24.183,74.399,415,42.068,26.944,Normal,0,0
A020,2025-01-01 12:00:00,A020-PMP,Fuel Pump,71.818,2.645,76.051,53.325,1799.875,150.23,24.068,77.304,416,77.88,21.931,Normal,0,0
A020,2025-01-02 01:00:00,A020-PMP,Fuel Pump,75.903,2.119,83.126,56.376,1894.876,149.174,23.634,77.031,275,52.511,27.491,Normal,0,0
A020,2025-01-02 10:00:00,A020-PMP,Fuel Pump,72.474,1.982,79.033,56.783,1941.056,149.137,24.868,77.084,515,51.33,39.709,Normal,0,0
A020,2025-01-02 12:00:00,A020-PMP,Fuel Pump,71.757,2.407,77.658,53.776,1912.754,154.56,24.559,76.008,332,49.817,30.544,Normal,0,0
A020,2025-01-02 14:00:00,A020-PMP,Fuel Pump,72.098,2.583,77.179,59.153,1878.165,147.821,23.295,77.496,471,44.182,27.326,Normal,0,0
A020,2025-01-02 23:00:00,A020-PMP,Fuel Pump,71.278,2.012,79.705,51.924,1706.458,153.899,23.454,79.165,205,41.856,25.18,Normal,0,0
A020,2025-01-03 01:00:00,A020-PMP,Fuel Pump,70.296,3.038,77.942,49.842,1800.311,150.826,23.847,77.798,205,48.945,35.089,Normal,0,0
A020,2025-01-03 03:00:00,A020-PMP,Fuel Pump,71.124,2.336,78.855,57.037,1847.292,151.394,23.889,74.636,249,46.438,18.908,Normal,0,1
A020,2025-01-03 05:00:00,A020-PMP,Fuel Pump,87.591,5.943,68.112,51.815,1755.452,132.012,24.139,76.419,537,62.428,28.19,Warning,1,1
A020,2025-01-03 10:00:00,A020-PMP,Fuel Pump,72.043,2.269,75.742,55.237,1831.297,145.597,23.565,76.837,334,51.508,26.962,Normal,0,0
A020,2025-01-03 15:00:00,A020-PMP,Fuel Pump,71.364,2.116,77.074,55.052,1785.013,146.796,23.716,76.869,173,55.487,36.706,Normal,0,0
A020,2025-01-03 17:00:00,A020-PMP,Fuel Pump,73.361,2.51,78.18,54.409,1914.978,150.033,23.888,75.591,490,42.984,40.841,Normal,0,0
A020,2025-01-04 02:00:00,A020-PMP,Fuel Pump,72.542,2.806,75.761,53.395,1815.345,145.316,23.61,76.766,259,57.335,34.71,Normal,0,0
A020,2025-01-04 06:00:00,A020-PMP,Fuel Pump,70.683,2.705,75.948,57.222,1838.784,145.629,23.808,74.148,419,54.449,28.672,Normal,0,0
A020,2025-01-04 07:00:00,A020-PMP,Fuel Pump,67.464,2.687,80.281,56.759,1788.86,146.55,24.198,76.801,283,52.831,28.344,Normal,0,0
A020,2025-01-04 08:00:00,A020-PMP,Fuel Pump,74.96,2.459,78.686,50.974,1714.088,158.21,24.007,79.709,345,51.01,35.155,Normal,0,0
A020,2025-01-04 09:00:00,A020-PMP,Fuel Pump,70.876,2.206,78.08,49.178,1837.177,151.236,24.276,73.392,526,44.364,30.58,Normal,0,0
A020,2025-01-04 10:00:00,A020-PMP,Fuel Pump,74.387,3.015,80.308,53.038,1827.14,151.254,24.42,77.517,532,58.026,27.69,Normal,0,0
A020,2025-01-04 12:00:00,A020-PMP,Fuel Pump,74.498,1.97,80.938,56.109,1819.001,144.881,23.701,78.536,562,48.436,21.809,Normal,0,1
A020,2025-01-04 18:00:00,A020-PMP,Fuel Pump,76.41,2.918,81.675,58.63,1700.29,152.75,23.622,76.39,408,51.292,27.836,Normal,0,1
A020,2025-01-04 20:00:00,A020-PMP,Fuel Pump,69.693,1.877,77.337,51.213,1796.863,149.708,23.575,76.909,248,61.768,25.89,Normal,0,0
A020,2025-01-05 01:00:00,A020-PMP,Fuel Pump,74.567,2.632,77.696,51.491,1795.011,151.348,23.291,74.703,308,49.793,30.866,Normal,0,0
A020,2025-01-05 02:00:00,A020-PMP,Fuel Pump,69.298,3.087,80.072,53.372,1868.72,149.903,23.643,81.049,576,49.098,22.978,Normal,0,0
A020,2025-01-05 05:00:00,A020-PMP,Fuel Pump,71.305,2.848,77.813,55.833,1751.43,148.444,23.96,75.905,445,62.525,32.157,Normal,0,0
A020,2025-01-05 08:00:00,A020-PMP,Fuel Pump,76.553,2.904,74.033,52.368,1645.662,138.271,23.249,76.272,449,56.254,34.137,Normal,0,0
A020,2025-01-05 09:00:00,A020-PMP,Fuel Pump,71.928,3.038,74.727,55.167,1818.906,153.393,24.201,75.591,342,36.264,28.933,Normal,0,1
A020,2025-01-05 10:00:00,A020-PMP,Fuel Pump,75.598,2.756,73.566,53.104,1842.719,149.923,23.705,80.168,306,49.382,32.109,Normal,0,0
A020,2025-01-05 21:00:00,A020-PMP,Fuel Pump,76.156,2.033,73.896,54.56,1657.16,151.257,23.182,77.332,374,51.403,33.939,Normal,0,0
A020,2025-01-06 01:00:00,A020-PMP,Fuel Pump,75.672,2.484,75.208,50.53,1856.525,145.169,23.541,77.941,304,51.307,30.894,Normal,0,0
A020,2025-01-06 03:00:00,A020-PMP,Fuel Pump,72.154,1.999,81.888,54.342,1740.186,147.796,23.898,74.874,477,51.972,34.095,Normal,0,0
A020,2025-01-06 13:00:00,A020-PMP,Fuel Pump,73.128,2.73,77.563,51.473,1990.837,151.709,23.451,74.67,630,47.724,39.413,Normal,0,0
A020,2025-01-06 14:00:00,A020-PMP,Fuel Pump,78.426,2.8,75.113,50.583,1777.23,150.467,23.752,76.198,556,55.973,32.539,Normal,0,0
A020,2025-01-06 17:00:00,A020-PMP,Fuel Pump,78.118,2.816,77.243,55.895,1797.409,148.903,23.603,80.065,534,64.741,29.85,Normal,0,0
A020,2025-01-06 20:00:00,A020-PMP,Fuel Pump,72.198,3.017,78.01,55.949,1707.041,148.136,23.783,79.046,331,78.684,38.976,Normal,0,0
A020,2025-01-06 21:00:00,A020-PMP,Fuel Pump,77.806,3.29,73.965,56.185,1818.758,152.225,23.59,77.537,504,53.18,30.39,Normal,0,0
A020,2025-01-07 02:00:00,A020-PMP,Fuel Pump,73.711,2.352,76.7,56.432,1789.788,144.646,23.805,78.524,380,63.005,29.882,Normal,0,0
A020,2025-01-07 09:00:00,A020-PMP,Fuel Pump,77.554,2.929,74.542,56.768,1904.744,149.143,23.327,76.115,580,63.319,28.429,Normal,0,0
A020,2025-01-07 13:00:00,A020-PMP,Fuel Pump,72.571,2.852,75.509,55.051,1950.294,150.802,23.739,75.822,385,62.023,29.452,Normal,0,0
A020,2025-01-07 16:00:00,A020-PMP,Fuel Pump,78.029,3.356,76.469,51.358,1776.269,144.189,24.21,77.837,413,59.211,35.254,Normal,0,0
A020,2025-01-07 19:00:00,A020-PMP,Fuel Pump,74.306,2.572,75.82,54.724,1680.927,141.971,24.026,78.377,652,60.74,24.905,Normal,0,0
A020,2025-01-07 21:00:00,A020-PMP,Fuel Pump,91.875,5.689,65.348,54.465,1840.086,139.901,24.21,79.892,579,72.506,34.893,Warning,1,0
A020,2025-01-07 22:00:00,A020-PMP,Fuel Pump,75.038,3.024,70.392,55.564,1875.983,143.853,23.314,81.845,609,60.837,34.298,Normal,0,0
A020,2025-01-08 03:00:00,A020-PMP,Fuel Pump,73.774,2.743,78.471,55.384,1754.366,146.568,23.387,78.183,347,60.738,33.703,Normal,0,0
A020,2025-01-08 07:00:00,A020-PMP,Fuel Pump,74.435,2.855,74.674,53.208,1738.641,144.023,23.431,80.823,380,58.551,28.491,Normal,0,0
A020,2025-01-08 09:00:00,A020-PMP,Fuel Pump,72.843,3.266,76.151,51.376,1909.382,147.076,23.799,82.818,610,57.702,20.33,Normal,0,0
A020,2025-01-08 11:00:00,A020-PMP,Fuel Pump,74.576,2.689,74.008,54.148,1809.749,154.088,22.748,80.664,424,46.33,42.557,Normal,0,0
A020,2025-01-08 17:00:00,A020-PMP,Fuel Pump,77.932,2.421,80.236,54.177,1823.3,153.607,23.502,80.476,511,47.584,29.555,Normal,0,0
A020,2025-01-08 18:00:00,A020-PMP,Fuel Pump,71.037,2.981,77.316,49.941,1738.861,141.618,23.624,78.645,608,68.801,23.441,Normal,0,0
A020,2025-01-08 20:00:00,A020-PMP,Fuel Pump,77.615,2.964,75.284,52.552,1845.523,145.956,24.011,82.571,686,61.698,34.626,Normal,0,0
A020,2025-01-08 22:00:00,A020-PMP,Fuel Pump,74.584,2.747,69.365,49.3,1887.033,154.031,23.212,80.692,425,56.11,35.888,Normal,0,0
A020,2025-01-09 09:00:00,A020-PMP,Fuel Pump,76.759,3.341,72.366,53.802,1723.817,153.301,23.091,78.017,606,70.683,23.588,Normal,0,0
A020,2025-01-09 10:00:00,A020-PMP,Fuel Pump,75.296,2.878,79.306,51.403,1797.65,146.195,23.735,77.532,369,55.162,28.19,Normal,0,0
A020,2025-01-09 15:00:00,A020-PMP,Fuel Pump,79.542,3.045,75.103,54.001,1797.865,143.932,23.33,83.037,335,56.153,46.188,Normal,0,1
A020,2025-01-09 18:00:00,A020-PMP,Fuel Pump,83.372,2.665,76.846,54.422,1895.503,147.0,23.488,78.996,623,65.951,23.582,Normal,0,0
A020,2025-01-09 22:00:00,A020-PMP,Fuel Pump,74.101,3.19,80.066,53.189,1704.515,151.439,23.815,79.442,426,66.552,36.528,Normal,0,1
A020,2025-01-10 01:00:00,A020-PMP,Fuel Pump,80.03,2.981,72.443,54.168,1641.086,152.481,23.851,76.92,675,54.991,31.767,Normal,0,0
A020,2025-01-10 07:00:00,A020-PMP,Fuel Pump,76.647,3.688,73.33,54.194,1757.082,149.046,22.809,83.568,673,64.689,27.28,Normal,0,0
A020,2025-01-10 09:00:00,A020-PMP,Fuel Pump,73.321,3.038,70.782,52.675,1857.436,143.465,23.72,79.134,597,49.953,27.844,Normal,0,0
A020,2025-01-10 10:00:00,A020-PMP,Fuel Pump,92.3,5.896,59.661,53.176,1682.13,134.843,22.834,78.562,547,61.15,25.209,Warning,1,1
A020,2025-01-10 16:00:00,A020-PMP,Fuel Pump,78.305,3.266,69.537,54.704,1721.781,147.399,22.885,82.81,626,54.241,32.364,Normal,0,0
A020,2025-01-11 00:00:00,A020-PMP,Fuel Pump,78.262,2.899,72.566,52.634,1852.584,143.557,23.863,82.022,639,59.436,33.544,Normal,0,0
A020,2025-01-11 02:00:00,A020-PMP,Fuel Pump,75.975,3.117,72.421,53.945,1885.042,146.265,23.537,82.193,667,65.175,34.359,Normal,0,0
A020,2025-01-11 07:00:00,A020-PMP,Fuel Pump,76.273,3.027,75.381,57.973,1891.104,144.734,22.728,81.231,574,64.061,34.941,Normal,0,0
A020,2025-01-11 10:00:00,A020-PMP,Fuel Pump,77.485,2.986,72.004,54.317,1761.812,147.486,23.393,79.452,470,67.996,30.775,Normal,0,1
A020,2025-01-11 17:00:00,A020-PMP,Fuel Pump,78.616,2.959,72.975,55.503,1867.524,147.523,23.003,82.828,684,64.92,27.731,Normal,0,0
A020,2025-01-11 18:00:00,A020-PMP,Fuel Pump,76.667,4.072,69.122,54.784,1842.265,140.353,23.508,85.579,430,64.12,34.586,Normal,0,0
A020,2025-01-12 01:00:00,A020-PMP,Fuel Pump,76.376,3.179,71.935,53.507,1736.454,146.738,23.608,81.75,565,62.097,37.06,Normal,0,0
A020,2025-01-12 02:00:00,A020-PMP,Fuel Pump,94.942,5.514,66.353,53.629,2017.388,133.549,23.557,79.86,721,61.411,32.885,Warning,1,1
A020,2025-01-12 03:00:00,A020-PMP,Fuel Pump,78.44,3.923,74.788,52.617,1929.037,143.57,23.219,81.24,639,77.543,28.113,Normal,0,0
A020,2025-01-12 04:00:00,A020-PMP,Fuel Pump,82.232,3.164,72.548,54.643,1779.688,148.092,22.886,80.393,374,67.083,27.062,Normal,0,0
A020,2025-01-12 08:00:00,A020-PMP,Fuel Pump,80.312,2.584,74.269,49.292,1790.822,144.004,23.392,83.23,645,76.218,30.368,Normal,0,0
A020,2025-01-12 09:00:00,A020-PMP,Fuel Pump,77.945,3.148,78.558,53.226,1921.843,148.979,23.465,82.206,745,64.334,30.862,Normal,0,0
A020,2025-01-12 11:00:00,A020-PMP,Fuel Pump,81.811,3.602,72.095,54.21,1735.825,146.1,23.737,80.026,434,72.013,23.562,Normal,0,0
A020,2025-01-12 12:00:00,A020-PMP,Fuel Pump,75.821,2.754,68.865,51.275,1716.866,146.356,23.64,82.874,620,67.955,26.448,Normal,0,0
A020,2025-01-12 14:00:00,A020-PMP,Fuel Pump,81.128,3.4,77.715,51.929,1683.614,139.893,22.946,84.02,450,70.528,28.969,Normal,0,0
A020,2025-01-12 17:00:00,A020-PMP,Fuel Pump,79.78,3.023,78.217,50.282,1665.929,143.561,22.753,78.833,603,67.776,24.094,Normal,0,0
A020,2025-01-12 19:00:00,A020-PMP,Fuel Pump,78.99,3.721,73.783,55.012,1793.932,147.994,22.533,82.492,724,70.645,33.024,Normal,0,0
A020,2025-01-12 20:00:00,A020-PMP,Fuel Pump,79.468,2.482,71.425,53.021,1757.992,153.193,23.018,81.95,601,52.244,24.968,Normal,0,0
A020,2025-01-12 21:00:00,A020-PMP,Fuel Pump,78.238,3.477,70.228,51.672,1837.957,145.101,22.464,81.942,562,52.358,29.64,Normal,0,0
A020,2025-01-12 23:00:00,A020-PMP,Fuel Pump,77.073,3.289,73.868,52.194,1943.984,138.256,23.276,79.471,396,66.697,32.005,Normal,0,1
A020,2025-01-13 06:00:00,A020-PMP,Fuel Pump,80.282,3.405,74.585,56.695,1812.452,141.906,23.204,82.246,471,75.951,33.516,Normal,0,0
A020,2025-01-13 11:00:00,A020-PMP,Fuel Pump,79.107,3.079,74.884,53.108,1944.807,153.045,23.343,83.034,525,55.669,32.897,Normal,0,0
A020,2025-01-13 14:00:00,A020-PMP,Fuel Pump,88.461,3.377,72.831,53.569,1882.831,151.833,23.644,80.575,684,76.527,29.749,Warning,1,1
A020,2025-01-13 15:00:00,A020-PMP,Fuel Pump,87.149,5.724,58.437,54.358,1850.938,128.578,22.776,83.912,612,56.2,30.723,Warning,1,1
A020,2025-01-13 19:00:00,A020-PMP,Fuel Pump,75.691,3.397,68.341,56.864,1684.653,142.389,22.922,82.899,634,64.046,22.099,Normal,0,0
A020,2025-01-14 06:00:00,A020-PMP,Fuel Pump,83.775,2.627,71.181,53.861,1817.093,146.906,22.706,77.287,755,71.092,35.024,Normal,0,1
A020,2025-01-14 07:00:00,A020-PMP,Fuel Pump,81.537,3.068,72.151,50.212,1891.4,136.691,22.945,86.426,635,71.818,24.255,Normal,0,1
A020,2025-01-14 10:00:00,A020-PMP,Fuel Pump,91.009,5.27,57.004,56.66,1915.19,138.009,22.86,86.738,485,65.56,26.451,Warning,1,0
A020,2025-01-14 22:00:00,A020-PMP,Fuel Pump,78.901,3.867,76.495,52.974,1757.722,135.545,22.718,79.701,571,63.725,28.401,Normal,0,1
A020,2025-01-14 23:00:00,A020-PMP,Fuel Pump,79.858,3.377,74.966,53.85,1740.232,144.485,23.681,82.176,641,74.336,34.932,Warning,1,0
A020,2025-01-15 02:00:00,A020-PMP,Fuel Pump,84.662,4.052,71.201,49.959,1644.448,146.51,22.881,86.257,802,71.674,26.6,Warning,1,1
A020,2025-01-15 12:00:00,A020-PMP,Fuel Pump,75.289,3.409,71.531,53.144,1680.212,146.942,23.243,85.035,755,70.268,35.961,Normal,0,0
A020,2025-01-15 16:00:00,A020-PMP,Fuel Pump,76.243,3.747,69.249,53.602,1760.209,147.429,22.532,83.1,767,76.267,31.816,Warning,1,0
A020,2025-01-15 17:00:00,A020-PMP,Fuel Pump,97.039,5.691,68.589,55.485,1855.583,125.214,22.958,83.915,508,77.581,30.134,Warning,1,0
A020,2025-01-15 18:00:00,A020-PMP,Fuel Pump,98.296,5.399,61.817,51.489,1812.858,129.043,22.694,82.73,660,65.513,27.211,Warning,1,1
A020,2025-01-15 22:00:00,A020-PMP,Fuel Pump,79.493,3.418,70.509,53.083,1682.971,142.39,23.224,82.74,478,75.603,29.641,Warning,1,0
A020,2025-01-15 23:00:00,A020-PMP,Fuel Pump,80.064,3.54,71.239,47.495,1900.515,146.815,22.421,83.599,673,67.872,25.213,Warning,1,1
A020,2025-01-16 02:00:00,A020-PMP,Fuel Pump,84.625,4.171,78.426,49.276,1802.814,143.912,22.847,82.389,703,73.543,23.696,Warning,1,1
A020,2025-01-16 09:00:00,A020-PMP,Fuel Pump,81.597,3.311,71.746,54.029,1834.663,149.637,22.602,81.873,772,80.123,24.313,Warning,1,1
A020,2025-01-16 16:00:00,A020-PMP,Fuel Pump,80.957,4.027,71.11,51.624,1860.31,141.821,22.709,82.104,787,70.284,28.343,Warning,1,1
A020,2025-01-16 17:00:00,A020-PMP,Fuel Pump,82.693,4.034,69.842,53.163,1882.362,152.858,22.92,83.65,674,71.869,30.33,Warning,1,1
A020,2025-01-16 18:00:00,A020-PMP,Fuel Pump,86.834,3.0,65.323,49.131,1716.084,140.506,22.583,82.384,632,75.414,25.277,Warning,1,0
A020,2025-01-17 02:00:00,A020-PMP,Fuel Pump,83.451,3.004,71.463,53.07,1794.257,147.791,22.379,89.184,738,64.919,16.967,Warning,1,0
A020,2025-01-17 08:00:00,A020-PMP,Fuel Pump,84.327,3.637,70.585,47.37,1896.0,142.151,22.615,85.765,726,72.729,30.002,Warning,1,1
A020,2025-01-17 09:00:00,A020-PMP,Fuel Pump,84.335,3.313,69.448,52.151,1856.025,142.067,22.534,84.241,812,65.575,29.372,Warning,1,0
A020,2025-01-17 10:00:00,A020-PMP,Fuel Pump,94.883,6.339,65.493,51.784,1679.548,144.02,23.114,82.21,574,75.314,25.323,Warning,1,1
A020,2025-01-17 12:00:00,A020-PMP,Fuel Pump,81.241,3.372,71.032,51.978,1752.807,142.238,23.044,82.755,660,78.944,29.71,Warning,1,1
A020,2025-01-17 14:00:00,A020-PMP,Fuel Pump,88.923,4.112,71.9,53.345,1796.016,152.059,22.608,86.305,826,74.206,26.129,Warning,1,0
A020,2025-01-17 15:00:00,A020-PMP,Fuel Pump,96.831,7.128,57.814,51.665,1893.87,140.452,23.268,87.368,598,76.288,20.004,Warning,1,1
A021,2025-01-01 03:00:00,A021-PMP,Fuel Pump,76.077,1.62,77.187,55.452,1913.473,151.319,23.916,75.056,199,43.225,27.688,Normal,0,0
A021,2025-01-01 05:00:00,A021-PMP,Fuel Pump,67.836,1.978,77.16,53.732,1669.436,144.772,23.857,74.453,346,48.371,40.475,Normal,0,0
A021,2025-01-01 07:00:00,A021-PMP,Fuel Pump,71.978,2.083,81.985,53.055,1940.003,151.483,23.988,77.165,278,51.946,33.241,Normal,0,1
A021,2025-01-01 13:00:00,A021-PMP,Fuel Pump,67.852,2.65,81.368,56.662,1640.897,151.988,24.36,79.428,291,34.51,28.564,Normal,0,0
A021,2025-01-01 18:00:00,A021-PMP,Fuel Pump,74.174,1.998,82.693,54.083,1724.501,145.872,24.122,77.999,370,50.654,23.973,Normal,0,0
A021,2025-01-01 20:00:00,A021-PMP,Fuel Pump,69.852,2.745,78.147,59.558,1845.651,148.965,23.698,75.126,302,43.688,30.023,Normal,0,0
A021,2025-01-01 21:00:00,A021-PMP,Fuel Pump,73.433,2.544,78.201,52.367,1835.791,149.811,23.888,80.265,213,52.07,24.864,Normal,0,0
A021,2025-01-01 22:00:00,A021-PMP,Fuel Pump,72.955,1.736,77.233,54.232,1762.905,150.197,23.672,76.352,342,50.0,13.916,Normal,0,0
A021,2025-01-02 01:00:00,A021-PMP,Fuel Pump,75.982,2.444,82.393,57.33,1747.979,151.816,23.708,75.842,380,48.058,31.707,Normal,0,0
A021,2025-01-02 04:00:00,A021-PMP,Fuel Pump,67.221,1.801,75.759,55.148,1869.268,156.282,23.386,75.619,179,55.695,31.466,Normal,0,0
A021,2025-01-02 07:00:00,A021-PMP,Fuel Pump,67.932,2.572,80.957,57.703,1874.683,152.025,23.995,76.307,350,56.552,25.66,Normal,0,0
A021,2025-01-02 12:00:00,A021-PMP,Fuel Pump,68.89,2.391,74.392,53.182,1887.911,147.067,24.048,79.174,271,47.677,28.668,Normal,0,0
A021,2025-01-02 13:00:00,A021-PMP,Fuel Pump,71.131,2.313,78.286,54.182,1806.813,144.997,23.819,77.266,455,38.911,32.506,Normal,0,0
A021,2025-01-02 16:00:00,A021-PMP,Fuel Pump,73.318,1.817,75.492,54.745,1833.58,157.787,23.713,76.476,181,44.743,29.185,Normal,0,0
A021,2025-01-02 18:00:00,A021-PMP,Fuel Pump,70.46,2.399,84.397,53.004,1794.972,148.04,23.689,73.741,283,49.744,25.442,Normal,0,0
A021,2025-01-02 19:00:00,A021-PMP,Fuel Pump,72.541,2.25,76.028,54.615,1820.021,158.096,23.489,76.813,407,39.329,28.312,Normal,0,0
A021,2025-01-02 23:00:00,A021-PMP,Fuel Pump,73.604,2.387,75.697,54.172,1904.074,149.256,23.422,78.58,250,56.961,36.097,Normal,0,0
A021,2025-01-03 02:00:00,A021-PMP,Fuel Pump,72.533,2.488,76.73,58.306,1779.786,146.468,23.905,76.93,529,49.385,29.771,Normal,0,0
A021,2025-01-03 07:00:00,A021-PMP,Fuel Pump,70.103,2.001,79.122,52.202,1870.543,152.184,24.04,72.13,172,49.556,39.369,Normal,0,0
A021,2025-01-03 11:00:00,A021-PMP,Fuel Pump,69.185,1.757,77.6,53.15,1628.273,141.529,24.152,74.901,339,56.391,32.96,Normal,0,0
A021,2025-01-03 12:00:00,A021-PMP,Fuel Pump,73.699,1.513,80.776,58.167,1691.735,148.197,23.851,75.72,369,48.663,25.929,Normal,0,0
A021,2025-01-03 14:00:00,A021-PMP,Fuel Pump,72.64,2.545,79.692,51.212,1794.02,137.389,23.92,78.232,400,53.29,31.607,Normal,0,0
A021,2025-01-04 04:00:00,A021-PMP,Fuel Pump,74.501,2.559,77.248,51.082,1822.887,142.953,23.72,75.189,384,49.072,36.136,Normal,0,1
A021,2025-01-04 05:00:00,A021-PMP,Fuel Pump,73.363,1.956,77.541,55.407,1622.889,148.404,23.938,75.971,207,57.139,29.392,Normal,0,0
A021,2025-01-04 15:00:00,A021-PMP,Fuel Pump,71.602,2.279,77.328,54.754,1807.303,155.8,23.955,77.016,503,64.491,25.536,Normal,0,0
A021,2025-01-04 21:00:00,A021-PMP,Fuel Pump,74.896,2.685,79.865,52.18,1800.635,152.843,24.002,77.081,207,51.652,28.13,Normal,0,0
A021,2025-01-04 23:00:00,A021-PMP,Fuel Pump,71.012,2.395,82.208,56.037,1786.185,146.608,23.833,76.35,285,61.228,42.783,Normal,0,0
A021,2025-01-05 09:00:00,A021-PMP,Fuel Pump,74.868,2.313,74.621,53.303,1835.244,149.473,23.702,78.284,559,43.749,24.894,Normal,0,0
A021,2025-01-05 12:00:00,A021-PMP,Fuel Pump,73.918,1.91,74.167,52.602,1710.565,144.278,23.834,79.586,583,42.325,29.273,Normal,0,0
A021,2025-01-05 14:00:00,A021-PMP,Fuel Pump,72.585,2.925,77.875,48.675,1861.36,153.643,23.137,78.211,360,50.41,32.426,Normal,0,0
A021,2025-01-05 15:00:00,A021-PMP,Fuel Pump,78.15,3.882,79.472,54.773,1750.657,148.429,23.701,78.135,517,35.735,27.163,Normal,0,1
A021,2025-01-05 18:00:00,A021-PMP,Fuel Pump,70.158,2.981,74.454,54.729,1790.572,148.064,23.497,76.43,590,59.106,17.682,Normal,0,0
A021,2025-01-05 20:00:00,A021-PMP,Fuel Pump,76.248,2.323,77.607,52.219,1741.883,149.007,23.653,79.864,449,55.876,29.408,Normal,0,0
A021,2025-01-06 00:00:00,A021-PMP,Fuel Pump,71.868,2.622,82.103,54.061,1751.152,148.419,23.599,79.095,351,49.946,15.446,Normal,0,0
A021,2025-01-06 07:00:00,A021-PMP,Fuel Pump,75.396,2.14,72.633,54.05,1865.814,143.239,23.41,78.159,354,62.52,32.383,Normal,0,0
A021,2025-01-06 12:00:00,A021-PMP,Fuel Pump,76.275,2.662,76.55,58.747,1658.3,151.932,23.438,75.028,484,37.949,29.097,Normal,0,0
A021,2025-01-06 13:00:00,A021-PMP,Fuel Pump,72.83,2.415,77.573,57.891,1886.933,151.004,23.696,74.527,565,38.928,26.204,Normal,0,0
A021,2025-01-06 19:00:00,A021-PMP,Fuel Pump,78.511,2.272,76.521,52.941,1819.712,146.688,23.833,75.692,600,56.007,23.013,Normal,0,1
A021,2025-01-07 01:00:00,A021-PMP,Fuel Pump,70.326,2.14,79.84,53.718,1696.46,149.8,23.387,77.203,345,68.239,27.698,Normal,0,0
A021,2025-01-07 03:00:00,A021-PMP,Fuel Pump,78.7,2.393,73.313,52.621,1830.037,158.043,23.282,77.191,583,54.13,30.585,Normal,0,0
A021,2025-01-07 13:00:00,A021-PMP,Fuel Pump,73.541,2.703,76.868,55.238,1817.505,150.441,23.58,83.524,440,53.055,27.317,Normal,0,0
A021,2025-01-07 18:00:00,A021-PMP,Fuel Pump,76.64,2.597,78.597,56.419,1805.595,144.864,23.829,81.991,460,58.659,29.717,Normal,0,0
A021,2025-01-07 19:00:00,A021-PMP,Fuel Pump,75.649,2.506,77.852,53.364,1784.436,150.233,23.995,80.356,483,62.688,35.247,Normal,0,1
A021,2025-01-08 00:00:00,A021-PMP,Fuel Pump,73.395,2.85,77.239,53.684,2035.458,148.277,23.598,76.496,606,63.984,30.458,Normal,0,0
A021,2025-01-08 02:00:00,A021-PMP,Fuel Pump,78.553,2.211,76.798,54.736,1737.294,144.638,24.064,76.719,306,61.356,32.203,Normal,0,0
A021,2025-01-08 04:00:00,A021-PMP,Fuel Pump,74.026,2.944,75.236,52.979,1705.463,149.93,24.083,77.224,553,40.421,33.436,Normal,0,0
A021,2025-01-08 12:00:00,A021-PMP,Fuel Pump,79.178,2.738,77.704,54.003,1782.717,147.901,23.347,76.956,438,57.437,26.002,Normal,0,0
A021,2025-01-08 19:00:00,A021-PMP,Fuel Pump,77.896,2.846,73.744,55.238,1781.845,146.411,22.87,82.39,512,62.026,28.064,Normal,0,0
A021,2025-01-08 23:00:00,A021-PMP,Fuel Pump,74.016,2.829,73.369,54.966,1684.997,146.97,23.906,78.037,420,57.979,25.418,Normal,0,0
A021,2025-01-09 08:00:00,A021-PMP,Fuel Pump,76.229,3.001,78.037,57.16,1814.68,143.889,22.96,80.906,489,55.653,38.191,Normal,0,1
A021,2025-01-09 13:00:00,A021-PMP,Fuel Pump,79.754,2.474,78.51,51.207,1862.911,148.378,23.965,75.252,504,52.35,38.324,Normal,0,0
A021,2025-01-10 02:00:00,A021-PMP,Fuel Pump,75.877,2.784,77.951,54.729,1657.522,151.787,23.187,81.33,341,65.096,33.779,Normal,0,1
A021,2025-01-10 06:00:00,A021-PMP,Fuel Pump,75.181,2.797,74.649,50.495,1755.693,147.933,23.586,85.556,484,68.695,25.356,Normal,0,1
A021,2025-01-10 09:00:00,A021-PMP,Fuel Pump,73.45,2.779,77.699,52.528,1981.948,139.703,23.473,81.813,495,51.143,29.744,Normal,0,0
A021,2025-01-10 11:00:00,A021-PMP,Fuel Pump,76.018,3.317,77.145,53.085,1890.588,150.269,23.249,82.863,651,70.364,35.851,Normal,0,0
A021,2025-01-10 13:00:00,A021-PMP,Fuel Pump,87.041,4.311,69.089,50.178,1761.4,133.146,23.231,76.598,395,56.441,37.799,Warning,1,1
A021,2025-01-10 20:00:00,A021-PMP,Fuel Pump,77.982,2.274,78.183,53.368,1821.167,146.971,23.22,82.52,444,61.976,31.194,Normal,0,0
A021,2025-01-10 22:00:00,A021-PMP,Fuel Pump,76.255,2.715,74.097,50.97,1761.803,151.215,22.918,80.588,656,66.862,31.99,Normal,0,0
A021,2025-01-11 01:00:00,A021-PMP,Fuel Pump,78.005,2.908,77.614,53.979,1680.705,142.972,23.917,81.225,510,61.412,36.817,Normal,0,0
A021,2025-01-11 03:00:00,A021-PMP,Fuel Pump,80.29,2.739,74.83,54.691,1693.296,157.487,23.712,81.567,683,56.674,31.245,Normal,0,0
A021,2025-01-11 11:00:00,A021-PMP,Fuel Pump,80.634,3.466,78.544,52.549,1793.011,151.291,22.696,80.85,488,65.037,28.633,Normal,0,1
A021,2025-01-11 15:00:00,A021-PMP,Fuel Pump,78.76,2.429,78.512,52.405,1743.847,150.549,23.653,85.045,436,73.32,23.621,Normal,0,0
A021,2025-01-11 17:00:00,A021-PMP,Fuel Pump,76.047,3.294,74.048,51.132,1677.454,140.106,23.412,85.579,709,48.805,32.393,Normal,0,0
A021,2025-01-11 19:00:00,A021-PMP,Fuel Pump,77.712,3.382,74.194,55.454,1922.864,151.538,23.406,81.672,641,59.523,25.258,Normal,0,0
A021,2025-01-11 21:00:00,A021-PMP,Fuel Pump,77.099,3.813,74.423,54.635,1775.635,152.368,23.36,81.321,674,47.61,27.198,Normal,0,0
A021,2025-01-11 22:00:00,A021-PMP,Fuel Pump,70.272,2.255,75.166,50.523,1829.644,151.196,23.12,81.519,651,57.325,31.462,Normal,0,0
A021,2025-01-11 23:00:00,A021-PMP,Fuel Pump,81.548,3.506,74.766,47.568,1881.079,141.461,23.013,81.679,608,74.543,28.762,Normal,0,0
A021,2025-01-12 02:00:00,A021-PMP,Fuel Pump,78.581,2.549,73.722,53.264,1806.12,146.265,23.631,83.84,590,53.501,22.956,Normal,0,0
A021,2025-01-12 03:00:00,A021-PMP,Fuel Pump,82.823,2.734,74.324,52.505,1841.064,146.373,22.896,81.941,474,76.318,29.657,Normal,0,0
A021,2025-01-12 10:00:00,A021-PMP,Fuel Pump,75.801,3.341,76.766,51.872,1876.008,145.251,22.603,80.577,672,51.911,29.948,Normal,0,0
A021,2025-01-12 13:00:00,A021-PMP,Fuel Pump,80.426,3.579,73.298,51.536,1754.59,147.871,23.219,83.122,399,56.516,34.551,Normal,0,0
A021,2025-01-12 23:00:00,A021-PMP,Fuel Pump,80.498,3.065,77.044,57.477,1693.79,147.77,23.107,78.152,737,67.016,29.291,Normal,0,1
A021,2025-01-13 11:00:00,A021-PMP,Fuel Pump,84.431,2.852,72.858,52.879,1842.728,145.404,22.956,87.432,635,60.598,42.006,Normal,0,0
A021,2025-01-13 12:00:00,A021-PMP,Fuel Pump,78.387,2.706,74.354,50.214,1586.833,147.961,22.715,84.26,505,66.622,33.579,Normal,0,1
A021,2025-01-13 20:00:00,A021-PMP,Fuel Pump,79.836,3.01,74.006,51.52,1899.9,146.03,22.951,82.067,613,62.899,33.084,Normal,0,0
A021,2025-01-14 00:00:00,A021-PMP,Fuel Pump,83.706,3.135,79.053,51.739,1838.116,143.628,23.354,81.718,491,86.701,30.937,Warning,1,0
A021,2025-01-14 08:00:00,A021-PMP,Fuel Pump,80.804,3.077,70.882,52.753,1863.712,145.504,23.209,84.441,474,71.254,32.857,Normal,0,1
A021,2025-01-14 10:00:00,A021-PMP,Fuel Pump,78.71,3.329,70.676,54.722,1633.021,145.732,22.859,84.621,463,62.673,36.23,Normal,0,0
A021,2025-01-14 11:00:00,A021-PMP,Fuel Pump,80.973,3.451,69.254,51.429,1755.181,148.614,23.443,83.632,700,63.705,30.121,Normal,0,1
A021,2025-01-14 12:00:00,A021-PMP,Fuel Pump,77.142,2.912,70.333,52.91,1742.801,148.479,22.25,81.484,529,64.781,30.852,Normal,0,0
A021,2025-01-14 22:00:00,A021-PMP,Fuel Pump,81.393,3.612,73.033,51.447,1876.599,146.459,23.064,84.299,592,76.118,32.117,Warning,1,0
A021,2025-01-15 00:00:00,A021-PMP,Fuel Pump,82.005,3.1,70.62,55.487,1852.533,142.678,22.763,80.369,812,61.906,26.618,Normal,0,1
A021,2025-01-15 07:00:00,A021-PMP,Fuel Pump,81.777,3.227,71.929,51.774,1818.905,150.912,23.461,81.223,630,68.278,34.02,Normal,0,0
A021,2025-01-15 12:00:00,A021-PMP,Fuel Pump,78.223,3.106,70.96,53.777,1828.973,142.113,23.281,78.076,709,45.217,33.846,Normal,0,0
A021,2025-01-15 16:00:00,A021-PMP,Fuel Pump,79.084,3.335,71.911,50.182,1873.742,147.081,23.849,81.442,767,66.635,30.316,Normal,0,0
A021,2025-01-15 18:00:00,A021-PMP,Fuel Pump,88.064,3.403,73.919,49.915,1793.339,148.267,23.08,82.432,670,63.96,28.553,Warning,1,1
A021,2025-01-15 19:00:00,A021-PMP,Fuel Pump,83.219,2.941,77.7,53.976,1750.244,144.655,22.881,81.539,638,54.143,26.923,Normal,0,0
A021,2025-01-15 21:00:00,A021-PMP,Fuel Pump,77.093,3.971,72.626,52.727,1745.743,141.706,22.922,88.16,843,65.051,35.293,Normal,0,0
A021,2025-01-15 23:00:00,A021-PMP,Fuel Pump,80.63,3.301,76.539,54.271,1694.93,141.724,23.008,86.855,698,65.659,23.335,Normal,0,0
A021,2025-01-16 01:00:00,A021-PMP,Fuel Pump,82.552,3.604,72.208,51.654,1885.292,149.92,23.561,86.188,790,70.268,25.584,Warning,1,0
A021,2025-01-16 02:00:00,A021-PMP,Fuel Pump,81.231,2.665,74.682,50.938,1829.283,147.234,22.775,85.876,462,84.532,28.878,Warning,1,1
A021,2025-01-16 05:00:00,A021-PMP,Fuel Pump,76.021,3.744,69.804,54.75,1628.624,147.857,23.231,81.904,524,75.349,29.069,Warning,1,0
A021,2025-01-16 09:00:00,A021-PMP,Fuel Pump,80.413,3.505,72.457,53.565,1549.868,153.519,23.212,82.857,543,74.823,36.453,Warning,1,0
A021,2025-01-16 13:00:00,A021-PMP,Fuel Pump,83.441,3.911,71.595,55.407,1908.366,132.352,22.721,83.012,796,60.569,31.069,Warning,1,0
A021,2025-01-16 14:00:00,A021-PMP,Fuel Pump,82.21,3.591,73.038,49.596,1914.448,138.967,22.491,85.897,534,79.599,27.573,Warning,1,0
A021,2025-01-16 16:00:00,A021-PMP,Fuel Pump,79.883,3.415,74.132,52.816,1735.562,140.099,21.994,87.039,647,87.806,33.693,Warning,1,0
A021,2025-01-16 19:00:00,A021-PMP,Fuel Pump,81.914,3.824,72.974,51.187,1763.883,151.601,22.325,81.77,735,63.545,33.167,Warning,1,0
A021,2025-01-17 03:00:00,A021-PMP,Fuel Pump,81.812,3.009,69.296,52.895,1896.646,142.638,23.07,85.418,719,85.177,25.035,Warning,1,0
A021,2025-01-17 07:00:00,A021-PMP,Fuel Pump,84.858,3.754,70.96,51.008,1607.52,148.435,22.89,85.718,727,63.006,30.026,Warning,1,0
A021,2025-01-17 08:00:00,A021-PMP,Fuel Pump,81.176,3.467,68.124,50.096,1696.523,143.856,22.599,84.097,680,74.633,37.141,Warning,1,0
A021,2025-01-17 15:00:00,A021-PMP,Fuel Pump,84.225,3.931,74.837,50.996,1669.767,146.957,22.881,81.358,878,67.99,24.848,Warning,1,1
A022,2025-01-01 01:00:00,A022-PMP,Fuel Pump,71.945,1.879,74.023,53.144,1733.06,151.297,23.269,79.606,480,43.796,21.809,Normal,0,0
A022,2025-01-01 03:00:00,A022-PMP,Fuel Pump,75.373,2.649,78.611,54.307,1640.73,153.054,24.021,77.019,164,39.606,29.181,Normal,0,0
A022,2025-01-01 06:00:00,A022-PMP,Fuel Pump,74.638,2.41,77.141,54.461,1825.766,156.843,24.074,76.153,363,58.964,29.139,Normal,0,0
A022,2025-01-01 11:00:00,A022-PMP,Fuel Pump,72.116,2.126,75.232,57.441,1750.702,147.595,24.543,79.002,357,58.795,31.154,Normal,0,0
A022,2025-01-01 12:00:00,A022-PMP,Fuel Pump,68.727,2.209,75.04,53.297,1926.037,155.699,23.72,73.97,497,44.698,38.781,Normal,0,0
A022,2025-01-01 14:00:00,A022-PMP,Fuel Pump,73.1,2.152,77.078,51.327,1841.29,146.693,24.652,73.808,186,49.11,29.831,Normal,0,1
A022,2025-01-01 20:00:00,A022-PMP,Fuel Pump,68.903,2.378,78.517,54.587,1739.509,144.476,24.332,76.941,246,52.373,24.852,Normal,0,0
A022,2025-01-01 21:00:00,A022-PMP,Fuel Pump,74.84,1.674,77.021,56.382,1813.547,152.53,24.312,73.609,357,52.149,29.694,Normal,0,0
A022,2025-01-02 06:00:00,A022-PMP,Fuel Pump,70.425,2.621,75.645,52.871,1864.955,154.379,23.95,72.393,271,61.628,21.961,Normal,0,0
A022,2025-01-02 09:00:00,A022-PMP,Fuel Pump,73.57,2.853,80.446,53.991,1799.613,145.529,23.836,78.536,235,45.52,39.78,Normal,0,0
A022,2025-01-02 13:00:00,A022-PMP,Fuel Pump,77.001,2.307,77.396,51.546,1810.129,151.904,23.795,75.474,376,43.85,37.603,Normal,0,0
A022,2025-01-02 18:00:00,A022-PMP,Fuel Pump,76.032,2.485,79.489,48.218,1645.064,153.534,23.996,76.924,494,49.915,21.426,Normal,0,0
A022,2025-01-03 17:00:00,A022-PMP,Fuel Pump,74.472,2.569,74.019,56.36,1767.941,149.98,23.55,78.376,520,64.632,27.065,Normal,0,0
A022,2025-01-03 18:00:00,A022-PMP,Fuel Pump,77.322,2.571,73.698,55.409,1656.938,153.306,23.895,75.598,207,53.325,36.779,Normal,0,0
A022,2025-01-04 01:00:00,A022-PMP,Fuel Pump,88.069,6.531,65.313,57.164,1878.932,139.021,23.432,78.823,326,57.98,34.18,Warning,1,0
A022,2025-01-04 05:00:00,A022-PMP,Fuel Pump,75.683,2.46,70.713,55.291,1854.002,153.146,23.599,77.18,261,62.031,29.076,Normal,0,0
A022,2025-01-04 15:00:00,A022-PMP,Fuel Pump,76.007,2.187,77.743,56.327,1779.698,155.862,23.627,73.788,551,55.516,23.214,Normal,0,0
A022,2025-01-04 16:00:00,A022-PMP,Fuel Pump,76.548,2.859,74.453,53.968,1812.458,149.471,23.603,75.856,566,46.613,25.283,Normal,0,0
A022,2025-01-04 17:00:00,A022-PMP,Fuel Pump,74.357,3.144,70.298,54.973,1764.424,148.959,23.703,79.691,350,52.904,28.595,Normal,0,0
A022,2025-01-04 20:00:00,A022-PMP,Fuel Pump,79.502,2.722,78.702,52.146,1741.574,149.15,23.724,78.033,243,55.951,29.513,Normal,0,0
A022,2025-01-04 23:00:00,A022-PMP,Fuel Pump,73.081,2.655,75.597,53.775,1840.474,150.811,23.788,78.476,262,80.001,32.834,Normal,0,0
A022,2025-01-05 08:00:00,A022-PMP,Fuel Pump,69.407,2.968,75.391,52.879,1750.516,149.719,23.863,76.349,215,59.48,19.891,Normal,0,0
A022,2025-01-05 09:00:00,A022-PMP,Fuel Pump,77.893,2.83,76.461,52.517,1692.684,145.441,24.666,76.856,319,62.745,33.758,Normal,0,0
A022,2025-01-05 12:00:00,A022-PMP,Fuel Pump,73.191,2.381,77.894,54.257,1867.172,147.279,23.479,76.975,222,51.099,32.88,Normal,0,0
A022,2025-01-05 13:00:00,A022-PMP,Fuel Pump,74.526,2.867,71.497,54.98,1815.044,150.371,23.843,77.255,449,58.84,36.825,Normal,0,1
A022,2025-01-05 14:00:00,A022-PMP,Fuel Pump,77.44,2.65,75.883,56.249,1871.353,150.144,23.316,80.714,440,63.037,32.325,Normal,0,1
A022,2025-01-05 15:00:00,A022-PMP,Fuel Pump,74.014,2.66,77.361,54.363,1816.424,147.81,23.032,80.375,215,51.321,34.486,Normal,0,0
A022,2025-01-05 21:00:00,A022-PMP,Fuel Pump,80.498,2.586,72.812,53.37,1699.159,147.076,23.571,81.224,462,50.321,40.328,Normal,0,0
A022,2025-01-05 23:00:00,A022-PMP,Fuel Pump,76.922,2.019,72.894,53.438,1862.551,149.906,23.279,79.278,482,63.158,35.483,Normal,0,0
A022,2025-01-06 01:00:00,A022-PMP,Fuel Pump,74.24,2.943,75.616,53.238,1764.912,151.845,23.761,75.359,484,58.148,37.719,Normal,0,0
A022,2025-01-06 06:00:00,A022-PMP,Fuel Pump,79.154,2.97,73.786,51.686,1584.651,150.24,23.072,77.353,490,58.434,27.351,Normal,0,1
A022,2025-01-06 07:00:00,A022-PMP,Fuel Pump,75.426,3.389,80.253,53.7,1876.37,146.55,23.097,78.949,228,47.625,35.461,Normal,0,0
A022,2025-01-06 10:00:00,A022-PMP,Fuel Pump,71.909,2.444,80.589,51.808,1680.279,151.184,23.872,81.005,473,47.24,28.369,Normal,0,0
A022,2025-01-06 19:00:00,A022-PMP,Fuel Pump,79.899,3.39,76.739,52.971,1701.52,151.757,23.806,74.614,517,56.393,22.036,Normal,0,0
A022,2025-01-07 00:00:00,A022-PMP,Fuel Pump,77.67,2.933,79.524,56.692,1754.745,149.507,23.903,74.456,265,61.635,28.104,Normal,0,0
A022,2025-01-07 01:00:00,A022-PMP,Fuel Pump,77.466,2.608,78.115,51.718,1788.994,149.882,23.663,77.891,577,54.375,39.002,Normal,0,0
A022,2025-01-07 06:00:00,A022-PMP,Fuel Pump,74.469,3.046,73.628,56.434,1725.29,147.079,23.681,78.626,641,55.541,33.899,Normal,0,1
A022,2025-01-07 10:00:00,A022-PMP,Fuel Pump,73.189,3.096,75.586,51.844,1804.97,154.287,24.218,78.263,591,68.717,22.19,Normal,0,0
A022,2025-01-07 21:00:00,A022-PMP,Fuel Pump,79.228,2.833,72.056,56.54,1904.488,152.003,23.077,77.405,618,65.299,38.956,Normal,0,0
A022,2025-01-08 01:00:00,A022-PMP,Fuel Pump,76.532,3.241,78.184,56.839,1980.873,143.558,24.005,75.89,664,40.488,23.554,Normal,0,1
A022,2025-01-08 02:00:00,A022-PMP,Fuel Pump,76.796,3.005,74.579,51.51,1811.317,153.789,23.423,76.551,552,75.406,30.375,Normal,0,0
A022,2025-01-08 04:00:00,A022-PMP,Fuel Pump,84.927,4.011,66.888,55.578,1759.861,135.27,23.598,75.869,333,46.198,33.675,Warning,1,1
A022,2025-01-08 05:00:00,A022-PMP,Fuel Pump,75.908,3.122,72.557,56.668,1811.652,149.381,23.653,74.3,588,64.554,29.453,Normal,0,1
A022,2025-01-08 07:00:00,A022-PMP,Fuel Pump,79.658,3.307,75.001,51.136,1770.718,145.228,23.518,81.609,376,64.525,29.264,Normal,0,1
A022,2025-01-08 11:00:00,A022-PMP,Fuel Pump,76.086,2.869,70.583,51.541,1735.431,149.128,23.379,78.328,621,60.481,27.097,Normal,0,0
A022,2025-01-08 17:00:00,A022-PMP,Fuel Pump,80.162,3.111,76.835,54.655,1968.75,146.006,23.189,76.155,472,62.22,34.597,Normal,0,0
A022,2025-01-09 00:00:00,A022-PMP,Fuel Pump,80.659,3.058,76.397,52.773,1732.193,141.49,23.458,77.799,408,54.86,34.352,Normal,0,0
A022,2025-01-09 03:00:00,A022-PMP,Fuel Pump,79.549,2.975,78.138,54.234,1773.901,150.901,23.284,77.668,306,65.935,31.506,Normal,0,1
A022,2025-01-09 04:00:00,A022-PMP,Fuel Pump,75.819,3.412,74.541,53.708,1674.156,150.692,23.175,78.879,548,67.751,26.43,Normal,0,0
A022,2025-01-09 12:00:00,A022-PMP,Fuel Pump,86.821,4.775,69.999,52.294,1893.835,138.658,23.594,80.4,513,61.794,27.977,Warning,1,1
A022,2025-01-09 15:00:00,A022-PMP,Fuel Pump,78.128,3.245,72.926,53.815,1956.85,140.772,23.56,79.514,458,59.752,36.546,Normal,0,0
A022,2025-01-09 21:00:00,A022-PMP,Fuel Pump,78.943,3.538,71.632,55.252,1928.317,144.424,22.783,79.679,525,73.497,36.319,Normal,0,0
A022,2025-01-10 00:00:00,A022-PMP,Fuel Pump,78.558,3.099,76.155,55.298,1812.036,143.91,23.835,80.669,515,49.955,42.452,Normal,0,0
A022,2025-01-10 07:00:00,A022-PMP,Fuel Pump,77.625,3.11,74.717,55.705,1869.128,147.594,23.35,78.351,346,62.771,37.21,Normal,0,0
A022,2025-01-10 08:00:00,A022-PMP,Fuel Pump,79.129,2.486,71.427,50.922,1706.842,144.597,23.549,78.672,692,54.154,33.688,Normal,0,0
A022,2025-01-10 15:00:00,A022-PMP,Fuel Pump,76.835,3.247,78.987,52.483,1867.561,144.853,23.006,79.761,692,78.924,32.082,Normal,0,1
A022,2025-01-10 16:00:00,A022-PMP,Fuel Pump,79.271,2.88,74.691,55.416,1791.554,141.836,23.394,78.331,687,53.807,33.559,Normal,0,0
A022,2025-01-10 20:00:00,A022-PMP,Fuel Pump,77.73,3.54,68.92,53.801,1904.877,150.64,23.48,82.516,639,60.399,34.107,Normal,0,0
A022,2025-01-10 21:00:00,A022-PMP,Fuel Pump,79.408,3.351,67.172,50.815,1796.694,151.734,23.103,79.477,582,61.813,40.383,Normal,0,0
A022,2025-01-11 00:00:00,A022-PMP,Fuel Pump,77.324,2.845,74.483,55.249,1802.488,139.604,23.21,77.798,643,84.23,35.231,Normal,0,1
A022,2025-01-11 04:00:00,A022-PMP,Fuel Pump,78.492,2.666,75.456,58.14,1910.316,148.296,23.069,81.645,709,72.946,23.786,Normal,0,0
A022,2025-01-11 06:00:00,A022-PMP,Fuel Pump,77.526,3.567,71.859,57.362,1755.756,142.287,23.654,85.61,648,70.731,28.383,Normal,0,1
A022,2025-01-11 08:00:00,A022-PMP,Fuel Pump,81.366,2.753,70.905,52.781,1743.05,144.675,23.525,82.535,374,72.091,33.383,Normal,0,0
A022,2025-01-11 14:00:00,A022-PMP,Fuel Pump,78.94,2.857,70.127,53.89,1658.131,141.441,23.0,84.33,749,76.364,21.521,Normal,0,1
A022,2025-01-11 17:00:00,A022-PMP,Fuel Pump,77.098,3.696,70.038,51.26,1791.894,142.18,23.116,78.288,635,62.474,22.558,Normal,0,0
A022,2025-01-11 22:00:00,A022-PMP,Fuel Pump,80.02,2.808,73.408,53.975,1825.788,151.739,23.697,84.467,540,58.138,34.329,Normal,0,0
A022,2025-01-11 23:00:00,A022-PMP,Fuel Pump,80.092,3.043,76.2,53.207,1953.458,142.177,23.273,81.753,712,53.773,33.646,Normal,0,0
A022,2025-01-12 01:00:00,A022-PMP,Fuel Pump,78.976,3.265,70.04,55.893,1708.824,146.747,23.345,77.919,549,64.952,30.218,Normal,0,1
A022,2025-01-12 07:00:00,A022-PMP,Fuel Pump,79.391,3.195,73.416,53.157,2020.018,145.377,23.4,80.561,537,64.896,25.107,Normal,0,1
A022,2025-01-12 10:00:00,A022-PMP,Fuel Pump,81.399,3.218,70.291,50.598,1834.955,144.873,23.477,81.434,444,72.386,38.234,Normal,0,0
A022,2025-01-12 11:00:00,A022-PMP,Fuel Pump,75.993,2.97,72.81,54.47,1747.675,143.125,22.897,83.462,482,68.978,31.643,Normal,0,0
A022,2025-01-12 12:00:00,A022-PMP,Fuel Pump,81.111,3.464,67.882,54.113,1817.653,146.812,22.823,81.243,671,67.03,18.627,Warning,1,1
A022,2025-01-12 13:00:00,A022-PMP,Fuel Pump,79.528,3.257,72.391,49.383,1738.124,146.97,22.678,81.596,529,62.138,25.621,Normal,0,0
A022,2025-01-13 01:00:00,A022-PMP,Fuel Pump,82.319,2.944,73.591,51.789,1736.908,151.529,23.065,82.177,453,72.917,33.022,Normal,0,0
A022,2025-01-13 07:00:00,A022-PMP,Fuel Pump,79.261,2.98,72.547,56.415,1868.2,150.426,23.826,84.013,646,73.237,21.25,Normal,0,0
A022,2025-01-13 10:00:00,A022-PMP,Fuel Pump,80.025,3.535,66.5,54.756,1826.1,151.482,22.281,84.138,603,61.359,34.168,Warning,1,1
A022,2025-01-13 15:00:00,A022-PMP,Fuel Pump,80.186,3.548,73.136,52.94,1819.504,153.205,23.065,84.118,610,68.212,33.838,Warning,1,0
A022,2025-01-13 21:00:00,A022-PMP,Fuel Pump,84.169,3.028,70.84,58.562,1726.857,147.581,22.988,79.309,465,63.34,25.816,Warning,1,0
A022,2025-01-14 06:00:00,A022-PMP,Fuel Pump,81.794,3.485,75.768,53.441,1848.831,143.931,22.808,84.467,705,68.279,25.65,Warning,1,1
A022,2025-01-14 10:00:00,A022-PMP,Fuel Pump,79.941,2.849,70.611,49.683,1855.682,137.25,22.941,83.508,491,73.13,22.132,Warning,1,0
A022,2025-01-14 17:00:00,A022-PMP,Fuel Pump,84.816,3.434,73.001,50.151,1728.746,140.954,22.993,82.193,516,65.093,31.223,Warning,1,0
A022,2025-01-15 00:00:00,A022-PMP,Fuel Pump,82.112,3.773,73.735,58.038,1807.153,142.297,22.879,81.834,710,74.923,33.848,Warning,1,1
A022,2025-01-15 04:00:00,A022-PMP,Fuel Pump,84.474,2.857,75.279,54.377,1727.493,144.179,23.065,82.791,650,61.849,25.712,Normal,0,0
A022,2025-01-15 09:00:00,A022-PMP,Fuel Pump,76.631,3.758,67.892,51.493,1923.315,139.703,23.044,81.548,708,83.174,31.866,Warning,1,1
A022,2025-01-15 13:00:00,A022-PMP,Fuel Pump,90.953,7.045,59.386,53.298,1878.804,137.986,22.697,84.118,732,61.879,32.635,Warning,1,1
A022,2025-01-15 15:00:00,A022-PMP,Fuel Pump,82.127,3.8,72.652,50.33,1696.933,139.633,22.659,85.035,659,58.403,31.951,Warning,1,0
A022,2025-01-15 17:00:00,A022-PMP,Fuel Pump,80.322,3.391,68.112,51.964,1678.442,149.963,23.207,80.556,689,77.771,32.647,Warning,1,1
A022,2025-01-15 18:00:00,A022-PMP,Fuel Pump,83.529,3.256,69.641,55.246,1802.453,146.651,23.513,85.397,560,90.105,28.88,Warning,1,1
A022,2025-01-15 23:00:00,A022-PMP,Fuel Pump,83.249,3.187,67.258,57.123,1812.289,147.5,22.878,85.735,597,75.447,24.991,Warning,1,0
A022,2025-01-16 02:00:00,A022-PMP,Fuel Pump,83.858,3.468,67.449,54.331,1847.825,147.642,23.54,81.753,667,80.829,30.988,Warning,1,1
A022,2025-01-16 05:00:00,A022-PMP,Fuel Pump,97.232,5.367,58.286,53.059,1785.293,137.035,23.19,83.572,761,74.101,29.012,Warning,1,1
A022,2025-01-16 06:00:00,A022-PMP,Fuel Pump,101.07,5.415,59.938,53.161,1912.916,129.177,23.476,85.597,731,71.811,24.1,Warning,1,1
A022,2025-01-16 08:00:00,A022-PMP,Fuel Pump,83.469,3.377,68.339,54.245,1885.933,145.935,22.755,86.951,849,64.571,30.999,Warning,1,0
A022,2025-01-16 15:00:00,A022-PMP,Fuel Pump,84.889,3.38,68.676,55.405,1877.853,147.329,23.276,84.896,658,71.612,27.814,Warning,1,0
A022,2025-01-16 20:00:00,A022-PMP,Fuel Pump,84.595,4.072,69.438,53.324,1883.312,146.601,22.845,86.688,671,56.556,16.44,Warning,1,0
A022,2025-01-16 22:00:00,A022-PMP,Fuel Pump,79.575,4.214,68.564,51.304,1900.891,139.448,22.689,86.958,724,75.309,24.663,Warning,1,1
A022,2025-01-16 23:00:00,A022-PMP,Fuel Pump,79.536,3.671,65.298,50.199,1672.306,143.837,23.01,83.383,828,73.416,34.785,Warning,1,1
A022,2025-01-17 03:00:00,A022-PMP,Fuel Pump,84.286,3.798,77.346,52.296,1918.189,144.846,23.304,83.258,862,65.731,23.743,Warning,1,0
A022,2025-01-17 07:00:00,A022-PMP,Fuel Pump,87.745,3.29,74.303,50.575,1840.392,149.83,22.813,86.173,583,72.833,35.077,Warning,1,1
A022,2025-01-17 12:00:00,A022-PMP,Fuel Pump,86.949,3.913,73.122,52.484,1901.227,140.529,22.84,83.463,669,80.749,32.814,Warning,1,0
A023,2025-01-01 05:00:00,A023-PMP,Fuel Pump,70.966,2.554,78.547,54.107,1761.061,152.411,23.749,72.284,489,41.214,23.92,Normal,0,0
A023,2025-01-01 11:00:00,A023-PMP,Fuel Pump,70.795,2.133,72.79,54.259,1760.279,147.69,24.285,78.687,266,42.267,35.768,Normal,0,0
A023,2025-01-01 15:00:00,A023-PMP,Fuel Pump,74.53,2.659,77.495,52.976,1826.426,147.082,24.071,74.01,326,47.575,23.112,Normal,0,0
A023,2025-01-01 20:00:00,A023-PMP,Fuel Pump,73.392,2.462,76.948,54.727,1941.23,148.002,23.858,76.823,156,56.112,31.826,Normal,0,1
A023,2025-01-02 01:00:00,A023-PMP,Fuel Pump,74.885,2.707,78.003,55.383,1810.35,147.235,23.971,78.961,234,29.753,24.971,Normal,0,0
A023,2025-01-02 09:00:00,A023-PMP,Fuel Pump,74.213,2.53,79.576,55.842,1717.537,146.692,24.257,77.202,412,60.763,28.504,Normal,0,0
A023,2025-01-02 10:00:00,A023-PMP,Fuel Pump,73.647,2.618,80.683,53.008,1804.499,146.097,23.945,72.936,234,64.888,34.179,Normal,0,0
A023,2025-01-02 11:00:00,A023-PMP,Fuel Pump,75.104,2.166,78.544,52.877,1893.705,151.49,23.731,78.789,207,65.185,26.811,Normal,0,0
A023,2025-01-02 14:00:00,A023-PMP,Fuel Pump,72.25,1.691,75.98,55.509,1839.994,147.188,23.86,76.914,341,61.596,28.779,Normal,0,0
A023,2025-01-02 15:00:00,A023-PMP,Fuel Pump,74.024,1.875,76.732,57.281,1697.777,150.516,24.137,77.885,362,56.299,27.786,Normal,0,0
A023,2025-01-02 22:00:00,A023-PMP,Fuel Pump,74.672,2.204,73.771,53.063,1831.459,142.93,24.227,77.595,433,59.824,32.09,Normal,0,0
A023,2025-01-03 00:00:00,A023-PMP,Fuel Pump,69.435,1.924,79.236,54.733,1814.174,150.581,23.612,76.171,237,58.903,38.087,Normal,0,0
A023,2025-01-03 05:00:00,A023-PMP,Fuel Pump,72.934,2.317,77.702,56.238,1941.559,154.773,23.359,76.645,360,52.74,29.126,Normal,0,0
A023,2025-01-03 07:00:00,A023-PMP,Fuel Pump,77.126,3.088,74.255,56.154,1713.889,147.957,23.48,77.444,539,52.47,29.872,Normal,0,0
A023,2025-01-03 13:00:00,A023-PMP,Fuel Pump,71.459,2.602,78.255,54.244,1624.075,143.667,24.284,77.793,283,42.466,28.584,Normal,0,0
A023,2025-01-03 14:00:00,A023-PMP,Fuel Pump,70.462,2.433,78.531,58.685,1917.072,151.037,23.777,74.33,462,53.513,21.118,Normal,0,0
A023,2025-01-03 17:00:00,A023-PMP,Fuel Pump,72.979,2.562,79.038,51.288,1849.259,145.485,24.019,75.866,386,61.025,35.46,Normal,0,0
A023,2025-01-04 12:00:00,A023-PMP,Fuel Pump,72.416,3.244,72.538,56.755,1718.797,144.847,24.058,77.167,267,48.362,27.136,Normal,0,0
A023,2025-01-04 15:00:00,A023-PMP,Fuel Pump,77.654,2.879,75.835,55.027,1774.962,151.116,23.176,74.567,235,51.26,22.596,Normal,0,0
A023,2025-01-04 23:00:00,A023-PMP,Fuel Pump,81.89,5.283,63.059,53.848,1713.585,141.718,24.149,79.012,353,58.797,32.044,Warning,1,1
A023,2025-01-05 00:00:00,A023-PMP,Fuel Pump,73.634,2.771,77.095,52.138,1771.588,152.439,24.125,78.738,425,63.067,28.92,Normal,0,0
A023,2025-01-05 04:00:00,A023-PMP,Fuel Pump,75.375,3.59,77.503,51.82,1740.366,147.95,23.712,75.649,594,67.603,26.738,Normal,0,0
A023,2025-01-05 07:00:00,A023-PMP,Fuel Pump,80.385,2.428,75.268,56.527,1705.762,148.633,23.897,77.976,207,61.785,28.681,Normal,0,0
A023,2025-01-05 13:00:00,A023-PMP,Fuel Pump,73.396,2.975,75.179,53.423,1796.318,151.58,24.594,71.845,518,57.816,28.23,Normal,0,0
A023,2025-01-05 14:00:00,A023-PMP,Fuel Pump,74.75,3.258,71.074,54.661,1834.705,155.119,23.222,76.565,415,62.11,27.995,Normal,0,0
A023,2025-01-05 18:00:00,A023-PMP,Fuel Pump,75.647,2.06,77.012,54.241,1829.089,150.674,23.312,78.671,303,65.868,28.418,Normal,0,0
A023,2025-01-05 22:00:00,A023-PMP,Fuel Pump,77.356,2.907,74.54,54.744,1981.162,152.19,23.538,75.781,566,44.872,21.792,Normal,0,0
A023,2025-01-06 01:00:00,A023-PMP,Fuel Pump,74.789,2.351,73.384,53.486,1955.465,151.946,23.906,77.154,329,54.516,25.428,Normal,0,0
A023,2025-01-06 03:00:00,A023-PMP,Fuel Pump,72.879,3.219,76.884,55.186,1680.434,146.393,24.024,75.206,473,53.581,22.474,Normal,0,0
A023,2025-01-06 04:00:00,A023-PMP,Fuel Pump,76.31,2.956,76.55,57.073,1858.396,153.006,23.413,76.696,301,47.277,32.611,Normal,0,1
A023,2025-01-06 11:00:00,A023-PMP,Fuel Pump,81.983,5.381,62.704,53.485,1761.907,133.704,23.233,75.979,564,68.544,31.411,Warning,1,0
A023,2025-01-06 13:00:00,A023-PMP,Fuel Pump,79.336,2.617,80.624,53.846,1713.776,141.764,23.841,80.653,331,45.927,32.69,Normal,0,1
A023,2025-01-06 14:00:00,A023-PMP,Fuel Pump,77.94,3.529,73.757,52.215,1973.22,148.727,23.537,77.032,610,69.532,28.931,Normal,0,0
A023,2025-01-06 15:00:00,A023-PMP,Fuel Pump,77.14,3.293,72.161,53.161,1960.116,148.748,23.817,77.739,372,57.713,34.262,Normal,0,0
A023,2025-01-06 20:00:00,A023-PMP,Fuel Pump,76.848,2.412,77.982,52.38,1886.334,147.735,23.902,82.113,603,59.131,39.651,Normal,0,0
A023,2025-01-06 23:00:00,A023-PMP,Fuel Pump,78.31,2.69,77.364,53.329,1781.004,154.603,23.799,77.226,406,64.712,28.249,Normal,0,0
A023,2025-01-07 01:00:00,A023-PMP,Fuel Pump,74.757,2.932,69.086,56.587,1870.923,147.359,23.506,79.251,273,77.117,27.712,Normal,0,0
A023,2025-01-07 03:00:00,A023-PMP,Fuel Pump,72.566,2.44,69.567,52.132,1728.882,144.812,23.466,78.547,449,52.016,29.379,Normal,0,0
A023,2025-01-07 10:00:00,A023-PMP,Fuel Pump,75.13,3.053,72.732,55.359,1799.884,145.901,23.299,82.281,318,52.499,31.586,Normal,0,0
A023,2025-01-07 17:00:00,A023-PMP,Fuel Pump,77.164,2.51,75.501,55.676,1851.329,147.81,23.498,80.475,538,56.826,30.946,Normal,0,0
A023,2025-01-07 19:00:00,A023-PMP,Fuel Pump,79.692,2.331,76.765,50.502,1794.986,157.536,22.953,79.072,282,53.353,27.045,Normal,0,0
A023,2025-01-07 20:00:00,A023-PMP,Fuel Pump,77.17,2.638,77.633,54.839,1800.298,150.086,23.697,79.018,609,65.431,31.194,Normal,0,0
A023,2025-01-07 21:00:00,A023-PMP,Fuel Pump,74.877,2.916,75.766,55.568,1818.73,152.325,23.101,81.237,438,69.772,22.946,Normal,0,0
A023,2025-01-07 22:00:00,A023-PMP,Fuel Pump,71.502,3.066,75.868,57.425,1932.943,146.235,23.284,81.406,314,72.106,32.677,Normal,0,0
A023,2025-01-07 23:00:00,A023-PMP,Fuel Pump,74.14,3.078,72.2,58.304,1705.82,138.365,23.566,82.226,568,63.346,27.341,Normal,0,0
A023,2025-01-08 00:00:00,A023-PMP,Fuel Pump,74.678,3.046,74.046,53.88,1719.338,147.138,23.832,75.621,458,55.307,28.406,Normal,0,0
A023,2025-01-08 04:00:00,A023-PMP,Fuel Pump,76.327,2.322,73.457,53.167,1796.2,150.3,23.769,77.649,595,63.168,30.759,Normal,0,0
A023,2025-01-08 05:00:00,A023-PMP,Fuel Pump,74.285,2.835,74.46,53.157,1717.606,144.331,23.801,75.542,456,72.303,30.151,Normal,0,0
A023,2025-01-08 11:00:00,A023-PMP,Fuel Pump,76.839,3.741,71.749,53.465,1865.062,137.16,23.272,83.953,603,74.787,22.576,Normal,0,1
A023,2025-01-08 12:00:00,A023-PMP,Fuel Pump,77.571,3.333,76.893,57.357,1924.862,138.423,23.295,76.746,573,81.952,28.174,Normal,0,0
A023,2025-01-08 18:00:00,A023-PMP,Fuel Pump,78.426,3.387,73.596,53.92,1833.363,153.647,22.791,80.066,369,55.49,36.303,Normal,0,0
A023,2025-01-09 02:00:00,A023-PMP,Fuel Pump,81.401,2.8,74.091,54.326,1852.347,154.367,23.326,78.065,443,65.091,25.607,Normal,0,0
A023,2025-01-09 04:00:00,A023-PMP,Fuel Pump,78.403,3.393,72.368,55.322,1788.913,154.345,23.713,83.234,568,72.681,25.676,Normal,0,1
A023,2025-01-09 06:00:00,A023-PMP,Fuel Pump,75.881,3.258,73.868,53.764,1834.904,141.644,23.502,79.156,673,61.127,27.555,Normal,0,0
A023,2025-01-09 07:00:00,A023-PMP,Fuel Pump,80.343,4.29,73.983,55.942,1747.338,143.859,23.23,78.264,359,73.039,38.83,Normal,0,0
A023,2025-01-09 08:00:00,A023-PMP,Fuel Pump,79.109,3.723,76.271,57.231,1777.722,146.973,23.517,78.351,501,71.404,27.083,Normal,0,1
A023,2025-01-09 09:00:00,A023-PMP,Fuel Pump,79.64,3.421,75.771,53.257,1955.538,153.077,23.687,77.193,333,53.251,32.709,Normal,0,1
A023,2025-01-09 12:00:00,A023-PMP,Fuel Pump,77.233,3.56,73.71,53.473,1579.709,141.038,23.751,81.968,517,66.066,43.917,Normal,0,0
A023,2025-01-09 13:00:00,A023-PMP,Fuel Pump,80.969,3.41,70.891,51.385,1793.22,150.283,24.049,81.611,478,61.602,29.211,Normal,0,1
A023,2025-01-09 16:00:00,A023-PMP,Fuel Pump,75.623,3.686,72.549,51.42,1845.096,141.138,23.035,80.98,642,56.861,38.465,Normal,0,0
A023,2025-01-09 20:00:00,A023-PMP,Fuel Pump,78.019,3.541,69.897,55.736,1807.519,141.374,23.589,81.623,656,66.694,32.089,Normal,0,0
A023,2025-01-09 21:00:00,A023-PMP,Fuel Pump,75.522,3.28,74.477,55.59,1862.893,145.75,23.571,78.665,367,57.546,29.606,Normal,0,0
A023,2025-01-09 23:00:00,A023-PMP,Fuel Pump,83.445,3.37,72.747,53.718,1902.189,154.479,23.498,79.462,394,67.202,24.466,Normal,0,0
A023,2025-01-10 06:00:00,A023-PMP,Fuel Pump,77.062,2.333,70.531,53.333,1869.617,149.812,23.563,78.779,332,67.311,33.408,Normal,0,0
A023,2025-01-10 08:00:00,A023-PMP,Fuel Pump,75.552,3.223,73.917,52.772,1637.863,138.699,23.586,80.748,402,60.063,35.293,Normal,0,0
A023,2025-01-10 14:00:00,A023-PMP,Fuel Pump,77.089,3.598,70.092,53.347,1665.654,145.419,23.669,77.046,684,52.919,34.915,Normal,0,0
A023,2025-01-10 16:00:00,A023-PMP,Fuel Pump,82.865,3.617,71.568,53.955,1755.706,144.277,23.367,80.322,580,50.376,34.681,Normal,0,1
A023,2025-01-11 06:00:00,A023-PMP,Fuel Pump,79.841,3.077,77.807,52.549,1602.189,146.66,22.773,81.988,611,74.253,25.229,Normal,0,0
A023,2025-01-11 15:00:00,A023-PMP,Fuel Pump,80.038,2.304,70.851,50.673,1916.78,144.328,22.569,82.015,384,75.4,33.358,Normal,0,0
A023,2025-01-11 23:00:00,A023-PMP,Fuel Pump,76.849,3.419,74.469,52.357,1858.106,152.4,23.327,78.994,711,67.875,27.561,Normal,0,1
A023,2025-01-12 00:00:00,A023-PMP,Fuel Pump,79.189,3.275,69.445,57.036,1836.107,145.332,23.484,84.194,694,51.577,36.142,Normal,0,1
A023,2025-01-12 03:00:00,A023-PMP,Fuel Pump,77.089,3.19,67.541,53.887,1710.088,149.452,22.957,83.397,708,65.282,28.861,Normal,0,1
A023,2025-01-12 14:00:00,A023-PMP,Fuel Pump,85.282,3.563,76.214,50.374,1919.316,149.834,23.257,81.616,703,46.179,33.678,Normal,0,1
A023,2025-01-12 17:00:00,A023-PMP,Fuel Pump,79.549,3.77,72.907,57.41,1794.127,147.993,23.188,82.584,473,63.127,30.444,Normal,0,1
A023,2025-01-12 18:00:00,A023-PMP,Fuel Pump,80.171,3.18,70.277,51.0,1734.57,156.47,23.255,81.556,539,63.436,29.252,Normal,0,0
A023,2025-01-12 21:00:00,A023-PMP,Fuel Pump,78.631,2.855,69.59,52.804,1778.548,145.42,23.325,81.265,697,60.949,25.074,Normal,0,0
A023,2025-01-13 09:00:00,A023-PMP,Fuel Pump,76.89,3.376,70.532,50.829,1875.345,144.993,23.226,80.127,724,71.697,34.775,Warning,1,0
A023,2025-01-13 10:00:00,A023-PMP,Fuel Pump,77.599,3.039,72.528,53.577,1868.408,145.722,23.522,83.963,683,69.643,33.576,Normal,0,0
A023,2025-01-13 12:00:00,A023-PMP,Fuel Pump,81.125,3.646,70.782,54.363,1808.277,148.747,23.152,83.46,545,71.203,31.94,Warning,1,0
A023,2025-01-13 15:00:00,A023-PMP,Fuel Pump,81.498,2.835,70.737,55.332,1796.107,142.684,23.035,85.129,779,74.766,26.279,Warning,1,1
A023,2025-01-13 22:00:00,A023-PMP,Fuel Pump,76.953,3.092,66.439,50.823,1940.496,150.974,23.737,84.726,773,73.513,37.453,Warning,1,0
A023,2025-01-14 05:00:00,A023-PMP,Fuel Pump,84.167,3.276,70.892,49.438,1780.467,143.776,22.82,82.491,751,64.68,24.099,Warning,1,0
A023,2025-01-14 07:00:00,A023-PMP,Fuel Pump,78.016,4.223,70.123,47.931,1949.353,148.499,23.057,82.865,688,78.763,41.169,Warning,1,0
A023,2025-01-14 08:00:00,A023-PMP,Fuel Pump,78.374,3.505,74.537,52.983,1840.602,150.062,22.943,80.711,787,70.224,29.344,Warning,1,0
A023,2025-01-14 22:00:00,A023-PMP,Fuel Pump,83.834,4.293,70.977,55.164,1862.324,147.665,22.631,85.57,644,75.911,24.794,Warning,1,0
A023,2025-01-15 00:00:00,A023-PMP,Fuel Pump,81.184,3.061,71.263,52.924,1841.792,145.409,22.592,84.416,518,73.119,30.243,Warning,1,0
A023,2025-01-15 06:00:00,A023-PMP,Fuel Pump,83.22,4.113,71.275,51.026,1692.396,142.618,22.73,80.322,490,66.857,29.089,Warning,1,1
A023,2025-01-15 11:00:00,A023-PMP,Fuel Pump,86.895,3.999,72.263,50.67,1732.769,146.193,22.915,81.352,545,69.452,42.021,Warning,1,0
A023,2025-01-15 15:00:00,A023-PMP,Fuel Pump,85.14,3.753,69.627,52.468,1900.471,147.361,22.608,83.039,642,81.4,38.874,Warning,1,1
A023,2025-01-15 17:00:00,A023-PMP,Fuel Pump,79.981,3.871,72.968,53.251,1642.862,150.212,23.064,82.901,459,74.729,24.629,Warning,1,0
A023,2025-01-15 18:00:00,A023-PMP,Fuel Pump,97.4,6.48,57.876,54.053,1691.533,133.928,22.32,83.587,761,84.976,31.122,Warning,1,1
A023,2025-01-15 21:00:00,A023-PMP,Fuel Pump,82.569,3.433,67.017,53.085,1766.403,148.733,22.97,87.213,775,84.215,40.196,Warning,1,1
A023,2025-01-15 23:00:00,A023-PMP,Fuel Pump,81.85,4.074,72.383,56.426,1753.404,144.438,23.032,83.455,617,77.887,30.995,Warning,1,1
A023,2025-01-16 00:00:00,A023-PMP,Fuel Pump,82.045,3.863,69.113,50.856,1899.76,146.668,22.606,84.469,533,77.555,38.667,Warning,1,0
A023,2025-01-16 03:00:00,A023-PMP,Fuel Pump,80.3,3.391,73.594,53.606,1864.034,153.917,23.097,86.903,578,76.899,27.042,Warning,1,0
A023,2025-01-16 07:00:00,A023-PMP,Fuel Pump,82.425,3.835,68.749,49.241,1765.808,150.308,22.153,81.815,757,73.57,26.981,Warning,1,0
A023,2025-01-16 10:00:00,A023-PMP,Fuel Pump,81.162,3.207,67.72,53.486,1772.767,150.258,23.323,79.352,764,68.007,25.677,Warning,1,0
A023,2025-01-16 12:00:00,A023-PMP,Fuel Pump,83.387,2.978,72.199,55.402,1859.858,142.318,22.389,87.686,656,66.976,28.32,Warning,1,1
A023,2025-01-16 17:00:00,A023-PMP,Fuel Pump,82.817,3.563,70.233,51.264,1830.768,145.427,23.079,83.662,757,67.03,35.916,Warning,1,1
A023,2025-01-17 00:00:00,A023-PMP,Fuel Pump,84.514,2.956,70.312,51.827,1794.748,145.962,22.651,85.347,812,54.157,31.357,Warning,1,0
A023,2025-01-17 04:00:00,A023-PMP,Fuel Pump,83.907,4.093,71.7,52.502,1767.886,142.172,23.127,85.399,660,73.775,29.905,Warning,1,1
A023,2025-01-17 09:00:00,A023-PMP,Fuel Pump,84.065,4.215,64.693,49.806,1848.064,151.171,21.963,82.513,789,73.43,30.567,Warning,1,1
A023,2025-01-17 14:00:00,A023-PMP,Fuel Pump,81.219,3.85,67.186,49.218,1770.031,148.765,21.791,85.295,720,77.843,33.975,Warning,1,1
A023,2025-01-17 15:00:00,A023-PMP,Fuel Pump,85.22,3.666,72.63,56.931,1771.097,146.062,23.017,87.813,843,84.69,32.592,Warning,1,1
A024,2025-01-01 03:00:00,A024-PMP,Fuel Pump,72.139,1.703,79.197,52.021,1745.456,143.643,23.85,74.368,387,41.466,25.371,Normal,0,0
A024,2025-01-01 06:00:00,A024-PMP,Fuel Pump,73.066,2.794,83.391,58.781,1771.985,149.382,23.564,73.05,400,52.962,26.539,Normal,0,0
A024,2025-01-01 09:00:00,A024-PMP,Fuel Pump,68.698,1.651,79.479,55.605,1828.581,151.827,24.027,76.831,149,48.477,26.216,Normal,0,0
A024,2025-01-01 12:00:00,A024-PMP,Fuel Pump,69.249,2.454,74.436,56.191,1837.257,150.177,24.37,76.079,327,24.509,34.061,Normal,0,0
A024,2025-01-01 15:00:00,A024-PMP,Fuel Pump,91.475,4.971,64.71,55.335,1806.353,137.735,24.541,75.258,411,65.744,26.806,Warning,1,0
A024,2025-01-01 16:00:00,A024-PMP,Fuel Pump,70.81,2.466,76.15,53.987,1962.972,141.381,24.269,77.792,419,55.115,27.458,Normal,0,0
A024,2025-01-01 19:00:00,A024-PMP,Fuel Pump,75.414,1.903,77.776,53.322,1683.921,147.52,23.238,75.185,508,46.148,30.53,Normal,0,0
A024,2025-01-02 06:00:00,A024-PMP,Fuel Pump,71.076,1.671,81.178,57.77,1698.126,143.991,23.841,76.164,372,38.092,23.888,Normal,0,0
A024,2025-01-02 10:00:00,A024-PMP,Fuel Pump,70.659,2.576,79.477,56.17,1851.644,147.48,23.684,78.483,525,44.917,19.949,Normal,0,0
A024,2025-01-02 11:00:00,A024-PMP,Fuel Pump,74.385,2.072,77.977,55.517,1853.311,141.479,23.581,76.092,415,46.383,26.062,Normal,0,0
A024,2025-01-02 12:00:00,A024-PMP,Fuel Pump,74.049,2.177,79.632,52.543,1711.943,142.585,24.027,75.479,355,58.212,26.844,Normal,0,0
A024,2025-01-02 13:00:00,A024-PMP,Fuel Pump,77.384,2.089,80.283,53.666,1763.705,144.854,23.927,74.649,261,41.332,35.823,Normal,0,0
A024,2025-01-03 03:00:00,A024-PMP,Fuel Pump,69.476,2.032,76.08,52.893,1821.014,149.47,23.494,76.417,393,44.35,33.614,Normal,0,0
A024,2025-01-03 04:00:00,A024-PMP,Fuel Pump,71.714,2.337,85.083,53.583,1858.054,151.902,24.67,78.683,186,35.55,28.284,Normal,0,0
A024,2025-01-03 05:00:00,A024-PMP,Fuel Pump,71.284,2.377,80.262,53.509,1706.826,147.05,24.01,76.316,162,56.629,23.409,Normal,0,0
A024,2025-01-03 06:00:00,A024-PMP,Fuel Pump,72.844,2.333,80.369,54.519,1725.241,143.529,23.579,79.244,435,52.318,22.968,Normal,0,0
A024,2025-01-03 08:00:00,A024-PMP,Fuel Pump,69.505,2.402,79.903,52.427,1917.408,157.002,23.599,74.902,301,57.349,29.138,Normal,0,0
A024,2025-01-03 13:00:00,A024-PMP,Fuel Pump,70.676,2.187,78.127,55.009,1791.944,146.155,24.109,77.512,469,58.448,30.123,Normal,0,0
A024,2025-01-03 15:00:00,A024-PMP,Fuel Pump,75.794,2.59,74.081,54.713,1849.271,155.107,23.283,79.961,557,48.436,41.292,Normal,0,0
A024,2025-01-03 17:00:00,A024-PMP,Fuel Pump,75.855,2.39,73.002,57.389,1705.172,146.806,23.439,77.013,381,47.405,33.273,Normal,0,0
A024,2025-01-03 22:00:00,A024-PMP,Fuel Pump,73.472,2.763,74.238,53.606,1682.055,147.545,23.784,76.815,221,57.807,34.685,Normal,0,0
A024,2025-01-04 07:00:00,A024-PMP,Fuel Pump,74.41,2.87,76.009,55.653,1736.253,146.271,23.787,71.219,261,49.149,26.144,Normal,0,0
A024,2025-01-04 11:00:00,A024-PMP,Fuel Pump,72.854,1.894,76.188,52.08,1806.214,151.476,23.983,79.936,474,41.662,34.453,Normal,0,0
A024,2025-01-04 12:00:00,A024-PMP,Fuel Pump,68.61,2.336,76.638,52.436,1781.638,150.506,23.738,73.658,564,49.702,24.145,Normal,0,0
A024,2025-01-04 13:00:00,A024-PMP,Fuel Pump,71.853,2.223,77.753,53.085,1888.359,151.363,23.876,76.959,505,56.707,29.2,Normal,0,0
A024,2025-01-04 15:00:00,A024-PMP,Fuel Pump,77.125,2.464,77.824,55.024,1994.538,148.96,23.815,78.813,325,54.112,35.785,Normal,0,0
A024,2025-01-04 18:00:00,A024-PMP,Fuel Pump,70.977,2.308,82.461,51.86,1940.573,156.133,23.427,79.189,212,67.25,39.874,Normal,0,0
A024,2025-01-04 20:00:00,A024-PMP,Fuel Pump,71.092,1.979,74.79,56.907,1762.939,147.054,23.468,78.687,499,65.929,33.24,Normal,0,0
A024,2025-01-04 21:00:00,A024-PMP,Fuel Pump,69.073,2.844,77.035,50.704,1850.31,157.147,24.177,74.335,284,51.602,26.796,Normal,0,0
A024,2025-01-05 05:00:00,A024-PMP,Fuel Pump,78.185,2.159,75.569,53.518,1916.774,154.694,23.68,77.535,426,53.236,22.903,Normal,0,0
A024,2025-01-05 08:00:00,A024-PMP,Fuel Pump,68.657,2.387,79.221,56.495,1646.919,148.441,23.517,80.033,355,40.583,33.074,Normal,0,0
A024,2025-01-05 10:00:00,A024-PMP,Fuel Pump,72.302,2.967,74.772,55.193,1876.884,149.877,23.919,81.215,268,57.796,20.853,Normal,0,0
A024,2025-01-05 15:00:00,A024-PMP,Fuel Pump,72.025,2.104,77.768,52.348,1853.733,149.871,23.82,75.972,435,49.218,32.555,Normal,0,0
A024,2025-01-05 17:00:00,A024-PMP,Fuel Pump,71.605,2.582,75.855,54.019,1770.73,155.459,23.225,74.212,389,45.285,24.83,Normal,0,0
A024,2025-01-05 22:00:00,A024-PMP,Fuel Pump,72.778,2.825,81.031,53.085,1823.597,150.54,23.595,76.247,487,54.532,33.198,Normal,0,0
A024,2025-01-05 23:00:00,A024-PMP,Fuel Pump,76.396,2.06,73.237,56.29,1629.711,145.454,23.932,80.543,579,45.458,31.328,Normal,0,0
A024,2025-01-06 05:00:00,A024-PMP,Fuel Pump,92.271,4.679,63.778,53.636,1945.41,133.781,23.166,76.774,327,56.355,28.749,Warning,1,1
A024,2025-01-06 12:00:00,A024-PMP,Fuel Pump,69.365,2.741,80.642,54.008,1683.096,150.784,23.417,79.404,546,60.074,24.099,Normal,0,1
A024,2025-01-06 13:00:00,A024-PMP,Fuel Pump,76.357,2.611,70.48,55.302,1694.094,148.383,23.455,80.244,269,58.885,31.288,Normal,0,0
A024,2025-01-06 16:00:00,A024-PMP,Fuel Pump,75.383,2.461,76.549,56.061,1805.272,142.332,23.61,80.351,375,44.307,33.573,Normal,0,0
A024,2025-01-06 23:00:00,A024-PMP,Fuel Pump,70.329,2.384,76.54,53.758,1883.096,144.023,23.178,76.553,468,63.661,33.387,Normal,0,0
A024,2025-01-07 00:00:00,A024-PMP,Fuel Pump,71.125,2.575,76.163,55.304,1783.399,152.429,23.979,77.324,519,53.365,34.515,Normal,0,0
A024,2025-01-07 03:00:00,A024-PMP,Fuel Pump,70.916,3.162,72.197,52.311,1892.005,148.557,23.807,76.295,251,48.908,28.541,Normal,0,0
A024,2025-01-07 06:00:00,A024-PMP,Fuel Pump,72.648,2.408,77.43,52.785,1907.24,147.013,23.889,79.707,306,56.234,30.712,Normal,0,0
A024,2025-01-07 10:00:00,A024-PMP,Fuel Pump,77.28,2.348,75.999,52.915,1792.389,151.305,24.219,77.481,465,43.216,28.397,Normal,0,0
A024,2025-01-07 12:00:00,A024-PMP,Fuel Pump,74.133,2.259,75.964,53.597,1876.434,142.06,23.522,75.483,639,42.235,28.334,Normal,0,0
A024,2025-01-07 16:00:00,A024-PMP,Fuel Pump,79.382,2.966,76.598,52.987,1916.716,147.343,22.468,78.964,348,54.751,26.57,Normal,0,0
A024,2025-01-07 21:00:00,A024-PMP,Fuel Pump,73.596,2.113,73.886,53.753,1901.048,143.501,23.106,78.832,455,70.769,35.686,Normal,0,0
A024,2025-01-08 02:00:00,A024-PMP,Fuel Pump,74.164,2.783,78.498,51.006,1869.971,151.421,24.095,78.468,537,69.959,31.006,Normal,0,0
A024,2025-01-08 04:00:00,A024-PMP,Fuel Pump,71.198,3.828,74.928,52.646,1823.156,146.252,23.205,81.568,335,45.219,25.542,Normal,0,0
A024,2025-01-08 09:00:00,A024-PMP,Fuel Pump,77.558,2.913,75.477,57.091,1846.655,148.408,23.59,83.425,321,51.258,26.266,Normal,0,0
A024,2025-01-08 10:00:00,A024-PMP,Fuel Pump,76.073,3.009,78.912,53.403,1953.674,147.607,23.699,79.335,330,49.037,28.478,Normal,0,0
A024,2025-01-08 11:00:00,A024-PMP,Fuel Pump,71.438,2.833,78.992,50.587,1731.075,153.059,23.269,79.061,660,55.287,23.633,Normal,0,0
A024,2025-01-08 21:00:00,A024-PMP,Fuel Pump,71.904,3.133,76.023,53.33,1864.892,146.613,22.835,78.512,676,81.071,36.183,Normal,0,0
A024,2025-01-09 08:00:00,A024-PMP,Fuel Pump,77.522,3.085,75.824,55.997,1859.685,147.738,22.876,82.05,695,73.989,36.069,Normal,0,0
A024,2025-01-09 09:00:00,A024-PMP,Fuel Pump,76.664,2.372,73.587,54.416,1760.706,155.723,22.838,79.837,379,46.058,21.792,Normal,0,0
A024,2025-01-09 12:00:00,A024-PMP,Fuel Pump,72.637,2.597,73.757,51.531,1937.065,145.38,22.58,79.475,541,54.307,26.396,Normal,0,0
A024,2025-01-09 13:00:00,A024-PMP,Fuel Pump,76.316,2.858,74.302,56.573,1737.726,148.28,23.508,79.675,638,63.795,34.351,Normal,0,0
A024,2025-01-09 20:00:00,A024-PMP,Fuel Pump,81.989,2.938,75.831,51.941,1878.124,144.773,23.479,76.158,703,53.338,27.219,Normal,0,0
A024,2025-01-10 02:00:00,A024-PMP,Fuel Pump,77.879,2.852,81.597,55.008,1769.577,146.521,23.216,82.953,680,47.945,28.814,Normal,0,0
A024,2025-01-10 10:00:00,A024-PMP,Fuel Pump,77.984,2.918,77.472,51.31,1575.798,147.859,23.89,78.613,358,65.202,27.718,Normal,0,0
A024,2025-01-10 16:00:00,A024-PMP,Fuel Pump,73.929,3.026,72.052,54.001,1888.297,143.144,23.11,80.73,548,68.45,35.439,Normal,0,0
A024,2025-01-10 21:00:00,A024-PMP,Fuel Pump,77.36,2.954,73.684,54.822,1818.665,147.576,23.829,82.574,346,57.132,40.962,Normal,0,0
A024,2025-01-11 06:00:00,A024-PMP,Fuel Pump,78.443,2.851,70.55,54.498,1769.816,149.953,23.125,78.318,722,59.18,20.46,Normal,0,1
A024,2025-01-11 09:00:00,A024-PMP,Fuel Pump,77.383,2.927,75.067,52.141,1723.449,148.199,23.132,78.917,631,69.927,17.629,Normal,0,0
A024,2025-01-11 15:00:00,A024-PMP,Fuel Pump,81.148,3.184,69.164,56.396,1849.529,156.846,23.215,83.688,459,68.479,30.958,Normal,0,0
A024,2025-01-11 22:00:00,A024-PMP,Fuel Pump,94.993,4.438,61.161,54.134,1785.171,131.857,23.308,81.981,364,67.724,23.876,Warning,1,1
A024,2025-01-12 00:00:00,A024-PMP,Fuel Pump,95.252,5.798,63.709,54.703,1926.057,125.527,22.652,81.415,616,54.273,33.58,Warning,1,1
A024,2025-01-12 04:00:00,A024-PMP,Fuel Pump,76.569,3.416,74.013,52.37,1793.631,153.117,23.298,84.744,378,55.724,30.793,Normal,0,0
A024,2025-01-12 05:00:00,A024-PMP,Fuel Pump,76.446,3.217,75.556,56.131,1767.02,152.06,23.261,82.812,611,68.969,29.826,Normal,0,1
A024,2025-01-12 06:00:00,A024-PMP,Fuel Pump,75.807,3.167,71.842,53.383,1807.922,146.052,22.869,79.021,429,65.114,36.387,Normal,0,0
A024,2025-01-12 12:00:00,A024-PMP,Fuel Pump,80.157,2.88,74.996,54.513,1913.349,148.762,23.009,79.765,417,81.008,28.314,Normal,0,0
A024,2025-01-12 20:00:00,A024-PMP,Fuel Pump,80.583,3.599,78.108,52.251,1770.366,146.559,22.4,84.006,584,67.369,26.146,Normal,0,1
A024,2025-01-12 21:00:00,A024-PMP,Fuel Pump,79.054,3.342,73.93,56.234,1705.589,142.566,22.693,83.811,716,48.296,20.928,Normal,0,0
A024,2025-01-13 01:00:00,A024-PMP,Fuel Pump,80.551,3.679,73.786,54.016,1756.794,147.88,23.262,80.372,619,60.6,24.9,Normal,0,1
A024,2025-01-13 02:00:00,A024-PMP,Fuel Pump,81.015,3.257,75.605,53.93,1887.771,150.527,23.825,84.046,642,56.155,36.943,Normal,0,0
A024,2025-01-13 04:00:00,A024-PMP,Fuel Pump,78.796,3.118,78.087,52.772,1739.708,151.65,23.179,83.354,473,64.09,33.209,Normal,0,0
A024,2025-01-13 05:00:00,A024-PMP,Fuel Pump,78.164,3.464,78.245,54.323,1796.164,144.785,22.482,80.758,757,62.217,33.994,Normal,0,0
A024,2025-01-13 09:00:00,A024-PMP,Fuel Pump,79.901,3.33,71.21,50.462,1752.026,149.338,23.919,79.967,574,74.985,33.224,Normal,0,1
A024,2025-01-13 13:00:00,A024-PMP,Fuel Pump,73.506,3.396,76.926,53.088,1745.96,142.798,23.411,83.22,773,60.804,30.869,Normal,0,0
A024,2025-01-13 15:00:00,A024-PMP,Fuel Pump,79.555,2.899,74.404,51.575,1866.72,142.577,23.656,81.407,682,67.949,31.729,Normal,0,1
A024,2025-01-13 17:00:00,A024-PMP,Fuel Pump,78.184,3.359,75.013,55.221,1947.707,145.15,22.898,83.591,780,55.247,37.827,Normal,0,0
A024,2025-01-13 23:00:00,A024-PMP,Fuel Pump,79.556,2.972,72.187,51.642,1801.24,141.709,22.901,86.235,455,66.374,38.014,Normal,0,0
A024,2025-01-14 01:00:00,A024-PMP,Fuel Pump,77.238,3.444,72.837,55.748,1675.488,141.38,23.748,81.034,709,61.329,28.521,Normal,0,1
A024,2025-01-14 04:00:00,A024-PMP,Fuel Pump,81.128,2.935,77.278,53.086,1867.393,148.199,22.558,84.366,470,78.013,25.152,Normal,0,0
A024,2025-01-14 06:00:00,A024-PMP,Fuel Pump,83.275,2.912,71.948,54.662,1930.141,145.783,22.725,82.075,615,70.639,26.659,Normal,0,1
A024,2025-01-14 07:00:00,A024-PMP,Fuel Pump,95.445,7.163,65.307,51.502,1808.533,135.857,22.476,83.838,741,76.627,26.294,Warning,1,1
A024,2025-01-14 14:00:00,A024-PMP,Fuel Pump,81.062,3.207,73.944,52.432,2015.042,147.415,22.715,81.911,517,77.906,28.528,Warning,1,1
A024,2025-01-14 17:00:00,A024-PMP,Fuel Pump,80.325,3.312,71.395,50.325,1948.676,145.731,22.702,79.334,641,68.649,28.69,Normal,0,1
A024,2025-01-14 21:00:00,A024-PMP,Fuel Pump,84.0,3.687,71.173,51.447,1885.602,156.617,23.191,81.886,435,72.468,26.461,Warning,1,0
A024,2025-01-15 00:00:00,A024-PMP,Fuel Pump,81.134,2.746,74.646,53.871,1713.808,155.944,22.672,81.955,457,80.048,23.333,Normal,0,0
A024,2025-01-15 01:00:00,A024-PMP,Fuel Pump,78.106,4.044,70.54,53.962,1670.378,145.09,23.457,83.733,711,78.176,29.063,Warning,1,0
A024,2025-01-15 03:00:00,A024-PMP,Fuel Pump,85.822,3.676,71.1,52.889,1914.041,144.025,22.353,81.822,830,58.224,29.745,Warning,1,1
A024,2025-01-15 04:00:00,A024-PMP,Fuel Pump,82.391,3.562,69.986,47.995,1875.845,142.921,23.224,83.241,758,69.309,34.714,Warning,1,1
A024,2025-01-16 04:00:00,A024-PMP,Fuel Pump,78.224,3.798,73.706,50.706,1679.392,148.302,22.78,78.239,493,59.52,28.132,Normal,0,0
A024,2025-01-16 09:00:00,A024-PMP,Fuel Pump,81.91,3.68,75.166,50.652,1764.519,142.967,22.808,82.507,654,65.848,32.557,Warning,1,0
A024,2025-01-16 15:00:00,A024-PMP,Fuel Pump,81.892,3.566,73.215,53.305,1783.026,149.073,22.847,81.672,685,75.521,29.016,Warning,1,0
A024,2025-01-16 16:00:00,A024-PMP,Fuel Pump,82.493,3.853,70.677,53.659,1815.507,150.53,22.675,83.126,661,72.271,25.137,Warning,1,1
A024,2025-01-16 17:00:00,A024-PMP,Fuel Pump,79.307,3.857,71.353,50.972,1839.997,145.849,23.066,83.019,788,57.625,33.25,Warning,1,0
A024,2025-01-16 23:00:00,A024-PMP,Fuel Pump,81.023,3.812,72.362,51.832,1710.335,142.807,22.656,83.917,488,65.986,34.152,Warning,1,1
A024,2025-01-17 07:00:00,A024-PMP,Fuel Pump,80.642,3.481,69.066,50.98,1708.671,140.445,22.786,84.69,688,60.722,23.948,Warning,1,1
A024,2025-01-17 08:00:00,A024-PMP,Fuel Pump,97.476,7.361,61.247,54.564,1646.344,136.5,22.231,84.976,530,78.506,31.586,Warning,1,1
A024,2025-01-17 15:00:00,A024-PMP,Fuel Pump,80.642,4.068,73.444,53.72,1706.685,142.597,22.653,85.096,840,88.721,23.633,Warning,1,0
A025,2025-01-01 15:00:00,A025-PMP,Fuel Pump,76.786,2.39,76.953,57.051,1656.196,143.841,23.766,77.532,421,54.474,30.965,Normal,0,0
A025,2025-01-01 20:00:00,A025-PMP,Fuel Pump,76.867,2.84,74.333,55.985,1930.477,157.173,24.555,71.974,344,36.694,33.261,Normal,0,0
A025,2025-01-02 05:00:00,A025-PMP,Fuel Pump,73.649,2.942,78.835,57.678,1804.934,143.37,23.928,75.269,354,53.226,34.926,Normal,0,0
A025,2025-01-02 06:00:00,A025-PMP,Fuel Pump,73.328,2.999,76.38,55.953,1817.669,156.715,24.055,75.189,231,56.588,24.627,Normal,0,0
A025,2025-01-02 15:00:00,A025-PMP,Fuel Pump,76.37,3.357,74.868,52.511,1890.567,147.385,23.396,74.37,421,65.727,31.166,Normal,0,1
A025,2025-01-02 23:00:00,A025-PMP,Fuel Pump,71.748,2.863,71.108,51.179,1880.246,153.891,24.13,78.492,358,52.129,29.098,Normal,0,0
A025,2025-01-03 00:00:00,A025-PMP,Fuel Pump,72.091,2.728,74.459,53.778,1859.939,151.17,24.464,77.286,456,71.82,26.103,Normal,0,1
A025,2025-01-03 01:00:00,A025-PMP,Fuel Pump,86.12,5.894,63.017,52.794,1844.14,147.161,24.149,74.245,325,72.095,34.937,Warning,1,0
A025,2025-01-03 02:00:00,A025-PMP,Fuel Pump,78.412,2.43,70.452,55.454,1784.807,153.716,23.368,75.358,469,60.737,33.589,Normal,0,0
A025,2025-01-03 05:00:00,A025-PMP,Fuel Pump,75.691,2.974,77.311,56.398,1828.995,142.097,24.437,76.313,237,46.735,34.455,Normal,0,0
A025,2025-01-03 07:00:00,A025-PMP,Fuel Pump,75.643,3.166,74.846,51.435,1750.26,150.988,23.936,75.098,341,60.488,28.245,Normal,0,1
A025,2025-01-03 10:00:00,A025-PMP,Fuel Pump,75.852,2.669,74.716,51.948,1768.138,150.864,23.238,76.866,247,53.503,30.7,Normal,0,0
A025,2025-01-03 11:00:00,A025-PMP,Fuel Pump,76.447,3.413,69.111,54.281,1850.484,156.432,23.622,76.493,416,74.52,29.052,Normal,0,0
A025,2025-01-03 23:00:00,A025-PMP,Fuel Pump,77.313,2.576,69.421,53.265,1828.523,152.073,24.213,77.477,551,59.872,29.944,Normal,0,0
A025,2025-01-04 05:00:00,A025-PMP,Fuel Pump,77.569,2.987,76.798,53.221,1832.095,153.421,23.747,75.665,439,71.36,28.836,Normal,0,0
A025,2025-01-04 07:00:00,A025-PMP,Fuel Pump,80.394,3.317,74.519,51.012,1931.936,146.052,23.713,75.996,308,62.841,29.94,Normal,0,0
A025,2025-01-04 10:00:00,A025-PMP,Fuel Pump,72.438,3.067,72.283,51.844,1694.562,144.253,23.971,80.723,282,91.5,27.04,Normal,0,0
A025,2025-01-04 14:00:00,A025-PMP,Fuel Pump,87.104,6.372,64.384,55.067,1925.437,129.455,23.951,77.978,330,63.497,34.703,Warning,1,1
A025,2025-01-04 15:00:00,A025-PMP,Fuel Pump,74.908,3.401,75.208,53.712,1758.888,150.761,23.738,76.256,531,48.783,25.086,Normal,0,0
A025,2025-01-04 16:00:00,A025-PMP,Fuel Pump,77.923,3.003,72.003,53.06,1647.563,148.771,23.838,76.444,381,73.532,24.999,Normal,0,0
A025,2025-01-04 20:00:00,A025-PMP,Fuel Pump,78.747,3.068,73.487,56.919,1884.484,153.043,23.865,77.813,567,70.35,42.473,Normal,0,0
A025,2025-01-04 21:00:00,A025-PMP,Fuel Pump,73.286,3.545,72.823,55.581,1827.545,154.666,23.613,74.589,215,75.951,31.431,Normal,0,0
A025,2025-01-04 23:00:00,A025-PMP,Fuel Pump,82.558,2.941,77.712,54.642,1856.789,152.653,22.527,80.703,376,69.489,26.426,Normal,0,1
A025,2025-01-05 02:00:00,A025-PMP,Fuel Pump,79.857,2.992,73.971,54.598,1895.639,158.925,24.188,75.049,393,72.449,43.8,Normal,0,0
A025,2025-01-05 04:00:00,A025-PMP,Fuel Pump,78.493,3.492,74.502,54.511,1770.306,149.192,23.894,78.598,416,57.863,22.959,Normal,0,0
A025,2025-01-05 08:00:00,A025-PMP,Fuel Pump,79.715,3.18,64.695,53.458,1711.382,155.962,24.07,77.021,348,51.422,29.993,Normal,0,0
A025,2025-01-05 10:00:00,A025-PMP,Fuel Pump,80.495,2.813,73.911,50.664,1596.06,143.173,24.397,80.584,475,68.908,25.834,Normal,0,0
A025,2025-01-05 11:00:00,A025-PMP,Fuel Pump,79.111,3.116,72.942,55.127,1740.182,146.198,24.304,77.329,446,61.618,31.904,Normal,0,0
A025,2025-01-05 18:00:00,A025-PMP,Fuel Pump,82.105,3.481,71.674,53.462,1710.26,150.433,24.076,79.393,433,71.482,26.32,Normal,0,0
A025,2025-01-05 19:00:00,A025-PMP,Fuel Pump,78.3,3.536,73.912,52.41,1664.636,156.429,23.507,78.101,225,80.496,32.535,Normal,0,0
A025,2025-01-06 06:00:00,A025-PMP,Fuel Pump,82.97,2.695,72.14,54.833,1692.173,155.118,24.459,78.422,557,65.612,26.401,Normal,0,0
A025,2025-01-06 11:00:00,A025-PMP,Fuel Pump,77.362,3.43,73.826,56.72,1978.559,150.848,23.367,80.098,612,68.062,30.158,Normal,0,0
A025,2025-01-06 21:00:00,A025-PMP,Fuel Pump,80.141,3.466,75.768,58.391,1814.759,146.947,24.226,77.316,490,76.615,24.525,Normal,0,1
A025,2025-01-07 04:00:00,A025-PMP,Fuel Pump,82.066,2.869,70.451,55.635,1796.559,144.102,23.27,83.019,502,68.052,29.83,Normal,0,0
A025,2025-01-07 05:00:00,A025-PMP,Fuel Pump,73.785,3.797,73.509,55.479,1747.792,145.335,24.117,84.259,443,70.172,36.464,Normal,0,0
A025,2025-01-07 07:00:00,A025-PMP,Fuel Pump,76.327,3.165,74.349,53.345,1695.908,148.755,24.135,78.635,362,55.447,25.653,Normal,0,1
A025,2025-01-07 09:00:00,A025-PMP,Fuel Pump,75.352,3.25,69.724,56.754,1834.201,149.092,23.423,80.227,432,80.975,37.715,Normal,0,0
A025,2025-01-07 12:00:00,A025-PMP,Fuel Pump,90.436,7.443,67.85,51.696,1845.449,137.038,23.096,80.559,634,73.562,27.043,Warning,1,1
A025,2025-01-08 06:00:00,A025-PMP,Fuel Pump,79.059,3.251,72.126,53.47,1806.645,148.015,23.594,79.698,581,74.812,28.296,Normal,0,0
A025,2025-01-08 11:00:00,A025-PMP,Fuel Pump,79.387,3.265,71.951,55.166,1636.487,149.37,23.38,80.05,669,67.501,35.59,Normal,0,0
A025,2025-01-08 14:00:00,A025-PMP,Fuel Pump,81.079,3.105,72.212,52.064,1733.17,145.354,23.728,82.32,365,75.411,27.365,Warning,1,0
A025,2025-01-08 15:00:00,A025-PMP,Fuel Pump,77.923,4.069,70.804,53.505,1746.805,154.583,23.911,80.313,359,78.949,29.322,Warning,1,1
A025,2025-01-08 18:00:00,A025-PMP,Fuel Pump,77.886,3.153,70.315,55.4,1876.794,151.013,23.269,78.603,306,79.217,22.438,Warning,1,0
A025,2025-01-08 19:00:00,A025-PMP,Fuel Pump,80.258,3.023,71.854,54.861,2030.94,152.98,23.537,81.498,377,91.473,25.701,Warning,1,0
A025,2025-01-08 21:00:00,A025-PMP,Fuel Pump,77.639,3.864,71.555,55.579,1802.586,148.95,23.563,82.581,357,74.002,23.736,Warning,1,1
A025,2025-01-09 00:00:00,A025-PMP,Fuel Pump,80.825,3.442,69.358,54.349,1884.692,142.402,23.597,80.668,590,65.151,30.098,Warning,1,0
A025,2025-01-09 02:00:00,A025-PMP,Fuel Pump,81.802,3.415,66.134,52.881,1808.084,145.822,23.707,79.214,313,76.151,26.361,Warning,1,0
A025,2025-01-09 11:00:00,A025-PMP,Fuel Pump,83.181,3.093,67.195,50.509,1754.541,145.326,23.518,82.348,427,62.259,34.113,Warning,1,0
A025,2025-01-09 16:00:00,A025-PMP,Fuel Pump,81.043,3.597,72.387,52.732,1865.101,156.464,23.446,80.924,430,82.804,35.608,Warning,1,1
A025,2025-01-09 17:00:00,A025-PMP,Fuel Pump,81.585,3.405,69.022,54.111,1738.991,152.641,23.115,80.252,494,69.559,28.018,Warning,1,0
A025,2025-01-10 00:00:00,A025-PMP,Fuel Pump,80.244,3.64,71.432,54.243,1765.08,150.115,24.109,80.314,450,73.096,25.338,Warning,1,0
A025,2025-01-10 06:00:00,A025-PMP,Fuel Pump,78.668,3.118,75.857,52.315,1736.637,150.112,22.605,83.552,532,69.079,28.413,Normal,0,0
A025,2025-01-10 16:00:00,A025-PMP,Fuel Pump,82.342,3.667,69.696,53.595,1847.754,150.975,23.719,81.914,699,83.649,33.328,Warning,1,1
A025,2025-01-10 21:00:00,A025-PMP,Fuel Pump,81.309,3.969,69.18,51.298,1921.56,146.83,23.279,79.357,496,66.58,38.12,Warning,1,1
A025,2025-01-11 04:00:00,A025-PMP,Fuel Pump,80.805,3.842,72.339,54.303,1796.879,149.912,23.311,81.547,707,68.415,35.485,Warning,1,0
A025,2025-01-11 10:00:00,A025-PMP,Fuel Pump,84.847,3.871,68.607,54.584,1764.593,154.392,23.235,82.983,523,71.312,25.593,Warning,1,1
A025,2025-01-11 17:00:00,A025-PMP,Fuel Pump,84.224,3.447,68.336,52.816,1838.614,148.792,23.301,78.535,498,80.058,40.568,Warning,1,1
A025,2025-01-11 20:00:00,A025-PMP,Fuel Pump,86.188,4.087,68.364,53.864,1746.76,152.437,23.091,79.543,510,84.418,20.936,Warning,1,0
A025,2025-01-11 22:00:00,A025-PMP,Fuel Pump,82.508,4.004,67.542,51.704,1969.221,143.48,22.788,84.908,520,79.034,36.238,Warning,1,1
A025,2025-01-12 04:00:00,A025-PMP,Fuel Pump,73.093,3.856,69.936,51.093,1785.543,143.93,23.119,81.351,563,67.245,28.832,Warning,1,1
A025,2025-01-12 08:00:00,A025-PMP,Fuel Pump,85.971,3.82,70.35,51.07,1772.052,144.464,23.136,86.491,414,81.975,31.47,Warning,1,1
A025,2025-01-12 10:00:00,A025-PMP,Fuel Pump,81.223,3.662,77.633,56.065,1766.07,153.932,23.223,80.377,433,80.029,25.249,Warning,1,1
A025,2025-01-12 11:00:00,A025-PMP,Fuel Pump,82.652,3.415,70.616,49.956,1701.58,148.326,23.833,79.186,720,67.645,29.026,Warning,1,1
A025,2025-01-12 15:00:00,A025-PMP,Fuel Pump,82.323,3.77,69.983,52.383,1731.833,147.751,23.002,80.86,727,81.583,29.358,Warning,1,1
A025,2025-01-12 18:00:00,A025-PMP,Fuel Pump,83.424,4.35,70.515,54.246,1787.571,146.189,23.142,81.236,695,76.441,29.558,Warning,1,0
A025,2025-01-13 02:00:00,A025-PMP,Fuel Pump,84.741,4.115,71.935,54.382,1804.12,144.26,22.926,82.044,637,83.254,25.063,Warning,1,1
A025,2025-01-13 09:00:00,A025-PMP,Fuel Pump,93.78,7.208,60.101,55.345,1877.183,130.925,23.421,82.16,593,74.93,34.086,Warning,1,1
A025,2025-01-13 12:00:00,A025-PMP,Fuel Pump,79.474,4.562,71.134,51.457,1769.191,149.443,23.428,81.417,439,73.728,27.012,Warning,1,0
A025,2025-01-13 16:00:00,A025-PMP,Fuel Pump,82.283,3.985,72.125,49.165,1920.667,147.209,23.334,83.464,726,73.308,32.409,Warning,1,0
A025,2025-01-13 20:00:00,A025-PMP,Fuel Pump,84.853,4.227,72.601,54.252,1760.747,151.559,23.238,81.711,467,82.106,32.011,Warning,1,1
A025,2025-01-13 23:00:00,A025-PMP,Fuel Pump,84.841,4.362,68.19,51.53,1752.713,148.214,22.751,82.189,468,81.974,36.736,Warning,1,1
A025,2025-01-14 00:00:00,A025-PMP,Fuel Pump,81.498,3.772,67.573,50.684,1823.346,149.577,23.09,82.702,592,91.732,27.455,Warning,1,1
A025,2025-01-14 04:00:00,A025-PMP,Fuel Pump,81.33,3.937,73.648,49.805,1837.932,144.475,22.786,81.936,553,79.989,41.573,Warning,1,1
A025,2025-01-14 08:00:00,A025-PMP,Fuel Pump,86.003,3.589,70.537,52.003,1751.224,152.205,23.4,83.936,744,81.68,25.932,Warning,1,0
A025,2025-01-14 09:00:00,A025-PMP,Fuel Pump,87.19,4.407,71.453,53.835,1721.421,142.323,23.497,83.805,561,85.384,36.359,Warning,1,0
A025,2025-01-14 11:00:00,A025-PMP,Fuel Pump,85.662,4.208,72.695,53.19,1706.863,148.943,22.679,83.771,590,92.782,31.222,Warning,1,0
A025,2025-01-14 17:00:00,A025-PMP,Fuel Pump,103.043,7.377,61.222,55.609,1909.676,139.646,22.959,84.935,478,93.526,25.125,Warning,1,1
A025,2025-01-14 20:00:00,A025-PMP,Fuel Pump,84.921,4.385,71.821,51.248,1797.576,143.732,22.932,82.025,629,76.652,39.888,Warning,1,0
A025,2025-01-14 21:00:00,A025-PMP,Fuel Pump,78.009,3.921,64.089,53.153,1782.406,154.262,23.349,79.009,760,69.587,28.382,Warning,1,0
A025,2025-01-14 23:00:00,A025-PMP,Fuel Pump,86.371,4.305,66.313,46.235,1922.017,150.883,22.309,84.352,711,81.052,36.856,Warning,1,1
A025,2025-01-15 05:00:00,A025-PMP,Fuel Pump,84.184,4.351,72.593,51.525,1746.341,145.057,23.304,84.823,725,79.74,32.828,Warning,1,1
A025,2025-01-15 09:00:00,A025-PMP,Fuel Pump,94.007,6.694,62.266,53.125,1748.247,137.029,22.648,82.861,805,68.374,27.592,Warning,1,0
A025,2025-01-15 11:00:00,A025-PMP,Fuel Pump,86.629,4.152,70.379,49.951,1847.543,144.93,22.959,83.494,487,79.572,37.103,Warning,1,1
A025,2025-01-15 13:00:00,A025-PMP,Fuel Pump,91.575,5.818,63.628,52.769,1706.756,133.638,22.694,84.168,813,65.789,34.659,Warning,1,1
A025,2025-01-15 14:00:00,A025-PMP,Fuel Pump,85.905,3.703,71.307,50.614,1900.125,141.661,23.361,83.254,463,75.651,38.953,Warning,1,1
A025,2025-01-15 22:00:00,A025-PMP,Fuel Pump,104.978,6.025,51.868,53.02,1932.263,129.992,22.402,86.352,611,91.043,15.763,Warning,1,1
A025,2025-01-16 00:00:00,A025-PMP,Fuel Pump,83.673,3.662,67.448,53.119,1737.402,141.172,22.631,85.643,597,86.563,37.022,Warning,1,1
A025,2025-01-16 01:00:00,A025-PMP,Fuel Pump,86.288,4.148,68.691,51.007,1693.282,146.529,22.387,85.984,821,70.62,20.084,Warning,1,1
A025,2025-01-16 10:00:00,A025-PMP,Fuel Pump,88.432,4.144,69.223,53.345,1898.674,149.037,22.497,82.498,682,81.839,37.574,Warning,1,1
A025,2025-01-16 11:00:00,A025-PMP,Fuel Pump,84.964,4.747,65.925,51.408,1853.398,143.882,23.06,86.935,622,79.342,17.463,Warning,1,1
A025,2025-01-16 12:00:00,A025-PMP,Fuel Pump,85.679,4.168,66.675,52.888,1802.326,144.841,22.971,87.98,606,75.65,26.011,Warning,1,1
A025,2025-01-16 13:00:00,A025-PMP,Fuel Pump,84.101,3.994,66.218,49.98,1926.062,142.345,22.979,84.27,537,83.177,31.646,Warning,1,0
A025,2025-01-17 03:00:00,A025-PMP,Fuel Pump,85.627,3.835,67.724,50.771,1917.733,134.426,22.657,81.022,865,85.077,24.301,Warning,1,1
A025,2025-01-17 08:00:00,A025-PMP,Fuel Pump,84.956,4.358,68.903,52.438,1841.971,144.612,21.922,84.63,611,90.178,32.617,Warning,1,1
A025,2025-01-17 09:00:00,A025-PMP,Fuel Pump,87.595,4.03,66.379,52.602,1805.015,143.837,22.651,80.209,615,74.096,29.349,Warning,1,1
A025,2025-01-17 15:00:00,A025-PMP,Fuel Pump,89.844,4.603,67.031,52.951,1887.936,144.987,22.547,86.287,652,83.223,21.829,Warning,1,1
A026,2025-01-01 04:00:00,A026-PMP,Fuel Pump,73.602,2.682,74.797,55.142,1826.377,142.699,23.535,74.839,355,51.375,35.157,Normal,0,0
A026,2025-01-01 05:00:00,A026-PMP,Fuel Pump,75.363,2.344,77.819,58.422,1869.246,148.595,23.305,72.325,360,57.033,25.555,Normal,0,0
A026,2025-01-01 10:00:00,A026-PMP,Fuel Pump,77.109,3.245,80.334,52.361,1963.287,147.811,23.727,75.906,163,53.619,26.975,Normal,0,0
A026,2025-01-01 11:00:00,A026-PMP,Fuel Pump,75.694,2.539,74.112,52.474,1837.641,150.317,24.112,75.426,264,59.664,26.467,Normal,0,0
A026,2025-01-01 13:00:00,A026-PMP,Fuel Pump,72.746,2.895,74.479,58.017,1944.793,145.777,23.815,76.047,425,69.024,32.35,Normal,0,0
A026,2025-01-01 15:00:00,A026-PMP,Fuel Pump,87.055,5.92,62.255,52.653,1886.409,136.129,23.953,76.268,418,37.919,28.624,Warning,1,0
A026,2025-01-01 18:00:00,A026-PMP,Fuel Pump,70.834,3.507,72.059,57.42,1833.009,149.33,24.03,78.837,224,57.165,32.443,Normal,0,1
A026,2025-01-01 19:00:00,A026-PMP,Fuel Pump,69.827,2.708,74.053,55.193,1830.085,156.685,23.816,75.058,213,47.428,29.412,Normal,0,0
A026,2025-01-01 22:00:00,A026-PMP,Fuel Pump,85.639,6.791,68.866,52.245,1746.322,140.101,24.287,73.638,318,48.021,33.233,Warning,1,0
A026,2025-01-01 23:00:00,A026-PMP,Fuel Pump,93.821,5.981,70.874,57.387,1833.647,136.722,24.141,72.452,422,42.717,29.576,Warning,1,1
A026,2025-01-02 00:00:00,A026-PMP,Fuel Pump,77.237,3.066,76.465,56.225,1865.176,158.127,22.768,77.303,300,55.454,30.304,Normal,0,0
A026,2025-01-02 01:00:00,A026-PMP,Fuel Pump,73.768,2.841,77.026,52.911,1843.365,152.678,24.018,78.035,275,56.214,25.128,Normal,0,0
A026,2025-01-02 10:00:00,A026-PMP,Fuel Pump,72.753,2.787,78.231,51.954,1836.946,150.228,23.713,72.607,293,39.107,28.297,Normal,0,0
A026,2025-01-02 11:00:00,A026-PMP,Fuel Pump,77.537,3.069,74.715,54.308,1787.219,150.091,24.052,79.149,494,49.423,28.061,Normal,0,1
A026,2025-01-02 17:00:00,A026-PMP,Fuel Pump,78.053,3.04,74.166,59.037,1752.801,148.518,24.513,77.129,423,58.8,30.473,Normal,0,0
A026,2025-01-02 23:00:00,A026-PMP,Fuel Pump,77.627,2.928,78.796,57.224,1796.857,142.172,23.703,77.162,158,59.456,38.658,Normal,0,0
A026,2025-01-03 04:00:00,A026-PMP,Fuel Pump,79.33,2.93,75.33,56.721,1816.564,147.768,23.322,73.672,224,65.323,27.008,Normal,0,0
A026,2025-01-03 05:00:00,A026-PMP,Fuel Pump,73.884,2.264,72.427,54.567,1789.394,147.738,24.38,76.225,281,61.475,23.521,Normal,0,0
A026,2025-01-03 08:00:00,A026-PMP,Fuel Pump,73.472,2.904,70.495,51.837,1842.527,154.2,24.161,76.809,535,53.596,23.57,Normal,0,0
A026,2025-01-03 11:00:00,A026-PMP,Fuel Pump,76.701,2.43,74.261,55.025,1724.862,153.423,24.176,75.244,268,64.632,27.22,Normal,0,0
A026,2025-01-03 20:00:00,A026-PMP,Fuel Pump,78.557,2.467,74.942,55.352,1678.472,149.32,24.27,77.696,471,56.666,33.429,Normal,0,0
A026,2025-01-03 21:00:00,A026-PMP,Fuel Pump,76.133,2.843,72.828,56.518,1620.019,155.596,24.139,76.902,438,55.447,28.601,Normal,0,0
A026,2025-01-04 08:00:00,A026-PMP,Fuel Pump,76.508,2.43,75.458,55.669,1894.77,152.387,24.288,78.279,351,58.366,30.702,Normal,0,0
A026,2025-01-04 09:00:00,A026-PMP,Fuel Pump,76.72,3.614,77.665,53.804,1890.331,147.885,23.479,74.455,371,59.646,26.11,Normal,0,1
A026,2025-01-04 10:00:00,A026-PMP,Fuel Pump,83.664,4.465,66.611,56.332,1777.305,138.199,23.847,78.965,521,56.687,37.205,Warning,1,1
A026,2025-01-04 12:00:00,A026-PMP,Fuel Pump,75.712,2.535,79.765,55.448,1955.381,150.156,23.862,77.691,363,56.015,27.74,Normal,0,0
A026,2025-01-04 14:00:00,A026-PMP,Fuel Pump,74.837,2.893,75.804,55.985,1814.456,142.882,23.763,76.8,222,56.161,25.227,Normal,0,0
A026,2025-01-04 15:00:00,A026-PMP,Fuel Pump,75.419,2.782,71.865,49.874,1917.717,150.152,23.494,77.187,362,73.577,37.033,Normal,0,0
A026,2025-01-04 16:00:00,A026-PMP,Fuel Pump,79.653,2.528,74.632,52.559,1766.973,149.163,23.439,76.419,191,61.752,34.45,Normal,0,0
A026,2025-01-04 19:00:00,A026-PMP,Fuel Pump,90.062,4.493,69.073,51.031,1828.105,134.216,23.749,79.969,443,62.903,38.882,Warning,1,0
A026,2025-01-04 20:00:00,A026-PMP,Fuel Pump,78.465,2.946,76.907,51.772,1792.466,150.527,23.53,78.266,320,57.239,30.986,Normal,0,0
A026,2025-01-04 21:00:00,A026-PMP,Fuel Pump,79.912,3.211,75.461,58.051,1796.034,152.006,23.071,80.371,568,67.376,37.815,Normal,0,0
A026,2025-01-05 01:00:00,A026-PMP,Fuel Pump,77.932,2.673,74.015,52.032,1796.669,144.737,23.596,76.95,295,56.706,34.227,Normal,0,0
A026,2025-01-05 04:00:00,A026-PMP,Fuel Pump,76.182,2.637,74.022,54.527,1835.989,147.501,23.992,79.007,387,74.118,37.984,Normal,0,0
A026,2025-01-05 08:00:00,A026-PMP,Fuel Pump,79.634,3.255,77.705,52.054,1940.977,146.403,23.375,78.666,240,58.663,33.783,Normal,0,0
A026,2025-01-05 09:00:00,A026-PMP,Fuel Pump,77.908,2.922,75.196,49.582,1779.88,143.708,23.582,75.319,557,64.182,20.033,Normal,0,0
A026,2025-01-05 20:00:00,A026-PMP,Fuel Pump,75.647,3.027,74.937,56.937,1876.988,147.262,22.972,79.353,556,73.896,25.973,Normal,0,0
A026,2025-01-05 21:00:00,A026-PMP,Fuel Pump,75.851,3.32,73.536,52.312,1741.076,148.721,23.863,78.475,556,60.463,28.724,Normal,0,0
A026,2025-01-06 15:00:00,A026-PMP,Fuel Pump,76.873,3.903,75.182,52.11,1868.116,146.891,23.803,79.093,502,65.582,32.318,Normal,0,1
A026,2025-01-06 17:00:00,A026-PMP,Fuel Pump,77.866,2.997,72.738,55.659,1785.062,144.645,24.486,81.307,466,60.862,39.014,Normal,0,0
A026,2025-01-06 18:00:00,A026-PMP,Fuel Pump,81.082,2.85,75.935,52.111,1817.495,149.146,23.361,79.469,476,57.013,24.043,Normal,0,0
A026,2025-01-06 23:00:00,A026-PMP,Fuel Pump,78.094,3.005,73.051,56.17,1864.263,147.962,24.375,78.544,331,68.715,33.782,Normal,0,1
A026,2025-01-07 04:00:00,A026-PMP,Fuel Pump,75.881,2.795,71.418,54.497,1838.653,147.541,23.966,80.756,345,57.938,37.812,Normal,0,0
A026,2025-01-07 05:00:00,A026-PMP,Fuel Pump,77.071,3.001,74.38,53.039,1862.328,139.639,23.415,79.542,648,64.571,24.691,Normal,0,0
A026,2025-01-07 11:00:00,A026-PMP,Fuel Pump,77.119,3.271,72.806,58.602,1681.536,141.652,23.531,76.488,515,63.378,35.83,Normal,0,0
A026,2025-01-07 13:00:00,A026-PMP,Fuel Pump,78.858,3.491,73.26,51.897,1857.799,147.846,23.578,78.718,335,72.653,29.31,Normal,0,0
A026,2025-01-07 18:00:00,A026-PMP,Fuel Pump,81.41,2.77,67.805,55.044,1918.641,148.001,23.402,79.12,519,72.61,32.797,Normal,0,0
A026,2025-01-07 23:00:00,A026-PMP,Fuel Pump,79.72,3.303,75.734,52.159,1715.335,148.437,23.966,82.091,293,57.544,30.208,Normal,0,0
A026,2025-01-08 01:00:00,A026-PMP,Fuel Pump,77.649,3.499,74.868,54.733,1683.58,148.786,23.098,77.065,305,64.496,32.711,Normal,0,1
A026,2025-01-08 05:00:00,A026-PMP,Fuel Pump,84.499,2.71,75.347,54.807,1718.557,151.762,23.125,78.53,322,64.449,24.189,Normal,0,1
A026,2025-01-08 07:00:00,A026-PMP,Fuel Pump,79.18,3.816,72.812,48.335,2000.626,155.798,23.109,81.57,422,69.196,23.113,Normal,0,0
A026,2025-01-08 10:00:00,A026-PMP,Fuel Pump,82.988,2.891,66.924,53.754,1830.547,143.758,23.158,80.772,360,66.566,26.304,Normal,0,0
A026,2025-01-08 11:00:00,A026-PMP,Fuel Pump,84.533,3.324,72.607,53.792,1738.449,149.521,23.152,79.952,480,61.078,26.022,Normal,0,0
A026,2025-01-08 16:00:00,A026-PMP,Fuel Pump,96.61,6.49,59.331,54.133,1676.272,131.109,23.545,79.204,479,58.328,33.284,Warning,1,1
A026,2025-01-08 17:00:00,A026-PMP,Fuel Pump,83.61,3.128,73.991,54.095,1803.158,151.156,23.344,81.407,548,80.927,25.307,Normal,0,1
A026,2025-01-08 19:00:00,A026-PMP,Fuel Pump,81.786,3.282,76.673,53.41,1768.903,148.487,24.024,78.053,570,75.797,32.76,Normal,0,0
A026,2025-01-08 21:00:00,A026-PMP,Fuel Pump,81.986,4.082,73.308,52.863,1805.184,145.611,23.011,75.295,495,60.663,28.236,Normal,0,0
A026,2025-01-09 02:00:00,A026-PMP,Fuel Pump,82.946,2.91,75.055,51.691,1714.597,147.402,23.574,76.48,518,77.45,24.564,Normal,0,0
A026,2025-01-09 03:00:00,A026-PMP,Fuel Pump,79.372,3.361,69.174,53.072,1891.935,155.928,23.306,80.437,658,60.552,28.768,Normal,0,1
A026,2025-01-09 12:00:00,A026-PMP,Fuel Pump,79.511,2.453,74.176,55.619,1865.228,150.493,23.299,83.807,683,66.433,37.404,Normal,0,0
A026,2025-01-10 06:00:00,A026-PMP,Fuel Pump,80.978,3.595,74.55,54.38,1941.4,150.278,23.367,80.796,492,64.506,28.784,Normal,0,1
A026,2025-01-10 10:00:00,A026-PMP,Fuel Pump,79.697,3.953,70.298,50.128,1670.269,143.63,23.381,80.037,376,85.648,31.25,Warning,1,0
A026,2025-01-10 14:00:00,A026-PMP,Fuel Pump,81.694,3.754,74.561,54.877,1696.035,145.877,23.388,79.221,405,73.586,26.061,Warning,1,0
A026,2025-01-10 18:00:00,A026-PMP,Fuel Pump,74.567,3.9,69.956,56.979,1771.151,155.277,23.239,78.425,367,70.417,27.569,Warning,1,0
A026,2025-01-10 21:00:00,A026-PMP,Fuel Pump,81.309,3.378,71.83,53.495,1803.666,149.913,22.914,80.262,435,69.751,30.849,Warning,1,1
A026,2025-01-11 01:00:00,A026-PMP,Fuel Pump,80.675,3.378,70.868,55.808,1699.047,145.902,23.443,79.728,620,72.057,35.426,Warning,1,0
A026,2025-01-11 05:00:00,A026-PMP,Fuel Pump,84.799,3.401,74.416,52.728,1930.491,148.921,22.429,82.81,633,58.61,39.437,Normal,0,1
A026,2025-01-11 07:00:00,A026-PMP,Fuel Pump,80.797,3.168,69.536,51.402,1853.215,149.287,23.469,80.306,465,65.962,32.929,Normal,0,1
A026,2025-01-11 08:00:00,A026-PMP,Fuel Pump,78.855,3.103,73.023,52.342,1801.07,150.246,23.433,80.077,459,76.954,34.945,Warning,1,0
A026,2025-01-11 14:00:00,A026-PMP,Fuel Pump,85.006,3.385,69.402,53.0,1758.722,152.191,23.639,81.287,561,78.649,30.09,Warning,1,1
A026,2025-01-11 17:00:00,A026-PMP,Fuel Pump,77.118,3.565,75.144,51.36,1789.077,138.209,23.259,87.323,685,72.97,34.923,Warning,1,0
A026,2025-01-11 20:00:00,A026-PMP,Fuel Pump,75.458,3.453,75.478,51.085,1759.898,142.38,23.335,81.29,492,65.463,22.533,Normal,0,0
A026,2025-01-12 02:00:00,A026-PMP,Fuel Pump,81.448,3.133,70.113,54.695,1644.919,143.149,23.324,85.173,638,78.795,30.369,Warning,1,1
A026,2025-01-12 14:00:00,A026-PMP,Fuel Pump,81.176,3.496,68.068,51.84,1915.665,149.217,23.448,81.028,435,65.263,38.43,Warning,1,0
A026,2025-01-12 19:00:00,A026-PMP,Fuel Pump,94.74,5.353,62.805,51.691,1807.796,132.187,22.944,81.512,510,58.458,40.308,Warning,1,1
A026,2025-01-12 21:00:00,A026-PMP,Fuel Pump,82.304,2.932,70.015,51.515,1737.739,142.807,23.341,79.564,678,77.814,34.948,Warning,1,0
A026,2025-01-12 23:00:00,A026-PMP,Fuel Pump,79.437,3.465,74.028,51.686,1822.307,149.697,22.961,86.399,404,80.775,27.685,Warning,1,0
A026,2025-01-13 03:00:00,A026-PMP,Fuel Pump,84.283,3.811,70.798,52.512,1700.417,145.435,23.273,81.548,629,80.575,24.84,Warning,1,0
A026,2025-01-13 05:00:00,A026-PMP,Fuel Pump,75.692,4.232,71.672,55.095,1579.159,152.072,23.77,86.322,529,64.464,19.9,Warning,1,1
A026,2025-01-13 13:00:00,A026-PMP,Fuel Pump,75.981,4.132,70.232,57.72,1798.535,145.674,22.721,82.141,475,89.624,31.178,Warning,1,1
A026,2025-01-14 02:00:00,A026-PMP,Fuel Pump,82.619,3.31,71.399,52.098,1774.105,142.583,23.579,82.308,567,83.779,28.564,Warning,1,1
A026,2025-01-14 06:00:00,A026-PMP,Fuel Pump,82.472,3.452,70.594,51.861,1909.063,137.756,23.486,79.923,479,81.82,23.173,Warning,1,0
A026,2025-01-14 14:00:00,A026-PMP,Fuel Pump,82.172,3.689,76.028,53.817,1693.116,152.506,23.288,82.922,427,75.299,27.378,Warning,1,0
A026,2025-01-14 19:00:00,A026-PMP,Fuel Pump,87.409,3.857,72.725,52.257,1897.411,147.981,22.726,81.218,718,86.725,33.116,Warning,1,1
A026,2025-01-14 20:00:00,A026-PMP,Fuel Pump,78.505,3.887,71.589,52.633,1868.456,141.828,23.663,77.385,584,63.754,33.974,Warning,1,1
A026,2025-01-14 23:00:00,A026-PMP,Fuel Pump,89.117,3.754,69.374,53.63,1975.613,144.575,23.454,83.718,627,62.615,31.291,Warning,1,1
A026,2025-01-15 06:00:00,A026-PMP,Fuel Pump,84.36,4.123,71.523,51.023,1730.35,141.929,23.045,83.165,687,80.651,23.389,Warning,1,1
A026,2025-01-15 08:00:00,A026-PMP,Fuel Pump,86.387,4.629,66.634,54.128,1833.451,143.604,22.837,86.579,662,76.402,24.928,Warning,1,0
A026,2025-01-15 11:00:00,A026-PMP,Fuel Pump,84.889,4.135,65.525,54.026,1856.428,146.573,23.471,85.321,550,78.662,30.017,Warning,1,1
A026,2025-01-15 13:00:00,A026-PMP,Fuel Pump,78.295,3.75,66.882,48.887,1959.541,144.34,23.588,83.331,778,80.405,31.589,Warning,1,1
A026,2025-01-15 18:00:00,A026-PMP,Fuel Pump,83.368,4.0,66.98,51.126,1761.899,143.112,22.639,84.525,699,72.555,30.849,Warning,1,1
A026,2025-01-15 23:00:00,A026-PMP,Fuel Pump,85.949,3.52,70.114,53.231,1839.138,148.294,23.079,84.244,505,71.772,26.438,Warning,1,1
A026,2025-01-16 07:00:00,A026-PMP,Fuel Pump,87.739,4.184,66.227,53.034,1798.097,143.704,22.793,78.667,639,79.76,28.88,Warning,1,1
A026,2025-01-16 09:00:00,A026-PMP,Fuel Pump,89.0,4.242,71.091,47.986,1817.191,147.553,23.186,83.901,708,79.224,31.113,Warning,1,0
A026,2025-01-16 14:00:00,A026-PMP,Fuel Pump,88.021,4.421,68.469,53.901,1872.331,149.894,22.919,81.198,509,69.958,27.304,Warning,1,0
A026,2025-01-16 16:00:00,A026-PMP,Fuel Pump,83.474,4.085,70.474,48.309,1963.962,147.303,23.297,86.654,570,71.266,26.256,Warning,1,1
A026,2025-01-16 23:00:00,A026-PMP,Fuel Pump,85.715,3.83,70.312,52.64,1794.134,147.104,22.878,80.637,758,82.397,27.363,Warning,1,1
A026,2025-01-17 11:00:00,A026-PMP,Fuel Pump,86.227,3.901,65.779,53.061,1716.343,148.663,23.256,84.132,665,66.56,28.432,Warning,1,1
A026,2025-01-17 12:00:00,A026-PMP,Fuel Pump,80.289,4.449,70.568,49.318,1893.865,145.795,22.937,77.239,734,74.128,35.346,Warning,1,1
A027,2025-01-01 00:00:00,A027-PMP,Fuel Pump,71.774,2.158,78.835,50.984,1800.249,151.096,24.022,74.027,360,53.194,30.941,Normal,0,1
A027,2025-01-01 05:00:00,A027-PMP,Fuel Pump,71.125,2.575,76.607,57.69,1898.749,149.594,24.699,74.279,492,45.007,39.034,Normal,0,0
A027,2025-01-01 09:00:00,A027-PMP,Fuel Pump,75.527,2.115,77.572,56.804,1938.148,147.279,24.208,79.235,261,38.876,26.23,Normal,0,0
A027,2025-01-01 15:00:00,A027-PMP,Fuel Pump,73.983,2.722,79.226,52.737,1769.449,148.1,22.733,75.642,165,31.55,37.78,Normal,0,0
A027,2025-01-01 18:00:00,A027-PMP,Fuel Pump,68.011,2.108,75.693,53.62,1956.021,150.609,24.44,77.293,456,58.663,32.671,Normal,0,0
A027,2025-01-02 14:00:00,A027-PMP,Fuel Pump,73.76,2.557,78.174,55.072,1738.492,144.885,23.893,74.648,368,64.744,21.629,Normal,0,0
A027,2025-01-02 15:00:00,A027-PMP,Fuel Pump,74.151,1.984,75.348,53.984,1959.973,147.734,24.039,75.593,413,49.953,36.589,Normal,0,0
A027,2025-01-02 19:00:00,A027-PMP,Fuel Pump,74.354,2.604,81.442,54.857,1890.697,143.635,23.776,77.251,364,51.758,32.666,Normal,0,0
A027,2025-01-03 01:00:00,A027-PMP,Fuel Pump,74.279,2.321,76.299,55.583,1863.127,150.969,23.94,76.879,523,71.953,31.941,Normal,0,0
A027,2025-01-03 03:00:00,A027-PMP,Fuel Pump,76.994,3.355,77.04,54.675,1694.979,155.372,23.727,74.786,306,63.338,22.635,Normal,0,0
A027,2025-01-03 09:00:00,A027-PMP,Fuel Pump,68.716,2.749,82.191,50.451,1846.954,145.734,24.122,73.923,419,62.483,27.135,Normal,0,0
A027,2025-01-03 17:00:00,A027-PMP,Fuel Pump,73.486,2.668,73.867,53.224,1914.646,147.858,24.371,77.952,350,51.287,35.863,Normal,0,0
A027,2025-01-03 21:00:00,A027-PMP,Fuel Pump,73.308,2.547,77.668,53.989,2072.35,149.776,24.109,75.224,268,54.095,27.964,Normal,0,0
A027,2025-01-03 23:00:00,A027-PMP,Fuel Pump,90.9,6.027,68.244,54.026,1740.752,124.935,23.581,77.981,458,59.082,29.208,Warning,1,1
A027,2025-01-04 06:00:00,A027-PMP,Fuel Pump,72.09,2.837,78.395,53.945,1745.876,143.294,23.327,77.131,460,60.927,31.119,Normal,0,0
A027,2025-01-04 11:00:00,A027-PMP,Fuel Pump,72.769,2.656,82.563,54.747,1909.416,151.109,23.55,76.566,228,62.052,16.077,Normal,0,0
A027,2025-01-04 12:00:00,A027-PMP,Fuel Pump,72.857,2.449,76.852,50.507,1639.846,152.243,23.546,73.681,366,59.19,28.605,Normal,0,0
A027,2025-01-04 13:00:00,A027-PMP,Fuel Pump,73.137,2.816,77.939,56.266,1736.599,151.975,24.538,79.158,241,61.473,28.123,Normal,0,0
A027,2025-01-04 15:00:00,A027-PMP,Fuel Pump,77.56,2.846,79.166,53.928,1756.403,146.8,24.376,80.935,501,58.591,22.633,Normal,0,0
A027,2025-01-04 16:00:00,A027-PMP,Fuel Pump,71.763,2.798,84.755,51.854,1864.286,151.859,23.341,78.662,193,56.337,33.28,Normal,0,0
A027,2025-01-04 19:00:00,A027-PMP,Fuel Pump,74.295,3.13,75.782,54.402,1733.053,154.432,23.859,79.868,209,40.364,24.367,Normal,0,0
A027,2025-01-04 20:00:00,A027-PMP,Fuel Pump,74.727,2.358,74.037,57.031,1849.865,152.876,24.391,71.137,487,48.453,23.727,Normal,0,0
A027,2025-01-05 07:00:00,A027-PMP,Fuel Pump,75.642,2.166,80.819,52.437,1770.36,148.399,23.108,77.167,378,52.444,32.164,Normal,0,0
A027,2025-01-05 09:00:00,A027-PMP,Fuel Pump,77.736,2.44,78.82,51.925,1848.728,147.928,23.136,78.738,551,62.709,28.978,Normal,0,1
A027,2025-01-05 12:00:00,A027-PMP,Fuel Pump,71.79,2.824,78.182,54.113,1682.443,151.724,23.438,75.863,362,74.985,21.024,Normal,0,0
A027,2025-01-05 14:00:00,A027-PMP,Fuel Pump,76.672,2.783,75.806,54.593,1939.742,149.917,23.218,76.426,325,65.768,26.401,Normal,0,0
A027,2025-01-05 16:00:00,A027-PMP,Fuel Pump,77.978,2.43,75.281,54.537,1747.047,150.671,23.451,74.2,332,50.137,20.728,Normal,0,0
A027,2025-01-05 17:00:00,A027-PMP,Fuel Pump,76.666,2.945,73.239,54.781,1703.509,142.123,24.071,77.55,566,62.025,23.924,Normal,0,1
A027,2025-01-06 05:00:00,A027-PMP,Fuel Pump,74.837,2.496,77.247,56.491,1782.316,147.351,23.663,76.653,422,45.486,34.935,Normal,0,0
A027,2025-01-06 10:00:00,A027-PMP,Fuel Pump,77.668,2.84,77.55,53.914,1764.407,151.451,23.447,80.551,369,60.565,41.18,Normal,0,0
A027,2025-01-06 15:00:00,A027-PMP,Fuel Pump,79.567,2.972,73.663,54.21,1976.242,145.657,23.136,78.038,448,54.341,31.557,Normal,0,0
A027,2025-01-06 16:00:00,A027-PMP,Fuel Pump,74.732,2.811,72.088,55.73,2059.606,147.273,24.114,80.921,563,62.655,22.632,Normal,0,1
A027,2025-01-06 17:00:00,A027-PMP,Fuel Pump,73.437,2.35,74.486,57.226,1690.673,146.396,23.481,77.201,582,56.481,33.459,Normal,0,0
A027,2025-01-06 22:00:00,A027-PMP,Fuel Pump,86.544,5.572,59.908,55.617,1645.678,133.1,23.503,76.554,513,60.215,34.686,Warning,1,0
A027,2025-01-07 02:00:00,A027-PMP,Fuel Pump,77.057,3.461,76.203,53.961,1993.488,151.601,23.377,78.503,397,67.066,25.967,Normal,0,0
A027,2025-01-07 03:00:00,A027-PMP,Fuel Pump,75.029,2.763,76.776,54.777,2020.819,145.126,23.793,78.22,386,41.542,36.576,Normal,0,0
A027,2025-01-07 06:00:00,A027-PMP,Fuel Pump,81.545,2.536,72.774,54.321,1726.798,150.91,23.684,80.457,313,70.477,32.589,Normal,0,0
A027,2025-01-07 07:00:00,A027-PMP,Fuel Pump,74.5,2.284,76.058,56.751,1692.07,140.692,23.329,80.584,643,62.659,27.568,Normal,0,0
A027,2025-01-07 09:00:00,A027-PMP,Fuel Pump,73.865,3.285,77.443,53.708,1706.006,158.788,23.671,80.617,383,55.683,24.839,Normal,0,0
A027,2025-01-07 22:00:00,A027-PMP,Fuel Pump,75.477,3.182,78.674,55.347,1602.884,148.188,23.957,75.059,643,61.435,28.411,Normal,0,1
A027,2025-01-08 01:00:00,A027-PMP,Fuel Pump,77.189,3.073,73.77,56.058,1679.882,149.648,23.393,80.4,460,55.126,40.932,Normal,0,0
A027,2025-01-08 02:00:00,A027-PMP,Fuel Pump,77.432,3.133,74.704,56.068,1552.502,145.308,23.514,76.443,625,65.161,34.592,Normal,0,0
A027,2025-01-08 06:00:00,A027-PMP,Fuel Pump,77.219,2.654,68.989,50.908,1637.235,148.549,23.248,82.214,428,66.431,31.39,Normal,0,0
A027,2025-01-08 12:00:00,A027-PMP,Fuel Pump,80.997,3.494,74.115,52.899,1765.501,146.11,23.263,76.745,317,78.871,26.625,Normal,0,0
A027,2025-01-08 14:00:00,A027-PMP,Fuel Pump,81.051,3.274,78.256,52.421,1827.45,148.81,23.531,81.839,388,50.623,17.265,Normal,0,0
A027,2025-01-08 16:00:00,A027-PMP,Fuel Pump,78.576,3.39,79.676,52.507,1887.972,148.122,23.534,80.155,367,66.727,40.171,Normal,0,0
A027,2025-01-09 10:00:00,A027-PMP,Fuel Pump,73.775,2.935,77.927,55.916,1894.485,145.27,22.984,80.974,483,77.307,29.096,Normal,0,1
A027,2025-01-09 11:00:00,A027-PMP,Fuel Pump,82.519,3.048,76.825,54.821,1853.219,152.314,23.843,79.587,375,54.776,28.877,Normal,0,0
A027,2025-01-09 17:00:00,A027-PMP,Fuel Pump,79.002,3.101,74.91,51.122,1766.201,139.781,23.501,81.252,703,57.906,19.729,Normal,0,0
A027,2025-01-09 19:00:00,A027-PMP,Fuel Pump,75.174,3.067,69.958,53.984,1824.079,155.179,23.719,76.987,476,68.344,29.03,Normal,0,0
A027,2025-01-09 21:00:00,A027-PMP,Fuel Pump,81.08,3.403,74.047,53.857,1751.803,147.551,23.005,83.658,651,76.749,26.674,Normal,0,1
A027,2025-01-10 01:00:00,A027-PMP,Fuel Pump,99.578,6.664,63.825,51.144,1689.628,134.425,22.417,81.044,683,85.103,36.774,Warning,1,1
A027,2025-01-10 05:00:00,A027-PMP,Fuel Pump,77.27,2.751,74.691,54.929,1838.213,149.159,23.986,80.97,658,63.808,36.572,Normal,0,0
A027,2025-01-10 07:00:00,A027-PMP,Fuel Pump,79.267,3.211,76.138,52.511,1630.364,153.43,23.005,78.565,621,60.117,24.032,Normal,0,0
A027,2025-01-10 08:00:00,A027-PMP,Fuel Pump,78.083,2.718,69.787,55.435,1714.299,149.261,23.198,81.55,634,70.53,31.845,Normal,0,0
A027,2025-01-10 11:00:00,A027-PMP,Fuel Pump,79.648,2.952,77.34,50.614,1573.079,151.254,22.775,78.704,401,49.072,35.507,Normal,0,1
A027,2025-01-10 12:00:00,A027-PMP,Fuel Pump,80.823,3.046,73.91,54.899,1836.062,144.253,23.333,80.983,455,72.709,31.252,Normal,0,1
A027,2025-01-11 01:00:00,A027-PMP,Fuel Pump,74.378,3.302,71.885,52.645,1734.881,140.461,23.51,84.05,737,69.934,25.921,Normal,0,1
A027,2025-01-11 03:00:00,A027-PMP,Fuel Pump,83.997,2.722,68.675,49.777,1850.528,143.128,22.998,79.931,683,75.664,33.532,Normal,0,0
A027,2025-01-11 12:00:00,A027-PMP,Fuel Pump,78.703,3.899,73.067,50.354,1811.369,139.094,23.626,78.035,676,60.819,39.051,Normal,0,0
A027,2025-01-11 13:00:00,A027-PMP,Fuel Pump,80.804,2.962,72.405,50.356,1820.041,150.101,23.273,81.863,377,58.109,35.208,Normal,0,1
A027,2025-01-12 06:00:00,A027-PMP,Fuel Pump,77.437,2.969,76.599,55.708,1812.472,146.411,23.07,83.82,462,58.277,34.452,Normal,0,0
A027,2025-01-12 08:00:00,A027-PMP,Fuel Pump,82.854,3.65,70.81,54.604,1759.79,142.75,22.962,79.998,631,74.825,31.269,Warning,1,1
A027,2025-01-12 10:00:00,A027-PMP,Fuel Pump,78.364,2.979,75.094,55.278,1822.467,146.185,23.738,84.035,733,66.2,25.121,Normal,0,0
A027,2025-01-12 11:00:00,A027-PMP,Fuel Pump,79.098,3.109,70.49,52.709,1896.048,143.222,23.712,81.235,763,57.58,25.966,Normal,0,1
A027,2025-01-12 16:00:00,A027-PMP,Fuel Pump,81.797,3.438,70.583,53.832,1761.704,146.821,24.073,81.493,691,69.244,33.724,Warning,1,1
A027,2025-01-12 19:00:00,A027-PMP,Fuel Pump,81.356,3.643,71.555,56.427,2034.912,143.185,24.089,80.93,509,56.793,30.444,Normal,0,0
A027,2025-01-12 20:00:00,A027-PMP,Fuel Pump,82.34,2.782,72.04,50.437,1755.775,152.878,23.255,86.833,604,64.476,36.168,Normal,0,1
A027,2025-01-13 01:00:00,A027-PMP,Fuel Pump,79.169,3.369,73.263,53.854,1760.37,149.652,22.713,85.183,499,62.022,32.798,Normal,0,0
A027,2025-01-13 09:00:00,A027-PMP,Fuel Pump,83.761,3.259,70.891,52.688,1853.81,140.996,23.183,84.876,618,71.172,30.37,Warning,1,0
A027,2025-01-13 13:00:00,A027-PMP,Fuel Pump,85.372,4.041,69.242,50.525,1603.532,156.39,23.056,81.977,775,69.276,32.584,Warning,1,1
A027,2025-01-13 14:00:00,A027-PMP,Fuel Pump,81.686,3.532,69.345,55.456,1838.695,142.767,23.247,84.868,710,58.496,36.385,Normal,0,1
A027,2025-01-13 20:00:00,A027-PMP,Fuel Pump,83.694,3.168,71.015,51.916,1776.265,147.376,22.697,81.934,518,66.204,28.942,Warning,1,0
A027,2025-01-13 22:00:00,A027-PMP,Fuel Pump,80.012,3.333,74.9,54.337,1738.018,147.495,23.65,86.729,532,77.393,25.662,Warning,1,0
A027,2025-01-14 04:00:00,A027-PMP,Fuel Pump,82.288,3.672,72.299,51.555,1799.668,154.509,23.201,85.186,782,66.782,29.125,Warning,1,1
A027,2025-01-14 08:00:00,A027-PMP,Fuel Pump,82.239,3.138,75.536,51.668,1899.159,144.244,22.93,87.244,600,72.173,20.731,Warning,1,1
A027,2025-01-14 10:00:00,A027-PMP,Fuel Pump,82.9,3.894,73.214,55.611,1795.824,147.05,22.923,80.633,432,67.916,19.673,Warning,1,0
A027,2025-01-14 15:00:00,A027-PMP,Fuel Pump,77.953,3.75,68.245,50.401,1754.881,149.183,22.027,82.259,513,80.079,25.526,Warning,1,1
A027,2025-01-14 17:00:00,A027-PMP,Fuel Pump,87.841,3.074,68.369,54.584,1870.844,143.041,23.051,84.12,488,64.528,18.628,Warning,1,1
A027,2025-01-14 19:00:00,A027-PMP,Fuel Pump,79.908,2.94,69.783,53.267,1781.556,141.663,23.462,79.269,545,70.297,29.561,Warning,1,0
A027,2025-01-15 04:00:00,A027-PMP,Fuel Pump,83.253,3.919,71.118,49.036,1808.874,141.324,23.027,83.85,820,82.571,30.142,Warning,1,1
A027,2025-01-15 07:00:00,A027-PMP,Fuel Pump,82.122,3.068,76.669,51.847,1802.175,144.476,22.658,84.082,784,73.524,18.381,Warning,1,0
A027,2025-01-15 08:00:00,A027-PMP,Fuel Pump,78.569,3.965,70.702,48.828,1837.328,141.104,23.516,82.596,654,56.49,36.251,Warning,1,0
A027,2025-01-15 10:00:00,A027-PMP,Fuel Pump,81.509,3.761,66.353,52.364,1766.847,145.268,23.124,84.093,805,81.51,28.608,Warning,1,1
A027,2025-01-15 11:00:00,A027-PMP,Fuel Pump,85.761,3.803,69.736,51.794,1883.117,143.037,23.296,85.887,758,68.486,25.455,Warning,1,1
A027,2025-01-15 12:00:00,A027-PMP,Fuel Pump,82.948,3.513,71.38,54.276,1893.078,149.361,22.896,81.382,765,90.72,24.238,Warning,1,0
A027,2025-01-15 14:00:00,A027-PMP,Fuel Pump,81.238,3.441,68.086,54.397,2045.692,145.192,22.919,89.589,813,60.388,26.802,Warning,1,0
A027,2025-01-15 20:00:00,A027-PMP,Fuel Pump,82.694,4.18,74.207,53.048,1926.301,146.993,22.651,80.772,827,73.351,30.162,Warning,1,1
A027,2025-01-16 01:00:00,A027-PMP,Fuel Pump,81.144,3.599,70.428,51.627,1923.622,149.23,22.784,86.308,635,94.064,30.839,Warning,1,1
A027,2025-01-16 07:00:00,A027-PMP,Fuel Pump,87.564,4.122,70.27,51.029,1589.065,149.163,23.13,83.768,603,55.721,21.679,Warning,1,1
A027,2025-01-16 11:00:00,A027-PMP,Fuel Pump,84.248,3.886,72.553,51.026,1837.845,153.014,22.768,84.999,767,63.724,33.484,Warning,1,0
A027,2025-01-16 13:00:00,A027-PMP,Fuel Pump,81.077,3.591,65.966,54.305,1862.965,142.687,23.19,84.304,484,58.587,35.607,Warning,1,0
A027,2025-01-16 14:00:00,A027-PMP,Fuel Pump,98.624,5.559,56.385,49.776,1843.366,136.628,22.841,82.893,600,64.013,34.282,Warning,1,1
A027,2025-01-16 17:00:00,A027-PMP,Fuel Pump,84.633,4.131,72.504,52.86,1913.722,140.111,23.074,83.06,585,89.013,34.535,Warning,1,0
A028,2025-01-01 01:00:00,A028-PMP,Fuel Pump,77.195,2.752,81.363,57.238,1776.845,149.708,23.896,72.406,231,43.29,33.512,Normal,0,0
A028,2025-01-01 04:00:00,A028-PMP,Fuel Pump,68.515,2.218,83.464,55.348,1717.84,150.347,24.097,75.102,452,54.126,26.107,Normal,0,0
A028,2025-01-01 18:00:00,A028-PMP,Fuel Pump,78.259,2.834,76.507,53.511,1745.924,158.817,23.641,73.293,360,49.016,24.891,Normal,0,0
A028,2025-01-02 03:00:00,A028-PMP,Fuel Pump,74.033,2.343,79.588,55.409,1850.017,144.208,23.35,74.185,282,58.767,31.875,Normal,0,0
A028,2025-01-02 06:00:00,A028-PMP,Fuel Pump,77.294,2.379,79.412,58.546,1736.481,144.707,24.027,75.912,510,57.507,26.864,Normal,0,0
A028,2025-01-02 08:00:00,A028-PMP,Fuel Pump,75.593,2.286,77.911,57.299,1832.367,145.092,23.784,71.983,435,49.87,30.89,Normal,0,0
A028,2025-01-02 13:00:00,A028-PMP,Fuel Pump,71.181,2.793,81.09,55.237,1804.4,148.951,24.164,74.325,377,58.909,28.242,Normal,0,0
A028,2025-01-02 23:00:00,A028-PMP,Fuel Pump,71.942,2.504,75.398,54.348,1878.289,146.218,24.267,79.665,262,42.87,30.771,Normal,0,0
A028,2025-01-03 02:00:00,A028-PMP,Fuel Pump,72.175,2.708,73.213,56.566,1734.26,157.447,23.693,78.758,509,55.267,22.567,Normal,0,0
A028,2025-01-03 09:00:00,A028-PMP,Fuel Pump,75.135,2.626,73.209,53.76,1710.984,147.369,24.217,72.716,195,39.376,29.524,Normal,0,0
A028,2025-01-03 11:00:00,A028-PMP,Fuel Pump,70.214,2.369,78.24,55.12,1783.128,146.262,23.422,73.652,257,67.71,31.29,Normal,0,0
A028,2025-01-03 15:00:00,A028-PMP,Fuel Pump,76.414,3.086,74.876,53.132,1753.183,142.025,23.217,73.602,220,54.203,27.202,Normal,0,0
A028,2025-01-04 08:00:00,A028-PMP,Fuel Pump,76.292,2.854,78.205,49.9,1832.46,154.814,23.867,75.902,447,63.719,37.363,Normal,0,1
A028,2025-01-04 10:00:00,A028-PMP,Fuel Pump,75.042,2.27,75.31,55.53,1804.236,143.21,23.685,78.415,342,51.607,32.705,Normal,0,0
A028,2025-01-04 12:00:00,A028-PMP,Fuel Pump,76.955,2.252,71.618,53.108,1826.706,140.88,24.493,77.83,298,55.373,23.928,Normal,0,0
A028,2025-01-04 14:00:00,A028-PMP,Fuel Pump,72.291,2.647,78.723,59.057,1894.454,148.018,23.64,78.644,337,60.509,29.813,Normal,0,0
A028,2025-01-04 15:00:00,A028-PMP,Fuel Pump,73.853,2.946,77.863,52.026,1846.754,153.913,23.904,78.581,546,52.085,28.12,Normal,0,0
A028,2025-01-04 22:00:00,A028-PMP,Fuel Pump,74.833,2.894,74.84,54.204,1719.366,152.136,23.399,79.889,292,52.655,32.761,Normal,0,0
A028,2025-01-05 04:00:00,A028-PMP,Fuel Pump,75.068,3.283,74.484,54.861,1740.569,154.441,23.705,78.855,426,40.132,27.662,Normal,0,0
A028,2025-01-05 06:00:00,A028-PMP,Fuel Pump,76.641,2.424,73.087,54.187,1807.256,148.424,22.98,78.166,390,47.063,34.319,Normal,0,0
A028,2025-01-05 17:00:00,A028-PMP,Fuel Pump,73.263,2.701,76.23,54.044,1702.726,145.486,23.428,75.465,308,64.373,32.825,Normal,0,1
A028,2025-01-05 19:00:00,A028-PMP,Fuel Pump,75.049,2.919,79.113,50.571,1793.88,144.505,23.978,75.798,376,71.234,32.552,Normal,0,0
A028,2025-01-05 20:00:00,A028-PMP,Fuel Pump,85.202,4.777,63.123,56.86,1712.525,135.307,24.052,77.19,268,73.912,21.846,Warning,1,0
A028,2025-01-05 21:00:00,A028-PMP,Fuel Pump,76.097,2.301,73.968,54.1,1762.283,151.706,22.875,83.547,390,54.111,35.119,Normal,0,0
A028,2025-01-05 23:00:00,A028-PMP,Fuel Pump,81.278,2.817,70.08,57.107,1738.955,154.725,23.417,74.964,333,56.139,30.801,Normal,0,0
A028,2025-01-06 06:00:00,A028-PMP,Fuel Pump,76.976,2.629,72.525,54.581,1800.198,147.059,22.908,76.969,267,49.645,31.793,Normal,0,0
A028,2025-01-06 07:00:00,A028-PMP,Fuel Pump,74.143,3.019,70.373,54.341,1847.363,144.993,23.572,78.095,511,63.915,33.069,Normal,0,1
A028,2025-01-06 09:00:00,A028-PMP,Fuel Pump,74.374,2.699,74.574,49.681,1822.835,146.484,24.367,74.785,503,54.555,21.794,Normal,0,0
A028,2025-01-06 12:00:00,A028-PMP,Fuel Pump,74.984,3.144,73.876,53.907,1539.714,147.072,23.691,78.466,575,64.483,33.803,Normal,0,0
A028,2025-01-06 16:00:00,A028-PMP,Fuel Pump,80.945,2.642,73.359,54.116,1895.077,150.779,23.207,80.566,455,57.891,23.809,Normal,0,1
A028,2025-01-07 01:00:00,A028-PMP,Fuel Pump,76.959,2.451,78.475,52.545,1806.366,150.058,24.016,81.022,387,69.386,25.479,Normal,0,0
A028,2025-01-07 02:00:00,A028-PMP,Fuel Pump,75.062,2.435,70.57,56.488,1572.058,157.076,23.909,76.923,526,58.793,30.478,Normal,0,0
A028,2025-01-07 06:00:00,A028-PMP,Fuel Pump,76.698,3.251,75.15,50.683,1774.06,145.122,23.541,79.255,255,59.78,27.681,Normal,0,0
A028,2025-01-07 07:00:00,A028-PMP,Fuel Pump,72.371,3.289,73.716,52.231,1674.791,147.405,24.027,80.258,623,59.807,26.91,Normal,0,1
A028,2025-01-07 16:00:00,A028-PMP,Fuel Pump,79.227,3.235,70.992,53.223,1757.917,152.514,23.898,77.384,316,66.136,33.308,Normal,0,1
A028,2025-01-08 03:00:00,A028-PMP,Fuel Pump,79.157,3.084,81.496,54.897,1801.768,145.7,23.294,78.353,355,65.754,43.864,Normal,0,0
A028,2025-01-08 14:00:00,A028-PMP,Fuel Pump,79.226,3.604,71.162,52.058,1789.684,141.044,23.309,77.144,348,67.087,30.9,Normal,0,0
A028,2025-01-08 22:00:00,A028-PMP,Fuel Pump,75.308,3.121,74.419,52.601,1818.273,138.995,23.111,78.039,559,72.769,25.769,Normal,0,0
A028,2025-01-08 23:00:00,A028-PMP,Fuel Pump,74.224,3.047,70.094,52.976,1766.36,153.181,23.832,78.627,367,67.346,27.647,Normal,0,0
A028,2025-01-09 02:00:00,A028-PMP,Fuel Pump,92.141,5.907,69.791,50.906,1770.113,135.134,23.152,78.918,350,54.863,34.604,Warning,1,0
A028,2025-01-09 03:00:00,A028-PMP,Fuel Pump,83.35,2.97,76.324,53.033,1727.265,150.629,23.923,77.635,538,52.381,28.563,Normal,0,0
A028,2025-01-09 16:00:00,A028-PMP,Fuel Pump,81.003,3.265,76.415,52.72,1694.301,155.258,23.547,83.499,544,78.825,27.305,Normal,0,0
A028,2025-01-09 17:00:00,A028-PMP,Fuel Pump,80.808,3.593,71.726,56.935,1819.501,147.044,23.271,77.805,687,77.492,29.54,Normal,0,0
A028,2025-01-09 18:00:00,A028-PMP,Fuel Pump,77.603,3.201,68.072,54.858,1826.959,142.98,24.17,78.897,649,48.452,28.447,Normal,0,0
A028,2025-01-09 23:00:00,A028-PMP,Fuel Pump,78.308,3.315,71.793,54.839,1700.069,148.553,23.092,79.653,582,50.702,24.86,Normal,0,0
A028,2025-01-10 03:00:00,A028-PMP,Fuel Pump,80.58,3.027,75.825,51.928,1756.475,148.501,23.827,80.677,349,69.143,29.872,Normal,0,0
A028,2025-01-10 05:00:00,A028-PMP,Fuel Pump,79.47,2.992,75.981,51.515,1829.649,139.039,23.46,82.249,366,71.307,28.056,Normal,0,1
A028,2025-01-10 08:00:00,A028-PMP,Fuel Pump,75.395,3.108,73.43,53.776,1918.546,139.22,23.235,77.309,633,66.081,40.923,Normal,0,1
A028,2025-01-10 09:00:00,A028-PMP,Fuel Pump,77.647,3.788,74.82,50.85,1828.55,148.118,23.432,80.902,511,74.726,33.557,Normal,0,1
A028,2025-01-10 15:00:00,A028-PMP,Fuel Pump,80.191,3.71,73.705,51.733,1808.951,149.269,23.601,80.735,511,74.019,29.616,Normal,0,0
A028,2025-01-10 17:00:00,A028-PMP,Fuel Pump,95.315,5.888,58.421,52.104,1715.99,127.225,23.273,82.618,516,54.591,30.829,Warning,1,1
A028,2025-01-10 19:00:00,A028-PMP,Fuel Pump,75.434,3.153,72.501,51.314,1762.206,147.918,23.371,82.464,607,82.554,30.763,Normal,0,0
A028,2025-01-11 04:00:00,A028-PMP,Fuel Pump,80.61,2.873,74.331,56.753,1852.081,145.296,23.792,78.736,643,62.89,34.63,Normal,0,0
A028,2025-01-11 13:00:00,A028-PMP,Fuel Pump,81.37,3.546,70.786,51.863,1726.612,145.235,22.823,80.277,431,73.106,25.822,Warning,1,0
A028,2025-01-11 14:00:00,A028-PMP,Fuel Pump,81.333,3.321,71.812,53.241,1872.623,142.965,23.243,80.48,483,68.642,28.342,Normal,0,1
A028,2025-01-12 01:00:00,A028-PMP,Fuel Pump,82.79,4.012,69.829,57.177,1827.456,150.079,22.808,82.944,470,78.652,26.578,Warning,1,1
A028,2025-01-12 05:00:00,A028-PMP,Fuel Pump,80.947,3.211,70.933,56.998,1911.322,144.642,23.557,80.824,748,75.14,33.945,Warning,1,1
A028,2025-01-12 09:00:00,A028-PMP,Fuel Pump,82.677,3.271,69.754,56.04,1779.43,141.255,23.514,82.814,459,55.083,34.51,Normal,0,0
A028,2025-01-12 10:00:00,A028-PMP,Fuel Pump,78.086,3.492,72.076,54.516,1745.722,148.2,23.673,85.748,667,73.227,24.096,Warning,1,0
A028,2025-01-12 17:00:00,A028-PMP,Fuel Pump,88.616,5.378,64.386,50.291,1855.819,134.454,23.536,84.628,701,75.642,34.012,Warning,1,1
A028,2025-01-13 00:00:00,A028-PMP,Fuel Pump,77.637,3.286,70.355,53.657,1742.519,145.151,22.964,81.767,721,74.78,18.967,Warning,1,1
A028,2025-01-13 03:00:00,A028-PMP,Fuel Pump,82.528,3.104,74.52,55.003,1789.815,153.346,23.236,83.581,442,70.251,21.342,Normal,0,0
A028,2025-01-13 15:00:00,A028-PMP,Fuel Pump,77.523,2.866,73.745,54.745,1879.114,146.695,23.608,82.836,783,72.088,13.909,Normal,0,0
A028,2025-01-13 19:00:00,A028-PMP,Fuel Pump,84.198,3.59,69.964,53.526,1854.296,146.547,22.768,84.719,679,76.211,24.802,Warning,1,0
A028,2025-01-13 21:00:00,A028-PMP,Fuel Pump,91.706,6.589,66.723,51.183,1783.226,122.071,22.474,81.495,457,70.094,30.379,Warning,1,0
A028,2025-01-14 00:00:00,A028-PMP,Fuel Pump,79.887,3.484,79.075,54.356,1729.105,145.016,22.54,82.806,447,67.111,29.209,Normal,0,1
A028,2025-01-14 01:00:00,A028-PMP,Fuel Pump,84.524,3.115,69.636,54.504,1845.047,147.723,23.239,84.317,777,86.476,38.701,Warning,1,0
A028,2025-01-14 06:00:00,A028-PMP,Fuel Pump,82.975,3.126,73.408,53.209,1720.53,140.454,23.407,82.588,568,53.885,27.213,Normal,0,0
A028,2025-01-14 07:00:00,A028-PMP,Fuel Pump,83.974,3.366,67.792,52.813,1775.095,143.48,23.178,86.141,607,64.929,30.157,Warning,1,0
A028,2025-01-14 08:00:00,A028-PMP,Fuel Pump,80.432,3.457,70.562,55.804,1619.556,152.464,22.667,80.843,529,66.805,34.94,Warning,1,1
A028,2025-01-14 09:00:00,A028-PMP,Fuel Pump,81.519,3.55,70.997,54.812,1826.847,149.277,22.745,80.082,483,71.283,34.701,Warning,1,0
A028,2025-01-15 09:00:00,A028-PMP,Fuel Pump,80.885,4.037,70.713,51.099,1833.662,142.921,23.362,83.547,828,78.828,22.654,Warning,1,1
A028,2025-01-15 14:00:00,A028-PMP,Fuel Pump,83.421,4.245,73.182,56.306,1874.803,147.708,22.051,84.539,656,69.589,24.789,Warning,1,0
A028,2025-01-16 00:00:00,A028-PMP,Fuel Pump,88.482,4.264,68.684,48.994,1766.759,143.461,22.259,82.105,495,72.197,33.353,Warning,1,1
A028,2025-01-16 01:00:00,A028-PMP,Fuel Pump,83.452,3.671,65.688,50.743,1816.505,139.287,23.302,84.225,614,89.883,30.89,Warning,1,0
A028,2025-01-16 15:00:00,A028-PMP,Fuel Pump,81.662,4.177,65.76,49.483,1772.18,136.547,22.741,84.354,679,82.518,36.984,Warning,1,0
A028,2025-01-16 16:00:00,A028-PMP,Fuel Pump,84.53,3.963,68.965,51.343,1731.425,146.936,23.305,85.429,832,67.449,25.37,Warning,1,0
A028,2025-01-16 17:00:00,A028-PMP,Fuel Pump,80.77,3.54,72.33,51.422,1775.939,144.789,23.011,83.662,563,58.995,29.539,Warning,1,0
A028,2025-01-16 19:00:00,A028-PMP,Fuel Pump,83.776,3.584,70.274,54.589,1845.504,146.716,23.056,84.941,680,72.152,30.543,Warning,1,1
A028,2025-01-16 21:00:00,A028-PMP,Fuel Pump,104.732,6.079,57.756,53.817,1772.672,137.411,23.182,81.764,492,78.934,33.265,Warning,1,1
A028,2025-01-17 06:00:00,A028-PMP,Fuel Pump,83.904,3.342,66.583,56.048,1635.653,143.245,22.502,80.569,802,80.22,25.037,Warning,1,0
A028,2025-01-17 07:00:00,A028-PMP,Fuel Pump,78.098,3.7,71.968,50.862,1765.636,140.039,22.738,82.38,496,73.627,24.942,Warning,1,1
A028,2025-01-17 08:00:00,A028-PMP,Fuel Pump,90.085,3.931,70.513,54.931,1837.676,141.513,22.205,77.252,815,93.133,30.93,Warning,1,1
A028,2025-01-17 11:00:00,A028-PMP,Fuel Pump,80.571,4.246,65.019,51.646,1727.86,144.039,23.301,80.788,809,65.733,27.777,Warning,1,1
A028,2025-01-17 12:00:00,A028-PMP,Fuel Pump,84.641,3.979,68.104,46.178,1946.022,146.249,22.783,83.2,861,89.619,22.176,Warning,1,1
A029,2025-01-01 02:00:00,A029-PMP,Fuel Pump,89.556,5.321,69.722,53.593,1766.684,137.718,23.973,78.484,230,63.277,29.149,Warning,1,0
A029,2025-01-01 08:00:00,A029-PMP,Fuel Pump,74.259,3.585,75.562,51.833,1742.112,153.32,23.96,72.846,280,55.678,29.909,Normal,0,0
A029,2025-01-01 10:00:00,A029-PMP,Fuel Pump,73.728,2.635,71.728,52.125,1816.652,154.624,23.872,72.261,392,49.741,21.277,Normal,0,0
A029,2025-01-01 11:00:00,A029-PMP,Fuel Pump,77.041,2.517,75.201,54.848,1886.578,150.447,24.084,73.983,224,51.558,32.793,Normal,0,0
A029,2025-01-01 14:00:00,A029-PMP,Fuel Pump,77.386,2.939,76.296,54.467,1943.118,149.206,23.441,74.555,363,63.994,32.647,Normal,0,0
A029,2025-01-01 18:00:00,A029-PMP,Fuel Pump,73.489,2.908,74.595,57.604,1751.691,153.674,24.113,76.779,379,49.992,18.154,Normal,0,1
A029,2025-01-01 20:00:00,A029-PMP,Fuel Pump,72.177,2.549,75.973,52.87,1764.243,153.542,23.977,76.673,282,71.136,27.828,Normal,0,0
A029,2025-01-02 00:00:00,A029-PMP,Fuel Pump,76.114,2.059,76.453,50.401,1795.343,153.187,23.811,75.383,392,67.936,22.19,Normal,0,0
A029,2025-01-02 04:00:00,A029-PMP,Fuel Pump,72.435,3.106,76.752,57.267,1767.426,149.253,24.079,74.401,428,48.897,32.164,Normal,0,0
A029,2025-01-02 05:00:00,A029-PMP,Fuel Pump,73.526,2.876,75.005,54.92,1644.493,151.499,24.456,78.356,519,57.612,39.444,Normal,0,1
A029,2025-01-02 06:00:00,A029-PMP,Fuel Pump,74.66,2.926,78.843,53.655,1788.203,143.066,23.696,76.766,486,59.16,33.054,Normal,0,0
A029,2025-01-02 10:00:00,A029-PMP,Fuel Pump,73.431,2.293,74.762,54.051,1801.888,150.991,24.233,77.806,266,84.589,31.913,Normal,0,0
A029,2025-01-02 14:00:00,A029-PMP,Fuel Pump,75.401,2.292,79.415,55.474,1677.123,145.826,23.815,76.857,289,34.942,17.054,Normal,0,0
A029,2025-01-02 16:00:00,A029-PMP,Fuel Pump,77.977,2.389,77.134,54.465,1797.644,149.834,23.579,78.445,302,60.893,28.389,Normal,0,1
A029,2025-01-02 17:00:00,A029-PMP,Fuel Pump,77.493,2.619,79.26,54.073,1752.201,146.383,23.884,75.257,245,58.622,23.083,Normal,0,1
A029,2025-01-02 23:00:00,A029-PMP,Fuel Pump,75.332,3.074,72.378,55.017,1717.298,151.834,24.617,78.141,245,70.445,32.744,Normal,0,0
A029,2025-01-03 03:00:00,A029-PMP,Fuel Pump,80.166,3.053,73.971,53.464,1597.87,156.382,24.763,76.266,170,65.91,29.803,Normal,0,1
A029,2025-01-03 07:00:00,A029-PMP,Fuel Pump,78.276,2.396,71.868,51.06,1653.654,145.251,24.041,73.969,380,57.947,22.768,Normal,0,0
A029,2025-01-03 12:00:00,A029-PMP,Fuel Pump,75.634,2.828,71.76,54.581,1687.618,142.979,23.896,73.716,426,63.007,38.916,Normal,0,0
A029,2025-01-03 15:00:00,A029-PMP,Fuel Pump,76.783,3.568,71.765,56.716,1839.468,147.967,23.905,77.326,529,46.37,30.344,Normal,0,0
A029,2025-01-03 18:00:00,A029-PMP,Fuel Pump,81.162,2.623,71.67,54.301,1852.377,152.343,23.609,80.245,294,61.177,22.348,Normal,0,0
A029,2025-01-03 19:00:00,A029-PMP,Fuel Pump,76.709,3.015,72.448,52.565,1715.101,157.455,23.721,78.994,418,71.113,28.132,Normal,0,1
A029,2025-01-04 00:00:00,A029-PMP,Fuel Pump,73.595,3.057,74.18,53.251,1818.518,153.288,23.733,82.455,188,52.362,30.688,Normal,0,1
A029,2025-01-04 11:00:00,A029-PMP,Fuel Pump,74.971,2.941,73.095,54.152,1758.507,151.814,23.789,77.746,309,61.977,29.594,Normal,0,0
A029,2025-01-04 15:00:00,A029-PMP,Fuel Pump,81.051,2.92,71.363,59.676,1905.023,146.859,23.259,77.039,240,74.194,23.608,Normal,0,1
A029,2025-01-04 18:00:00,A029-PMP,Fuel Pump,74.77,2.999,78.276,54.763,1711.456,147.779,24.005,78.698,266,60.084,21.072,Normal,0,0
A029,2025-01-04 23:00:00,A029-PMP,Fuel Pump,80.141,2.901,75.414,54.09,1740.227,144.288,23.614,76.951,313,72.083,27.063,Normal,0,0
A029,2025-01-05 06:00:00,A029-PMP,Fuel Pump,77.787,2.883,73.501,54.562,1752.093,148.34,23.426,74.977,384,49.463,30.47,Normal,0,0
A029,2025-01-05 08:00:00,A029-PMP,Fuel Pump,77.568,2.727,74.589,55.447,1752.848,143.742,24.156,80.121,439,65.556,36.741,Normal,0,0
A029,2025-01-05 14:00:00,A029-PMP,Fuel Pump,75.954,2.816,74.84,52.665,1920.893,151.889,24.071,75.813,312,64.332,27.109,Normal,0,0
A029,2025-01-05 15:00:00,A029-PMP,Fuel Pump,78.052,3.617,76.441,53.148,1653.282,138.773,23.257,80.73,505,62.909,33.659,Normal,0,0
A029,2025-01-05 21:00:00,A029-PMP,Fuel Pump,71.571,2.984,73.227,51.797,1753.002,152.787,23.618,76.886,317,53.873,26.051,Normal,0,0
A029,2025-01-06 01:00:00,A029-PMP,Fuel Pump,91.095,5.018,63.642,55.936,1713.519,142.318,23.976,79.463,341,60.628,28.838,Warning,1,0
A029,2025-01-06 02:00:00,A029-PMP,Fuel Pump,74.507,3.223,74.265,57.529,1985.976,144.592,23.861,76.922,504,69.089,24.429,Normal,0,0
A029,2025-01-06 07:00:00,A029-PMP,Fuel Pump,78.226,3.12,74.133,54.338,1623.443,149.293,23.875,79.554,603,58.125,33.225,Normal,0,1
A029,2025-01-06 08:00:00,A029-PMP,Fuel Pump,73.759,3.714,73.623,50.592,1875.125,152.151,23.843,78.335,620,68.551,25.52,Normal,0,0
A029,2025-01-06 09:00:00,A029-PMP,Fuel Pump,78.302,2.46,71.695,54.021,1654.153,147.098,23.3,74.681,524,74.814,32.051,Normal,0,0
A029,2025-01-06 15:00:00,A029-PMP,Fuel Pump,81.032,3.666,71.153,52.258,1849.441,148.132,23.192,78.181,272,74.001,18.695,Normal,0,0
A029,2025-01-06 23:00:00,A029-PMP,Fuel Pump,77.709,2.823,77.353,52.417,1785.805,147.165,23.572,76.61,354,65.706,30.858,Normal,0,1
A029,2025-01-07 00:00:00,A029-PMP,Fuel Pump,83.23,3.213,72.8,51.976,1754.534,149.003,23.511,81.452,318,66.158,25.111,Normal,0,0
A029,2025-01-07 04:00:00,A029-PMP,Fuel Pump,77.666,3.201,75.47,49.004,1862.842,144.694,23.541,79.207,509,76.902,30.78,Normal,0,0
A029,2025-01-07 10:00:00,A029-PMP,Fuel Pump,80.39,3.482,72.821,52.205,1939.722,146.665,23.593,79.417,372,72.903,30.021,Normal,0,1
A029,2025-01-07 11:00:00,A029-PMP,Fuel Pump,74.975,3.508,72.817,53.953,1888.859,147.351,23.848,77.007,457,82.434,41.572,Normal,0,1
A029,2025-01-07 13:00:00,A029-PMP,Fuel Pump,77.118,3.229,72.238,51.141,1861.676,145.21,23.558,81.488,643,60.94,34.493,Normal,0,1
A029,2025-01-07 15:00:00,A029-PMP,Fuel Pump,80.257,3.37,72.454,53.959,1812.796,149.421,23.529,78.943,468,63.943,32.144,Normal,0,0
A029,2025-01-07 22:00:00,A029-PMP,Fuel Pump,78.4,3.271,74.393,54.947,1957.794,151.703,23.509,81.469,454,67.496,24.547,Normal,0,0
A029,2025-01-08 00:00:00,A029-PMP,Fuel Pump,83.083,3.131,73.111,50.18,1815.803,153.767,24.217,82.178,486,82.473,31.048,Warning,1,0
A029,2025-01-08 06:00:00,A029-PMP,Fuel Pump,78.459,3.163,70.054,53.214,1861.198,145.204,23.469,78.763,596,58.687,28.447,Normal,0,0
A029,2025-01-08 07:00:00,A029-PMP,Fuel Pump,79.946,2.96,73.901,52.471,1717.744,154.475,23.588,78.97,481,64.124,34.488,Normal,0,1
A029,2025-01-08 12:00:00,A029-PMP,Fuel Pump,77.973,2.84,77.045,52.478,1761.026,147.388,23.47,79.64,358,75.215,34.846,Normal,0,1
A029,2025-01-08 15:00:00,A029-PMP,Fuel Pump,79.119,3.084,73.355,52.061,1683.822,145.092,23.452,78.184,609,66.356,18.997,Normal,0,0
A029,2025-01-08 17:00:00,A029-PMP,Fuel Pump,77.819,2.829,76.011,56.154,2006.64,150.969,23.604,78.709,545,78.259,32.194,Normal,0,0
A029,2025-01-08 20:00:00,A029-PMP,Fuel Pump,93.941,5.453,59.35,52.972,1908.385,131.167,23.774,78.42,329,71.881,33.087,Warning,1,0
A029,2025-01-08 23:00:00,A029-PMP,Fuel Pump,80.742,3.189,73.86,52.671,1760.627,143.51,23.543,82.654,355,73.379,33.699,Normal,0,0
A029,2025-01-09 06:00:00,A029-PMP,Fuel Pump,75.814,3.024,74.402,53.598,1814.207,156.027,23.272,77.994,651,63.0,35.463,Normal,0,0
A029,2025-01-09 09:00:00,A029-PMP,Fuel Pump,80.791,3.521,73.216,53.943,1861.518,148.532,23.514,83.562,603,82.212,24.161,Warning,1,0
A029,2025-01-09 13:00:00,A029-PMP,Fuel Pump,80.666,3.265,73.779,55.175,1736.546,144.521,23.039,81.316,490,67.142,23.913,Normal,0,0
A029,2025-01-09 14:00:00,A029-PMP,Fuel Pump,79.715,3.503,72.285,54.29,1708.976,150.941,23.333,81.535,585,66.498,21.375,Normal,0,0
A029,2025-01-10 05:00:00,A029-PMP,Fuel Pump,80.784,3.706,67.25,52.742,1826.32,148.664,23.336,78.233,482,70.991,25.357,Warning,1,0
A029,2025-01-10 14:00:00,A029-PMP,Fuel Pump,85.116,3.57,70.912,52.271,1721.034,148.827,24.044,80.89,511,87.964,36.331,Warning,1,1
A029,2025-01-10 17:00:00,A029-PMP,Fuel Pump,82.142,3.433,68.451,50.36,1834.695,141.62,23.789,79.681,487,58.828,37.871,Warning,1,0
A029,2025-01-10 19:00:00,A029-PMP,Fuel Pump,84.891,3.485,69.785,53.784,1872.907,142.126,23.222,83.673,656,77.868,34.954,Warning,1,0
A029,2025-01-10 20:00:00,A029-PMP,Fuel Pump,78.231,3.689,74.22,52.672,1845.521,145.35,23.416,77.018,444,65.729,26.246,Normal,0,0
A029,2025-01-10 22:00:00,A029-PMP,Fuel Pump,81.008,3.885,70.588,52.129,1890.764,154.872,23.372,79.319,391,65.809,38.145,Warning,1,0
A029,2025-01-10 23:00:00,A029-PMP,Fuel Pump,80.306,3.846,73.786,53.576,1762.388,146.233,23.265,83.002,655,79.801,31.355,Warning,1,0
A029,2025-01-11 03:00:00,A029-PMP,Fuel Pump,80.682,3.157,76.393,56.445,1772.601,151.542,23.47,83.034,414,67.559,36.851,Normal,0,0
A029,2025-01-11 04:00:00,A029-PMP,Fuel Pump,92.104,5.793,56.664,53.514,1741.745,133.278,22.722,84.051,586,82.06,29.53,Warning,1,1
A029,2025-01-11 10:00:00,A029-PMP,Fuel Pump,79.934,3.136,70.539,49.305,1786.205,150.335,23.243,82.106,489,73.209,28.226,Warning,1,1
A029,2025-01-11 18:00:00,A029-PMP,Fuel Pump,79.958,3.536,62.825,53.042,1595.117,151.95,23.274,84.731,512,68.888,30.589,Warning,1,1
A029,2025-01-12 01:00:00,A029-PMP,Fuel Pump,79.958,3.937,72.664,52.802,1838.77,142.589,23.102,78.5,546,71.97,29.068,Warning,1,1
A029,2025-01-12 02:00:00,A029-PMP,Fuel Pump,77.091,3.334,72.013,49.689,1809.075,143.152,22.931,79.918,652,69.552,26.86,Warning,1,1
A029,2025-01-12 05:00:00,A029-PMP,Fuel Pump,82.239,3.316,73.531,51.134,1925.403,151.522,23.062,84.604,684,76.872,26.898,Warning,1,0
A029,2025-01-12 14:00:00,A029-PMP,Fuel Pump,83.12,4.252,68.085,53.326,1669.414,144.106,23.588,80.949,496,68.165,24.939,Warning,1,0
A029,2025-01-12 15:00:00,A029-PMP,Fuel Pump,82.626,3.205,68.35,54.464,1814.933,146.965,23.392,81.127,400,87.408,22.818,Warning,1,1
A029,2025-01-12 22:00:00,A029-PMP,Fuel Pump,82.276,4.177,71.676,51.413,1876.596,148.953,23.196,83.93,731,69.545,27.264,Warning,1,0
A029,2025-01-13 00:00:00,A029-PMP,Fuel Pump,82.167,3.511,66.98,51.709,1728.519,142.655,23.192,78.628,731,81.956,29.314,Warning,1,1
A029,2025-01-13 01:00:00,A029-PMP,Fuel Pump,78.471,4.691,71.767,52.543,1846.076,145.512,22.742,80.086,598,87.873,28.853,Warning,1,1
A029,2025-01-13 08:00:00,A029-PMP,Fuel Pump,84.333,4.13,70.801,54.567,1890.317,149.009,23.069,82.101,767,70.243,32.615,Warning,1,1
A029,2025-01-13 12:00:00,A029-PMP,Fuel Pump,82.082,3.687,78.441,54.894,1854.498,144.119,23.189,82.274,632,72.904,26.813,Warning,1,1
A029,2025-01-13 20:00:00,A029-PMP,Fuel Pump,80.455,3.928,72.719,54.746,1897.654,146.355,22.942,84.673,437,91.396,28.796,Warning,1,0
A029,2025-01-13 23:00:00,A029-PMP,Fuel Pump,81.126,3.768,67.151,55.855,1761.591,141.593,24.001,82.627,500,82.426,30.707,Warning,1,1
A029,2025-01-14 06:00:00,A029-PMP,Fuel Pump,80.821,3.68,67.96,54.12,1899.339,140.053,22.93,81.465,501,81.203,30.028,Warning,1,1
A029,2025-01-14 07:00:00,A029-PMP,Fuel Pump,78.443,3.862,70.527,50.868,1806.306,147.135,22.571,83.596,615,82.579,30.136,Warning,1,0
A029,2025-01-14 13:00:00,A029-PMP,Fuel Pump,84.112,3.876,68.738,53.831,1854.005,149.994,23.181,80.818,454,63.166,25.622,Warning,1,1
A029,2025-01-14 17:00:00,A029-PMP,Fuel Pump,82.906,3.371,64.244,54.415,1970.499,151.282,22.746,84.998,790,73.505,26.107,Warning,1,1
A029,2025-01-14 18:00:00,A029-PMP,Fuel Pump,83.336,3.669,73.053,55.33,1661.599,147.68,22.959,81.822,803,75.083,31.011,Warning,1,0
A029,2025-01-14 20:00:00,A029-PMP,Fuel Pump,83.75,3.665,66.718,53.959,1711.989,146.589,22.818,84.11,781,85.069,30.505,Warning,1,1
A029,2025-01-15 09:00:00,A029-PMP,Fuel Pump,83.891,3.381,67.922,52.971,1795.534,151.021,23.285,81.547,810,73.667,30.541,Warning,1,0
A029,2025-01-15 19:00:00,A029-PMP,Fuel Pump,85.771,3.837,68.409,52.126,1694.099,141.403,22.118,82.968,537,72.422,31.202,Warning,1,1
A029,2025-01-15 22:00:00,A029-PMP,Fuel Pump,86.816,3.462,68.205,50.62,1942.878,147.241,23.081,85.188,630,78.429,25.326,Warning,1,1
A029,2025-01-15 23:00:00,A029-PMP,Fuel Pump,88.21,3.701,70.242,54.004,1690.623,143.812,22.82,81.398,642,76.547,29.022,Warning,1,0
A029,2025-01-16 01:00:00,A029-PMP,Fuel Pump,87.277,4.246,67.682,54.718,1699.524,150.869,23.118,84.35,644,77.152,20.042,Warning,1,1
A029,2025-01-16 06:00:00,A029-PMP,Fuel Pump,88.705,3.934,67.613,51.259,1757.453,146.172,22.837,84.295,562,83.384,28.467,Warning,1,1
A029,2025-01-16 08:00:00,A029-PMP,Fuel Pump,80.998,4.522,68.836,49.876,1712.684,146.548,22.762,87.803,763,77.687,31.096,Warning,1,1
A029,2025-01-16 09:00:00,A029-PMP,Fuel Pump,84.021,4.424,72.48,50.825,1742.321,143.213,22.988,87.883,829,87.683,30.888,Warning,1,0
A029,2025-01-16 14:00:00,A029-PMP,Fuel Pump,87.048,3.415,66.752,53.281,1744.382,140.955,22.411,82.025,641,84.965,28.396,Warning,1,1
A029,2025-01-16 23:00:00,A029-PMP,Fuel Pump,86.499,3.882,67.585,53.848,1732.311,146.515,22.687,85.079,594,85.557,40.14,Warning,1,1
A029,2025-01-17 02:00:00,A029-PMP,Fuel Pump,94.651,7.188,57.393,52.567,1829.151,131.587,22.984,84.376,501,94.556,30.112,Warning,1,1
A029,2025-01-17 04:00:00,A029-PMP,Fuel Pump,85.746,4.59,66.776,52.966,1662.036,146.017,23.658,87.107,867,84.186,33.998,Warning,1,1
A030,2025-01-01 01:00:00,A030-PMP,Fuel Pump,72.016,2.542,73.049,57.953,1840.555,144.906,23.191,75.262,370,54.262,27.51,Normal,0,0
A030,2025-01-01 11:00:00,A030-PMP,Fuel Pump,88.348,4.869,61.545,57.762,1754.959,138.065,23.914,78.244,298,72.371,31.243,Warning,1,0
A030,2025-01-02 04:00:00,A030-PMP,Fuel Pump,76.5,2.452,77.516,55.335,1898.268,148.257,23.777,76.054,519,56.895,30.988,Normal,0,0
A030,2025-01-02 10:00:00,A030-PMP,Fuel Pump,73.55,3.138,74.277,52.917,1777.355,148.499,24.005,80.214,431,48.991,28.557,Normal,0,0
A030,2025-01-02 13:00:00,A030-PMP,Fuel Pump,74.254,2.988,69.773,51.936,1912.867,147.404,23.697,78.104,386,59.817,30.403,Normal,0,0
A030,2025-01-02 20:00:00,A030-PMP,Fuel Pump,75.616,2.929,75.211,53.706,1762.591,152.037,23.919,74.546,528,41.568,34.623,Normal,0,1
A030,2025-01-02 22:00:00,A030-PMP,Fuel Pump,73.516,3.008,78.228,54.71,1841.758,139.893,23.63,73.301,523,59.758,24.089,Normal,0,0
A030,2025-01-03 00:00:00,A030-PMP,Fuel Pump,72.963,3.06,79.473,53.958,1810.838,145.034,23.441,78.714,200,65.478,30.108,Normal,0,0
A030,2025-01-03 01:00:00,A030-PMP,Fuel Pump,76.169,2.357,71.944,51.316,1822.761,154.17,24.038,74.821,426,42.585,34.426,Normal,0,0
A030,2025-01-03 07:00:00,A030-PMP,Fuel Pump,75.654,2.529,77.204,54.625,1732.835,152.968,23.966,75.646,509,67.981,30.924,Normal,0,0
A030,2025-01-03 08:00:00,A030-PMP,Fuel Pump,77.045,2.71,74.326,56.786,1913.588,149.794,23.324,78.673,473,42.869,30.915,Normal,0,0
A030,2025-01-03 19:00:00,A030-PMP,Fuel Pump,77.896,3.092,72.749,53.367,1880.724,151.135,22.919,77.117,545,58.537,35.29,Normal,0,0
A030,2025-01-03 20:00:00,A030-PMP,Fuel Pump,71.076,2.764,75.122,55.866,1884.761,153.742,24.063,77.34,524,58.287,24.16,Normal,0,1
A030,2025-01-03 22:00:00,A030-PMP,Fuel Pump,74.369,2.804,73.527,55.661,1844.682,150.17,23.823,74.28,192,47.793,29.877,Normal,0,0
A030,2025-01-04 02:00:00,A030-PMP,Fuel Pump,70.612,3.391,75.093,52.415,1879.876,143.965,23.835,77.668,290,65.036,28.088,Normal,0,0
A030,2025-01-04 04:00:00,A030-PMP,Fuel Pump,74.568,2.317,73.777,50.743,1780.649,162.52,24.019,75.592,432,45.004,27.705,Normal,0,0
A030,2025-01-04 05:00:00,A030-PMP,Fuel Pump,79.807,3.14,75.826,53.779,1702.672,151.006,24.151,73.374,428,68.972,34.646,Normal,0,0
A030,2025-01-04 07:00:00,A030-PMP,Fuel Pump,75.97,3.367,70.762,53.893,1748.335,147.266,23.919,75.639,563,57.814,28.913,Normal,0,1
A030,2025-01-04 08:00:00,A030-PMP,Fuel Pump,77.342,3.03,71.736,54.844,1834.894,146.294,24.055,77.564,299,61.355,30.262,Normal,0,0
A030,2025-01-04 11:00:00,A030-PMP,Fuel Pump,76.343,2.78,72.391,54.891,1937.119,143.44,23.867,77.421,213,77.361,33.449,Normal,0,1
A030,2025-01-04 13:00:00,A030-PMP,Fuel Pump,76.632,2.916,77.048,50.481,1633.12,143.321,23.692,75.951,546,63.697,29.158,Normal,0,0
A030,2025-01-04 17:00:00,A030-PMP,Fuel Pump,93.377,5.177,68.114,58.514,1638.582,139.347,23.254,77.201,290,64.27,33.327,Warning,1,0
A030,2025-01-04 20:00:00,A030-PMP,Fuel Pump,77.446,2.811,76.469,52.417,1953.959,149.584,23.492,77.769,416,53.689,25.01,Normal,0,0
A030,2025-01-05 08:00:00,A030-PMP,Fuel Pump,74.352,2.342,77.157,55.068,1839.762,149.942,24.256,75.792,500,72.677,32.315,Normal,0,1
A030,2025-01-05 12:00:00,A030-PMP,Fuel Pump,92.196,5.918,67.64,55.266,1812.597,128.307,23.442,77.354,459,58.918,29.894,Warning,1,1
A030,2025-01-05 19:00:00,A030-PMP,Fuel Pump,78.988,3.095,72.212,51.346,1903.749,146.855,23.409,80.101,244,58.384,29.56,Normal,0,0
A030,2025-01-05 22:00:00,A030-PMP,Fuel Pump,90.064,6.83,62.315,53.785,1723.413,139.471,24.282,77.462,229,76.491,32.219,Warning,1,1
A030,2025-01-05 23:00:00,A030-PMP,Fuel Pump,81.357,2.759,72.227,55.351,1789.561,149.587,23.362,78.168,387,70.713,30.061,Normal,0,1
A030,2025-01-06 01:00:00,A030-PMP,Fuel Pump,80.22,2.852,71.857,54.599,1876.446,149.583,23.591,79.436,467,61.089,33.906,Normal,0,0
A030,2025-01-06 05:00:00,A030-PMP,Fuel Pump,74.927,3.27,74.939,54.936,1749.967,149.283,23.663,78.21,342,71.146,29.088,Normal,0,0
A030,2025-01-06 06:00:00,A030-PMP,Fuel Pump,75.104,4.315,75.835,52.116,1801.578,148.189,23.671,76.541,445,46.884,37.916,Normal,0,1
A030,2025-01-06 15:00:00,A030-PMP,Fuel Pump,80.284,3.15,76.362,55.42,1716.793,139.956,23.417,79.487,325,78.511,33.867,Normal,0,1
A030,2025-01-06 20:00:00,A030-PMP,Fuel Pump,81.712,3.62,74.93,53.413,1772.018,146.511,23.723,77.491,352,60.705,21.771,Normal,0,1
A030,2025-01-06 23:00:00,A030-PMP,Fuel Pump,78.106,3.119,73.69,52.007,1749.053,139.105,23.708,78.904,318,66.48,37.379,Normal,0,1
A030,2025-01-07 00:00:00,A030-PMP,Fuel Pump,82.12,3.557,71.49,55.212,1863.337,149.975,24.279,79.147,332,69.322,29.792,Normal,0,0
A030,2025-01-07 09:00:00,A030-PMP,Fuel Pump,78.537,3.453,73.592,54.223,1914.352,156.196,23.732,81.419,471,44.432,24.405,Normal,0,1
A030,2025-01-07 12:00:00,A030-PMP,Fuel Pump,79.335,2.994,71.404,54.624,1756.995,155.574,23.94,76.212,525,66.046,28.741,Normal,0,0
A030,2025-01-07 15:00:00,A030-PMP,Fuel Pump,79.704,3.191,74.487,53.198,1721.389,147.018,23.554,79.47,542,60.791,21.379,Normal,0,1
A030,2025-01-07 20:00:00,A030-PMP,Fuel Pump,72.161,3.141,70.464,54.572,2003.851,151.696,23.257,81.323,307,68.315,33.134,Normal,0,1
A030,2025-01-07 22:00:00,A030-PMP,Fuel Pump,77.311,3.243,72.255,50.264,1769.948,140.752,23.516,79.305,537,69.27,26.242,Normal,0,0
A030,2025-01-08 00:00:00,A030-PMP,Fuel Pump,76.696,3.6,74.256,48.425,1851.621,144.897,23.851,80.889,377,75.308,33.322,Normal,0,0
A030,2025-01-08 03:00:00,A030-PMP,Fuel Pump,82.146,3.031,73.808,55.389,1797.727,151.037,23.207,79.404,663,71.38,31.598,Normal,0,1
A030,2025-01-08 04:00:00,A030-PMP,Fuel Pump,79.596,3.821,69.604,51.801,1941.601,151.605,23.55,80.16,587,71.435,30.996,Normal,0,1
A030,2025-01-08 09:00:00,A030-PMP,Fuel Pump,82.579,3.567,73.236,48.525,1815.356,150.859,23.398,78.042,598,57.572,30.82,Normal,0,1
A030,2025-01-08 12:00:00,A030-PMP,Fuel Pump,76.681,3.353,71.025,56.873,1850.806,143.306,23.493,74.388,629,62.371,35.805,Normal,0,0
A030,2025-01-08 18:00:00,A030-PMP,Fuel Pump,78.531,3.819,68.875,50.956,1815.9,153.382,23.35,78.102,363,53.5,32.214,Normal,0,0
A030,2025-01-08 21:00:00,A030-PMP,Fuel Pump,79.323,3.389,66.896,51.407,1714.795,152.755,22.78,78.03,670,68.199,32.47,Normal,0,0
A030,2025-01-09 01:00:00,A030-PMP,Fuel Pump,80.044,3.589,70.971,54.053,1687.913,149.012,23.305,80.752,394,52.223,29.826,Normal,0,0
A030,2025-01-09 15:00:00,A030-PMP,Fuel Pump,77.67,3.707,69.032,50.646,1665.756,142.038,23.495,80.285,615,57.373,29.784,Normal,0,0
A030,2025-01-09 17:00:00,A030-PMP,Fuel Pump,83.278,3.275,74.841,52.581,1904.678,149.09,23.291,83.805,580,61.159,29.265,Normal,0,0
A030,2025-01-10 02:00:00,A030-PMP,Fuel Pump,87.04,3.147,70.965,54.108,1889.565,143.462,23.543,81.175,645,59.386,27.35,Normal,0,0
A030,2025-01-10 06:00:00,A030-PMP,Fuel Pump,81.348,3.055,72.893,54.678,1825.425,143.893,23.617,81.852,714,68.976,34.355,Normal,0,0
A030,2025-01-10 10:00:00,A030-PMP,Fuel Pump,82.581,3.584,74.431,53.158,1825.153,153.32,23.645,82.263,358,70.263,30.7,Warning,1,0
A030,2025-01-10 14:00:00,A030-PMP,Fuel Pump,79.67,3.402,72.042,56.09,1851.474,143.855,23.272,79.051,446,73.926,29.49,Warning,1,0
A030,2025-01-10 20:00:00,A030-PMP,Fuel Pump,86.229,2.997,68.517,54.118,1839.919,151.421,23.659,78.548,706,70.396,37.445,Warning,1,0
A030,2025-01-10 23:00:00,A030-PMP,Fuel Pump,83.213,3.094,75.127,53.337,1816.652,144.596,23.644,82.54,387,72.051,19.011,Normal,0,0
A030,2025-01-11 02:00:00,A030-PMP,Fuel Pump,77.338,3.582,69.392,53.225,1802.138,149.56,22.769,81.977,715,71.56,34.831,Warning,1,1
A030,2025-01-11 04:00:00,A030-PMP,Fuel Pump,80.772,3.413,73.363,51.087,1781.585,153.855,23.191,79.808,674,69.415,27.431,Warning,1,1
A030,2025-01-11 10:00:00,A030-PMP,Fuel Pump,82.7,3.293,71.766,54.247,1845.725,154.699,23.387,83.327,675,77.173,26.544,Warning,1,1
A030,2025-01-11 19:00:00,A030-PMP,Fuel Pump,97.659,6.586,67.885,55.962,1837.317,125.486,22.46,81.851,592,77.89,25.812,Warning,1,0
A030,2025-01-11 22:00:00,A030-PMP,Fuel Pump,83.354,3.549,70.485,54.669,1804.057,149.546,23.372,81.518,587,83.839,35.626,Warning,1,0
A030,2025-01-12 08:00:00,A030-PMP,Fuel Pump,83.648,3.176,77.225,48.308,1714.86,143.719,23.02,81.29,741,80.969,31.891,Warning,1,0
A030,2025-01-12 11:00:00,A030-PMP,Fuel Pump,79.664,3.186,70.148,49.636,1687.049,144.261,22.446,81.413,510,59.734,27.227,Normal,0,0
A030,2025-01-12 20:00:00,A030-PMP,Fuel Pump,81.835,3.296,74.529,52.723,1897.653,150.879,23.306,82.994,641,68.827,30.537,Warning,1,1
A030,2025-01-12 22:00:00,A030-PMP,Fuel Pump,92.943,6.815,61.274,52.849,1927.91,120.79,23.826,80.115,688,78.455,34.188,Warning,1,1
A030,2025-01-13 00:00:00,A030-PMP,Fuel Pump,83.759,3.402,70.102,49.376,1831.502,142.349,23.28,80.086,491,68.97,23.654,Warning,1,1
A030,2025-01-13 01:00:00,A030-PMP,Fuel Pump,91.287,6.095,57.267,54.59,1760.123,135.76,22.819,84.095,620,58.743,30.727,Warning,1,1
A030,2025-01-13 04:00:00,A030-PMP,Fuel Pump,78.458,3.968,71.98,49.563,1690.011,153.497,23.301,84.669,653,66.166,33.912,Warning,1,1
A030,2025-01-13 21:00:00,A030-PMP,Fuel Pump,80.792,3.977,68.551,53.54,1848.595,147.878,23.009,80.32,761,72.188,32.407,Warning,1,0
A030,2025-01-14 00:00:00,A030-PMP,Fuel Pump,84.5,3.799,70.711,51.276,1772.877,147.582,23.154,81.519,798,74.029,28.389,Warning,1,1
A030,2025-01-14 04:00:00,A030-PMP,Fuel Pump,82.005,3.376,70.553,52.297,1841.707,143.273,22.726,82.07,492,73.574,31.283,Warning,1,0
A030,2025-01-14 14:00:00,A030-PMP,Fuel Pump,84.321,4.175,72.415,52.526,1832.804,150.097,22.646,83.913,692,67.258,23.81,Warning,1,1
A030,2025-01-14 15:00:00,A030-PMP,Fuel Pump,81.037,4.246,70.355,51.931,1759.953,144.044,22.629,80.864,630,73.449,28.633,Warning,1,1
A030,2025-01-14 17:00:00,A030-PMP,Fuel Pump,81.435,3.847,69.006,50.109,1645.314,143.817,22.739,85.004,616,84.349,29.154,Warning,1,0
A030,2025-01-14 21:00:00,A030-PMP,Fuel Pump,84.206,3.689,70.133,53.624,1900.099,145.21,22.473,83.999,766,65.5,38.269,Warning,1,0
A030,2025-01-15 00:00:00,A030-PMP,Fuel Pump,81.067,4.06,68.853,52.51,1820.318,141.374,22.357,83.349,481,73.019,32.806,Warning,1,1
A030,2025-01-15 01:00:00,A030-PMP,Fuel Pump,85.254,3.564,69.442,51.11,1790.611,148.0,22.972,84.327,733,66.158,23.087,Warning,1,0
A030,2025-01-15 04:00:00,A030-PMP,Fuel Pump,84.267,3.311,67.083,55.319,1869.562,134.49,22.572,82.552,834,66.132,33.761,Warning,1,0
A030,2025-01-15 05:00:00,A030-PMP,Fuel Pump,87.326,3.528,65.193,52.3,1694.114,148.321,22.647,84.689,691,78.758,31.146,Warning,1,0
A030,2025-01-15 06:00:00,A030-PMP,Fuel Pump,85.324,3.653,68.627,51.394,1780.486,141.461,22.799,83.697,676,70.144,30.343,Warning,1,1
A030,2025-01-15 22:00:00,A030-PMP,Fuel Pump,83.088,3.883,67.365,53.5,1737.009,143.219,23.339,86.552,544,90.156,37.521,Warning,1,1
A030,2025-01-16 05:00:00,A030-PMP,Fuel Pump,86.491,4.045,65.398,52.261,1963.298,152.408,22.751,84.528,827,67.06,33.635,Warning,1,1
A030,2025-01-16 09:00:00,A030-PMP,Fuel Pump,82.335,3.883,71.351,50.629,1899.642,149.762,22.833,84.094,639,85.57,25.671,Warning,1,1
A030,2025-01-16 14:00:00,A030-PMP,Fuel Pump,93.056,5.184,60.123,51.474,1750.099,125.141,22.991,84.304,787,75.618,34.234,Warning,1,1
A030,2025-01-16 16:00:00,A030-PMP,Fuel Pump,84.569,4.277,69.672,52.657,1838.807,148.479,22.488,86.045,667,80.484,33.859,Warning,1,1
A030,2025-01-16 19:00:00,A030-PMP,Fuel Pump,92.033,6.611,62.699,51.887,1832.838,131.548,23.45,82.613,618,75.992,31.87,Warning,1,1
A030,2025-01-16 21:00:00,A030-PMP,Fuel Pump,85.638,3.381,68.547,51.189,1898.939,151.934,23.258,84.053,562,86.028,27.98,Warning,1,1
A030,2025-01-16 22:00:00,A030-PMP,Fuel Pump,89.369,3.959,70.52,50.922,1878.368,138.842,23.264,87.015,656,74.428,36.976,Warning,1,0
A030,2025-01-17 06:00:00,A030-PMP,Fuel Pump,89.123,4.058,69.49,49.016,1724.619,141.821,22.971,83.173,815,83.705,21.491,Warning,1,1
A030,2025-01-17 10:00:00,A030-PMP,Fuel Pump,98.571,7.521,62.303,55.323,1854.875,134.224,22.74,85.653,633,63.715,40.248,Warning,1,1
A030,2025-01-17 11:00:00,A030-PMP,Fuel Pump,87.212,3.839,68.343,52.588,1849.332,140.43,22.549,79.168,497,75.338,30.893,Warning,1,1
A030,2025-01-17 12:00:00,A030-PMP,Fuel Pump,84.357,4.348,67.646,51.532,1917.345,148.165,22.469,83.745,857,93.917,31.778,Warning,1,1
A030,2025-01-17 14:00:00,A030-PMP,Fuel Pump,88.184,4.238,67.326,51.724,1635.537,154.167,22.714,86.171,888,82.624,29.857,Warning,1,1
A030,2025-01-17 15:00:00,A030-PMP,Fuel Pump,84.239,4.313,70.042,51.818,1908.361,152.584,22.514,83.903,538,65.904,29.589,Warning,1,1
A031,2025-01-01 01:00:00,A031-PMP,Fuel Pump,73.465,3.165,73.145,56.179,1902.204,149.488,24.097,77.735,235,67.733,22.117,Normal,0,0
A031,2025-01-01 03:00:00,A031-PMP,Fuel Pump,75.378,2.104,78.162,55.679,1752.343,147.428,24.33,73.402,106,62.611,29.981,Normal,0,0
A031,2025-01-01 06:00:00,A031-PMP,Fuel Pump,69.505,2.419,79.037,55.457,1984.443,151.92,24.528,72.51,213,53.681,24.364,Normal,0,0
A031,2025-01-01 13:00:00,A031-PMP,Fuel Pump,73.189,2.544,77.104,52.646,1722.74,155.032,23.845,79.185,205,63.666,30.381,Normal,0,0
A031,2025-01-01 15:00:00,A031-PMP,Fuel Pump,72.91,2.425,77.082,56.419,1856.225,150.113,24.316,76.579,396,47.803,27.169,Normal,0,0
A031,2025-01-01 16:00:00,A031-PMP,Fuel Pump,70.665,2.865,75.12,59.411,1830.474,141.869,23.867,74.975,402,52.562,34.197,Normal,0,0
A031,2025-01-01 17:00:00,A031-PMP,Fuel Pump,74.548,2.114,77.232,56.017,1836.94,151.674,23.395,75.958,256,51.451,32.764,Normal,0,0
A031,2025-01-01 19:00:00,A031-PMP,Fuel Pump,75.541,3.001,75.9,54.676,1749.14,150.549,23.721,76.03,155,64.932,28.964,Normal,0,1
A031,2025-01-02 02:00:00,A031-PMP,Fuel Pump,74.3,2.551,72.483,54.748,1779.058,149.489,24.134,74.371,519,56.996,30.525,Normal,0,0
A031,2025-01-02 06:00:00,A031-PMP,Fuel Pump,70.796,1.98,73.91,50.811,1687.833,141.891,24.035,73.209,254,63.789,30.62,Normal,0,0
A031,2025-01-02 10:00:00,A031-PMP,Fuel Pump,76.953,2.49,76.331,59.152,1743.066,149.112,23.249,76.633,423,61.374,32.911,Normal,0,0
A031,2025-01-02 11:00:00,A031-PMP,Fuel Pump,75.938,2.45,77.792,60.458,1983.493,156.039,24.031,74.14,172,53.416,41.449,Normal,0,0
A031,2025-01-02 12:00:00,A031-PMP,Fuel Pump,75.195,2.841,74.661,52.248,1741.204,153.276,24.391,74.645,253,50.315,25.009,Normal,0,0
A031,2025-01-02 18:00:00,A031-PMP,Fuel Pump,78.412,2.379,75.173,54.941,1801.505,148.604,23.83,78.278,506,62.135,27.593,Normal,0,0
A031,2025-01-02 21:00:00,A031-PMP,Fuel Pump,74.71,2.495,72.555,52.595,1852.114,147.782,23.991,73.842,357,48.801,27.126,Normal,0,0
A031,2025-01-02 22:00:00,A031-PMP,Fuel Pump,77.861,3.309,72.191,52.941,1990.782,148.849,24.067,75.801,507,60.842,29.438,Normal,0,0
A031,2025-01-03 02:00:00,A031-PMP,Fuel Pump,75.923,3.152,71.476,56.529,1831.188,153.478,24.285,75.934,434,82.237,36.543,Normal,0,1
A031,2025-01-03 16:00:00,A031-PMP,Fuel Pump,76.36,3.363,78.167,51.434,2003.157,151.981,24.159,77.346,182,55.71,32.482,Normal,0,0
A031,2025-01-04 08:00:00,A031-PMP,Fuel Pump,72.732,2.873,78.016,53.055,1763.705,151.781,23.357,78.155,415,63.663,23.966,Normal,0,0
A031,2025-01-04 09:00:00,A031-PMP,Fuel Pump,77.414,2.491,75.836,54.987,1845.45,154.379,23.943,77.4,385,54.658,33.803,Normal,0,0
A031,2025-01-04 11:00:00,A031-PMP,Fuel Pump,73.201,2.603,72.845,50.185,1876.933,143.187,23.981,74.305,508,45.878,27.907,Normal,0,0
A031,2025-01-04 16:00:00,A031-PMP,Fuel Pump,69.379,2.482,75.044,53.588,1907.286,156.003,23.893,82.377,528,50.038,25.343,Normal,0,0
A031,2025-01-04 20:00:00,A031-PMP,Fuel Pump,77.716,2.976,73.431,54.241,1834.347,146.926,23.688,78.058,231,65.68,21.91,Normal,0,0
A031,2025-01-05 01:00:00,A031-PMP,Fuel Pump,76.354,2.933,72.489,53.614,1851.14,148.524,23.45,76.941,200,60.367,36.258,Normal,0,0
A031,2025-01-05 04:00:00,A031-PMP,Fuel Pump,73.307,3.346,73.126,50.895,1805.483,148.554,24.132,79.676,594,56.47,24.971,Normal,0,0
A031,2025-01-05 09:00:00,A031-PMP,Fuel Pump,77.582,3.007,76.056,53.559,1852.89,143.56,24.105,82.023,300,74.461,28.514,Normal,0,1
A031,2025-01-05 12:00:00,A031-PMP,Fuel Pump,78.737,3.138,74.851,54.279,1852.281,152.925,24.221,77.967,230,49.414,34.994,Normal,0,0
A031,2025-01-05 15:00:00,A031-PMP,Fuel Pump,73.917,2.724,70.379,51.508,1903.571,145.36,23.221,77.669,380,55.985,27.061,Normal,0,0
A031,2025-01-06 01:00:00,A031-PMP,Fuel Pump,74.854,2.839,75.643,54.942,1797.334,148.704,23.583,80.389,534,61.579,30.432,Normal,0,0
A031,2025-01-06 08:00:00,A031-PMP,Fuel Pump,93.829,5.986,62.072,55.284,1799.936,130.063,24.046,78.652,322,51.125,28.51,Warning,1,0
A031,2025-01-06 11:00:00,A031-PMP,Fuel Pump,80.275,3.332,79.783,54.501,1867.02,147.434,23.861,81.047,402,54.342,29.304,Normal,0,0
A031,2025-01-06 18:00:00,A031-PMP,Fuel Pump,76.674,3.375,70.708,57.377,1819.646,145.117,23.253,80.991,540,46.349,32.684,Normal,0,0
A031,2025-01-06 19:00:00,A031-PMP,Fuel Pump,81.957,3.631,75.229,54.875,1880.144,147.059,24.153,80.931,529,57.794,33.479,Normal,0,1
A031,2025-01-07 00:00:00,A031-PMP,Fuel Pump,74.606,3.449,73.469,53.248,1676.462,155.745,23.102,77.759,388,59.706,28.777,Normal,0,0
A031,2025-01-07 01:00:00,A031-PMP,Fuel Pump,77.894,3.105,76.09,54.002,1816.737,152.95,23.163,79.604,453,81.931,27.612,Normal,0,1
A031,2025-01-07 04:00:00,A031-PMP,Fuel Pump,76.996,3.357,74.514,53.08,1790.057,145.209,23.458,73.769,400,51.735,30.093,Normal,0,1
A031,2025-01-07 08:00:00,A031-PMP,Fuel Pump,78.708,3.219,75.382,54.669,1788.255,143.855,24.465,80.936,286,71.27,32.554,Normal,0,0
A031,2025-01-07 16:00:00,A031-PMP,Fuel Pump,82.383,3.357,73.853,53.841,1935.019,147.71,23.625,78.364,531,66.293,27.015,Normal,0,0
A031,2025-01-07 20:00:00,A031-PMP,Fuel Pump,76.981,2.935,73.232,55.018,1686.068,136.659,23.81,77.958,634,64.386,21.016,Normal,0,1
A031,2025-01-07 23:00:00,A031-PMP,Fuel Pump,73.474,2.753,67.041,56.583,1626.768,156.267,22.852,80.984,656,60.983,34.19,Normal,0,0
A031,2025-01-08 00:00:00,A031-PMP,Fuel Pump,75.26,3.695,70.028,53.033,1964.943,149.289,23.413,79.15,476,66.267,35.271,Normal,0,0
A031,2025-01-08 02:00:00,A031-PMP,Fuel Pump,75.411,3.404,72.969,53.851,1727.341,150.537,23.005,78.736,585,62.168,31.051,Normal,0,0
A031,2025-01-08 04:00:00,A031-PMP,Fuel Pump,77.347,3.388,67.233,50.427,1811.543,149.132,23.265,82.011,580,52.406,29.969,Normal,0,0
A031,2025-01-08 06:00:00,A031-PMP,Fuel Pump,80.151,4.055,74.551,51.68,1611.022,149.958,23.259,73.424,308,59.524,23.586,Normal,0,0
A031,2025-01-08 07:00:00,A031-PMP,Fuel Pump,78.005,3.192,76.179,54.345,1746.309,144.924,23.191,83.645,643,64.334,31.104,Normal,0,0
A031,2025-01-08 12:00:00,A031-PMP,Fuel Pump,82.348,3.221,76.027,55.562,1745.755,152.269,23.589,80.389,530,63.696,22.126,Normal,0,0
A031,2025-01-08 16:00:00,A031-PMP,Fuel Pump,77.819,3.128,76.831,56.986,1766.488,148.893,23.744,79.507,543,61.183,31.217,Normal,0,0
A031,2025-01-08 17:00:00,A031-PMP,Fuel Pump,75.417,3.28,72.125,54.353,1743.09,146.007,24.088,80.16,646,45.376,36.531,Normal,0,0
A031,2025-01-08 22:00:00,A031-PMP,Fuel Pump,78.389,3.41,72.429,51.442,1682.781,147.78,23.451,78.035,467,72.271,33.794,Normal,0,0
A031,2025-01-08 23:00:00,A031-PMP,Fuel Pump,77.36,3.403,72.078,49.654,1748.194,144.299,23.308,80.566,517,58.833,36.304,Normal,0,1
A031,2025-01-09 06:00:00,A031-PMP,Fuel Pump,79.253,3.629,72.456,54.392,1961.289,148.447,23.671,81.464,487,65.674,30.632,Normal,0,1
A031,2025-01-09 09:00:00,A031-PMP,Fuel Pump,81.238,2.985,71.764,51.148,1889.484,151.41,23.301,79.435,583,77.28,30.598,Normal,0,0
A031,2025-01-09 10:00:00,A031-PMP,Fuel Pump,76.351,3.393,69.747,54.362,1759.375,144.249,22.692,79.219,594,52.053,30.768,Normal,0,0
A031,2025-01-09 17:00:00,A031-PMP,Fuel Pump,83.451,3.435,75.2,52.891,1864.62,150.986,22.609,85.063,379,63.434,27.16,Normal,0,0
A031,2025-01-10 02:00:00,A031-PMP,Fuel Pump,78.736,3.543,71.697,50.201,1772.151,150.536,23.68,78.779,710,49.773,28.665,Normal,0,0
A031,2025-01-11 02:00:00,A031-PMP,Fuel Pump,78.834,3.93,73.917,50.843,1790.73,147.88,23.369,85.365,637,62.968,29.796,Normal,0,0
A031,2025-01-11 08:00:00,A031-PMP,Fuel Pump,82.801,2.852,73.96,54.458,1727.708,144.198,23.037,83.148,456,71.624,25.133,Normal,0,1
A031,2025-01-11 10:00:00,A031-PMP,Fuel Pump,78.043,3.248,71.43,55.229,1885.689,140.423,23.594,81.009,445,65.088,30.59,Normal,0,1
A031,2025-01-11 12:00:00,A031-PMP,Fuel Pump,83.726,3.395,75.131,50.49,1820.622,150.844,23.757,80.296,378,77.904,38.444,Warning,1,1
A031,2025-01-11 18:00:00,A031-PMP,Fuel Pump,93.601,5.308,62.887,57.171,1614.522,133.344,23.517,82.204,431,68.792,23.061,Warning,1,1
A031,2025-01-11 20:00:00,A031-PMP,Fuel Pump,75.946,3.288,71.37,56.325,1809.325,144.161,23.719,82.518,392,69.134,21.112,Normal,0,1
A031,2025-01-11 22:00:00,A031-PMP,Fuel Pump,86.896,3.354,70.652,55.085,1971.253,149.89,23.624,81.26,426,74.239,28.627,Warning,1,1
A031,2025-01-11 23:00:00,A031-PMP,Fuel Pump,80.394,3.861,73.427,54.012,1742.777,146.833,23.042,80.997,664,68.623,31.46,Warning,1,1
A031,2025-01-12 03:00:00,A031-PMP,Fuel Pump,82.866,3.306,75.196,55.517,1827.29,145.054,23.061,81.648,600,54.477,32.293,Normal,0,1
A031,2025-01-12 09:00:00,A031-PMP,Fuel Pump,79.535,3.31,76.78,53.059,1757.916,142.21,23.396,79.72,721,59.2,23.609,Normal,0,0
A031,2025-01-12 10:00:00,A031-PMP,Fuel Pump,94.345,5.417,53.276,49.332,1938.93,148.401,22.916,79.388,670,73.985,31.684,Warning,1,1
A031,2025-01-12 16:00:00,A031-PMP,Fuel Pump,82.329,3.712,70.941,54.18,1945.988,141.293,22.749,81.691,659,62.78,21.481,Warning,1,1
A031,2025-01-12 22:00:00,A031-PMP,Fuel Pump,103.671,5.457,64.442,53.611,1889.365,130.136,23.375,82.44,642,78.676,31.315,Warning,1,1
A031,2025-01-12 23:00:00,A031-PMP,Fuel Pump,82.347,3.747,67.407,51.796,1866.707,140.099,23.114,84.448,424,68.614,23.473,Warning,1,0
A031,2025-01-13 07:00:00,A031-PMP,Fuel Pump,78.196,3.233,70.754,50.184,1609.882,141.464,22.758,86.448,464,76.472,29.671,Warning,1,1
A031,2025-01-13 09:00:00,A031-PMP,Fuel Pump,80.667,3.958,70.441,57.03,1860.927,143.738,23.144,85.344,481,81.26,27.903,Warning,1,1
A031,2025-01-13 12:00:00,A031-PMP,Fuel Pump,86.304,3.861,69.644,54.41,1904.287,142.416,23.202,82.728,582,72.297,30.644,Warning,1,1
A031,2025-01-13 13:00:00,A031-PMP,Fuel Pump,76.977,3.448,66.243,52.067,1692.495,146.205,22.806,81.078,670,73.753,28.094,Warning,1,1
A031,2025-01-13 14:00:00,A031-PMP,Fuel Pump,83.734,3.687,70.525,50.441,1694.018,143.759,22.753,81.106,487,68.301,27.886,Warning,1,1
A031,2025-01-13 16:00:00,A031-PMP,Fuel Pump,77.911,3.932,72.236,49.506,1740.363,139.865,23.542,85.473,760,74.404,29.792,Warning,1,0
A031,2025-01-13 17:00:00,A031-PMP,Fuel Pump,97.844,7.913,62.901,53.811,1798.724,126.406,23.362,81.497,527,74.702,26.806,Warning,1,0
A031,2025-01-13 19:00:00,A031-PMP,Fuel Pump,83.234,3.367,73.088,50.393,1814.455,148.357,23.808,84.985,469,73.956,32.421,Warning,1,1
A031,2025-01-13 21:00:00,A031-PMP,Fuel Pump,80.91,3.633,72.786,55.266,1934.255,143.408,23.064,82.23,650,82.409,29.465,Warning,1,1
A031,2025-01-13 23:00:00,A031-PMP,Fuel Pump,83.84,3.747,71.625,52.395,1736.244,144.359,22.85,81.629,653,74.949,20.381,Warning,1,1
A031,2025-01-14 09:00:00,A031-PMP,Fuel Pump,79.027,3.968,74.287,52.206,1803.507,145.599,22.976,84.991,629,69.937,34.372,Warning,1,1
A031,2025-01-14 11:00:00,A031-PMP,Fuel Pump,83.989,3.869,68.048,54.307,1891.803,143.777,22.414,80.754,787,77.245,27.859,Warning,1,1
A031,2025-01-14 15:00:00,A031-PMP,Fuel Pump,84.981,3.255,69.295,51.432,1694.092,145.651,23.545,83.435,736,76.186,24.448,Warning,1,0
A031,2025-01-14 17:00:00,A031-PMP,Fuel Pump,84.1,3.705,68.823,52.059,1716.569,141.082,22.939,85.212,575,74.019,16.455,Warning,1,1
A031,2025-01-14 20:00:00,A031-PMP,Fuel Pump,86.362,3.096,71.556,50.927,1733.134,138.394,22.49,86.216,800,74.721,29.454,Warning,1,1
A031,2025-01-15 04:00:00,A031-PMP,Fuel Pump,81.842,4.251,68.959,52.163,1754.503,143.124,22.932,85.454,750,92.221,20.376,Warning,1,1
A031,2025-01-15 05:00:00,A031-PMP,Fuel Pump,83.065,4.223,71.948,51.217,1868.793,145.268,22.751,81.064,509,67.969,31.573,Warning,1,1
A031,2025-01-15 09:00:00,A031-PMP,Fuel Pump,83.961,4.149,68.554,54.61,1747.685,147.426,23.079,80.268,694,76.92,27.377,Warning,1,1
A031,2025-01-15 15:00:00,A031-PMP,Fuel Pump,81.134,3.745,66.608,53.316,1915.654,139.46,23.062,80.62,580,86.11,41.279,Warning,1,0
A031,2025-01-15 17:00:00,A031-PMP,Fuel Pump,81.235,3.578,71.107,53.652,1897.398,152.677,23.4,86.337,776,79.37,29.101,Warning,1,1
A031,2025-01-15 20:00:00,A031-PMP,Fuel Pump,83.004,3.205,70.399,50.882,1817.557,142.632,23.416,83.268,783,73.965,27.542,Warning,1,0
A031,2025-01-16 02:00:00,A031-PMP,Fuel Pump,80.386,3.557,70.492,52.881,1828.388,150.262,22.752,81.071,760,64.796,22.306,Warning,1,0
A031,2025-01-16 09:00:00,A031-PMP,Fuel Pump,85.294,4.505,68.682,52.513,1774.268,145.339,22.998,85.989,509,80.361,25.433,Warning,1,1
A031,2025-01-16 11:00:00,A031-PMP,Fuel Pump,82.026,3.447,69.142,54.728,1721.982,147.196,22.659,86.961,641,76.262,23.77,Warning,1,1
A031,2025-01-16 17:00:00,A031-PMP,Fuel Pump,98.334,6.763,53.469,48.535,1738.686,132.597,22.797,86.955,597,79.646,29.393,Warning,1,1
A031,2025-01-16 22:00:00,A031-PMP,Fuel Pump,87.911,4.235,71.545,56.139,1798.395,146.166,23.024,86.785,829,70.58,32.46,Warning,1,1
A031,2025-01-17 01:00:00,A031-PMP,Fuel Pump,83.618,4.298,65.25,53.2,1833.686,145.794,23.884,85.794,553,82.442,32.412,Warning,1,1
A031,2025-01-17 07:00:00,A031-PMP,Fuel Pump,82.76,3.523,67.165,49.209,1959.216,140.676,23.025,88.441,729,59.735,34.836,Warning,1,1
A031,2025-01-17 08:00:00,A031-PMP,Fuel Pump,82.845,3.884,68.134,54.378,1757.941,145.691,22.731,83.554,652,80.401,33.024,Warning,1,1
A032,2025-01-01 02:00:00,A032-PMP,Fuel Pump,72.986,2.013,81.383,54.334,1798.821,152.152,24.019,72.841,198,40.385,20.193,Normal,0,0
A032,2025-01-01 03:00:00,A032-PMP,Fuel Pump,77.407,4.116,74.738,54.057,1817.281,146.195,24.304,73.927,126,55.525,34.511,Warning,1,0
A032,2025-01-01 09:00:00,A032-PMP,Fuel Pump,68.363,1.558,80.649,53.572,1729.253,147.15,23.832,75.599,230,45.697,32.887,Normal,0,0
A032,2025-01-01 13:00:00,A032-PMP,Fuel Pump,73.517,2.087,84.027,56.089,1638.356,152.776,23.648,75.053,452,50.266,28.928,Normal,0,0
A032,2025-01-01 16:00:00,A032-PMP,Fuel Pump,71.169,1.934,80.377,54.969,1708.491,152.368,23.962,74.084,336,48.958,20.131,Normal,0,0
A032,2025-01-01 18:00:00,A032-PMP,Fuel Pump,72.054,2.41,81.612,55.299,1686.457,143.008,23.958,75.13,286,51.219,25.957,Normal,0,0
A032,2025-01-01 20:00:00,A032-PMP,Fuel Pump,70.382,1.808,79.932,56.628,1967.61,142.038,23.844,76.787,257,52.876,35.376,Normal,0,0
A032,2025-01-02 15:00:00,A032-PMP,Fuel Pump,72.287,1.618,81.969,54.743,1890.553,143.354,24.209,77.694,470,66.836,26.213,Normal,0,0
A032,2025-01-02 16:00:00,A032-PMP,Fuel Pump,73.534,1.758,80.921,53.832,1861.879,150.981,24.126,77.569,202,51.588,24.238,Normal,0,0
A032,2025-01-02 19:00:00,A032-PMP,Fuel Pump,70.232,2.127,80.028,54.801,1698.26,144.195,24.216,78.733,178,42.986,34.918,Normal,0,0
A032,2025-01-03 01:00:00,A032-PMP,Fuel Pump,75.071,2.412,78.146,52.093,1779.606,147.769,23.783,77.744,524,45.48,35.618,Normal,0,0
A032,2025-01-03 02:00:00,A032-PMP,Fuel Pump,70.221,2.385,78.295,52.499,1887.618,143.43,24.148,78.314,363,54.075,36.134,Normal,0,1
A032,2025-01-03 07:00:00,A032-PMP,Fuel Pump,70.383,2.453,74.571,52.278,1896.36,155.347,23.927,78.114,419,60.983,22.093,Normal,0,0
A032,2025-01-03 18:00:00,A032-PMP,Fuel Pump,73.75,2.314,77.019,54.384,1822.278,145.235,23.588,75.336,329,44.828,27.39,Normal,0,0
A032,2025-01-03 23:00:00,A032-PMP,Fuel Pump,90.87,5.797,61.484,54.266,1643.279,132.213,23.159,77.985,558,37.145,28.282,Warning,1,0
A032,2025-01-04 01:00:00,A032-PMP,Fuel Pump,67.921,2.296,80.421,51.443,1788.871,140.247,24.288,76.941,256,58.944,32.637,Normal,0,0
A032,2025-01-04 04:00:00,A032-PMP,Fuel Pump,72.79,2.08,79.263,53.818,1829.129,149.045,23.74,76.899,479,37.386,26.096,Normal,0,0
A032,2025-01-04 05:00:00,A032-PMP,Fuel Pump,74.364,3.342,77.889,55.232,1844.297,161.432,23.777,73.612,239,49.292,18.254,Normal,0,0
A032,2025-01-05 07:00:00,A032-PMP,Fuel Pump,69.864,2.451,75.414,51.237,1757.998,141.084,23.123,78.655,313,51.197,23.966,Normal,0,0
A032,2025-01-05 09:00:00,A032-PMP,Fuel Pump,78.167,2.529,78.126,56.836,1926.561,148.016,23.598,73.897,208,59.366,32.895,Normal,0,1
A032,2025-01-05 13:00:00,A032-PMP,Fuel Pump,72.387,2.5,76.693,55.872,1904.864,147.237,22.789,77.833,258,61.002,32.695,Normal,0,0
A032,2025-01-05 17:00:00,A032-PMP,Fuel Pump,70.91,2.501,74.764,54.537,1906.838,147.053,23.237,80.281,477,43.093,27.971,Normal,0,0
A032,2025-01-05 18:00:00,A032-PMP,Fuel Pump,74.368,2.387,75.722,55.208,1642.681,156.019,23.769,79.235,366,74.762,30.543,Normal,0,0
A032,2025-01-05 19:00:00,A032-PMP,Fuel Pump,73.377,2.174,76.941,54.104,1792.635,145.702,23.635,76.233,570,61.506,33.419,Normal,0,0
A032,2025-01-05 20:00:00,A032-PMP,Fuel Pump,73.798,2.627,75.2,55.58,1714.474,149.877,23.607,81.746,509,49.701,31.491,Normal,0,0
A032,2025-01-06 03:00:00,A032-PMP,Fuel Pump,78.048,1.884,78.16,52.218,1924.575,150.501,23.294,77.95,583,63.591,29.648,Normal,0,0
A032,2025-01-06 06:00:00,A032-PMP,Fuel Pump,80.074,2.919,78.359,55.35,2058.87,148.83,23.788,77.727,590,45.844,26.84,Normal,0,0
A032,2025-01-06 11:00:00,A032-PMP,Fuel Pump,73.781,2.775,72.097,53.207,1637.793,150.692,23.992,77.625,566,45.497,30.022,Normal,0,0
A032,2025-01-06 13:00:00,A032-PMP,Fuel Pump,73.982,1.5,76.315,53.407,1848.668,151.728,23.323,80.371,632,42.087,29.948,Normal,0,0
A032,2025-01-06 15:00:00,A032-PMP,Fuel Pump,77.581,2.164,82.369,56.368,1676.64,145.699,23.424,79.609,591,44.29,40.316,Normal,0,0
A032,2025-01-06 21:00:00,A032-PMP,Fuel Pump,74.813,2.763,76.579,53.041,1969.694,146.771,23.244,80.199,275,47.052,32.969,Normal,0,0
A032,2025-01-06 23:00:00,A032-PMP,Fuel Pump,69.637,2.518,76.642,54.615,1783.176,147.968,23.599,77.423,338,40.87,27.839,Normal,0,0
A032,2025-01-07 01:00:00,A032-PMP,Fuel Pump,72.488,2.177,80.197,54.823,1748.741,152.407,23.627,80.339,261,56.818,34.242,Normal,0,0
A032,2025-01-07 10:00:00,A032-PMP,Fuel Pump,71.385,2.321,72.59,54.372,1754.085,144.987,23.553,82.247,416,58.858,26.665,Normal,0,1
A032,2025-01-07 11:00:00,A032-PMP,Fuel Pump,76.266,2.643,76.727,56.707,1905.088,145.203,23.222,79.693,258,56.384,29.857,Normal,0,0
A032,2025-01-07 15:00:00,A032-PMP,Fuel Pump,70.789,2.57,81.006,55.581,1773.379,152.017,23.346,76.677,625,69.991,35.901,Normal,0,0
A032,2025-01-07 16:00:00,A032-PMP,Fuel Pump,78.879,2.822,76.87,53.982,1829.033,148.846,24.37,81.054,405,56.83,29.713,Normal,0,0
A032,2025-01-08 03:00:00,A032-PMP,Fuel Pump,71.895,3.018,80.257,54.532,1785.194,143.547,24.187,77.768,463,53.238,19.673,Normal,0,1
A032,2025-01-08 08:00:00,A032-PMP,Fuel Pump,80.926,2.645,77.527,57.894,1768.959,142.526,22.984,83.404,605,51.334,26.287,Normal,0,0
A032,2025-01-08 11:00:00,A032-PMP,Fuel Pump,71.162,3.014,80.799,52.017,1926.989,148.093,23.323,78.567,324,59.333,26.18,Normal,0,0
A032,2025-01-08 16:00:00,A032-PMP,Fuel Pump,73.252,2.544,74.168,53.901,1972.497,139.794,23.134,79.767,630,50.414,31.606,Normal,0,0
A032,2025-01-08 19:00:00,A032-PMP,Fuel Pump,76.523,2.985,79.186,57.79,1941.714,149.276,23.359,81.91,570,59.258,29.544,Normal,0,0
A032,2025-01-08 21:00:00,A032-PMP,Fuel Pump,74.119,3.247,77.121,54.399,1754.241,146.546,23.667,78.297,601,71.91,30.375,Normal,0,0
A032,2025-01-08 23:00:00,A032-PMP,Fuel Pump,75.564,3.099,73.946,54.966,1943.091,138.474,23.739,83.929,484,60.079,29.531,Normal,0,0
A032,2025-01-09 03:00:00,A032-PMP,Fuel Pump,77.781,2.561,75.967,51.201,1667.008,142.731,23.362,76.232,528,63.932,28.466,Normal,0,0
A032,2025-01-09 04:00:00,A032-PMP,Fuel Pump,81.66,2.223,75.69,53.128,1758.302,144.976,23.34,80.734,559,52.907,36.252,Normal,0,0
A032,2025-01-09 12:00:00,A032-PMP,Fuel Pump,73.064,3.213,74.272,52.044,1826.007,145.032,23.301,79.493,335,68.314,21.309,Normal,0,0
A032,2025-01-09 14:00:00,A032-PMP,Fuel Pump,74.657,3.13,76.688,56.057,1840.638,148.915,23.083,77.05,417,49.391,16.113,Normal,0,0
A032,2025-01-09 16:00:00,A032-PMP,Fuel Pump,77.493,2.89,73.258,55.063,1817.016,150.391,23.137,79.732,583,63.954,40.063,Normal,0,0
A032,2025-01-09 18:00:00,A032-PMP,Fuel Pump,78.757,2.561,71.192,51.828,1731.024,139.224,24.119,78.316,392,56.346,32.813,Normal,0,0
A032,2025-01-09 20:00:00,A032-PMP,Fuel Pump,75.837,2.511,78.006,51.093,1736.191,150.529,23.588,80.968,375,57.369,30.667,Normal,0,0
A032,2025-01-09 23:00:00,A032-PMP,Fuel Pump,73.212,3.171,75.556,54.259,1716.971,148.897,23.755,79.415,482,56.974,35.348,Normal,0,0
A032,2025-01-10 00:00:00,A032-PMP,Fuel Pump,79.705,3.374,73.442,54.545,1780.616,148.327,22.83,78.163,339,52.944,24.787,Normal,0,0
A032,2025-01-10 08:00:00,A032-PMP,Fuel Pump,74.882,2.866,79.694,55.982,1788.765,141.915,23.284,75.713,337,64.16,25.041,Normal,0,0
A032,2025-01-10 15:00:00,A032-PMP,Fuel Pump,77.215,2.859,74.89,53.681,1769.646,148.039,23.317,80.458,601,54.439,32.342,Normal,0,0
A032,2025-01-10 19:00:00,A032-PMP,Fuel Pump,76.519,2.685,79.959,55.713,1715.514,146.634,22.392,81.335,574,62.717,32.062,Normal,0,1
A032,2025-01-11 04:00:00,A032-PMP,Fuel Pump,74.966,3.107,80.923,52.508,1696.082,147.725,23.511,81.946,682,68.631,34.328,Normal,0,0
A032,2025-01-11 12:00:00,A032-PMP,Fuel Pump,78.219,2.974,75.119,52.562,1754.125,146.245,22.975,80.941,530,57.563,29.3,Normal,0,0
A032,2025-01-11 23:00:00,A032-PMP,Fuel Pump,78.167,3.219,74.48,53.409,1657.983,145.109,23.02,80.255,588,64.366,27.157,Normal,0,0
A032,2025-01-12 00:00:00,A032-PMP,Fuel Pump,79.785,2.821,72.595,50.239,1948.276,149.468,22.952,85.802,761,47.914,30.785,Normal,0,0
A032,2025-01-12 01:00:00,A032-PMP,Fuel Pump,77.731,3.144,76.87,53.994,1808.431,151.383,23.591,80.153,559,67.597,33.725,Normal,0,0
A032,2025-01-12 07:00:00,A032-PMP,Fuel Pump,76.209,3.237,72.225,48.777,1763.116,149.87,22.753,81.258,666,67.665,32.155,Normal,0,1
A032,2025-01-12 09:00:00,A032-PMP,Fuel Pump,76.532,2.941,77.234,50.79,1812.699,144.15,22.953,82.191,518,61.827,26.843,Normal,0,0
A032,2025-01-12 13:00:00,A032-PMP,Fuel Pump,81.055,3.228,75.096,52.94,1822.749,146.433,23.062,87.727,433,56.943,28.968,Normal,0,0
A032,2025-01-12 20:00:00,A032-PMP,Fuel Pump,75.681,3.015,75.076,50.931,1850.984,138.767,23.283,78.528,604,61.413,26.826,Normal,0,1
A032,2025-01-12 22:00:00,A032-PMP,Fuel Pump,79.889,3.262,73.845,54.09,1807.828,151.737,22.204,87.235,471,58.543,26.327,Normal,0,0
A032,2025-01-12 23:00:00,A032-PMP,Fuel Pump,82.663,3.364,77.225,54.537,1856.044,141.605,23.287,80.886,482,67.94,28.724,Normal,0,1
A032,2025-01-13 02:00:00,A032-PMP,Fuel Pump,78.946,2.907,74.298,50.241,1745.522,140.289,23.113,84.272,461,59.077,25.68,Normal,0,0
A032,2025-01-13 03:00:00,A032-PMP,Fuel Pump,76.985,2.534,74.144,55.051,1767.675,143.287,23.074,80.801,444,66.529,26.514,Normal,0,0
A032,2025-01-13 05:00:00,A032-PMP,Fuel Pump,77.94,2.414,76.044,54.519,1778.874,149.035,23.512,79.087,735,36.504,31.911,Normal,0,0
A032,2025-01-13 22:00:00,A032-PMP,Fuel Pump,80.859,2.791,77.066,55.652,1794.994,143.065,22.952,81.833,589,80.531,24.47,Normal,0,0
A032,2025-01-14 02:00:00,A032-PMP,Fuel Pump,79.389,3.516,74.434,49.754,1906.609,144.01,22.31,85.347,720,51.931,25.937,Normal,0,0
A032,2025-01-14 03:00:00,A032-PMP,Fuel Pump,79.322,3.423,77.644,53.594,1780.087,147.272,23.513,81.581,708,61.699,40.548,Normal,0,0
A032,2025-01-14 04:00:00,A032-PMP,Fuel Pump,76.336,3.788,74.831,47.68,1767.956,148.456,22.588,81.251,738,61.218,29.932,Normal,0,0
A032,2025-01-14 10:00:00,A032-PMP,Fuel Pump,83.383,2.635,71.915,53.347,1999.817,150.912,22.64,80.936,550,69.099,27.184,Normal,0,0
A032,2025-01-14 11:00:00,A032-PMP,Fuel Pump,78.788,3.222,73.401,52.624,1784.908,141.353,23.19,81.221,776,62.486,29.433,Normal,0,1
A032,2025-01-15 03:00:00,A032-PMP,Fuel Pump,79.7,2.856,70.805,52.061,1750.532,144.219,23.217,78.547,548,70.054,34.707,Normal,0,0
A032,2025-01-15 05:00:00,A032-PMP,Fuel Pump,80.493,2.901,72.155,51.721,1775.49,149.787,23.344,83.004,716,70.628,26.425,Normal,0,0
A032,2025-01-15 07:00:00,A032-PMP,Fuel Pump,95.757,6.427,63.307,50.695,1802.341,137.147,23.326,86.484,642,70.123,31.174,Warning,1,0
A032,2025-01-15 14:00:00,A032-PMP,Fuel Pump,83.009,3.375,74.589,49.27,1892.037,143.923,23.559,81.56,490,77.138,34.038,Warning,1,0
A032,2025-01-15 16:00:00,A032-PMP,Fuel Pump,81.357,3.528,75.188,54.662,1916.971,147.639,23.201,85.284,553,72.859,16.826,Warning,1,0
A032,2025-01-15 17:00:00,A032-PMP,Fuel Pump,83.827,3.347,73.865,51.159,1832.139,149.233,22.438,81.022,640,71.236,36.544,Warning,1,1
A032,2025-01-15 18:00:00,A032-PMP,Fuel Pump,81.213,3.222,76.284,51.469,1708.915,141.605,23.025,84.117,481,66.069,27.515,Normal,0,0
A032,2025-01-15 21:00:00,A032-PMP,Fuel Pump,85.213,3.119,71.383,53.011,1928.491,147.577,22.978,88.269,604,65.131,24.695,Normal,0,1
A032,2025-01-16 03:00:00,A032-PMP,Fuel Pump,82.495,3.362,80.655,51.905,1654.222,143.546,22.823,82.31,473,69.254,25.546,Normal,0,0
A032,2025-01-16 05:00:00,A032-PMP,Fuel Pump,82.277,3.47,69.762,53.441,1911.97,144.471,22.604,83.277,772,63.316,29.756,Warning,1,0
A032,2025-01-16 07:00:00,A032-PMP,Fuel Pump,82.449,3.567,74.608,53.761,1902.922,141.878,23.114,82.116,750,59.492,26.464,Normal,0,1
A032,2025-01-16 09:00:00,A032-PMP,Fuel Pump,80.173,3.721,73.772,53.545,1694.394,142.942,22.801,83.7,497,55.913,22.06,Normal,0,0
A032,2025-01-16 12:00:00,A032-PMP,Fuel Pump,84.314,3.655,70.647,53.832,1712.538,148.664,22.293,83.07,704,58.183,30.379,Warning,1,0
A032,2025-01-16 17:00:00,A032-PMP,Fuel Pump,82.899,3.33,75.142,50.094,1908.087,136.289,23.253,82.884,614,62.674,27.491,Normal,0,0
A032,2025-01-16 18:00:00,A032-PMP,Fuel Pump,81.353,3.633,70.904,50.352,1772.781,141.258,22.68,82.637,496,72.471,33.525,Warning,1,0
A032,2025-01-16 19:00:00,A032-PMP,Fuel Pump,81.386,3.92,67.152,47.474,1745.594,142.614,22.594,87.333,499,75.221,36.259,Warning,1,1
A032,2025-01-17 01:00:00,A032-PMP,Fuel Pump,80.275,3.25,76.558,49.421,1827.537,140.837,22.657,84.375,609,61.265,39.352,Normal,0,0
A032,2025-01-17 03:00:00,A032-PMP,Fuel Pump,80.352,3.081,72.704,50.149,1818.17,139.618,22.851,86.447,577,65.515,19.21,Normal,0,1
A032,2025-01-17 08:00:00,A032-PMP,Fuel Pump,83.828,3.693,73.453,49.906,1807.511,145.124,22.911,84.3,825,62.47,21.3,Warning,1,0
A032,2025-01-17 14:00:00,A032-PMP,Fuel Pump,80.294,3.89,76.175,51.852,1940.177,142.72,22.052,83.171,706,69.173,33.403,Warning,1,0
A033,2025-01-01 03:00:00,A033-PMP,Fuel Pump,78.902,2.704,77.554,53.67,1834.411,149.427,23.442,78.676,335,66.511,21.36,Normal,0,1
A033,2025-01-01 04:00:00,A033-PMP,Fuel Pump,73.835,3.458,76.201,52.118,1881.173,145.867,24.143,76.026,435,47.912,28.672,Normal,0,0
A033,2025-01-01 07:00:00,A033-PMP,Fuel Pump,77.531,2.001,76.083,57.75,1713.256,145.368,24.114,73.914,147,70.86,24.757,Normal,0,1
A033,2025-01-01 08:00:00,A033-PMP,Fuel Pump,76.303,2.509,72.139,52.947,1742.632,152.332,23.631,76.68,158,67.555,30.265,Normal,0,0
A033,2025-01-01 11:00:00,A033-PMP,Fuel Pump,76.058,3.242,72.982,53.318,1778.312,153.14,23.94,75.146,445,58.49,27.121,Normal,0,0
A033,2025-01-01 15:00:00,A033-PMP,Fuel Pump,75.703,2.911,75.606,51.507,1870.988,147.759,24.176,77.452,174,55.516,26.212,Normal,0,0
A033,2025-01-01 23:00:00,A033-PMP,Fuel Pump,80.853,2.844,73.705,55.876,1852.028,141.938,24.41,73.043,464,55.374,29.488,Normal,0,1
A033,2025-01-02 06:00:00,A033-PMP,Fuel Pump,73.176,2.52,70.654,54.327,1873.868,141.933,23.4,76.795,355,58.244,32.234,Normal,0,0
A033,2025-01-02 10:00:00,A033-PMP,Fuel Pump,73.341,2.61,74.904,57.081,1809.964,146.334,23.741,78.222,530,60.608,24.085,Normal,0,0
A033,2025-01-02 12:00:00,A033-PMP,Fuel Pump,76.583,2.557,78.614,56.12,1786.434,152.03,23.619,72.574,174,68.018,30.231,Normal,0,0
A033,2025-01-02 14:00:00,A033-PMP,Fuel Pump,75.275,2.471,70.492,55.157,1764.849,144.237,23.7,74.963,198,67.775,28.577,Normal,0,0
A033,2025-01-02 15:00:00,A033-PMP,Fuel Pump,77.091,2.871,75.798,52.95,1780.711,143.517,23.656,75.333,299,60.009,31.818,Normal,0,0
A033,2025-01-02 16:00:00,A033-PMP,Fuel Pump,70.592,3.066,72.844,55.242,1736.158,152.386,23.773,78.906,361,64.604,31.852,Normal,0,0
A033,2025-01-02 19:00:00,A033-PMP,Fuel Pump,76.743,2.894,72.998,57.484,1815.527,149.401,23.839,72.664,271,52.132,36.698,Normal,0,0
A033,2025-01-02 20:00:00,A033-PMP,Fuel Pump,73.715,2.477,80.86,56.722,1783.503,138.658,24.334,73.997,300,61.623,31.633,Normal,0,0
A033,2025-01-02 22:00:00,A033-PMP,Fuel Pump,70.293,3.074,74.935,51.83,1965.676,152.26,23.991,74.029,469,62.786,37.6,Normal,0,0
A033,2025-01-03 01:00:00,A033-PMP,Fuel Pump,72.367,2.4,71.355,52.169,1851.137,142.051,23.666,78.997,165,56.354,38.161,Normal,0,0
A033,2025-01-03 04:00:00,A033-PMP,Fuel Pump,75.655,3.471,76.723,57.418,1901.684,152.624,24.012,77.143,199,67.156,31.451,Normal,0,0
A033,2025-01-03 09:00:00,A033-PMP,Fuel Pump,74.594,3.601,73.109,55.113,1868.489,149.587,24.227,77.015,279,83.958,33.627,Normal,0,0
A033,2025-01-03 18:00:00,A033-PMP,Fuel Pump,72.268,3.518,70.846,55.062,1872.388,140.245,23.792,77.152,266,58.629,34.039,Normal,0,0
A033,2025-01-03 21:00:00,A033-PMP,Fuel Pump,77.474,3.051,74.221,54.922,1699.54,154.695,23.439,76.285,438,62.326,32.125,Normal,0,0
A033,2025-01-04 00:00:00,A033-PMP,Fuel Pump,78.231,3.402,72.998,57.383,1853.605,155.856,24.113,74.899,412,66.177,38.355,Normal,0,0
A033,2025-01-04 08:00:00,A033-PMP,Fuel Pump,77.715,2.743,73.883,51.726,1847.013,147.371,24.215,75.269,430,60.271,24.603,Normal,0,0
A033,2025-01-04 09:00:00,A033-PMP,Fuel Pump,92.965,6.643,67.57,52.077,1937.241,136.521,23.808,77.772,373,74.252,22.352,Warning,1,1
A033,2025-01-04 23:00:00,A033-PMP,Fuel Pump,77.268,2.769,74.571,55.162,1779.566,148.671,23.128,76.091,530,70.132,30.379,Normal,0,0
A033,2025-01-05 02:00:00,A033-PMP,Fuel Pump,90.12,6.411,64.04,54.811,1775.408,132.099,23.905,76.221,230,73.774,36.461,Warning,1,1
A033,2025-01-05 07:00:00,A033-PMP,Fuel Pump,74.112,3.803,75.284,56.733,1843.64,151.065,23.967,80.11,568,74.289,36.422,Normal,0,0
A033,2025-01-05 08:00:00,A033-PMP,Fuel Pump,75.679,3.427,70.085,58.052,1970.532,142.395,23.742,75.99,539,59.724,26.394,Normal,0,0
A033,2025-01-05 12:00:00,A033-PMP,Fuel Pump,78.854,3.378,71.326,52.064,1690.969,149.2,24.35,76.473,579,64.185,34.668,Normal,0,0
A033,2025-01-05 18:00:00,A033-PMP,Fuel Pump,78.831,3.042,74.015,54.888,1810.534,147.702,23.771,78.489,414,89.3,34.331,Normal,0,1
A033,2025-01-06 05:00:00,A033-PMP,Fuel Pump,78.803,3.312,72.637,52.489,1990.603,152.381,23.778,77.651,477,64.861,29.873,Normal,0,0
A033,2025-01-06 06:00:00,A033-PMP,Fuel Pump,76.83,2.8,76.642,53.504,1699.288,148.994,23.654,76.006,304,77.544,37.379,Normal,0,1
A033,2025-01-06 14:00:00,A033-PMP,Fuel Pump,82.233,2.8,68.641,53.892,1808.627,141.062,24.51,77.57,565,77.158,30.06,Normal,0,0
A033,2025-01-06 15:00:00,A033-PMP,Fuel Pump,79.338,3.404,71.612,55.39,1735.0,151.708,24.367,78.596,289,70.12,23.716,Normal,0,0
A033,2025-01-06 19:00:00,A033-PMP,Fuel Pump,78.071,2.867,73.595,53.442,1785.736,149.4,23.843,80.078,337,61.097,33.916,Normal,0,0
A033,2025-01-06 20:00:00,A033-PMP,Fuel Pump,77.139,3.291,69.211,52.623,1884.399,145.937,24.029,76.617,421,61.073,22.639,Normal,0,0
A033,2025-01-06 22:00:00,A033-PMP,Fuel Pump,80.5,3.376,72.485,53.642,1641.23,148.275,23.373,77.328,580,58.62,34.038,Normal,0,1
A033,2025-01-07 01:00:00,A033-PMP,Fuel Pump,79.57,3.178,76.033,56.103,1840.728,149.21,23.848,76.236,460,68.805,26.029,Normal,0,0
A033,2025-01-07 11:00:00,A033-PMP,Fuel Pump,77.455,3.486,69.653,53.447,2013.998,156.363,23.367,78.955,297,73.702,35.381,Normal,0,0
A033,2025-01-08 00:00:00,A033-PMP,Fuel Pump,75.386,3.234,74.25,55.458,1746.282,147.116,24.055,82.464,590,68.007,26.75,Normal,0,0
A033,2025-01-08 03:00:00,A033-PMP,Fuel Pump,76.486,3.285,69.158,56.373,1827.666,150.25,23.297,81.208,585,80.465,29.507,Normal,0,0
A033,2025-01-08 09:00:00,A033-PMP,Fuel Pump,74.265,3.106,71.922,54.567,1881.835,142.507,24.08,79.651,301,67.699,38.303,Normal,0,0
A033,2025-01-08 10:00:00,A033-PMP,Fuel Pump,81.504,3.256,68.034,52.426,1867.571,144.108,23.413,85.301,458,70.908,25.878,Warning,1,1
A033,2025-01-08 15:00:00,A033-PMP,Fuel Pump,80.146,3.246,70.163,54.368,1981.661,146.85,23.556,77.226,485,76.197,29.881,Warning,1,0
A033,2025-01-08 19:00:00,A033-PMP,Fuel Pump,74.677,3.593,69.167,56.224,1831.274,142.128,23.246,78.575,649,71.073,26.813,Normal,0,1
A033,2025-01-09 02:00:00,A033-PMP,Fuel Pump,78.991,4.084,73.484,56.316,1879.26,150.138,23.511,80.721,674,81.755,35.148,Warning,1,0
A033,2025-01-09 08:00:00,A033-PMP,Fuel Pump,81.789,3.757,74.913,54.369,1758.341,147.96,23.036,80.444,617,64.685,27.827,Normal,0,1
A033,2025-01-09 19:00:00,A033-PMP,Fuel Pump,75.988,3.357,69.352,51.301,1722.066,143.907,23.373,83.685,537,62.942,27.027,Normal,0,0
A033,2025-01-09 21:00:00,A033-PMP,Fuel Pump,82.92,3.005,72.046,55.832,1882.106,147.805,22.872,80.553,638,82.496,26.335,Warning,1,0
A033,2025-01-09 23:00:00,A033-PMP,Fuel Pump,78.505,3.49,71.447,53.53,1842.255,153.496,23.244,81.845,422,70.304,29.389,Warning,1,1
A033,2025-01-10 00:00:00,A033-PMP,Fuel Pump,80.764,3.514,73.807,50.809,1961.024,144.144,23.232,80.456,610,75.96,33.969,Warning,1,0
A033,2025-01-10 22:00:00,A033-PMP,Fuel Pump,83.763,3.473,69.656,50.907,1763.386,147.997,23.106,82.771,686,83.388,31.268,Warning,1,1
A033,2025-01-10 23:00:00,A033-PMP,Fuel Pump,85.559,3.77,69.492,51.57,1947.641,152.292,23.563,81.511,438,72.294,26.209,Warning,1,1
A033,2025-01-11 11:00:00,A033-PMP,Fuel Pump,82.103,4.151,68.64,52.635,1737.032,150.044,23.075,80.388,361,63.555,30.792,Warning,1,0
A033,2025-01-11 14:00:00,A033-PMP,Fuel Pump,81.847,3.784,68.701,54.43,1813.249,152.485,23.419,80.974,507,58.363,29.009,Warning,1,1
A033,2025-01-11 18:00:00,A033-PMP,Fuel Pump,80.603,3.85,70.118,52.434,1712.844,143.986,22.828,82.417,620,71.711,29.857,Warning,1,0
A033,2025-01-11 20:00:00,A033-PMP,Fuel Pump,85.445,3.769,69.615,53.732,1651.964,148.982,23.492,86.062,496,80.574,25.852,Warning,1,0
A033,2025-01-12 06:00:00,A033-PMP,Fuel Pump,77.653,3.655,70.771,50.142,1747.761,145.778,23.512,78.87,651,86.003,38.965,Warning,1,0
A033,2025-01-12 08:00:00,A033-PMP,Fuel Pump,84.352,3.498,71.411,57.34,1931.177,145.51,23.219,76.84,733,77.371,30.459,Warning,1,1
A033,2025-01-12 13:00:00,A033-PMP,Fuel Pump,78.803,3.92,71.835,50.016,1932.926,154.533,23.478,82.729,429,78.621,27.205,Warning,1,1
A033,2025-01-12 16:00:00,A033-PMP,Fuel Pump,84.531,3.699,67.763,54.266,1771.334,150.437,22.923,81.939,696,79.742,32.261,Warning,1,1
A033,2025-01-12 18:00:00,A033-PMP,Fuel Pump,85.796,3.71,67.479,52.177,1614.732,146.477,23.487,83.157,395,75.035,28.473,Warning,1,1
A033,2025-01-13 03:00:00,A033-PMP,Fuel Pump,81.808,3.791,71.615,55.049,1862.516,149.044,23.147,80.816,490,79.831,22.151,Warning,1,0
A033,2025-01-13 04:00:00,A033-PMP,Fuel Pump,85.891,4.156,64.464,54.776,1917.596,146.818,23.161,80.865,569,90.081,29.981,Warning,1,1
A033,2025-01-13 09:00:00,A033-PMP,Fuel Pump,81.419,3.526,61.058,52.294,1782.312,141.391,23.175,78.039,711,82.21,33.486,Warning,1,1
A033,2025-01-13 12:00:00,A033-PMP,Fuel Pump,79.556,3.839,71.53,50.152,1740.565,153.317,23.238,82.301,404,80.728,25.205,Warning,1,1
A033,2025-01-13 13:00:00,A033-PMP,Fuel Pump,82.715,4.15,70.061,55.98,1764.226,149.574,22.837,81.216,416,75.596,40.462,Warning,1,1
A033,2025-01-13 15:00:00,A033-PMP,Fuel Pump,98.742,7.783,58.441,50.265,1716.34,134.429,23.4,81.71,555,77.298,34.449,Warning,1,1
A033,2025-01-14 01:00:00,A033-PMP,Fuel Pump,87.037,4.259,67.452,53.235,1920.741,143.249,23.175,82.453,506,76.669,40.262,Warning,1,0
A033,2025-01-14 04:00:00,A033-PMP,Fuel Pump,83.826,4.27,69.52,52.768,1777.832,145.467,23.336,81.825,808,81.225,36.052,Warning,1,1
A033,2025-01-14 06:00:00,A033-PMP,Fuel Pump,82.995,3.92,71.497,51.166,1721.267,147.343,22.949,80.779,758,78.432,30.577,Warning,1,1
A033,2025-01-14 11:00:00,A033-PMP,Fuel Pump,82.248,4.24,66.342,52.016,1906.318,156.967,23.171,78.909,778,83.523,36.94,Warning,1,0
A033,2025-01-14 13:00:00,A033-PMP,Fuel Pump,87.288,4.089,67.105,53.028,1743.4,149.452,22.881,83.651,710,75.841,27.39,Warning,1,1
A033,2025-01-14 16:00:00,A033-PMP,Fuel Pump,81.212,4.134,70.897,47.731,1768.554,149.896,22.932,82.567,691,99.164,28.136,Warning,1,1
A033,2025-01-14 22:00:00,A033-PMP,Fuel Pump,85.782,4.101,71.271,50.687,1773.592,144.938,23.184,80.739,817,77.901,23.161,Warning,1,0
A033,2025-01-15 01:00:00,A033-PMP,Fuel Pump,84.906,4.211,66.983,50.698,1802.586,142.515,22.957,82.006,452,84.749,26.332,Warning,1,0
A033,2025-01-15 05:00:00,A033-PMP,Fuel Pump,87.865,3.611,65.382,51.515,1783.167,152.472,23.029,83.033,779,68.32,26.838,Warning,1,1
A033,2025-01-15 08:00:00,A033-PMP,Fuel Pump,88.363,4.373,68.627,55.038,1876.5,149.479,23.305,81.464,791,77.815,29.949,Warning,1,1
A033,2025-01-15 10:00:00,A033-PMP,Fuel Pump,82.987,3.865,65.451,48.494,1668.478,148.383,23.023,84.359,612,76.84,25.582,Warning,1,1
A033,2025-01-15 11:00:00,A033-PMP,Fuel Pump,80.127,4.554,68.845,51.549,1842.882,149.527,23.186,84.975,845,78.068,24.477,Warning,1,0
A033,2025-01-15 12:00:00,A033-PMP,Fuel Pump,86.25,3.431,67.618,54.3,1695.183,141.868,23.107,83.338,482,82.187,33.96,Warning,1,0
A033,2025-01-15 14:00:00,A033-PMP,Fuel Pump,87.464,4.425,68.561,51.796,1853.46,151.092,22.895,84.451,593,78.195,28.327,Warning,1,1
A033,2025-01-15 15:00:00,A033-PMP,Fuel Pump,87.756,4.188,68.854,54.642,1876.633,149.44,23.199,83.625,531,89.402,29.927,Warning,1,1
A033,2025-01-16 04:00:00,A033-PMP,Fuel Pump,87.036,4.62,68.104,55.205,1675.513,151.788,23.079,83.832,750,93.51,27.101,Warning,1,1
A033,2025-01-16 09:00:00,A033-PMP,Fuel Pump,89.046,3.853,73.142,52.271,1915.427,138.136,23.17,86.157,767,84.221,22.944,Warning,1,1
A033,2025-01-16 11:00:00,A033-PMP,Fuel Pump,88.336,4.026,66.814,50.221,1882.379,147.876,23.0,85.254,857,71.443,29.187,Warning,1,1
A033,2025-01-16 14:00:00,A033-PMP,Fuel Pump,85.556,4.249,69.071,53.233,1702.396,142.211,23.152,84.706,797,82.756,31.201,Warning,1,1
A033,2025-01-17 05:00:00,A033-PMP,Fuel Pump,84.428,4.591,68.383,54.608,1787.103,144.716,22.86,86.841,745,93.34,36.045,Warning,1,1
A033,2025-01-17 07:00:00,A033-PMP,Fuel Pump,87.491,4.423,63.124,54.629,1725.95,143.99,22.325,85.628,563,80.749,35.368,Warning,1,1
A033,2025-01-17 12:00:00,A033-PMP,Fuel Pump,83.038,4.301,68.932,51.687,1901.428,145.19,22.568,88.332,564,84.512,25.152,Warning,1,0
A034,2025-01-01 02:00:00,A034-PMP,Fuel Pump,70.53,2.165,81.286,54.316,1686.089,158.973,23.926,74.81,264,41.783,26.512,Normal,0,0
A034,2025-01-01 03:00:00,A034-PMP,Fuel Pump,67.473,2.248,79.654,52.186,1861.17,149.53,23.766,73.424,158,56.749,26.093,Normal,0,0
A034,2025-01-01 12:00:00,A034-PMP,Fuel Pump,71.481,2.518,78.775,54.305,1871.069,155.233,23.61,75.947,273,50.683,24.781,Normal,0,0
A034,2025-01-01 13:00:00,A034-PMP,Fuel Pump,75.551,2.922,76.539,58.517,1775.626,143.526,23.729,74.26,337,43.346,25.675,Normal,0,0
A034,2025-01-01 16:00:00,A034-PMP,Fuel Pump,70.888,2.5,80.574,56.201,1817.12,153.509,23.743,74.49,177,54.845,36.568,Normal,0,0
A034,2025-01-01 17:00:00,A034-PMP,Fuel Pump,72.649,2.502,77.676,51.76,1862.645,151.721,24.107,75.291,244,59.058,27.602,Normal,0,0
A034,2025-01-01 18:00:00,A034-PMP,Fuel Pump,66.837,2.191,74.401,53.718,1703.217,146.997,24.085,74.193,487,42.187,34.578,Normal,0,0
A034,2025-01-01 21:00:00,A034-PMP,Fuel Pump,70.879,2.31,78.029,56.974,1716.286,150.4,24.352,72.929,410,55.837,29.399,Normal,0,0
A034,2025-01-01 22:00:00,A034-PMP,Fuel Pump,69.573,2.476,79.332,57.643,1776.306,147.547,24.159,76.441,227,59.527,22.459,Normal,0,1
A034,2025-01-01 23:00:00,A034-PMP,Fuel Pump,69.888,2.218,77.805,50.698,1850.487,151.358,24.03,78.088,386,45.748,30.531,Normal,0,0
A034,2025-01-02 04:00:00,A034-PMP,Fuel Pump,75.449,2.247,77.526,53.214,1949.147,153.275,24.289,77.853,172,49.045,25.734,Normal,0,0
A034,2025-01-02 08:00:00,A034-PMP,Fuel Pump,75.549,2.278,77.705,55.411,1821.609,156.022,24.035,76.306,413,49.204,29.106,Normal,0,0
A034,2025-01-02 13:00:00,A034-PMP,Fuel Pump,71.898,2.585,75.184,52.922,1939.042,143.983,23.786,80.635,311,66.911,29.52,Normal,0,0
A034,2025-01-02 14:00:00,A034-PMP,Fuel Pump,72.172,2.465,75.349,56.319,1914.823,148.358,23.43,78.944,269,50.87,27.471,Normal,0,0
A034,2025-01-02 21:00:00,A034-PMP,Fuel Pump,68.086,3.228,76.599,52.599,1872.939,144.529,23.059,74.899,373,46.426,35.274,Normal,0,1
A034,2025-01-03 00:00:00,A034-PMP,Fuel Pump,68.114,2.606,80.585,55.181,1833.282,144.286,23.541,74.733,231,51.58,28.72,Normal,0,0
A034,2025-01-03 01:00:00,A034-PMP,Fuel Pump,72.792,2.386,71.411,52.053,1944.118,151.057,24.414,77.909,342,63.342,27.274,Normal,0,0
A034,2025-01-03 02:00:00,A034-PMP,Fuel Pump,70.167,2.468,76.143,56.539,1683.635,146.922,23.719,78.537,400,43.923,30.82,Normal,0,0
A034,2025-01-03 05:00:00,A034-PMP,Fuel Pump,74.593,2.348,75.284,57.314,1657.903,154.376,23.449,74.897,252,56.525,35.237,Normal,0,1
A034,2025-01-03 07:00:00,A034-PMP,Fuel Pump,69.754,2.634,78.851,51.996,1822.781,154.156,23.841,77.349,216,56.754,24.727,Normal,0,0
A034,2025-01-03 19:00:00,A034-PMP,Fuel Pump,74.735,1.977,77.719,57.345,1771.605,152.048,23.933,77.131,288,52.243,25.49,Normal,0,0
A034,2025-01-03 21:00:00,A034-PMP,Fuel Pump,71.299,2.345,81.747,57.463,1925.285,159.285,24.412,80.319,287,58.295,29.805,Normal,0,1
A034,2025-01-04 02:00:00,A034-PMP,Fuel Pump,73.237,2.705,72.095,51.83,1723.379,141.708,23.782,75.975,457,55.114,34.05,Normal,0,0
A034,2025-01-04 03:00:00,A034-PMP,Fuel Pump,72.5,2.286,74.282,53.76,1883.257,149.256,24.041,78.15,522,52.057,23.424,Normal,0,0
A034,2025-01-04 05:00:00,A034-PMP,Fuel Pump,75.154,2.024,76.214,57.326,1807.318,156.683,23.946,74.48,371,50.194,23.041,Normal,0,0
A034,2025-01-04 07:00:00,A034-PMP,Fuel Pump,70.136,2.725,74.942,55.514,1867.202,150.252,24.092,75.983,352,48.656,29.412,Normal,0,0
A034,2025-01-04 08:00:00,A034-PMP,Fuel Pump,69.678,2.675,72.86,54.447,1902.088,139.723,23.834,77.722,547,53.228,26.589,Normal,0,0
A034,2025-01-04 13:00:00,A034-PMP,Fuel Pump,75.99,2.629,77.523,52.881,1905.736,149.16,24.037,78.072,394,44.429,29.189,Normal,0,0
A034,2025-01-04 16:00:00,A034-PMP,Fuel Pump,80.416,2.237,76.465,52.647,1846.272,146.137,23.139,76.31,456,61.896,31.596,Normal,0,0
A034,2025-01-04 20:00:00,A034-PMP,Fuel Pump,73.802,2.069,79.162,54.58,1672.152,151.872,24.277,77.099,370,58.891,27.034,Normal,0,0
A034,2025-01-05 03:00:00,A034-PMP,Fuel Pump,72.49,2.82,73.166,55.658,1659.373,147.008,22.994,78.831,246,44.296,28.857,Normal,0,0
A034,2025-01-05 13:00:00,A034-PMP,Fuel Pump,74.814,2.227,72.854,56.649,1797.781,141.658,23.728,77.05,360,48.608,37.739,Normal,0,0
A034,2025-01-05 20:00:00,A034-PMP,Fuel Pump,75.586,2.841,75.741,51.235,1863.606,142.517,23.712,79.498,414,51.629,26.301,Normal,0,1
A034,2025-01-05 21:00:00,A034-PMP,Fuel Pump,77.203,3.217,76.435,58.61,1716.362,147.413,23.685,74.984,414,61.038,12.976,Normal,0,0
A034,2025-01-06 00:00:00,A034-PMP,Fuel Pump,76.242,2.492,79.042,54.758,1807.878,151.143,24.158,75.462,423,53.283,15.216,Normal,0,0
A034,2025-01-06 04:00:00,A034-PMP,Fuel Pump,80.548,2.887,75.696,50.205,1707.239,148.287,23.017,76.503,233,54.009,32.272,Normal,0,0
A034,2025-01-06 10:00:00,A034-PMP,Fuel Pump,75.87,2.973,76.79,54.01,1630.58,140.792,23.918,76.966,497,53.787,33.633,Normal,0,0
A034,2025-01-06 11:00:00,A034-PMP,Fuel Pump,81.145,4.894,61.504,51.637,1868.26,135.031,23.385,78.584,332,62.776,39.781,Warning,1,0
A034,2025-01-06 14:00:00,A034-PMP,Fuel Pump,76.959,2.524,73.238,57.783,1826.445,148.115,24.689,78.477,604,59.327,21.233,Normal,0,0
A034,2025-01-06 19:00:00,A034-PMP,Fuel Pump,76.769,2.784,71.905,53.713,1827.109,147.194,23.533,77.651,390,67.135,31.2,Normal,0,1
A034,2025-01-07 02:00:00,A034-PMP,Fuel Pump,71.085,2.028,76.601,54.068,1584.495,147.21,23.214,76.275,316,75.053,29.915,Normal,0,0
A034,2025-01-07 03:00:00,A034-PMP,Fuel Pump,76.174,2.285,80.215,55.016,1870.265,147.964,23.547,79.975,562,63.892,29.659,Normal,0,0
A034,2025-01-07 04:00:00,A034-PMP,Fuel Pump,74.081,2.891,74.807,50.308,1601.708,146.46,22.999,80.795,614,55.38,30.336,Normal,0,0
A034,2025-01-07 10:00:00,A034-PMP,Fuel Pump,74.332,3.379,74.903,53.39,1811.642,146.563,23.512,79.608,268,43.985,26.434,Normal,0,0
A034,2025-01-07 12:00:00,A034-PMP,Fuel Pump,77.69,3.305,74.146,54.211,1942.222,148.692,23.443,78.59,567,69.668,34.682,Normal,0,0
A034,2025-01-07 13:00:00,A034-PMP,Fuel Pump,77.188,2.856,75.988,52.537,1657.135,138.632,22.995,81.89,419,70.135,36.059,Normal,0,0
A034,2025-01-07 14:00:00,A034-PMP,Fuel Pump,73.22,3.266,76.045,57.608,1923.951,143.012,23.517,79.435,446,59.183,37.326,Normal,0,1
A034,2025-01-07 19:00:00,A034-PMP,Fuel Pump,76.79,3.138,79.905,54.282,1884.56,139.744,23.267,78.929,587,54.095,34.166,Normal,0,0
A034,2025-01-07 21:00:00,A034-PMP,Fuel Pump,77.87,3.292,75.263,53.986,1853.179,140.64,24.107,76.036,313,50.699,30.709,Normal,0,0
A034,2025-01-07 22:00:00,A034-PMP,Fuel Pump,75.9,2.545,74.637,53.735,1835.603,148.841,23.692,78.282,591,63.973,37.282,Normal,0,0
A034,2025-01-08 03:00:00,A034-PMP,Fuel Pump,78.143,3.276,77.645,55.171,1665.809,147.13,23.808,80.45,574,70.891,20.601,Normal,0,1
A034,2025-01-08 05:00:00,A034-PMP,Fuel Pump,83.393,4.74,67.949,55.139,1697.917,139.271,23.476,79.23,469,66.003,38.446,Warning,1,0
A034,2025-01-08 06:00:00,A034-PMP,Fuel Pump,75.924,2.639,74.635,50.56,1922.369,148.587,23.384,78.554,670,54.044,29.39,Normal,0,0
A034,2025-01-08 16:00:00,A034-PMP,Fuel Pump,76.408,2.621,78.455,53.515,1869.931,148.098,23.268,80.803,480,59.999,33.982,Normal,0,0
A034,2025-01-09 01:00:00,A034-PMP,Fuel Pump,78.226,2.98,74.648,55.307,1898.848,150.601,23.081,78.383,648,56.035,24.959,Normal,0,0
A034,2025-01-09 05:00:00,A034-PMP,Fuel Pump,89.91,6.85,56.418,52.338,1616.438,126.655,23.905,79.825,539,60.992,35.659,Warning,1,0
A034,2025-01-09 06:00:00,A034-PMP,Fuel Pump,80.744,3.262,74.063,51.698,1981.749,150.534,23.1,83.651,550,58.886,33.846,Normal,0,0
A034,2025-01-09 09:00:00,A034-PMP,Fuel Pump,74.936,3.138,73.842,53.716,1715.64,146.285,23.668,81.151,501,54.177,36.315,Normal,0,1
A034,2025-01-09 20:00:00,A034-PMP,Fuel Pump,74.369,3.422,72.5,51.784,1962.674,147.628,23.088,81.928,710,51.222,26.647,Normal,0,0
A034,2025-01-10 07:00:00,A034-PMP,Fuel Pump,77.281,2.742,74.942,52.727,1829.733,146.125,23.417,79.494,496,54.502,23.19,Normal,0,1
A034,2025-01-10 08:00:00,A034-PMP,Fuel Pump,77.883,2.958,71.616,49.401,1901.86,143.883,23.227,80.247,335,61.097,43.889,Normal,0,1
A034,2025-01-10 13:00:00,A034-PMP,Fuel Pump,80.251,3.205,74.447,58.348,1701.765,149.565,22.607,83.636,459,56.823,45.733,Normal,0,0
A034,2025-01-10 14:00:00,A034-PMP,Fuel Pump,82.006,3.189,76.541,52.418,1759.876,142.319,23.003,82.094,331,59.147,35.167,Normal,0,0
A034,2025-01-10 23:00:00,A034-PMP,Fuel Pump,82.109,3.189,69.969,50.361,1807.447,151.82,22.793,83.418,732,65.529,19.873,Normal,0,0
A034,2025-01-11 01:00:00,A034-PMP,Fuel Pump,76.554,2.969,76.453,54.687,1921.319,148.815,23.446,80.105,430,53.725,18.818,Normal,0,0
A034,2025-01-11 02:00:00,A034-PMP,Fuel Pump,85.341,2.931,69.831,52.032,1889.744,152.176,22.665,79.495,639,58.531,34.992,Normal,0,1
A034,2025-01-11 13:00:00,A034-PMP,Fuel Pump,76.898,3.569,72.87,53.307,1643.05,147.492,23.567,83.581,546,79.88,32.884,Normal,0,1
A034,2025-01-11 18:00:00,A034-PMP,Fuel Pump,82.984,3.461,74.121,54.075,1800.985,147.884,23.076,84.032,585,61.417,33.043,Normal,0,0
A034,2025-01-11 22:00:00,A034-PMP,Fuel Pump,81.865,3.374,73.315,54.997,1737.753,148.91,23.652,81.713,674,67.361,32.211,Normal,0,0
A034,2025-01-12 04:00:00,A034-PMP,Fuel Pump,79.632,3.693,75.722,55.334,1834.185,142.198,23.27,83.792,371,67.958,33.065,Normal,0,0
A034,2025-01-12 05:00:00,A034-PMP,Fuel Pump,78.134,3.764,72.44,52.211,1981.113,137.209,22.685,79.67,679,69.657,27.913,Normal,0,0
A034,2025-01-12 06:00:00,A034-PMP,Fuel Pump,78.344,3.384,72.453,53.927,1866.448,145.281,23.349,83.397,721,63.772,35.387,Normal,0,0
A034,2025-01-12 07:00:00,A034-PMP,Fuel Pump,82.417,3.142,73.4,53.771,1729.215,149.027,23.092,79.682,635,56.894,22.556,Normal,0,1
A034,2025-01-12 08:00:00,A034-PMP,Fuel Pump,77.918,2.838,76.018,51.542,1980.107,140.446,23.634,82.047,509,74.049,23.89,Normal,0,0
A034,2025-01-12 19:00:00,A034-PMP,Fuel Pump,80.645,3.185,72.678,52.546,1745.536,142.834,22.976,83.79,450,62.33,42.22,Normal,0,0
A034,2025-01-13 04:00:00,A034-PMP,Fuel Pump,76.859,2.609,71.845,50.09,1851.064,142.617,23.508,87.263,515,59.911,21.272,Normal,0,1
A034,2025-01-13 11:00:00,A034-PMP,Fuel Pump,83.963,3.266,71.018,54.811,1902.731,149.527,23.57,78.786,642,64.277,27.661,Normal,0,0
A034,2025-01-13 12:00:00,A034-PMP,Fuel Pump,80.023,3.233,72.838,51.422,1803.04,150.051,23.322,83.181,451,83.763,21.061,Warning,1,1
A034,2025-01-13 17:00:00,A034-PMP,Fuel Pump,82.239,3.532,71.428,55.167,1865.433,152.555,23.013,84.653,431,66.983,41.277,Warning,1,1
A034,2025-01-13 21:00:00,A034-PMP,Fuel Pump,78.941,3.562,69.871,55.254,1875.243,152.586,23.16,82.113,798,80.846,25.846,Warning,1,0
A034,2025-01-14 03:00:00,A034-PMP,Fuel Pump,82.248,3.404,71.469,54.186,1878.359,147.93,23.174,85.659,522,72.745,24.088,Warning,1,1
A034,2025-01-14 17:00:00,A034-PMP,Fuel Pump,90.007,6.271,64.789,53.428,1791.947,126.252,23.022,82.748,527,79.077,46.809,Warning,1,1
A034,2025-01-14 23:00:00,A034-PMP,Fuel Pump,83.363,3.776,67.229,50.132,1815.274,144.764,23.372,84.713,534,61.442,14.183,Warning,1,0
A034,2025-01-15 02:00:00,A034-PMP,Fuel Pump,80.925,2.799,74.883,52.46,1763.299,151.669,23.578,84.36,834,76.986,16.958,Warning,1,0
A034,2025-01-15 04:00:00,A034-PMP,Fuel Pump,85.077,3.688,76.8,50.502,1861.803,142.552,23.21,84.633,639,72.341,30.655,Warning,1,1
A034,2025-01-15 07:00:00,A034-PMP,Fuel Pump,79.136,3.706,72.909,49.234,1841.341,147.9,23.941,83.733,550,77.763,22.533,Warning,1,0
A034,2025-01-15 09:00:00,A034-PMP,Fuel Pump,79.739,3.61,71.03,53.306,1808.344,148.197,23.028,81.97,714,52.825,27.032,Normal,0,0
A034,2025-01-15 12:00:00,A034-PMP,Fuel Pump,98.056,5.193,56.616,49.987,1800.715,130.696,22.429,82.995,711,69.729,32.343,Warning,1,1
A034,2025-01-15 13:00:00,A034-PMP,Fuel Pump,85.006,3.513,70.821,54.061,1828.394,147.292,23.347,83.048,635,65.435,25.263,Warning,1,0
A034,2025-01-15 15:00:00,A034-PMP,Fuel Pump,97.954,7.937,64.706,55.438,1842.031,126.964,23.254,83.783,823,64.463,32.18,Warning,1,1
A034,2025-01-15 17:00:00,A034-PMP,Fuel Pump,95.826,4.389,63.323,53.145,1727.102,131.104,23.443,85.857,811,59.358,27.296,Warning,1,0
A034,2025-01-15 23:00:00,A034-PMP,Fuel Pump,103.485,7.883,62.034,51.487,1641.709,132.122,23.075,85.475,659,61.01,23.275,Warning,1,1
A034,2025-01-16 01:00:00,A034-PMP,Fuel Pump,79.134,4.109,73.637,52.561,1679.032,147.01,22.482,86.04,621,59.085,33.83,Warning,1,0
A034,2025-01-16 02:00:00,A034-PMP,Fuel Pump,84.253,3.141,72.396,49.617,1814.475,144.674,22.581,85.463,752,72.85,22.077,Warning,1,0
A034,2025-01-16 05:00:00,A034-PMP,Fuel Pump,86.62,2.89,64.451,52.851,1875.765,148.756,22.711,84.277,640,74.311,33.686,Warning,1,0
A034,2025-01-16 14:00:00,A034-PMP,Fuel Pump,79.055,4.098,72.702,53.602,1897.804,139.448,22.692,83.841,543,69.98,29.893,Warning,1,0
A034,2025-01-16 15:00:00,A034-PMP,Fuel Pump,80.395,3.31,72.459,51.5,1700.688,140.487,22.622,83.211,512,69.935,33.223,Warning,1,0
A034,2025-01-16 16:00:00,A034-PMP,Fuel Pump,77.666,3.194,67.481,51.204,1760.315,145.381,23.245,88.413,831,71.622,31.378,Warning,1,1
A034,2025-01-16 22:00:00,A034-PMP,Fuel Pump,85.265,3.965,72.226,52.121,1834.658,142.045,23.093,86.55,582,69.351,22.881,Warning,1,0
A034,2025-01-17 02:00:00,A034-PMP,Fuel Pump,86.933,3.948,73.752,50.884,1717.194,146.453,22.435,86.178,851,80.644,20.046,Warning,1,0
A034,2025-01-17 08:00:00,A034-PMP,Fuel Pump,84.909,4.169,68.798,51.213,1944.43,143.238,23.162,86.727,721,79.782,31.11,Warning,1,1
A034,2025-01-17 15:00:00,A034-PMP,Fuel Pump,106.069,5.657,62.284,53.044,1708.576,137.782,22.418,85.087,507,63.835,27.786,Warning,1,1
A035,2025-01-01 01:00:00,A035-PMP,Fuel Pump,75.173,2.299,79.351,53.96,1899.113,153.565,23.785,78.182,268,50.277,23.504,Normal,0,0
A035,2025-01-01 04:00:00,A035-PMP,Fuel Pump,71.315,2.814,76.945,56.841,1876.493,145.542,24.6,79.707,341,49.254,32.381,Normal,0,0
A035,2025-01-01 06:00:00,A035-PMP,Fuel Pump,70.835,2.26,78.547,56.416,1823.605,152.885,23.999,78.844,350,38.37,30.083,Normal,0,0
A035,2025-01-01 11:00:00,A035-PMP,Fuel Pump,70.713,2.27,76.609,53.312,1686.617,154.877,24.578,77.12,232,46.586,32.482,Normal,0,0
A035,2025-01-01 12:00:00,A035-PMP,Fuel Pump,69.031,2.467,81.468,53.597,1882.249,152.02,24.372,71.452,149,50.206,30.562,Normal,0,0
A035,2025-01-01 13:00:00,A035-PMP,Fuel Pump,75.856,2.295,77.636,53.647,1918.48,143.811,23.234,80.628,402,48.482,22.699,Normal,0,0
A035,2025-01-01 14:00:00,A035-PMP,Fuel Pump,75.277,2.463,75.157,54.725,1723.027,150.076,24.05,71.779,331,51.328,27.563,Normal,0,0
A035,2025-01-01 18:00:00,A035-PMP,Fuel Pump,71.495,2.589,78.93,52.703,1811.425,146.638,23.875,77.295,464,58.456,29.083,Normal,0,0
A035,2025-01-02 03:00:00,A035-PMP,Fuel Pump,71.475,2.304,76.472,53.406,1694.331,152.617,24.002,75.951,141,54.801,20.755,Normal,0,0
A035,2025-01-02 04:00:00,A035-PMP,Fuel Pump,75.382,2.353,76.525,54.679,1927.925,154.782,24.337,76.537,161,66.857,16.404,Normal,0,0
A035,2025-01-02 08:00:00,A035-PMP,Fuel Pump,77.727,3.077,77.294,50.808,1793.573,150.613,24.428,77.338,180,52.745,28.714,Normal,0,0
A035,2025-01-02 10:00:00,A035-PMP,Fuel Pump,69.44,2.136,76.741,53.619,1791.048,155.092,23.662,74.972,364,46.782,23.816,Normal,0,0
A035,2025-01-02 19:00:00,A035-PMP,Fuel Pump,72.695,2.652,76.848,55.618,1904.032,149.601,23.694,76.969,327,56.826,34.471,Normal,0,0
A035,2025-01-03 01:00:00,A035-PMP,Fuel Pump,79.325,2.252,74.738,52.622,1772.69,152.161,24.376,76.325,201,69.054,41.893,Normal,0,0
A035,2025-01-03 02:00:00,A035-PMP,Fuel Pump,78.127,2.603,77.634,55.86,1911.685,152.609,23.628,75.008,373,45.527,26.229,Normal,0,1
A035,2025-01-03 05:00:00,A035-PMP,Fuel Pump,73.155,2.506,76.168,57.601,1859.468,150.637,23.745,74.37,405,54.945,29.479,Normal,0,0
A035,2025-01-03 11:00:00,A035-PMP,Fuel Pump,73.038,2.622,74.858,55.034,1891.559,157.018,23.599,78.113,235,54.163,34.984,Normal,0,0
A035,2025-01-03 14:00:00,A035-PMP,Fuel Pump,74.078,2.93,74.593,50.47,1725.47,149.013,23.639,78.396,393,62.695,28.646,Normal,0,0
A035,2025-01-03 17:00:00,A035-PMP,Fuel Pump,69.838,2.467,77.704,54.954,1768.752,149.318,24.062,71.146,328,55.041,28.969,Normal,0,0
A035,2025-01-03 19:00:00,A035-PMP,Fuel Pump,73.746,3.019,73.586,53.937,1645.571,151.377,24.361,77.793,214,60.413,29.058,Normal,0,0
A035,2025-01-03 22:00:00,A035-PMP,Fuel Pump,74.356,3.054,77.448,55.636,1731.33,145.548,24.206,77.865,499,54.122,30.268,Normal,0,0
A035,2025-01-04 00:00:00,A035-PMP,Fuel Pump,74.621,2.35,77.161,53.104,1693.343,143.734,23.38,78.203,300,57.55,29.813,Normal,0,0
A035,2025-01-04 10:00:00,A035-PMP,Fuel Pump,76.267,2.211,77.82,53.853,1844.307,143.744,24.115,75.747,438,53.123,25.537,Normal,0,0
A035,2025-01-05 00:00:00,A035-PMP,Fuel Pump,71.919,2.753,75.814,53.851,1721.816,151.186,23.221,77.38,568,58.858,28.067,Normal,0,0
A035,2025-01-05 03:00:00,A035-PMP,Fuel Pump,80.209,1.688,77.416,52.559,1960.556,149.856,23.312,76.06,402,48.803,32.005,Normal,0,0
A035,2025-01-05 04:00:00,A035-PMP,Fuel Pump,77.438,2.64,76.789,54.098,1645.936,146.841,23.726,75.978,561,46.666,41.144,Normal,0,0
A035,2025-01-05 05:00:00,A035-PMP,Fuel Pump,85.328,6.295,62.438,53.676,1852.557,141.592,24.115,77.737,432,55.737,35.76,Warning,1,1
A035,2025-01-05 10:00:00,A035-PMP,Fuel Pump,76.26,2.489,77.246,55.084,1848.106,155.279,23.312,79.032,482,58.956,20.816,Normal,0,0
A035,2025-01-05 14:00:00,A035-PMP,Fuel Pump,74.491,2.384,80.494,55.614,1735.586,148.762,23.927,77.135,267,58.884,32.918,Normal,0,0
A035,2025-01-05 17:00:00,A035-PMP,Fuel Pump,79.864,2.127,75.145,58.268,1722.842,147.29,23.704,76.919,260,71.592,36.515,Normal,0,0
A035,2025-01-05 21:00:00,A035-PMP,Fuel Pump,74.311,2.486,71.176,54.899,1875.67,150.715,23.437,82.443,270,70.889,33.888,Normal,0,0
A035,2025-01-06 00:00:00,A035-PMP,Fuel Pump,77.817,2.981,74.977,49.626,1847.206,149.137,22.811,79.198,375,72.836,21.776,Normal,0,0
A035,2025-01-06 01:00:00,A035-PMP,Fuel Pump,76.04,2.961,70.272,55.112,1769.165,150.642,24.071,81.363,492,66.328,28.911,Normal,0,0
A035,2025-01-06 04:00:00,A035-PMP,Fuel Pump,78.709,3.223,75.497,53.485,1730.51,149.392,23.377,78.566,367,68.036,27.88,Normal,0,0
A035,2025-01-06 05:00:00,A035-PMP,Fuel Pump,76.784,2.864,75.435,54.957,1841.734,151.388,23.393,77.249,279,54.4,32.834,Normal,0,1
A035,2025-01-06 10:00:00,A035-PMP,Fuel Pump,74.375,2.871,78.209,52.817,1791.121,147.055,24.339,80.211,546,55.561,17.132,Normal,0,0
A035,2025-01-06 11:00:00,A035-PMP,Fuel Pump,74.514,3.342,76.188,52.796,1809.387,148.932,23.906,78.779,626,63.299,26.185,Normal,0,0
A035,2025-01-06 12:00:00,A035-PMP,Fuel Pump,74.763,3.069,75.07,50.134,1661.648,151.146,23.447,75.964,529,62.894,32.114,Normal,0,0
A035,2025-01-06 17:00:00,A035-PMP,Fuel Pump,77.101,3.721,76.392,51.6,1738.017,144.482,23.204,78.439,585,55.239,38.18,Normal,0,1
A035,2025-01-07 05:00:00,A035-PMP,Fuel Pump,72.712,2.717,70.42,55.806,1724.248,155.578,24.467,78.673,552,64.009,31.58,Normal,0,0
A035,2025-01-07 13:00:00,A035-PMP,Fuel Pump,87.808,6.019,66.04,53.841,1792.739,145.882,23.183,79.335,435,75.938,31.3,Warning,1,0
A035,2025-01-07 14:00:00,A035-PMP,Fuel Pump,79.46,3.034,71.724,55.411,1767.191,145.454,23.239,77.162,619,64.912,42.21,Normal,0,0
A035,2025-01-07 15:00:00,A035-PMP,Fuel Pump,73.55,2.642,77.903,53.86,1909.736,149.641,23.173,76.482,337,70.71,26.919,Normal,0,0
A035,2025-01-07 19:00:00,A035-PMP,Fuel Pump,82.505,2.753,74.842,57.567,1812.241,147.722,23.705,82.819,385,66.447,34.032,Normal,0,1
A035,2025-01-08 01:00:00,A035-PMP,Fuel Pump,83.859,3.043,77.081,53.04,1809.395,145.516,23.978,78.778,575,52.212,29.657,Normal,0,0
A035,2025-01-08 03:00:00,A035-PMP,Fuel Pump,79.161,2.823,72.402,55.633,1851.034,148.283,23.75,83.453,387,64.802,25.371,Normal,0,0
A035,2025-01-08 18:00:00,A035-PMP,Fuel Pump,73.436,2.958,76.42,54.085,1896.363,145.021,23.364,76.632,439,62.181,27.464,Normal,0,0
A035,2025-01-08 20:00:00,A035-PMP,Fuel Pump,80.973,2.74,75.41,52.414,1740.723,149.628,23.859,78.155,498,67.886,36.293,Normal,0,0
A035,2025-01-08 21:00:00,A035-PMP,Fuel Pump,78.593,3.096,76.917,52.353,1824.912,142.99,23.202,83.058,359,80.221,28.514,Normal,0,0
A035,2025-01-09 01:00:00,A035-PMP,Fuel Pump,75.559,2.659,74.95,52.897,1666.379,156.281,23.503,80.428,662,56.937,36.681,Normal,0,0
A035,2025-01-09 09:00:00,A035-PMP,Fuel Pump,73.416,3.169,76.813,52.665,1879.157,153.587,22.694,82.782,514,77.576,32.003,Normal,0,0
A035,2025-01-09 10:00:00,A035-PMP,Fuel Pump,83.49,3.453,71.332,52.235,1869.19,143.016,23.829,81.496,594,68.066,21.29,Normal,0,1
A035,2025-01-09 11:00:00,A035-PMP,Fuel Pump,77.343,2.671,73.382,52.295,1635.459,154.931,23.182,78.584,311,58.557,30.88,Normal,0,0
A035,2025-01-09 12:00:00,A035-PMP,Fuel Pump,81.47,2.623,72.888,54.959,1702.499,148.435,23.178,78.983,430,63.12,36.403,Normal,0,0
A035,2025-01-09 17:00:00,A035-PMP,Fuel Pump,82.835,3.551,72.516,54.994,1962.843,144.39,23.254,81.676,600,69.032,30.773,Normal,0,1
A035,2025-01-10 04:00:00,A035-PMP,Fuel Pump,75.553,3.264,74.221,49.974,1863.738,149.433,23.544,84.43,504,63.731,33.083,Normal,0,0
A035,2025-01-10 06:00:00,A035-PMP,Fuel Pump,80.043,3.001,71.25,55.044,1756.679,142.286,23.245,80.036,504,60.51,32.354,Normal,0,0
A035,2025-01-10 11:00:00,A035-PMP,Fuel Pump,79.044,3.297,73.708,55.8,1808.924,147.239,23.065,82.093,478,56.882,25.248,Normal,0,0
A035,2025-01-10 14:00:00,A035-PMP,Fuel Pump,81.301,3.118,75.579,56.606,1850.026,153.823,23.967,80.353,671,63.032,31.603,Normal,0,0
A035,2025-01-10 19:00:00,A035-PMP,Fuel Pump,81.928,2.447,72.325,49.753,1940.817,145.644,23.37,82.591,729,58.085,36.308,Normal,0,0
A035,2025-01-10 21:00:00,A035-PMP,Fuel Pump,74.411,2.932,73.292,53.098,1850.286,145.45,23.502,83.462,528,62.018,31.525,Normal,0,0
A035,2025-01-11 02:00:00,A035-PMP,Fuel Pump,93.406,6.505,59.361,56.49,1796.455,136.124,23.619,76.669,707,57.702,32.906,Warning,1,1
A035,2025-01-11 10:00:00,A035-PMP,Fuel Pump,100.544,5.946,63.855,55.831,1939.444,130.033,24.049,86.336,637,65.533,33.06,Warning,1,1
A035,2025-01-11 14:00:00,A035-PMP,Fuel Pump,92.527,6.235,60.723,52.848,1654.389,130.152,23.242,82.032,660,57.021,25.124,Warning,1,1
A035,2025-01-11 16:00:00,A035-PMP,Fuel Pump,80.617,3.845,68.479,55.328,1773.234,146.612,23.247,83.985,593,69.528,30.253,Warning,1,1
A035,2025-01-12 03:00:00,A035-PMP,Fuel Pump,79.764,3.186,69.511,50.211,1818.101,149.177,23.146,81.269,765,59.336,25.144,Normal,0,0
A035,2025-01-12 05:00:00,A035-PMP,Fuel Pump,80.045,3.744,68.368,54.448,1865.673,142.979,23.054,83.665,636,48.32,32.056,Normal,0,1
A035,2025-01-12 07:00:00,A035-PMP,Fuel Pump,80.181,3.263,71.61,53.06,1766.593,151.048,23.567,78.097,393,65.511,32.953,Normal,0,1
A035,2025-01-12 08:00:00,A035-PMP,Fuel Pump,78.959,3.183,67.647,51.31,1775.029,145.281,22.605,79.182,518,63.228,24.975,Normal,0,1
A035,2025-01-12 17:00:00,A035-PMP,Fuel Pump,82.618,3.054,76.15,53.308,1754.821,150.418,23.433,81.501,749,58.14,23.591,Normal,0,1
A035,2025-01-12 18:00:00,A035-PMP,Fuel Pump,80.595,3.317,74.513,47.777,1819.039,142.996,23.217,87.521,756,82.45,30.806,Warning,1,0
A035,2025-01-13 06:00:00,A035-PMP,Fuel Pump,82.361,4.138,70.231,52.809,1906.619,147.899,23.536,80.913,742,74.061,21.982,Warning,1,0
A035,2025-01-13 08:00:00,A035-PMP,Fuel Pump,82.265,3.816,72.142,49.937,1787.805,140.12,23.097,83.176,701,64.255,25.609,Warning,1,0
A035,2025-01-13 11:00:00,A035-PMP,Fuel Pump,94.174,6.087,57.93,54.169,1821.672,139.715,23.339,84.309,622,77.678,30.732,Warning,1,1
A035,2025-01-13 15:00:00,A035-PMP,Fuel Pump,82.869,3.521,69.26,51.189,1859.143,142.543,22.537,84.908,492,97.539,28.275,Warning,1,0
A035,2025-01-13 16:00:00,A035-PMP,Fuel Pump,94.28,6.22,53.17,53.228,1749.931,135.001,23.241,82.042,491,68.902,34.656,Warning,1,1
A035,2025-01-13 20:00:00,A035-PMP,Fuel Pump,82.076,3.658,72.936,47.79,1816.803,150.885,23.432,80.003,723,75.095,32.216,Warning,1,0
A035,2025-01-14 02:00:00,A035-PMP,Fuel Pump,82.104,4.344,72.216,52.295,1816.087,146.287,23.439,81.19,736,84.417,22.253,Warning,1,0
A035,2025-01-14 10:00:00,A035-PMP,Fuel Pump,94.818,7.065,58.517,54.982,1892.163,131.875,22.724,80.628,438,92.677,36.94,Warning,1,1
A035,2025-01-14 13:00:00,A035-PMP,Fuel Pump,75.95,3.438,70.935,50.484,1979.375,146.034,23.017,83.975,728,75.855,33.32,Warning,1,0
A035,2025-01-14 15:00:00,A035-PMP,Fuel Pump,81.063,3.371,70.936,51.321,1859.536,146.583,23.095,82.323,642,83.401,30.903,Warning,1,0
A035,2025-01-14 19:00:00,A035-PMP,Fuel Pump,78.08,3.642,71.437,52.135,1837.935,141.214,22.478,85.503,724,63.164,31.566,Warning,1,0
A035,2025-01-14 21:00:00,A035-PMP,Fuel Pump,83.838,4.1,67.261,48.366,1869.951,151.634,23.154,80.95,682,61.009,27.519,Warning,1,1
A035,2025-01-15 01:00:00,A035-PMP,Fuel Pump,80.224,3.063,69.192,50.936,1983.267,149.884,22.827,87.171,636,68.368,25.497,Warning,1,0
A035,2025-01-15 10:00:00,A035-PMP,Fuel Pump,84.113,3.557,74.424,55.077,1865.108,152.88,23.366,85.253,517,82.852,35.673,Warning,1,0
A035,2025-01-15 12:00:00,A035-PMP,Fuel Pump,76.478,2.862,68.032,50.961,1890.983,145.112,22.965,82.166,610,75.736,36.845,Warning,1,0
A035,2025-01-15 15:00:00,A035-PMP,Fuel Pump,79.541,3.509,73.211,50.298,1894.669,140.335,23.25,80.696,520,73.666,24.495,Warning,1,0
A035,2025-01-15 20:00:00,A035-PMP,Fuel Pump,85.024,4.46,74.411,51.245,1662.083,148.742,23.242,82.328,521,81.551,27.593,Warning,1,0
A035,2025-01-16 01:00:00,A035-PMP,Fuel Pump,83.545,3.49,67.119,50.855,1866.048,148.459,22.905,82.104,821,69.812,28.074,Warning,1,0
A035,2025-01-16 06:00:00,A035-PMP,Fuel Pump,80.599,3.4,74.844,55.161,1778.923,145.029,23.165,89.833,486,76.813,25.479,Warning,1,1
A035,2025-01-16 09:00:00,A035-PMP,Fuel Pump,80.637,3.837,70.5,53.723,1847.179,144.23,22.697,83.33,745,67.294,25.437,Warning,1,0
A035,2025-01-16 13:00:00,A035-PMP,Fuel Pump,81.425,2.842,71.892,49.978,1643.622,148.851,22.858,84.643,515,79.082,24.796,Warning,1,1
A035,2025-01-16 18:00:00,A035-PMP,Fuel Pump,99.874,5.329,54.316,50.586,1632.035,131.348,22.824,82.056,632,80.349,25.11,Warning,1,1
A035,2025-01-16 19:00:00,A035-PMP,Fuel Pump,84.659,4.152,71.427,51.799,1812.087,146.69,22.577,82.995,504,80.22,33.384,Warning,1,1
A035,2025-01-16 21:00:00,A035-PMP,Fuel Pump,84.554,4.016,69.145,52.099,1828.91,144.022,22.409,87.726,758,65.31,32.39,Warning,1,0
A035,2025-01-16 22:00:00,A035-PMP,Fuel Pump,83.05,3.977,70.549,53.009,1903.303,146.647,22.542,89.369,722,74.482,30.958,Warning,1,0
A035,2025-01-17 10:00:00,A035-PMP,Fuel Pump,87.232,3.854,68.152,53.795,1753.838,146.045,23.063,84.731,729,68.715,31.383,Warning,1,1
A035,2025-01-17 14:00:00,A035-PMP,Fuel Pump,88.811,3.899,68.809,54.349,1899.212,144.851,22.992,83.95,730,84.03,28.986,Warning,1,1
A035,2025-01-17 15:00:00,A035-PMP,Fuel Pump,84.835,3.729,69.652,51.96,1820.281,144.032,22.756,85.021,600,80.094,31.852,Warning,1,0
A036,2025-01-01 03:00:00,A036-PMP,Fuel Pump,72.989,1.702,82.077,58.206,1703.104,154.489,23.829,75.589,133,52.505,20.889,Normal,0,0
A036,2025-01-01 18:00:00,A036-PMP,Fuel Pump,67.623,2.27,73.685,56.571,1734.015,147.32,23.566,77.517,272,46.367,29.074,Normal,0,0
A036,2025-01-01 19:00:00,A036-PMP,Fuel Pump,75.117,2.056,76.668,52.892,1937.468,160.847,24.226,75.732,454,47.815,31.019,Normal,0,0
A036,2025-01-01 21:00:00,A036-PMP,Fuel Pump,71.28,2.216,79.257,54.786,1897.881,143.629,23.914,75.168,332,60.354,26.107,Normal,0,0
A036,2025-01-02 00:00:00,A036-PMP,Fuel Pump,68.954,2.221,82.17,55.647,1666.7,146.849,23.59,75.559,462,59.243,35.569,Normal,0,0
A036,2025-01-02 03:00:00,A036-PMP,Fuel Pump,72.026,1.897,81.678,55.109,1938.355,147.938,24.12,72.451,168,52.036,26.874,Normal,0,0
A036,2025-01-02 12:00:00,A036-PMP,Fuel Pump,69.635,3.001,77.076,52.275,1822.324,149.165,24.261,76.743,226,58.03,32.587,Normal,0,0
A036,2025-01-02 15:00:00,A036-PMP,Fuel Pump,70.601,2.445,79.184,54.586,1953.318,156.863,23.613,75.193,268,53.87,31.206,Normal,0,0
A036,2025-01-02 18:00:00,A036-PMP,Fuel Pump,68.176,2.116,81.511,54.084,1957.344,145.887,23.571,76.796,242,47.791,28.857,Normal,0,0
A036,2025-01-02 22:00:00,A036-PMP,Fuel Pump,72.342,2.365,76.44,54.98,1887.822,146.31,23.336,76.902,156,63.417,29.881,Normal,0,0
A036,2025-01-02 23:00:00,A036-PMP,Fuel Pump,67.358,2.315,79.855,54.817,1713.038,149.585,23.575,75.959,196,49.691,25.48,Normal,0,0
A036,2025-01-03 01:00:00,A036-PMP,Fuel Pump,72.19,2.326,79.503,53.026,1974.929,148.611,23.319,78.157,406,53.069,25.906,Normal,0,0
A036,2025-01-03 09:00:00,A036-PMP,Fuel Pump,74.217,2.213,79.822,56.519,1803.333,145.154,24.151,76.848,305,39.899,40.471,Normal,0,0
A036,2025-01-03 10:00:00,A036-PMP,Fuel Pump,72.339,2.465,79.282,56.328,1811.711,133.997,23.717,75.787,533,39.607,26.295,Normal,0,0
A036,2025-01-03 18:00:00,A036-PMP,Fuel Pump,74.281,2.537,74.587,57.688,1733.233,144.844,23.988,74.981,474,50.519,27.512,Normal,0,0
A036,2025-01-04 00:00:00,A036-PMP,Fuel Pump,70.852,2.705,77.766,57.959,1792.251,147.931,23.741,75.831,554,42.955,19.856,Normal,0,0
A036,2025-01-04 14:00:00,A036-PMP,Fuel Pump,72.104,2.097,78.619,59.366,1696.19,149.869,24.021,74.99,214,49.32,30.512,Normal,0,0
A036,2025-01-04 15:00:00,A036-PMP,Fuel Pump,73.692,2.752,73.83,54.068,1820.824,151.88,23.141,77.045,240,37.33,25.461,Normal,0,0
A036,2025-01-04 21:00:00,A036-PMP,Fuel Pump,75.211,2.679,73.135,55.561,1789.854,150.063,24.078,76.955,380,52.746,36.331,Normal,0,0
A036,2025-01-05 01:00:00,A036-PMP,Fuel Pump,75.721,2.426,81.118,55.836,1767.895,144.325,22.924,77.592,314,44.348,27.711,Normal,0,0
A036,2025-01-05 05:00:00,A036-PMP,Fuel Pump,71.845,2.853,76.589,52.964,1850.237,139.966,23.832,76.541,588,51.896,33.227,Normal,0,0
A036,2025-01-05 07:00:00,A036-PMP,Fuel Pump,72.067,1.807,78.744,55.057,1867.354,151.011,23.039,76.445,594,58.095,28.037,Normal,0,0
A036,2025-01-05 14:00:00,A036-PMP,Fuel Pump,72.495,2.865,78.778,55.092,1944.831,147.434,23.229,80.411,404,59.207,21.402,Normal,0,0
A036,2025-01-06 03:00:00,A036-PMP,Fuel Pump,74.003,2.29,76.9,51.911,1917.668,148.038,23.438,75.755,396,74.003,31.143,Normal,0,0
A036,2025-01-06 04:00:00,A036-PMP,Fuel Pump,75.293,2.623,78.523,53.505,1804.453,151.531,23.996,77.629,255,53.295,32.49,Normal,0,0
A036,2025-01-06 09:00:00,A036-PMP,Fuel Pump,73.616,2.622,77.649,54.878,1941.939,154.293,23.15,79.278,235,47.716,28.719,Normal,0,0
A036,2025-01-06 10:00:00,A036-PMP,Fuel Pump,73.304,2.256,76.91,51.852,1816.373,144.471,23.623,77.631,522,49.931,31.014,Normal,0,1
A036,2025-01-06 16:00:00,A036-PMP,Fuel Pump,75.716,2.607,75.65,52.828,1704.961,146.274,23.431,80.077,311,39.072,23.892,Normal,0,0
A036,2025-01-06 17:00:00,A036-PMP,Fuel Pump,73.002,2.115,74.199,51.219,1809.768,150.521,23.506,80.428,449,61.642,24.541,Normal,0,0
A036,2025-01-06 22:00:00,A036-PMP,Fuel Pump,74.907,2.304,77.473,55.829,1880.659,148.637,23.287,76.438,544,57.812,28.566,Normal,0,0
A036,2025-01-06 23:00:00,A036-PMP,Fuel Pump,72.253,2.318,77.684,51.465,1793.109,146.705,23.954,79.777,295,50.745,31.57,Normal,0,1
A036,2025-01-07 01:00:00,A036-PMP,Fuel Pump,74.212,2.762,83.649,56.006,1670.388,145.241,23.513,80.506,420,60.295,26.414,Normal,0,0
A036,2025-01-07 06:00:00,A036-PMP,Fuel Pump,73.15,2.922,78.469,51.732,1673.74,145.593,23.253,81.468,418,50.885,29.835,Normal,0,0
A036,2025-01-07 12:00:00,A036-PMP,Fuel Pump,75.598,2.142,79.245,53.011,1682.851,145.459,23.489,81.044,527,66.088,30.195,Normal,0,0
A036,2025-01-07 13:00:00,A036-PMP,Fuel Pump,78.208,2.333,81.305,54.485,1765.62,151.807,23.725,80.305,321,59.542,31.634,Normal,0,1
A036,2025-01-07 14:00:00,A036-PMP,Fuel Pump,74.13,2.898,80.199,56.218,1788.406,141.424,23.834,76.901,642,58.112,28.041,Normal,0,0
A036,2025-01-07 20:00:00,A036-PMP,Fuel Pump,76.085,2.038,78.784,56.628,1733.758,152.484,23.032,78.564,496,59.874,30.792,Normal,0,0
A036,2025-01-08 07:00:00,A036-PMP,Fuel Pump,77.67,2.988,76.01,53.291,1851.468,149.628,23.511,81.244,393,59.457,25.386,Normal,0,1
A036,2025-01-08 10:00:00,A036-PMP,Fuel Pump,75.823,2.233,73.878,54.31,1919.147,147.963,24.428,77.721,334,59.565,34.696,Normal,0,0
A036,2025-01-08 12:00:00,A036-PMP,Fuel Pump,74.349,3.091,75.714,54.52,1729.073,140.526,23.339,76.841,386,55.623,34.719,Normal,0,0
A036,2025-01-08 13:00:00,A036-PMP,Fuel Pump,81.571,2.776,77.12,49.365,1736.775,145.871,24.049,77.962,316,67.247,36.872,Normal,0,0
A036,2025-01-08 17:00:00,A036-PMP,Fuel Pump,76.095,2.601,75.654,55.409,1921.253,148.202,23.94,76.724,347,61.149,37.756,Normal,0,0
A036,2025-01-08 21:00:00,A036-PMP,Fuel Pump,76.622,2.83,76.23,54.421,1735.593,144.808,23.214,83.43,630,51.694,25.87,Normal,0,1
A036,2025-01-08 22:00:00,A036-PMP,Fuel Pump,78.464,2.722,74.892,53.585,1703.852,143.715,23.669,78.307,290,52.565,32.625,Normal,0,0
A036,2025-01-08 23:00:00,A036-PMP,Fuel Pump,72.254,2.866,81.199,53.648,1824.244,142.023,23.115,79.858,554,46.9,30.611,Normal,0,0
A036,2025-01-09 00:00:00,A036-PMP,Fuel Pump,74.87,2.427,75.231,53.049,2053.12,141.192,23.091,76.389,464,58.33,29.433,Normal,0,0
A036,2025-01-09 06:00:00,A036-PMP,Fuel Pump,75.132,2.799,80.81,54.008,1759.36,151.21,23.496,79.883,573,53.045,23.949,Normal,0,0
A036,2025-01-09 11:00:00,A036-PMP,Fuel Pump,76.961,2.505,77.299,54.373,1953.444,142.36,22.977,77.383,487,56.415,24.468,Normal,0,1
A036,2025-01-09 12:00:00,A036-PMP,Fuel Pump,72.797,2.997,76.089,55.33,1803.91,145.879,23.266,75.849,449,56.267,29.162,Normal,0,0
A036,2025-01-10 02:00:00,A036-PMP,Fuel Pump,75.483,2.618,78.431,56.715,1959.579,146.945,23.317,79.067,375,55.585,28.414,Normal,0,0
A036,2025-01-10 10:00:00,A036-PMP,Fuel Pump,78.587,3.017,74.438,51.945,1812.836,146.426,23.91,80.305,356,77.421,24.808,Normal,0,0
A036,2025-01-10 18:00:00,A036-PMP,Fuel Pump,78.893,2.396,75.204,50.911,1608.754,137.284,23.419,80.793,341,65.93,32.171,Normal,0,0
A036,2025-01-10 23:00:00,A036-PMP,Fuel Pump,82.53,2.909,76.374,52.286,1767.965,145.236,23.654,79.937,358,48.164,33.859,Normal,0,0
A036,2025-01-11 02:00:00,A036-PMP,Fuel Pump,74.626,3.027,75.026,51.564,1816.037,141.163,22.699,83.178,659,53.847,34.517,Normal,0,0
A036,2025-01-11 04:00:00,A036-PMP,Fuel Pump,77.927,2.843,79.583,53.935,1732.382,147.988,23.393,81.595,365,67.721,31.487,Normal,0,0
A036,2025-01-11 05:00:00,A036-PMP,Fuel Pump,81.202,2.191,73.053,53.514,1711.624,146.387,23.858,84.231,466,58.001,22.305,Normal,0,0
A036,2025-01-11 06:00:00,A036-PMP,Fuel Pump,81.438,3.126,74.114,52.898,2022.945,140.386,23.512,79.891,666,54.233,33.831,Normal,0,0
A036,2025-01-11 08:00:00,A036-PMP,Fuel Pump,78.083,2.829,74.814,55.6,1918.331,141.712,23.176,81.463,412,50.78,38.517,Normal,0,1
A036,2025-01-11 12:00:00,A036-PMP,Fuel Pump,77.416,2.754,71.885,49.556,1823.694,145.321,22.909,83.307,578,70.34,17.276,Normal,0,0
A036,2025-01-11 13:00:00,A036-PMP,Fuel Pump,77.375,3.481,70.229,52.049,1633.919,144.475,22.838,82.518,579,65.06,27.224,Normal,0,1
A036,2025-01-11 14:00:00,A036-PMP,Fuel Pump,77.093,3.717,78.78,53.58,1605.387,145.089,22.668,84.176,724,73.4,29.492,Normal,0,0
A036,2025-01-12 01:00:00,A036-PMP,Fuel Pump,80.816,3.891,73.225,53.271,1901.102,145.085,23.158,82.181,387,61.993,24.906,Normal,0,0
A036,2025-01-12 04:00:00,A036-PMP,Fuel Pump,81.706,2.973,73.618,57.99,1906.395,143.414,23.559,81.613,595,79.174,28.045,Normal,0,1
A036,2025-01-12 10:00:00,A036-PMP,Fuel Pump,91.349,5.657,71.355,53.912,1672.916,126.313,23.417,82.025,522,56.001,27.277,Warning,1,0
A036,2025-01-13 04:00:00,A036-PMP,Fuel Pump,82.13,2.824,71.561,50.882,2018.373,156.834,22.896,84.443,742,68.404,33.377,Normal,0,0
A036,2025-01-13 05:00:00,A036-PMP,Fuel Pump,78.677,3.412,73.73,54.505,1822.349,140.72,23.238,83.029,698,66.043,27.399,Normal,0,0
A036,2025-01-13 06:00:00,A036-PMP,Fuel Pump,78.894,2.7,75.893,51.563,1680.723,149.984,22.975,85.51,414,69.651,24.918,Normal,0,0
A036,2025-01-13 16:00:00,A036-PMP,Fuel Pump,79.762,2.972,70.952,52.292,1807.045,149.466,22.896,83.711,585,59.069,24.002,Normal,0,0
A036,2025-01-13 21:00:00,A036-PMP,Fuel Pump,80.979,3.209,71.147,51.499,1635.711,142.921,22.943,81.321,794,72.513,32.001,Normal,0,0
A036,2025-01-14 08:00:00,A036-PMP,Fuel Pump,81.204,3.701,73.612,51.342,1671.295,154.712,23.346,82.473,667,66.242,21.62,Normal,0,0
A036,2025-01-14 16:00:00,A036-PMP,Fuel Pump,78.28,3.563,68.321,51.769,1663.908,146.569,22.779,84.095,571,61.383,34.153,Normal,0,1
A036,2025-01-14 17:00:00,A036-PMP,Fuel Pump,81.461,3.857,68.348,53.89,1883.333,151.232,23.065,83.025,610,63.268,34.327,Warning,1,1
A036,2025-01-14 19:00:00,A036-PMP,Fuel Pump,77.033,3.887,70.334,55.059,1855.279,139.153,23.017,81.911,673,69.952,29.993,Warning,1,0
A036,2025-01-15 01:00:00,A036-PMP,Fuel Pump,79.756,3.398,71.552,52.036,1874.207,148.713,22.816,81.147,571,58.593,28.926,Normal,0,0
A036,2025-01-15 02:00:00,A036-PMP,Fuel Pump,80.927,3.355,71.479,50.566,1789.552,147.05,22.953,81.353,723,59.641,23.995,Normal,0,0
A036,2025-01-15 08:00:00,A036-PMP,Fuel Pump,78.822,3.333,73.834,52.565,1877.429,150.094,23.211,84.694,466,56.739,38.586,Normal,0,1
A036,2025-01-15 10:00:00,A036-PMP,Fuel Pump,80.101,3.35,74.755,52.232,1843.362,145.717,22.776,86.205,801,60.099,26.09,Normal,0,0
A036,2025-01-16 02:00:00,A036-PMP,Fuel Pump,83.943,3.04,69.175,54.81,1813.196,145.223,23.209,81.924,740,78.274,30.143,Warning,1,0
A036,2025-01-16 10:00:00,A036-PMP,Fuel Pump,84.968,4.138,71.907,51.872,1863.737,148.368,22.373,84.067,517,70.866,32.626,Warning,1,1
A036,2025-01-16 17:00:00,A036-PMP,Fuel Pump,88.197,3.219,69.57,50.875,1732.729,147.931,23.106,84.335,514,67.25,27.563,Warning,1,0
A036,2025-01-16 20:00:00,A036-PMP,Fuel Pump,82.938,3.872,71.527,53.554,1728.969,148.319,23.048,84.959,827,71.227,35.02,Warning,1,0
A036,2025-01-17 01:00:00,A036-PMP,Fuel Pump,81.748,3.351,71.734,53.367,1786.426,144.054,22.54,88.203,776,72.328,30.304,Warning,1,0
A036,2025-01-17 04:00:00,A036-PMP,Fuel Pump,82.222,3.509,68.821,54.301,1580.832,141.567,23.293,87.069,507,72.736,32.915,Warning,1,0
A036,2025-01-17 10:00:00,A036-PMP,Fuel Pump,81.805,4.032,70.978,51.494,1783.885,147.234,22.766,84.208,701,62.413,24.85,Warning,1,0
A036,2025-01-17 14:00:00,A036-PMP,Fuel Pump,76.686,4.044,69.438,52.384,1794.736,147.476,22.834,85.209,559,72.567,36.75,Warning,1,0
A036,2025-01-17 15:00:00,A036-PMP,Fuel Pump,82.247,2.415,77.734,49.507,1757.601,146.453,22.448,86.286,544,76.548,36.78,Warning,1,0
A037,2025-01-01 05:00:00,A037-PMP,Fuel Pump,70.356,2.397,74.554,53.449,1893.156,149.205,24.089,73.824,344,48.208,28.237,Normal,0,0
A037,2025-01-01 07:00:00,A037-PMP,Fuel Pump,74.081,2.688,80.262,52.14,1884.169,150.162,23.993,72.835,406,63.224,18.8,Normal,0,0
A037,2025-01-01 17:00:00,A037-PMP,Fuel Pump,72.872,2.482,79.523,56.237,1786.377,157.534,24.238,72.182,182,42.026,31.512,Normal,0,0
A037,2025-01-02 05:00:00,A037-PMP,Fuel Pump,76.778,2.756,73.831,50.992,1811.854,147.478,23.696,73.875,386,60.974,42.676,Normal,0,0
A037,2025-01-02 06:00:00,A037-PMP,Fuel Pump,72.341,2.945,74.997,56.254,1843.97,147.726,23.77,73.909,245,54.35,33.642,Normal,0,0
A037,2025-01-02 07:00:00,A037-PMP,Fuel Pump,72.358,2.447,76.436,57.662,1833.115,158.307,23.658,77.211,511,58.559,36.89,Normal,0,0
A037,2025-01-02 08:00:00,A037-PMP,Fuel Pump,69.1,3.0,77.806,52.074,1789.28,150.746,24.014,73.281,402,68.401,39.784,Normal,0,0
A037,2025-01-02 09:00:00,A037-PMP,Fuel Pump,75.096,2.162,77.373,56.298,1877.867,154.728,24.514,76.195,228,57.663,21.097,Normal,0,0
A037,2025-01-02 10:00:00,A037-PMP,Fuel Pump,70.577,2.976,78.383,53.073,1843.088,146.857,23.176,73.281,192,54.7,29.417,Normal,0,0
A037,2025-01-02 13:00:00,A037-PMP,Fuel Pump,75.381,3.116,74.159,57.336,1795.177,150.534,23.884,71.529,293,62.178,28.836,Normal,0,0
A037,2025-01-02 14:00:00,A037-PMP,Fuel Pump,76.216,2.675,76.977,52.691,1609.325,146.625,24.414,76.476,400,60.361,34.006,Normal,0,0
A037,2025-01-02 17:00:00,A037-PMP,Fuel Pump,73.738,2.813,78.987,54.88,1875.378,154.178,23.813,73.947,467,50.383,24.553,Normal,0,0
A037,2025-01-02 20:00:00,A037-PMP,Fuel Pump,77.128,2.899,74.709,55.55,1742.089,145.353,24.098,74.965,481,58.312,26.689,Normal,0,0
A037,2025-01-03 05:00:00,A037-PMP,Fuel Pump,76.361,2.714,79.227,57.319,1735.5,157.058,23.504,76.325,316,57.462,32.937,Normal,0,1
A037,2025-01-03 07:00:00,A037-PMP,Fuel Pump,77.621,3.822,77.052,55.427,1839.958,145.762,24.029,76.055,478,61.032,28.028,Normal,0,0
A037,2025-01-03 08:00:00,A037-PMP,Fuel Pump,72.402,2.761,72.942,55.931,1781.878,151.245,23.843,78.831,368,58.608,26.103,Normal,0,0
A037,2025-01-03 10:00:00,A037-PMP,Fuel Pump,73.531,3.29,78.793,54.559,1810.296,156.422,23.379,76.173,175,54.816,31.906,Normal,0,0
A037,2025-01-03 15:00:00,A037-PMP,Fuel Pump,79.389,3.065,73.36,53.283,1931.901,147.465,23.631,78.371,335,66.749,31.026,Normal,0,0
A037,2025-01-03 21:00:00,A037-PMP,Fuel Pump,77.011,2.907,76.855,51.324,1841.532,146.06,23.875,78.058,519,63.285,21.217,Normal,0,0
A037,2025-01-03 22:00:00,A037-PMP,Fuel Pump,74.126,3.288,73.253,56.597,1669.853,148.944,23.604,79.14,462,60.891,32.653,Normal,0,1
A037,2025-01-04 01:00:00,A037-PMP,Fuel Pump,77.13,2.642,75.536,56.994,1917.234,151.888,23.911,73.167,393,60.796,26.672,Normal,0,0
A037,2025-01-04 08:00:00,A037-PMP,Fuel Pump,71.852,2.587,75.79,54.443,1703.558,148.767,23.94,75.31,381,62.326,28.569,Normal,0,1
A037,2025-01-04 16:00:00,A037-PMP,Fuel Pump,78.584,2.885,72.881,51.725,1809.181,147.165,24.038,75.752,546,62.476,29.556,Normal,0,0
A037,2025-01-04 17:00:00,A037-PMP,Fuel Pump,76.567,2.744,71.44,55.814,1749.408,147.823,23.577,75.045,293,53.691,29.353,Normal,0,0
A037,2025-01-05 05:00:00,A037-PMP,Fuel Pump,76.259,3.546,73.717,54.243,1706.357,152.334,23.705,81.503,287,50.764,26.01,Normal,0,0
A037,2025-01-05 07:00:00,A037-PMP,Fuel Pump,76.032,2.544,70.276,56.047,1911.419,156.138,23.769,77.886,386,65.918,31.173,Normal,0,0
A037,2025-01-05 12:00:00,A037-PMP,Fuel Pump,77.383,2.856,72.279,54.054,1941.882,148.54,23.422,74.926,267,55.734,22.018,Normal,0,0
A037,2025-01-05 13:00:00,A037-PMP,Fuel Pump,76.276,3.105,76.6,52.133,1948.895,153.838,23.656,77.107,297,63.271,31.978,Normal,0,0
A037,2025-01-05 14:00:00,A037-PMP,Fuel Pump,76.267,2.952,75.075,52.907,1889.826,147.389,24.212,76.485,454,69.616,29.345,Normal,0,0
A037,2025-01-05 21:00:00,A037-PMP,Fuel Pump,75.811,2.328,77.081,50.132,1821.372,144.068,23.386,76.405,425,56.738,41.521,Normal,0,0
A037,2025-01-06 05:00:00,A037-PMP,Fuel Pump,79.372,2.717,77.38,56.224,1696.869,148.25,23.39,79.714,387,54.825,34.02,Normal,0,1
A037,2025-01-06 07:00:00,A037-PMP,Fuel Pump,75.732,3.623,70.691,52.092,1626.515,151.98,23.295,82.342,256,65.628,20.959,Normal,0,0
A037,2025-01-06 14:00:00,A037-PMP,Fuel Pump,76.97,3.48,70.977,58.095,1711.311,152.946,23.744,76.759,366,56.081,32.321,Normal,0,0
A037,2025-01-06 19:00:00,A037-PMP,Fuel Pump,94.609,7.244,61.768,56.269,1665.695,131.829,23.366,78.381,523,74.988,23.443,Warning,1,1
A037,2025-01-06 22:00:00,A037-PMP,Fuel Pump,79.041,3.422,75.677,53.187,1827.037,148.423,23.731,76.787,600,75.488,33.527,Normal,0,0
A037,2025-01-07 04:00:00,A037-PMP,Fuel Pump,88.445,5.042,67.5,55.486,1702.037,131.754,23.191,79.189,407,66.311,26.727,Warning,1,1
A037,2025-01-07 14:00:00,A037-PMP,Fuel Pump,78.28,3.416,73.714,54.877,1810.801,149.878,23.159,79.411,526,61.637,29.86,Normal,0,0
A037,2025-01-07 17:00:00,A037-PMP,Fuel Pump,80.616,3.394,76.822,54.33,1818.137,136.661,23.372,81.04,465,58.608,32.155,Normal,0,0
A037,2025-01-07 23:00:00,A037-PMP,Fuel Pump,79.716,3.513,70.409,52.464,1649.896,147.706,23.517,77.864,413,61.096,32.949,Normal,0,0
A037,2025-01-08 00:00:00,A037-PMP,Fuel Pump,80.237,3.582,74.753,52.92,1767.232,144.773,23.035,80.126,615,67.801,24.396,Normal,0,0
A037,2025-01-08 04:00:00,A037-PMP,Fuel Pump,83.026,2.733,78.381,51.807,1870.747,151.415,23.589,81.18,589,67.332,26.391,Normal,0,0
A037,2025-01-08 13:00:00,A037-PMP,Fuel Pump,74.385,2.865,69.014,52.297,1731.967,146.855,24.241,80.871,495,65.36,33.244,Normal,0,1
A037,2025-01-08 23:00:00,A037-PMP,Fuel Pump,76.708,2.999,74.928,53.192,1825.968,142.906,23.871,77.226,476,67.758,30.357,Normal,0,0
A037,2025-01-09 01:00:00,A037-PMP,Fuel Pump,77.364,3.271,69.379,58.116,1721.114,147.983,23.678,83.267,562,65.333,22.918,Normal,0,0
A037,2025-01-09 08:00:00,A037-PMP,Fuel Pump,81.565,3.089,74.922,48.848,1803.607,146.139,23.046,80.1,661,59.023,30.941,Normal,0,1
A037,2025-01-09 11:00:00,A037-PMP,Fuel Pump,82.515,2.663,72.516,55.141,1707.033,152.322,22.84,79.089,541,62.565,22.126,Normal,0,0
A037,2025-01-09 13:00:00,A037-PMP,Fuel Pump,73.152,3.192,71.081,54.014,1744.702,146.417,23.569,82.096,433,77.779,22.493,Normal,0,0
A037,2025-01-09 22:00:00,A037-PMP,Fuel Pump,79.119,3.857,73.964,54.781,1729.987,147.73,23.17,83.332,640,71.143,36.107,Normal,0,0
A037,2025-01-10 01:00:00,A037-PMP,Fuel Pump,82.138,3.841,69.739,54.61,1719.018,144.511,23.787,82.705,570,71.803,29.234,Warning,1,1
A037,2025-01-10 03:00:00,A037-PMP,Fuel Pump,77.812,3.409,73.74,51.588,1948.383,139.463,23.232,77.966,424,65.08,23.454,Normal,0,0
A037,2025-01-10 04:00:00,A037-PMP,Fuel Pump,82.227,2.587,72.318,49.2,1835.907,144.191,23.268,79.448,589,61.112,36.774,Normal,0,0
A037,2025-01-10 05:00:00,A037-PMP,Fuel Pump,78.276,3.322,72.493,54.454,1720.422,146.644,22.986,79.98,487,65.74,33.976,Normal,0,1
A037,2025-01-10 07:00:00,A037-PMP,Fuel Pump,77.844,3.433,71.136,52.922,1642.253,148.117,23.019,80.044,345,73.965,37.791,Normal,0,0
A037,2025-01-10 13:00:00,A037-PMP,Fuel Pump,80.546,3.398,75.794,54.049,2092.974,146.503,23.392,79.484,502,60.845,27.912,Normal,0,1
A037,2025-01-10 16:00:00,A037-PMP,Fuel Pump,92.009,7.093,58.066,53.279,1694.073,137.977,24.055,81.837,651,60.125,32.282,Warning,1,1
A037,2025-01-10 22:00:00,A037-PMP,Fuel Pump,79.098,2.958,70.218,54.009,1837.496,143.972,23.423,81.791,736,65.523,34.745,Normal,0,1
A037,2025-01-11 02:00:00,A037-PMP,Fuel Pump,76.699,3.52,67.581,54.716,1787.092,142.071,22.588,81.604,660,60.091,23.476,Normal,0,1
A037,2025-01-11 10:00:00,A037-PMP,Fuel Pump,82.716,3.31,70.814,54.357,1762.645,149.755,23.105,81.148,552,81.226,36.93,Warning,1,0
A037,2025-01-11 21:00:00,A037-PMP,Fuel Pump,81.567,2.911,73.978,50.118,1863.83,145.994,23.302,79.924,722,81.004,28.188,Warning,1,0
A037,2025-01-11 22:00:00,A037-PMP,Fuel Pump,82.151,4.051,70.875,52.636,1731.501,147.468,23.347,81.932,511,60.902,21.486,Warning,1,1
A037,2025-01-11 23:00:00,A037-PMP,Fuel Pump,81.859,3.108,71.914,55.516,1917.324,151.059,23.082,82.332,729,72.145,33.35,Warning,1,1
A037,2025-01-12 01:00:00,A037-PMP,Fuel Pump,84.523,3.476,69.886,53.272,1611.338,144.427,24.006,81.958,503,64.522,36.5,Warning,1,0
A037,2025-01-12 04:00:00,A037-PMP,Fuel Pump,80.311,3.362,68.334,56.086,1830.011,142.532,23.551,78.765,725,79.281,30.64,Warning,1,0
A037,2025-01-12 12:00:00,A037-PMP,Fuel Pump,81.614,3.861,67.478,52.003,1869.145,144.059,23.315,85.023,593,87.238,27.124,Warning,1,1
A037,2025-01-12 21:00:00,A037-PMP,Fuel Pump,76.052,3.719,70.055,51.989,1824.925,141.27,23.129,79.255,534,71.09,22.394,Warning,1,0
A037,2025-01-13 01:00:00,A037-PMP,Fuel Pump,83.654,3.864,73.407,57.881,1884.916,148.728,23.271,84.472,425,72.049,33.487,Warning,1,1
A037,2025-01-13 06:00:00,A037-PMP,Fuel Pump,77.197,4.268,69.879,55.465,1778.599,147.223,23.076,79.33,519,61.048,20.191,Warning,1,1
A037,2025-01-13 10:00:00,A037-PMP,Fuel Pump,81.332,3.367,73.546,54.787,1875.554,144.295,22.994,79.392,607,63.74,40.155,Warning,1,0
A037,2025-01-13 22:00:00,A037-PMP,Fuel Pump,81.328,3.749,70.349,52.85,1896.07,145.992,23.04,80.424,618,83.701,37.664,Warning,1,0
A037,2025-01-14 00:00:00,A037-PMP,Fuel Pump,82.143,3.717,65.063,54.865,1705.269,152.125,23.306,83.587,517,68.067,26.623,Warning,1,0
A037,2025-01-14 01:00:00,A037-PMP,Fuel Pump,84.136,3.89,72.132,51.331,1741.128,149.327,23.193,81.024,618,93.088,30.423,Warning,1,1
A037,2025-01-14 10:00:00,A037-PMP,Fuel Pump,80.996,3.68,71.465,52.661,1858.539,139.044,24.032,82.816,495,70.316,31.688,Warning,1,1
A037,2025-01-14 12:00:00,A037-PMP,Fuel Pump,88.236,3.262,68.756,55.133,1771.393,156.5,22.681,81.849,560,75.667,30.779,Warning,1,1
A037,2025-01-14 13:00:00,A037-PMP,Fuel Pump,87.742,4.332,76.608,50.724,1804.683,148.428,22.603,84.175,634,81.213,19.606,Warning,1,0
A037,2025-01-14 17:00:00,A037-PMP,Fuel Pump,83.953,4.336,67.904,51.743,1737.665,150.207,23.031,84.253,503,81.235,21.273,Warning,1,0
A037,2025-01-14 19:00:00,A037-PMP,Fuel Pump,86.236,3.469,70.946,54.613,2023.398,151.735,23.19,83.77,619,79.787,28.105,Warning,1,1
A037,2025-01-14 21:00:00,A037-PMP,Fuel Pump,82.872,3.491,68.715,51.873,1740.451,138.934,22.977,81.402,811,84.903,20.684,Warning,1,0
A037,2025-01-14 22:00:00,A037-PMP,Fuel Pump,85.781,3.906,68.495,51.023,1744.144,143.434,23.634,82.853,759,82.128,28.538,Warning,1,1
A037,2025-01-15 01:00:00,A037-PMP,Fuel Pump,83.034,3.747,71.406,54.795,1806.389,146.495,23.313,84.032,647,68.525,31.159,Warning,1,0
A037,2025-01-15 02:00:00,A037-PMP,Fuel Pump,85.533,4.119,70.973,53.572,1829.526,145.913,22.545,83.482,589,66.505,39.487,Warning,1,0
A037,2025-01-15 04:00:00,A037-PMP,Fuel Pump,84.537,3.779,71.264,52.117,1689.699,152.047,22.926,82.91,787,69.834,25.653,Warning,1,1
A037,2025-01-15 08:00:00,A037-PMP,Fuel Pump,81.191,3.6,61.921,49.768,1742.939,146.173,23.442,80.528,669,80.346,22.74,Warning,1,1
A037,2025-01-15 10:00:00,A037-PMP,Fuel Pump,80.002,3.906,67.478,53.299,1697.844,143.958,22.738,79.395,454,72.397,30.939,Warning,1,0
A037,2025-01-15 19:00:00,A037-PMP,Fuel Pump,82.848,4.391,66.753,55.445,1652.301,142.561,22.911,85.887,524,70.61,22.352,Warning,1,0
A037,2025-01-16 01:00:00,A037-PMP,Fuel Pump,84.733,3.793,68.274,54.799,1861.504,148.395,22.594,81.988,796,82.72,25.022,Warning,1,1
A037,2025-01-16 03:00:00,A037-PMP,Fuel Pump,85.448,3.502,67.5,55.629,1798.182,145.48,23.5,80.725,567,73.155,32.435,Warning,1,0
A037,2025-01-16 09:00:00,A037-PMP,Fuel Pump,87.491,4.16,70.609,51.572,1738.739,145.59,23.188,84.776,498,67.523,30.962,Warning,1,0
A037,2025-01-16 20:00:00,A037-PMP,Fuel Pump,83.255,4.116,69.976,49.412,1836.787,144.333,22.719,81.086,521,85.547,37.706,Warning,1,0
A037,2025-01-16 21:00:00,A037-PMP,Fuel Pump,82.778,3.674,66.49,52.736,1806.681,144.633,23.019,82.823,559,75.625,24.388,Warning,1,1
A037,2025-01-16 22:00:00,A037-PMP,Fuel Pump,90.493,3.43,67.678,52.79,1829.944,144.287,22.65,83.405,548,88.397,33.833,Warning,1,1
A037,2025-01-17 03:00:00,A037-PMP,Fuel Pump,82.661,3.878,71.301,47.537,1906.822,141.969,23.282,81.373,722,80.578,28.115,Warning,1,1
A037,2025-01-17 07:00:00,A037-PMP,Fuel Pump,86.062,3.982,65.704,50.117,1783.844,153.627,22.771,86.211,532,78.362,36.405,Warning,1,1
A037,2025-01-17 09:00:00,A037-PMP,Fuel Pump,83.535,3.805,66.03,54.866,1812.115,147.082,22.264,83.385,496,73.642,32.266,Warning,1,1
A037,2025-01-17 13:00:00,A037-PMP,Fuel Pump,87.449,3.783,70.798,51.474,1830.332,150.594,22.725,84.586,746,87.803,36.319,Warning,1,1
A038,2025-01-01 02:00:00,A038-PMP,Fuel Pump,73.954,2.598,77.409,54.714,1783.301,152.0,23.318,77.253,280,50.691,27.163,Normal,0,0
A038,2025-01-01 05:00:00,A038-PMP,Fuel Pump,73.257,2.756,74.244,54.46,1771.843,145.766,23.916,74.605,246,58.009,24.73,Normal,0,0
A038,2025-01-01 21:00:00,A038-PMP,Fuel Pump,77.033,3.169,75.521,53.746,1811.604,144.458,23.669,76.065,377,53.432,29.266,Normal,0,0
A038,2025-01-02 12:00:00,A038-PMP,Fuel Pump,73.984,2.836,76.814,54.111,1859.568,154.201,23.614,78.16,194,54.598,18.709,Normal,0,0
A038,2025-01-02 14:00:00,A038-PMP,Fuel Pump,75.701,3.086,70.021,50.921,1852.948,142.968,24.214,74.848,230,52.489,34.636,Normal,0,0
A038,2025-01-02 15:00:00,A038-PMP,Fuel Pump,75.486,2.717,71.203,54.725,1833.878,148.707,24.391,73.998,393,59.674,27.851,Normal,0,0
A038,2025-01-02 16:00:00,A038-PMP,Fuel Pump,78.427,2.957,71.093,56.19,1670.231,144.509,23.698,75.529,489,69.254,34.273,Normal,0,1
A038,2025-01-02 17:00:00,A038-PMP,Fuel Pump,70.552,2.597,76.19,56.516,1775.137,147.239,23.936,73.38,236,59.421,29.873,Normal,0,0
A038,2025-01-02 19:00:00,A038-PMP,Fuel Pump,73.691,2.739,76.281,56.712,1675.7,154.752,23.384,78.23,336,61.824,38.237,Normal,0,0
A038,2025-01-03 00:00:00,A038-PMP,Fuel Pump,71.875,3.08,75.759,53.697,1875.91,147.834,24.214,78.416,185,54.963,24.899,Normal,0,0
A038,2025-01-03 02:00:00,A038-PMP,Fuel Pump,80.068,2.273,78.037,55.346,1957.292,144.185,23.771,75.236,330,53.484,37.923,Normal,0,0
A038,2025-01-03 05:00:00,A038-PMP,Fuel Pump,77.473,2.271,77.321,51.926,1808.178,149.929,23.893,77.929,525,58.343,30.258,Normal,0,1
A038,2025-01-03 06:00:00,A038-PMP,Fuel Pump,75.353,2.962,74.534,50.493,1826.732,150.417,23.384,77.787,393,64.234,37.064,Normal,0,1
A038,2025-01-03 09:00:00,A038-PMP,Fuel Pump,74.496,3.097,76.448,54.48,1898.315,153.155,23.696,77.913,506,53.055,11.645,Normal,0,1
A038,2025-01-03 14:00:00,A038-PMP,Fuel Pump,79.445,2.24,76.88,56.889,1777.63,151.078,23.551,77.03,263,69.375,38.859,Normal,0,0
A038,2025-01-03 17:00:00,A038-PMP,Fuel Pump,72.663,2.615,77.53,56.159,1878.068,145.91,24.432,76.429,299,64.041,30.351,Normal,0,0
A038,2025-01-03 19:00:00,A038-PMP,Fuel Pump,76.612,3.312,72.338,56.459,1846.578,152.326,23.621,75.051,498,66.815,39.992,Normal,0,0
A038,2025-01-03 22:00:00,A038-PMP,Fuel Pump,79.11,3.933,71.448,54.639,1743.807,150.008,23.16,77.966,243,68.528,34.383,Normal,0,0
A038,2025-01-04 01:00:00,A038-PMP,Fuel Pump,78.987,3.12,72.069,54.657,1689.131,153.97,23.9,79.783,204,70.434,38.342,Normal,0,0
A038,2025-01-04 02:00:00,A038-PMP,Fuel Pump,76.884,3.639,72.42,54.881,1696.01,150.552,23.765,76.585,475,62.831,38.431,Normal,0,0
A038,2025-01-04 07:00:00,A038-PMP,Fuel Pump,74.488,2.708,75.301,53.965,1702.284,146.897,23.666,77.952,386,67.485,35.434,Normal,0,0
A038,2025-01-04 10:00:00,A038-PMP,Fuel Pump,76.083,2.731,74.188,53.662,1857.71,144.907,23.751,75.31,241,62.844,30.415,Normal,0,0
A038,2025-01-04 14:00:00,A038-PMP,Fuel Pump,79.473,2.527,74.446,51.168,1820.22,151.741,23.425,77.536,519,70.732,22.713,Normal,0,0
A038,2025-01-04 23:00:00,A038-PMP,Fuel Pump,75.765,3.453,72.7,55.38,1880.823,145.741,23.876,79.891,518,55.788,30.321,Normal,0,0
A038,2025-01-05 01:00:00,A038-PMP,Fuel Pump,76.031,3.22,73.264,53.825,1896.116,152.241,23.365,75.424,314,48.847,22.973,Normal,0,0
A038,2025-01-05 02:00:00,A038-PMP,Fuel Pump,77.445,3.377,76.009,50.659,1798.305,149.274,23.903,76.444,459,67.071,27.738,Normal,0,1
A038,2025-01-05 04:00:00,A038-PMP,Fuel Pump,79.608,2.843,71.869,51.387,1876.208,150.407,23.335,81.415,537,67.907,27.928,Normal,0,0
A038,2025-01-05 11:00:00,A038-PMP,Fuel Pump,78.313,2.898,74.479,51.999,1766.954,150.031,23.758,77.671,448,66.389,28.268,Normal,0,0
A038,2025-01-05 15:00:00,A038-PMP,Fuel Pump,74.796,2.925,72.556,52.895,1738.714,151.245,23.279,78.33,469,71.738,30.664,Normal,0,1
A038,2025-01-05 16:00:00,A038-PMP,Fuel Pump,73.511,3.279,74.252,53.189,1719.156,143.85,24.373,75.341,253,57.979,26.1,Normal,0,1
A038,2025-01-05 20:00:00,A038-PMP,Fuel Pump,78.577,3.248,76.637,53.626,1752.752,146.443,23.796,76.145,603,65.371,26.518,Normal,0,0
A038,2025-01-06 00:00:00,A038-PMP,Fuel Pump,77.06,3.341,73.996,51.52,1840.159,148.732,23.903,81.538,496,64.866,38.43,Normal,0,0
A038,2025-01-06 06:00:00,A038-PMP,Fuel Pump,79.156,3.125,76.118,50.233,1689.966,152.798,23.233,78.326,535,77.844,29.439,Normal,0,1
A038,2025-01-06 11:00:00,A038-PMP,Fuel Pump,76.34,3.008,68.621,54.925,1894.759,141.963,23.527,78.537,574,69.748,40.407,Normal,0,0
A038,2025-01-06 14:00:00,A038-PMP,Fuel Pump,81.703,3.096,75.862,57.606,1816.776,145.118,23.211,79.084,516,68.214,36.467,Normal,0,1
A038,2025-01-06 16:00:00,A038-PMP,Fuel Pump,77.67,2.584,71.695,55.539,1756.172,152.675,23.387,77.924,559,61.85,28.781,Normal,0,0
A038,2025-01-07 18:00:00,A038-PMP,Fuel Pump,79.369,2.727,72.072,54.045,1706.795,145.268,23.7,76.849,373,59.68,34.098,Normal,0,0
A038,2025-01-07 19:00:00,A038-PMP,Fuel Pump,78.716,3.45,72.501,54.044,1748.181,147.365,23.867,78.587,608,58.209,23.205,Normal,0,0
A038,2025-01-08 01:00:00,A038-PMP,Fuel Pump,82.713,3.215,73.203,53.555,1918.376,153.402,22.809,79.266,589,78.12,33.173,Normal,0,0
A038,2025-01-08 02:00:00,A038-PMP,Fuel Pump,81.317,3.441,74.435,54.241,1879.856,150.981,23.087,80.104,273,78.326,19.737,Normal,0,0
A038,2025-01-08 05:00:00,A038-PMP,Fuel Pump,77.038,3.317,71.065,53.578,1849.31,138.974,23.239,78.91,576,57.941,35.108,Normal,0,0
A038,2025-01-08 06:00:00,A038-PMP,Fuel Pump,83.057,3.571,70.864,49.969,1679.383,148.427,23.155,77.61,433,74.069,31.699,Warning,1,0
A038,2025-01-08 11:00:00,A038-PMP,Fuel Pump,81.364,3.422,72.155,53.588,1891.638,154.397,23.803,82.511,367,61.702,30.097,Normal,0,0
A038,2025-01-08 12:00:00,A038-PMP,Fuel Pump,79.156,3.216,71.201,49.796,1843.553,147.071,23.743,77.222,313,73.629,31.674,Normal,0,0
A038,2025-01-08 14:00:00,A038-PMP,Fuel Pump,86.136,2.796,68.803,50.007,1827.156,156.952,23.212,78.138,580,68.662,26.599,Normal,0,0
A038,2025-01-08 16:00:00,A038-PMP,Fuel Pump,77.259,2.926,70.407,53.457,1674.636,151.921,23.447,82.554,668,70.623,30.999,Normal,0,0
A038,2025-01-08 17:00:00,A038-PMP,Fuel Pump,79.784,3.0,74.168,53.563,1727.413,144.239,23.478,79.087,623,66.659,26.264,Normal,0,0
A038,2025-01-09 05:00:00,A038-PMP,Fuel Pump,79.291,3.432,72.78,56.327,1764.328,149.562,23.909,81.589,493,73.316,32.896,Normal,0,1
A038,2025-01-09 07:00:00,A038-PMP,Fuel Pump,80.1,2.786,69.333,53.23,1854.535,151.405,23.258,83.817,621,66.439,19.388,Normal,0,0
A038,2025-01-09 09:00:00,A038-PMP,Fuel Pump,80.875,3.763,70.12,49.332,1745.748,140.614,22.938,81.695,563,70.318,26.363,Warning,1,1
A038,2025-01-09 10:00:00,A038-PMP,Fuel Pump,83.582,2.891,70.103,52.37,1583.743,152.048,24.127,79.667,692,73.366,31.035,Warning,1,0
A038,2025-01-09 12:00:00,A038-PMP,Fuel Pump,78.187,3.38,67.03,53.118,1756.548,147.931,23.114,81.937,606,73.756,30.599,Warning,1,0
A038,2025-01-09 18:00:00,A038-PMP,Fuel Pump,78.651,3.567,70.321,52.098,1808.568,145.703,23.906,80.71,672,77.544,35.586,Warning,1,0
A038,2025-01-09 20:00:00,A038-PMP,Fuel Pump,82.429,3.362,72.719,54.291,1846.355,149.343,23.333,80.13,642,74.764,38.639,Warning,1,0
A038,2025-01-09 23:00:00,A038-PMP,Fuel Pump,82.506,3.598,70.262,52.288,1826.787,138.624,24.179,81.758,323,65.028,28.902,Warning,1,0
A038,2025-01-10 04:00:00,A038-PMP,Fuel Pump,79.394,3.004,71.393,54.238,1820.783,146.236,24.067,81.45,449,80.873,21.569,Warning,1,0
A038,2025-01-10 08:00:00,A038-PMP,Fuel Pump,83.759,3.237,70.95,54.993,1652.972,151.263,23.569,81.479,598,82.749,28.365,Warning,1,0
A038,2025-01-10 13:00:00,A038-PMP,Fuel Pump,80.678,3.161,70.576,49.742,1924.828,144.408,23.255,78.833,490,62.129,32.439,Normal,0,1
A038,2025-01-10 21:00:00,A038-PMP,Fuel Pump,82.488,3.559,71.281,55.37,1758.792,153.093,23.017,80.803,561,70.879,27.524,Warning,1,1
A038,2025-01-11 01:00:00,A038-PMP,Fuel Pump,78.572,3.163,71.794,52.32,1831.273,147.485,23.545,81.443,484,76.192,28.693,Warning,1,0
A038,2025-01-11 03:00:00,A038-PMP,Fuel Pump,78.703,4.402,71.9,52.918,1857.001,146.763,22.921,78.707,479,72.998,35.434,Warning,1,1
A038,2025-01-11 04:00:00,A038-PMP,Fuel Pump,79.826,3.817,74.162,52.576,1790.66,146.722,23.136,82.814,605,64.05,34.473,Warning,1,0
A038,2025-01-11 10:00:00,A038-PMP,Fuel Pump,81.383,3.567,71.315,57.365,1914.497,141.612,23.065,81.737,580,73.172,21.104,Warning,1,0
A038,2025-01-11 15:00:00,A038-PMP,Fuel Pump,94.172,7.168,65.581,51.443,1762.895,129.689,23.192,82.776,359,61.977,29.813,Warning,1,1
A038,2025-01-11 22:00:00,A038-PMP,Fuel Pump,84.128,3.523,71.893,53.872,1690.861,142.858,23.325,83.484,659,79.842,33.025,Warning,1,1
A038,2025-01-12 02:00:00,A038-PMP,Fuel Pump,84.373,3.297,67.015,57.088,1920.445,152.208,23.293,80.841,755,70.348,29.272,Warning,1,1
A038,2025-01-12 03:00:00,A038-PMP,Fuel Pump,83.902,3.2,68.573,53.304,1847.52,140.156,23.172,79.885,441,73.111,39.383,Warning,1,0
A038,2025-01-12 13:00:00,A038-PMP,Fuel Pump,75.96,3.981,70.752,50.801,1828.177,146.572,23.191,83.812,637,86.343,38.957,Warning,1,0
A038,2025-01-12 18:00:00,A038-PMP,Fuel Pump,83.09,3.981,66.045,50.434,1905.264,146.697,22.949,80.858,613,71.408,30.274,Warning,1,1
A038,2025-01-12 22:00:00,A038-PMP,Fuel Pump,82.569,4.043,68.022,53.576,1805.452,138.535,22.576,82.962,527,73.818,26.514,Warning,1,1
A038,2025-01-13 00:00:00,A038-PMP,Fuel Pump,80.451,2.929,71.219,53.083,1846.87,149.613,23.657,81.192,758,73.937,28.305,Warning,1,1
A038,2025-01-13 04:00:00,A038-PMP,Fuel Pump,92.001,6.267,62.814,50.435,1849.338,141.39,23.13,81.14,741,60.502,35.065,Warning,1,1
A038,2025-01-13 05:00:00,A038-PMP,Fuel Pump,81.943,3.556,71.59,49.515,1802.132,149.484,23.074,83.723,742,81.357,29.689,Warning,1,1
A038,2025-01-13 11:00:00,A038-PMP,Fuel Pump,84.479,3.557,67.693,54.49,1850.491,149.27,23.629,80.85,507,79.601,29.027,Warning,1,1
A038,2025-01-13 14:00:00,A038-PMP,Fuel Pump,81.883,3.415,68.493,52.783,1950.152,146.703,22.613,83.968,406,91.792,33.02,Warning,1,1
A038,2025-01-13 18:00:00,A038-PMP,Fuel Pump,98.62,6.191,62.964,53.463,1844.497,139.899,22.739,84.466,617,64.105,36.182,Warning,1,1
A038,2025-01-13 20:00:00,A038-PMP,Fuel Pump,84.656,3.722,70.979,51.631,1838.72,145.138,22.95,83.548,730,78.886,31.293,Warning,1,1
A038,2025-01-14 00:00:00,A038-PMP,Fuel Pump,80.414,3.97,72.551,53.757,1790.043,145.62,22.722,80.62,714,60.088,32.24,Warning,1,0
A038,2025-01-14 01:00:00,A038-PMP,Fuel Pump,83.628,4.408,66.405,50.668,1911.225,149.8,22.874,82.01,773,76.872,26.393,Warning,1,1
A038,2025-01-14 03:00:00,A038-PMP,Fuel Pump,96.444,7.2,56.287,52.161,1688.141,137.583,23.495,81.654,713,84.517,35.356,Warning,1,1
A038,2025-01-14 07:00:00,A038-PMP,Fuel Pump,86.506,3.633,70.174,51.78,1716.522,143.894,22.792,83.655,607,79.926,30.061,Warning,1,1
A038,2025-01-14 08:00:00,A038-PMP,Fuel Pump,84.788,3.776,69.673,51.967,1681.088,145.17,23.358,80.791,669,80.738,33.564,Warning,1,1
A038,2025-01-14 16:00:00,A038-PMP,Fuel Pump,81.777,4.118,72.009,51.956,1788.944,144.823,22.945,80.404,600,75.446,35.011,Warning,1,1
A038,2025-01-14 17:00:00,A038-PMP,Fuel Pump,89.27,3.64,70.29,51.609,1899.491,147.814,23.402,85.089,744,83.08,34.006,Warning,1,1
A038,2025-01-14 19:00:00,A038-PMP,Fuel Pump,101.128,6.519,60.494,49.686,1726.726,136.119,22.773,81.471,669,82.781,40.361,Warning,1,1
A038,2025-01-14 21:00:00,A038-PMP,Fuel Pump,85.478,3.665,66.826,52.524,1772.101,151.231,23.228,86.051,537,75.989,29.612,Warning,1,0
A038,2025-01-15 01:00:00,A038-PMP,Fuel Pump,85.539,3.717,69.022,51.759,1782.977,135.152,22.478,85.458,440,67.02,31.182,Warning,1,1
A038,2025-01-15 05:00:00,A038-PMP,Fuel Pump,84.094,4.34,67.431,51.411,1759.855,143.321,22.889,85.452,538,75.308,22.651,Warning,1,1
A038,2025-01-15 06:00:00,A038-PMP,Fuel Pump,82.612,3.507,72.007,48.912,1776.52,149.948,22.579,81.864,785,74.759,33.813,Warning,1,1
A038,2025-01-15 09:00:00,A038-PMP,Fuel Pump,87.221,4.45,66.107,48.634,1697.753,148.039,22.998,78.773,569,82.227,32.663,Warning,1,1
A038,2025-01-15 16:00:00,A038-PMP,Fuel Pump,85.362,3.574,65.619,52.807,1769.393,138.811,23.051,86.242,632,70.864,26.209,Warning,1,0
A038,2025-01-15 17:00:00,A038-PMP,Fuel Pump,86.442,3.924,69.968,56.008,1929.867,143.18,22.813,83.228,606,85.623,30.551,Warning,1,1
A038,2025-01-15 21:00:00,A038-PMP,Fuel Pump,84.344,4.016,68.207,52.449,1870.395,151.499,22.665,84.468,643,79.964,31.109,Warning,1,0
A038,2025-01-16 04:00:00,A038-PMP,Fuel Pump,83.849,4.315,69.488,52.365,1802.785,146.177,22.945,84.426,591,88.47,24.748,Warning,1,0
A038,2025-01-16 10:00:00,A038-PMP,Fuel Pump,84.149,4.828,63.892,52.789,2065.522,140.428,22.901,83.522,822,91.072,30.526,Warning,1,1
A038,2025-01-16 11:00:00,A038-PMP,Fuel Pump,86.86,3.969,67.52,49.114,1649.855,142.18,22.872,86.581,597,83.272,33.138,Warning,1,0
A038,2025-01-16 13:00:00,A038-PMP,Fuel Pump,96.277,7.686,52.292,49.314,1793.321,129.908,23.676,87.206,747,71.006,26.663,Warning,1,1
A038,2025-01-16 22:00:00,A038-PMP,Fuel Pump,87.113,3.758,67.017,54.304,1793.141,147.195,22.407,85.502,597,86.398,29.006,Warning,1,0
A038,2025-01-17 03:00:00,A038-PMP,Fuel Pump,86.407,4.247,72.279,52.893,1797.775,138.853,22.597,88.255,688,76.194,37.36,Warning,1,1
A038,2025-01-17 05:00:00,A038-PMP,Fuel Pump,89.124,4.227,62.965,50.317,1950.204,141.75,22.729,88.139,668,84.324,36.821,Warning,1,1
A038,2025-01-17 06:00:00,A038-PMP,Fuel Pump,87.484,4.279,67.838,54.14,1877.087,144.584,22.746,87.263,625,72.633,28.263,Warning,1,1
A038,2025-01-17 07:00:00,A038-PMP,Fuel Pump,82.814,4.324,68.993,51.112,1815.474,148.599,22.859,83.153,537,88.892,27.808,Warning,1,1
A039,2025-01-01 00:00:00,A039-PMP,Fuel Pump,71.49,2.995,77.534,54.605,1862.021,144.715,23.777,76.784,361,40.804,25.247,Normal,0,0
A039,2025-01-01 03:00:00,A039-PMP,Fuel Pump,68.647,1.815,75.078,55.08,1574.119,152.255,23.802,77.494,321,72.772,38.505,Normal,0,0
A039,2025-01-01 07:00:00,A039-PMP,Fuel Pump,68.848,2.878,79.564,55.696,1824.861,154.431,23.901,77.937,407,39.68,27.874,Normal,0,0
A039,2025-01-01 10:00:00,A039-PMP,Fuel Pump,77.186,2.22,79.426,59.068,1783.135,156.31,23.554,75.36,216,57.977,35.558,Normal,0,1
A039,2025-01-01 15:00:00,A039-PMP,Fuel Pump,74.008,2.16,73.956,53.73,1700.378,153.588,23.979,74.002,225,63.996,26.632,Normal,0,0
A039,2025-01-01 17:00:00,A039-PMP,Fuel Pump,76.651,2.304,72.752,57.134,1876.582,153.421,24.156,77.056,310,43.864,29.425,Normal,0,0
A039,2025-01-01 18:00:00,A039-PMP,Fuel Pump,69.539,2.563,77.006,57.268,1769.365,146.627,24.15,74.366,501,48.778,27.158,Normal,0,0
A039,2025-01-01 19:00:00,A039-PMP,Fuel Pump,90.312,4.789,60.563,55.093,1882.575,128.695,24.033,72.922,206,64.731,27.517,Warning,1,1
A039,2025-01-01 21:00:00,A039-PMP,Fuel Pump,72.729,1.778,74.046,56.307,1770.427,149.394,23.954,75.589,265,48.495,36.424,Normal,0,0
A039,2025-01-01 22:00:00,A039-PMP,Fuel Pump,75.279,2.69,78.053,55.01,1808.754,149.284,24.322,74.45,333,44.726,26.415,Normal,0,0
A039,2025-01-02 06:00:00,A039-PMP,Fuel Pump,73.898,2.848,75.982,55.469,1773.745,155.042,23.94,73.088,276,52.973,29.072,Normal,0,0
A039,2025-01-02 14:00:00,A039-PMP,Fuel Pump,74.888,2.411,76.096,51.503,1725.302,153.299,24.185,75.181,396,45.851,35.344,Normal,0,0
A039,2025-01-02 16:00:00,A039-PMP,Fuel Pump,73.133,2.968,71.172,54.436,1658.497,144.956,23.691,79.403,291,64.281,25.563,Normal,0,0
A039,2025-01-02 23:00:00,A039-PMP,Fuel Pump,76.745,2.924,76.945,52.675,1817.05,149.087,23.271,76.459,202,49.011,32.198,Normal,0,0
A039,2025-01-03 09:00:00,A039-PMP,Fuel Pump,76.781,2.485,77.06,53.62,1672.667,150.406,24.076,75.976,198,58.478,43.815,Normal,0,0
A039,2025-01-03 10:00:00,A039-PMP,Fuel Pump,74.414,2.417,74.588,50.727,1756.647,141.062,24.003,77.297,401,60.132,29.304,Normal,0,0
A039,2025-01-04 00:00:00,A039-PMP,Fuel Pump,69.677,1.957,81.149,57.355,1872.065,150.516,23.783,77.978,432,51.619,28.408,Normal,0,0
A039,2025-01-04 01:00:00,A039-PMP,Fuel Pump,73.669,3.126,74.17,55.139,1976.819,150.66,23.78,74.526,348,61.401,25.221,Normal,0,0
A039,2025-01-04 08:00:00,A039-PMP,Fuel Pump,74.503,3.191,78.971,55.507,1807.542,149.159,23.802,74.748,491,58.648,21.49,Normal,0,0
A039,2025-01-04 16:00:00,A039-PMP,Fuel Pump,73.845,2.774,71.556,55.318,1777.11,150.765,22.735,78.4,422,45.011,30.882,Normal,0,0
A039,2025-01-04 19:00:00,A039-PMP,Fuel Pump,75.789,2.816,77.699,53.612,1831.647,156.541,23.869,73.976,507,56.814,28.234,Normal,0,0
A039,2025-01-04 20:00:00,A039-PMP,Fuel Pump,73.053,2.74,75.972,59.448,1822.54,144.448,23.28,79.0,360,72.241,22.871,Normal,0,0
A039,2025-01-05 05:00:00,A039-PMP,Fuel Pump,71.445,3.096,74.801,54.351,1788.21,154.493,23.364,76.87,515,61.532,34.998,Normal,0,0
A039,2025-01-05 07:00:00,A039-PMP,Fuel Pump,78.758,3.447,76.453,49.413,1759.876,143.769,23.971,75.71,493,62.856,28.167,Normal,0,0
A039,2025-01-05 11:00:00,A039-PMP,Fuel Pump,76.868,2.866,72.868,55.262,1892.855,149.946,24.027,77.917,371,51.317,31.574,Normal,0,0
A039,2025-01-05 13:00:00,A039-PMP,Fuel Pump,75.675,2.528,75.279,52.447,1862.791,144.984,24.355,79.548,210,50.155,30.155,Normal,0,0
A039,2025-01-05 19:00:00,A039-PMP,Fuel Pump,76.702,2.714,79.368,53.818,1623.627,151.364,23.803,76.462,273,59.173,31.748,Normal,0,0
A039,2025-01-05 20:00:00,A039-PMP,Fuel Pump,73.33,2.889,72.699,56.873,1824.612,151.615,22.66,77.868,440,70.342,23.656,Normal,0,0
A039,2025-01-06 04:00:00,A039-PMP,Fuel Pump,72.616,3.035,80.614,51.478,1765.849,152.012,23.587,81.297,387,66.364,17.671,Normal,0,1
A039,2025-01-06 08:00:00,A039-PMP,Fuel Pump,78.417,2.843,74.623,54.556,1830.103,145.787,23.717,76.878,415,50.509,30.542,Normal,0,0
A039,2025-01-06 09:00:00,A039-PMP,Fuel Pump,75.818,2.582,74.432,56.015,1716.788,149.908,23.826,75.91,438,69.025,32.939,Normal,0,0
A039,2025-01-06 17:00:00,A039-PMP,Fuel Pump,76.91,3.171,79.41,55.548,1818.668,147.271,23.795,77.629,633,58.097,31.916,Normal,0,0
A039,2025-01-07 04:00:00,A039-PMP,Fuel Pump,77.675,3.331,73.005,56.733,1714.882,150.319,23.602,79.694,379,56.306,35.339,Normal,0,0
A039,2025-01-07 05:00:00,A039-PMP,Fuel Pump,76.107,4.013,76.398,53.742,1549.454,145.574,23.91,78.196,389,57.6,33.325,Normal,0,0
A039,2025-01-07 11:00:00,A039-PMP,Fuel Pump,75.049,2.877,71.932,54.038,1857.892,143.92,23.612,79.463,280,64.742,22.973,Normal,0,0
A039,2025-01-07 16:00:00,A039-PMP,Fuel Pump,78.988,3.396,74.911,55.16,1793.041,154.844,23.664,80.129,488,67.36,32.59,Normal,0,0
A039,2025-01-07 18:00:00,A039-PMP,Fuel Pump,75.679,2.689,77.394,54.328,1908.839,146.48,24.09,78.398,357,51.651,23.022,Normal,0,0
A039,2025-01-08 03:00:00,A039-PMP,Fuel Pump,78.301,2.815,73.353,53.786,1700.684,149.684,23.547,78.597,414,86.451,24.439,Normal,0,0
A039,2025-01-08 10:00:00,A039-PMP,Fuel Pump,77.524,3.286,74.881,51.545,1756.528,151.341,23.624,77.554,403,59.779,34.002,Normal,0,0
A039,2025-01-08 11:00:00,A039-PMP,Fuel Pump,78.62,2.903,72.234,49.732,1784.054,148.122,23.239,80.712,404,77.855,31.158,Normal,0,0
A039,2025-01-08 17:00:00,A039-PMP,Fuel Pump,78.81,2.594,73.929,55.378,1810.712,147.305,23.879,82.515,575,83.415,29.453,Normal,0,0
A039,2025-01-08 19:00:00,A039-PMP,Fuel Pump,75.501,3.191,75.243,55.18,1752.368,149.022,23.544,80.315,290,78.664,27.802,Normal,0,0
A039,2025-01-08 20:00:00,A039-PMP,Fuel Pump,77.121,3.296,75.63,56.044,1828.641,146.828,23.496,78.719,501,74.426,36.857,Normal,0,1
A039,2025-01-09 03:00:00,A039-PMP,Fuel Pump,78.808,3.014,77.912,53.673,1703.457,148.442,24.021,78.005,393,66.025,36.497,Normal,0,0
A039,2025-01-09 06:00:00,A039-PMP,Fuel Pump,77.032,3.285,72.24,50.994,1619.13,151.05,23.618,83.293,577,63.613,35.791,Normal,0,0
A039,2025-01-09 12:00:00,A039-PMP,Fuel Pump,76.343,2.978,69.789,52.979,1628.005,143.939,23.665,80.529,670,71.991,25.368,Normal,0,0
A039,2025-01-09 13:00:00,A039-PMP,Fuel Pump,76.632,3.162,74.155,53.982,1964.024,149.592,22.926,80.812,429,71.325,33.538,Normal,0,1
A039,2025-01-09 16:00:00,A039-PMP,Fuel Pump,81.089,3.33,75.049,54.543,1634.232,142.627,23.083,77.029,472,74.886,29.82,Normal,0,0
A039,2025-01-09 18:00:00,A039-PMP,Fuel Pump,77.273,3.238,74.965,50.694,1625.276,145.058,23.507,79.862,469,58.286,31.848,Normal,0,0
A039,2025-01-09 19:00:00,A039-PMP,Fuel Pump,76.567,3.755,76.629,53.661,1881.668,146.771,22.908,78.817,649,67.617,32.758,Normal,0,0
A039,2025-01-09 21:00:00,A039-PMP,Fuel Pump,74.154,2.936,69.908,54.033,1670.443,143.502,23.597,83.686,429,57.167,32.797,Normal,0,0
A039,2025-01-09 22:00:00,A039-PMP,Fuel Pump,88.328,5.015,62.601,54.22,1967.464,129.737,23.7,75.102,542,61.216,19.617,Warning,1,0
A039,2025-01-09 23:00:00,A039-PMP,Fuel Pump,79.059,3.259,70.43,54.027,1707.574,145.427,23.528,78.371,714,50.532,30.16,Normal,0,1
A039,2025-01-10 03:00:00,A039-PMP,Fuel Pump,78.622,3.044,72.57,54.841,1789.392,148.642,23.703,82.118,440,65.107,37.499,Normal,0,0
A039,2025-01-10 04:00:00,A039-PMP,Fuel Pump,93.976,6.202,62.951,52.309,1773.751,134.764,23.401,79.135,605,76.892,32.241,Warning,1,1
A039,2025-01-10 07:00:00,A039-PMP,Fuel Pump,77.952,3.039,73.54,57.972,1635.738,151.525,23.713,79.218,333,68.836,18.154,Normal,0,0
A039,2025-01-10 11:00:00,A039-PMP,Fuel Pump,80.169,2.829,67.718,53.683,1759.098,145.563,23.658,82.453,674,73.622,34.566,Normal,0,1
A039,2025-01-10 16:00:00,A039-PMP,Fuel Pump,80.18,2.888,70.495,56.631,1812.96,137.442,23.776,83.375,444,71.021,21.266,Normal,0,0
A039,2025-01-10 20:00:00,A039-PMP,Fuel Pump,80.783,3.362,74.855,54.005,1805.791,145.264,23.605,81.723,434,74.373,35.146,Normal,0,0
A039,2025-01-10 21:00:00,A039-PMP,Fuel Pump,84.324,3.455,76.522,50.272,1808.752,143.264,23.51,80.483,498,62.23,38.808,Normal,0,0
A039,2025-01-11 01:00:00,A039-PMP,Fuel Pump,78.123,3.332,78.628,51.422,1715.81,148.305,23.024,80.919,580,73.186,37.485,Normal,0,0
A039,2025-01-11 03:00:00,A039-PMP,Fuel Pump,80.316,3.555,72.275,53.013,1768.107,149.051,23.594,81.67,703,73.812,27.047,Warning,1,0
A039,2025-01-11 18:00:00,A039-PMP,Fuel Pump,78.393,2.793,71.04,49.892,1981.696,153.362,23.141,81.707,395,67.88,30.472,Normal,0,0
A039,2025-01-11 20:00:00,A039-PMP,Fuel Pump,75.298,3.335,71.174,51.203,1808.507,143.166,23.015,77.346,452,79.621,32.903,Normal,0,0
A039,2025-01-11 22:00:00,A039-PMP,Fuel Pump,77.699,3.362,69.774,52.441,1811.001,145.172,23.64,83.712,481,57.171,29.867,Normal,0,1
A039,2025-01-11 23:00:00,A039-PMP,Fuel Pump,78.103,3.518,72.0,54.141,1919.201,152.717,23.433,84.008,435,58.633,26.74,Normal,0,1
A039,2025-01-12 01:00:00,A039-PMP,Fuel Pump,81.123,3.703,71.59,53.667,1786.281,142.046,23.405,80.708,568,76.671,32.106,Warning,1,0
A039,2025-01-12 04:00:00,A039-PMP,Fuel Pump,79.799,3.551,71.236,51.938,1907.467,150.43,23.021,79.075,433,83.766,27.377,Warning,1,0
A039,2025-01-12 10:00:00,A039-PMP,Fuel Pump,82.862,3.177,72.762,56.152,1779.051,149.407,23.406,84.49,694,61.336,26.93,Normal,0,1
A039,2025-01-12 13:00:00,A039-PMP,Fuel Pump,77.207,3.72,70.933,56.328,1850.261,149.248,23.048,81.728,753,62.75,28.182,Normal,0,1
A039,2025-01-12 16:00:00,A039-PMP,Fuel Pump,77.792,3.518,64.936,53.582,1745.411,147.763,24.132,81.536,506,73.197,39.082,Warning,1,0
A039,2025-01-12 17:00:00,A039-PMP,Fuel Pump,82.188,2.93,74.987,53.834,1781.775,146.785,23.221,78.217,504,71.775,34.021,Normal,0,0
A039,2025-01-12 18:00:00,A039-PMP,Fuel Pump,93.051,4.993,62.63,54.043,1874.887,129.81,23.251,82.398,739,68.289,35.327,Warning,1,0
A039,2025-01-13 00:00:00,A039-PMP,Fuel Pump,80.057,3.731,69.434,53.843,1866.439,148.471,23.098,81.778,716,86.638,35.689,Warning,1,1
A039,2025-01-13 04:00:00,A039-PMP,Fuel Pump,85.105,3.758,69.018,52.858,1707.562,145.205,23.013,83.426,628,65.698,37.067,Warning,1,0
A039,2025-01-13 11:00:00,A039-PMP,Fuel Pump,80.104,3.555,69.504,54.38,1667.736,152.145,23.125,81.711,649,84.915,26.637,Warning,1,1
A039,2025-01-13 23:00:00,A039-PMP,Fuel Pump,98.134,7.251,62.852,51.313,1740.008,139.575,22.512,81.735,443,72.768,36.079,Warning,1,1
A039,2025-01-14 12:00:00,A039-PMP,Fuel Pump,80.756,3.56,72.626,54.719,1788.045,152.312,22.825,79.652,745,60.443,25.731,Warning,1,1
A039,2025-01-14 14:00:00,A039-PMP,Fuel Pump,83.54,4.345,63.906,55.946,1683.144,150.059,22.504,83.571,780,73.077,30.906,Warning,1,1
A039,2025-01-14 15:00:00,A039-PMP,Fuel Pump,95.087,6.004,66.14,51.416,1723.413,139.919,22.436,82.966,576,78.126,34.847,Warning,1,1
A039,2025-01-14 16:00:00,A039-PMP,Fuel Pump,81.674,3.66,68.436,54.951,1793.984,150.525,23.028,80.32,464,63.965,26.759,Warning,1,0
A039,2025-01-14 21:00:00,A039-PMP,Fuel Pump,83.267,3.055,72.84,48.3,1843.795,147.964,22.861,85.34,644,78.049,29.831,Warning,1,1
A039,2025-01-14 22:00:00,A039-PMP,Fuel Pump,79.281,3.484,69.765,54.237,1802.865,145.461,23.057,83.514,615,63.262,20.762,Warning,1,0
A039,2025-01-15 01:00:00,A039-PMP,Fuel Pump,93.682,5.788,63.069,52.464,1986.997,132.111,23.03,84.076,706,89.808,27.842,Warning,1,1
A039,2025-01-15 05:00:00,A039-PMP,Fuel Pump,80.051,3.49,66.633,53.728,1697.592,143.503,22.832,81.636,546,80.613,32.465,Warning,1,1
A039,2025-01-15 09:00:00,A039-PMP,Fuel Pump,82.97,4.546,71.45,51.182,1750.897,149.549,23.533,80.845,791,84.695,38.777,Warning,1,0
A039,2025-01-15 12:00:00,A039-PMP,Fuel Pump,82.401,3.945,74.16,51.86,1878.421,145.594,23.38,85.761,825,75.126,33.951,Warning,1,0
A039,2025-01-15 14:00:00,A039-PMP,Fuel Pump,80.823,3.631,67.776,49.552,1799.424,145.438,23.631,79.145,702,84.934,34.618,Warning,1,0
A039,2025-01-15 21:00:00,A039-PMP,Fuel Pump,81.917,3.943,71.985,51.88,1939.626,141.665,22.415,82.736,772,72.552,27.844,Warning,1,1
A039,2025-01-15 22:00:00,A039-PMP,Fuel Pump,86.472,3.998,67.066,49.604,1946.503,144.26,23.147,85.383,857,91.26,31.882,Warning,1,0
A039,2025-01-16 03:00:00,A039-PMP,Fuel Pump,84.167,3.589,69.729,53.297,1857.594,144.5,22.785,82.251,577,61.844,29.211,Warning,1,0
A039,2025-01-16 07:00:00,A039-PMP,Fuel Pump,83.186,3.457,67.295,52.699,1592.6,146.948,22.672,80.903,798,77.283,17.786,Warning,1,0
A039,2025-01-16 09:00:00,A039-PMP,Fuel Pump,87.584,3.9,68.345,54.283,1792.992,143.565,22.445,86.654,721,68.066,32.811,Warning,1,1
A039,2025-01-16 10:00:00,A039-PMP,Fuel Pump,83.702,3.794,71.006,52.004,1840.955,144.171,22.899,85.151,823,79.346,33.079,Warning,1,0
A039,2025-01-16 12:00:00,A039-PMP,Fuel Pump,81.275,4.446,72.04,53.206,1742.495,144.173,22.744,82.71,503,79.646,32.999,Warning,1,0
A039,2025-01-16 16:00:00,A039-PMP,Fuel Pump,87.593,3.843,68.009,50.181,1911.854,142.611,22.698,82.105,644,95.06,32.462,Warning,1,1
A039,2025-01-16 22:00:00,A039-PMP,Fuel Pump,81.627,3.694,70.857,49.367,1910.204,146.891,22.946,81.313,601,88.891,36.592,Warning,1,0
A039,2025-01-17 01:00:00,A039-PMP,Fuel Pump,80.97,3.891,67.547,52.519,1718.708,144.294,23.148,82.474,615,80.757,32.337,Warning,1,1
A039,2025-01-17 04:00:00,A039-PMP,Fuel Pump,84.892,3.921,66.456,51.283,1723.334,143.969,23.689,84.487,553,92.819,25.407,Warning,1,0
A039,2025-01-17 09:00:00,A039-PMP,Fuel Pump,84.216,4.756,67.176,52.912,1811.171,142.825,22.833,89.434,841,76.098,28.58,Warning,1,1
A039,2025-01-17 10:00:00,A039-PMP,Fuel Pump,82.124,3.738,72.313,49.06,1819.607,138.746,22.248,83.63,607,73.227,38.712,Warning,1,1
A040,2025-01-01 00:00:00,A040-PMP,Fuel Pump,66.638,2.329,81.239,53.202,1743.989,153.639,24.087,77.004,161,43.227,26.916,Normal,0,0
A040,2025-01-01 01:00:00,A040-PMP,Fuel Pump,71.119,2.41,80.122,54.187,1835.385,146.946,23.253,73.666,227,58.14,32.836,Normal,0,0
A040,2025-01-01 04:00:00,A040-PMP,Fuel Pump,73.233,1.979,75.596,55.481,1706.741,144.613,23.971,74.24,277,42.729,31.713,Normal,0,0
A040,2025-01-01 11:00:00,A040-PMP,Fuel Pump,67.305,1.908,78.649,58.316,1762.901,142.066,23.82,77.083,232,53.385,26.118,Normal,0,0
A040,2025-01-01 15:00:00,A040-PMP,Fuel Pump,72.389,1.838,78.961,51.406,1773.038,152.915,24.837,73.889,299,42.496,40.848,Normal,0,0
A040,2025-01-02 05:00:00,A040-PMP,Fuel Pump,71.26,1.919,76.868,54.782,1701.11,143.132,23.678,79.312,195,54.717,27.85,Normal,0,0
A040,2025-01-02 08:00:00,A040-PMP,Fuel Pump,67.594,2.424,79.535,54.607,1863.617,150.067,23.802,78.71,172,65.375,20.268,Normal,0,0
A040,2025-01-02 09:00:00,A040-PMP,Fuel Pump,80.059,2.189,76.401,54.694,1962.907,156.869,24.932,77.834,287,34.124,26.406,Normal,0,0
A040,2025-01-02 10:00:00,A040-PMP,Fuel Pump,68.132,2.003,79.803,58.365,1914.652,151.426,23.78,76.03,184,51.17,25.076,Normal,0,0
A040,2025-01-03 06:00:00,A040-PMP,Fuel Pump,71.564,2.57,78.02,59.598,1771.071,156.614,23.269,77.947,250,43.476,42.042,Normal,0,0
A040,2025-01-03 09:00:00,A040-PMP,Fuel Pump,74.337,2.465,75.437,53.322,1809.849,135.837,24.211,74.317,247,60.809,23.023,Normal,0,0
A040,2025-01-03 14:00:00,A040-PMP,Fuel Pump,71.314,2.173,73.968,51.394,1694.238,153.0,23.942,79.585,482,42.633,34.17,Normal,0,0
A040,2025-01-03 21:00:00,A040-PMP,Fuel Pump,73.271,2.101,80.608,52.008,1932.508,157.074,23.937,78.258,423,44.306,36.967,Normal,0,0
A040,2025-01-04 05:00:00,A040-PMP,Fuel Pump,71.434,2.492,77.732,57.053,1864.908,144.428,23.461,75.507,343,53.327,33.704,Normal,0,0
A040,2025-01-04 08:00:00,A040-PMP,Fuel Pump,73.524,1.964,80.592,57.065,1805.295,151.218,23.583,77.303,566,52.792,35.195,Normal,0,0
A040,2025-01-04 13:00:00,A040-PMP,Fuel Pump,72.901,1.853,75.18,53.6,1720.143,142.697,24.108,76.094,432,34.851,23.57,Normal,0,0
A040,2025-01-04 15:00:00,A040-PMP,Fuel Pump,70.723,2.742,77.627,52.316,1930.37,149.648,23.308,78.021,452,58.448,33.227,Normal,0,1
A040,2025-01-04 17:00:00,A040-PMP,Fuel Pump,73.479,2.839,76.818,58.794,1963.295,145.998,23.637,79.075,507,53.407,30.344,Normal,0,0
A040,2025-01-04 21:00:00,A040-PMP,Fuel Pump,73.465,2.999,83.474,51.792,1777.175,151.052,23.648,76.828,272,56.554,33.309,Normal,0,0
A040,2025-01-05 00:00:00,A040-PMP,Fuel Pump,75.362,2.093,79.894,58.029,1689.167,143.173,23.242,77.138,570,58.389,32.186,Normal,0,0
A040,2025-01-05 19:00:00,A040-PMP,Fuel Pump,70.649,2.385,71.556,55.262,1641.446,145.982,23.545,78.892,548,53.619,29.859,Normal,0,0
A040,2025-01-06 02:00:00,A040-PMP,Fuel Pump,75.751,1.861,78.347,50.61,1705.09,148.966,23.891,79.69,562,57.274,32.805,Normal,0,0
A040,2025-01-06 04:00:00,A040-PMP,Fuel Pump,79.055,2.961,75.517,53.392,1709.081,141.853,23.363,78.625,241,64.048,17.021,Normal,0,1
A040,2025-01-06 06:00:00,A040-PMP,Fuel Pump,72.222,1.948,78.786,53.247,1785.327,155.026,23.2,77.167,344,56.901,32.884,Normal,0,0
A040,2025-01-06 15:00:00,A040-PMP,Fuel Pump,71.811,2.799,80.661,53.167,1894.623,139.907,23.904,75.094,576,51.833,30.533,Normal,0,0
A040,2025-01-06 19:00:00,A040-PMP,Fuel Pump,72.165,2.735,81.09,54.89,1851.577,147.676,23.297,78.486,297,55.403,27.683,Normal,0,0
A040,2025-01-07 03:00:00,A040-PMP,Fuel Pump,75.089,2.906,77.716,53.129,1836.948,145.926,23.751,82.057,393,64.008,31.552,Normal,0,0
A040,2025-01-07 06:00:00,A040-PMP,Fuel Pump,75.979,2.295,78.373,51.941,1826.018,146.019,23.145,77.492,281,58.039,35.43,Normal,0,0
A040,2025-01-07 13:00:00,A040-PMP,Fuel Pump,79.088,2.444,76.957,55.759,1777.459,151.276,23.504,76.077,319,52.451,27.72,Normal,0,0
A040,2025-01-07 14:00:00,A040-PMP,Fuel Pump,78.875,2.334,82.442,51.578,1895.898,152.556,23.096,76.513,424,54.553,20.847,Normal,0,0
A040,2025-01-07 17:00:00,A040-PMP,Fuel Pump,75.682,2.799,74.258,52.762,1667.784,155.511,23.474,79.341,470,62.338,27.525,Normal,0,0
A040,2025-01-07 18:00:00,A040-PMP,Fuel Pump,74.258,2.82,72.126,53.497,1666.105,140.761,23.269,77.717,561,66.05,33.457,Normal,0,0
A040,2025-01-07 19:00:00,A040-PMP,Fuel Pump,74.309,2.585,76.036,57.599,1818.538,146.677,23.416,78.959,379,61.439,23.112,Normal,0,0
A040,2025-01-07 20:00:00,A040-PMP,Fuel Pump,73.721,2.415,75.599,55.419,1980.303,141.717,23.605,79.816,417,50.121,23.24,Normal,0,0
A040,2025-01-08 04:00:00,A040-PMP,Fuel Pump,74.19,2.868,80.549,53.378,1875.28,141.614,23.655,77.62,297,63.917,35.65,Normal,0,1
A040,2025-01-08 16:00:00,A040-PMP,Fuel Pump,71.934,2.519,77.035,53.445,1827.705,148.587,23.53,78.913,297,66.456,25.701,Normal,0,1
A040,2025-01-08 18:00:00,A040-PMP,Fuel Pump,77.766,1.998,77.5,54.666,1933.123,150.045,22.805,80.675,550,53.235,28.923,Normal,0,1
A040,2025-01-08 19:00:00,A040-PMP,Fuel Pump,79.875,2.977,76.272,52.739,1971.442,148.997,23.34,82.902,424,75.344,22.364,Normal,0,0
A040,2025-01-08 20:00:00,A040-PMP,Fuel Pump,78.232,2.541,75.919,51.364,1978.954,140.99,22.82,79.808,418,59.971,34.444,Normal,0,0
A040,2025-01-09 01:00:00,A040-PMP,Fuel Pump,80.014,2.392,76.477,55.63,1729.329,138.189,23.837,80.522,480,56.752,33.322,Normal,0,0
A040,2025-01-09 03:00:00,A040-PMP,Fuel Pump,74.466,2.431,76.376,51.797,1680.42,143.197,23.677,80.394,625,53.961,24.154,Normal,0,0
A040,2025-01-09 11:00:00,A040-PMP,Fuel Pump,74.745,3.07,72.846,52.599,1713.24,144.517,22.938,81.074,484,50.516,33.205,Normal,0,0
A040,2025-01-09 12:00:00,A040-PMP,Fuel Pump,77.708,3.053,78.2,50.027,1832.817,141.601,23.053,81.993,312,52.088,29.233,Normal,0,1
A040,2025-01-09 14:00:00,A040-PMP,Fuel Pump,75.104,2.851,73.698,53.546,1874.297,145.927,22.855,82.216,631,62.895,33.449,Normal,0,0
A040,2025-01-09 17:00:00,A040-PMP,Fuel Pump,77.467,2.404,73.766,52.762,1733.447,148.342,23.318,74.863,529,84.655,31.813,Normal,0,1
A040,2025-01-10 05:00:00,A040-PMP,Fuel Pump,75.236,3.244,76.023,55.78,1751.245,151.679,23.542,80.055,350,66.99,32.256,Normal,0,0
A040,2025-01-10 08:00:00,A040-PMP,Fuel Pump,75.566,3.026,72.347,54.098,1645.726,152.421,22.911,79.029,507,55.763,34.636,Normal,0,0
A040,2025-01-10 12:00:00,A040-PMP,Fuel Pump,77.846,2.912,73.184,52.9,1612.923,145.222,23.631,81.448,726,62.945,31.88,Normal,0,1
A040,2025-01-10 15:00:00,A040-PMP,Fuel Pump,77.076,2.476,73.039,54.521,1703.463,148.961,23.106,79.451,653,57.66,32.577,Normal,0,0
A040,2025-01-10 16:00:00,A040-PMP,Fuel Pump,74.597,3.146,75.24,53.522,1745.23,153.124,23.398,80.068,505,63.325,30.944,Normal,0,1
A040,2025-01-10 22:00:00,A040-PMP,Fuel Pump,75.46,2.747,77.132,51.29,1804.977,146.769,22.984,81.92,725,51.517,31.232,Normal,0,0
A040,2025-01-11 01:00:00,A040-PMP,Fuel Pump,80.284,2.992,71.469,50.149,1732.38,147.398,23.483,80.896,559,70.465,26.801,Normal,0,1
A040,2025-01-11 02:00:00,A040-PMP,Fuel Pump,75.499,3.712,74.876,54.401,1816.344,144.155,23.838,83.372,533,69.894,24.662,Normal,0,0
A040,2025-01-11 06:00:00,A040-PMP,Fuel Pump,77.875,3.106,77.588,51.299,1717.68,137.922,23.721,82.263,500,55.413,29.431,Normal,0,0
A040,2025-01-11 09:00:00,A040-PMP,Fuel Pump,75.451,3.031,72.935,49.875,1752.336,145.993,22.841,80.935,563,52.176,25.678,Normal,0,1
A040,2025-01-11 11:00:00,A040-PMP,Fuel Pump,76.585,2.274,72.004,52.923,1878.663,144.634,23.279,83.353,749,68.649,37.382,Normal,0,0
A040,2025-01-11 12:00:00,A040-PMP,Fuel Pump,75.019,2.998,76.149,53.644,1669.943,152.652,23.45,78.606,365,54.618,32.502,Normal,0,0
A040,2025-01-11 13:00:00,A040-PMP,Fuel Pump,76.752,3.24,75.71,50.99,1756.08,143.601,22.924,80.734,542,55.427,25.56,Normal,0,0
A040,2025-01-11 14:00:00,A040-PMP,Fuel Pump,75.886,3.366,78.309,54.487,2004.064,147.759,23.509,83.047,441,60.698,27.344,Normal,0,1
A040,2025-01-11 21:00:00,A040-PMP,Fuel Pump,84.433,3.387,77.721,54.414,1918.613,148.185,23.658,78.819,425,67.976,32.629,Normal,0,1
A040,2025-01-11 23:00:00,A040-PMP,Fuel Pump,78.623,4.071,76.428,51.526,1855.392,148.288,23.287,86.239,560,69.445,31.251,Normal,0,1
A040,2025-01-12 01:00:00,A040-PMP,Fuel Pump,78.42,2.779,73.595,50.156,1796.147,146.56,22.89,79.594,604,58.257,38.81,Normal,0,0
A040,2025-01-12 03:00:00,A040-PMP,Fuel Pump,81.51,3.127,74.653,50.393,1805.466,147.061,22.835,81.193,762,55.944,29.268,Normal,0,0
A040,2025-01-12 04:00:00,A040-PMP,Fuel Pump,75.581,2.803,72.67,50.168,1900.511,144.905,23.306,79.968,598,71.317,28.217,Normal,0,0
A040,2025-01-12 05:00:00,A040-PMP,Fuel Pump,79.222,3.076,77.039,49.757,1772.198,148.53,23.056,81.283,423,79.611,20.787,Normal,0,0
A040,2025-01-12 06:00:00,A040-PMP,Fuel Pump,79.155,2.499,71.379,53.339,1838.102,140.616,23.902,77.25,556,63.182,30.175,Normal,0,1
A040,2025-01-12 10:00:00,A040-PMP,Fuel Pump,79.86,3.318,77.684,51.479,1742.336,148.045,22.803,80.222,587,67.082,35.588,Normal,0,0
A040,2025-01-12 13:00:00,A040-PMP,Fuel Pump,77.669,3.453,73.917,52.396,1845.049,144.982,23.419,80.646,674,58.041,33.318,Normal,0,0
A040,2025-01-12 16:00:00,A040-PMP,Fuel Pump,92.488,5.296,60.62,53.268,1734.935,126.79,22.871,84.354,702,67.348,27.548,Warning,1,1
A040,2025-01-12 23:00:00,A040-PMP,Fuel Pump,86.148,4.922,62.339,56.605,1961.201,135.528,23.189,84.069,620,63.857,25.74,Warning,1,0
A040,2025-01-13 00:00:00,A040-PMP,Fuel Pump,79.84,3.031,70.728,53.609,1772.601,145.101,22.587,80.088,496,78.073,33.886,Normal,0,1
A040,2025-01-13 01:00:00,A040-PMP,Fuel Pump,81.324,2.737,74.869,54.677,1800.702,144.533,23.491,81.34,633,63.07,29.593,Normal,0,1
A040,2025-01-13 14:00:00,A040-PMP,Fuel Pump,77.549,2.981,76.826,54.917,1703.765,150.345,23.242,81.065,704,66.033,37.138,Normal,0,0
A040,2025-01-13 23:00:00,A040-PMP,Fuel Pump,80.788,2.821,72.032,48.225,1758.019,137.942,23.385,82.192,560,69.173,26.774,Normal,0,0
A040,2025-01-14 01:00:00,A040-PMP,Fuel Pump,76.656,3.297,74.879,53.2,1801.033,148.029,22.92,82.982,604,59.495,20.072,Normal,0,0
A040,2025-01-14 04:00:00,A040-PMP,Fuel Pump,75.816,3.44,77.115,51.661,1943.55,146.315,23.026,79.374,739,70.448,29.438,Normal,0,0
A040,2025-01-14 05:00:00,A040-PMP,Fuel Pump,81.62,2.602,72.813,49.301,1891.371,144.417,23.097,86.514,793,68.257,33.498,Normal,0,0
A040,2025-01-14 07:00:00,A040-PMP,Fuel Pump,79.71,3.487,67.999,53.128,1856.224,139.967,23.389,82.263,696,60.24,33.389,Normal,0,0
A040,2025-01-14 12:00:00,A040-PMP,Fuel Pump,77.453,2.825,71.791,52.345,1911.765,139.15,22.928,80.384,618,68.615,32.773,Normal,0,1
A040,2025-01-14 15:00:00,A040-PMP,Fuel Pump,85.247,2.963,75.525,54.294,1959.438,151.436,22.656,86.073,735,58.049,22.883,Normal,0,0
A040,2025-01-14 16:00:00,A040-PMP,Fuel Pump,77.208,3.388,71.749,49.054,1822.053,146.766,22.702,82.458,704,59.573,25.523,Normal,0,0
A040,2025-01-16 02:00:00,A040-PMP,Fuel Pump,82.127,4.039,71.846,53.148,1668.063,148.468,22.859,85.249,681,71.156,34.431,Warning,1,1
A040,2025-01-16 04:00:00,A040-PMP,Fuel Pump,83.172,3.41,73.7,54.477,1791.191,141.388,22.373,83.301,628,68.154,32.569,Warning,1,1
A040,2025-01-16 06:00:00,A040-PMP,Fuel Pump,81.734,2.894,74.383,54.597,1699.055,150.646,23.093,82.669,847,64.131,36.058,Normal,0,1
A040,2025-01-16 10:00:00,A040-PMP,Fuel Pump,82.706,3.416,75.885,50.671,1896.126,144.09,22.986,83.153,739,56.975,28.547,Normal,0,1
A040,2025-01-16 13:00:00,A040-PMP,Fuel Pump,81.154,3.906,72.756,50.392,1931.894,147.598,22.831,83.818,646,68.885,31.136,Warning,1,1
A040,2025-01-16 15:00:00,A040-PMP,Fuel Pump,81.762,3.465,68.449,56.275,1862.982,145.323,23.375,80.715,703,66.069,29.7,Warning,1,1
A040,2025-01-16 22:00:00,A040-PMP,Fuel Pump,80.201,3.775,72.096,54.497,1732.866,143.8,23.289,85.119,629,73.986,30.494,Warning,1,0
A040,2025-01-16 23:00:00,A040-PMP,Fuel Pump,84.017,3.451,73.309,50.306,1798.444,145.73,23.041,83.569,631,75.105,33.521,Warning,1,0
A040,2025-01-17 00:00:00,A040-PMP,Fuel Pump,82.422,3.235,74.497,54.034,1851.421,148.015,23.25,85.77,874,77.507,35.945,Warning,1,0
A040,2025-01-17 02:00:00,A040-PMP,Fuel Pump,85.16,3.543,71.841,49.845,1685.746,144.091,23.344,83.469,765,67.816,27.856,Warning,1,1
A040,2025-01-17 04:00:00,A040-PMP,Fuel Pump,79.646,3.808,76.189,50.944,1912.624,146.834,22.592,80.006,879,74.396,26.47,Warning,1,0
A040,2025-01-17 06:00:00,A040-PMP,Fuel Pump,97.033,5.443,66.579,49.211,1818.036,131.735,22.923,86.252,780,70.051,28.517,Warning,1,1
A040,2025-01-17 08:00:00,A040-PMP,Fuel Pump,81.36,3.629,70.656,51.684,1777.596,148.819,22.56,83.622,593,68.24,30.551,Warning,1,0
A040,2025-01-17 14:00:00,A040-PMP,Fuel Pump,85.865,4.112,71.246,49.77,1787.989,148.32,23.39,81.747,836,82.878,32.597,Warning,1,1
A041,2025-01-01 02:00:00,A041-PMP,Fuel Pump,68.67,2.341,80.32,56.575,1889.481,150.48,24.135,75.918,144,43.266,29.635,Normal,0,0
A041,2025-01-01 14:00:00,A041-PMP,Fuel Pump,69.97,2.052,77.223,55.657,1838.147,142.974,23.577,75.366,316,41.586,26.278,Normal,0,0
A041,2025-01-01 15:00:00,A041-PMP,Fuel Pump,68.879,2.655,76.777,50.863,1801.016,149.241,23.576,75.636,135,43.719,35.187,Normal,0,0
A041,2025-01-01 16:00:00,A041-PMP,Fuel Pump,73.43,2.445,78.208,52.875,1725.386,149.304,23.727,75.485,369,51.259,34.454,Normal,0,0
A041,2025-01-01 21:00:00,A041-PMP,Fuel Pump,73.458,2.098,74.73,54.801,1828.138,148.612,23.723,75.882,186,51.656,24.71,Normal,0,0
A041,2025-01-02 02:00:00,A041-PMP,Fuel Pump,66.615,2.004,77.775,56.822,1701.736,149.287,23.489,75.507,313,51.527,34.018,Normal,0,0
A041,2025-01-02 04:00:00,A041-PMP,Fuel Pump,68.098,2.544,76.625,58.192,1762.334,151.094,24.249,80.454,395,47.72,22.18,Normal,0,0
A041,2025-01-02 07:00:00,A041-PMP,Fuel Pump,72.077,2.243,70.517,54.153,1640.035,153.485,24.017,75.845,518,54.986,30.832,Normal,0,0
A041,2025-01-02 17:00:00,A041-PMP,Fuel Pump,71.562,2.135,75.836,55.694,1763.055,159.473,23.819,77.998,186,51.003,26.22,Normal,0,0
A041,2025-01-02 18:00:00,A041-PMP,Fuel Pump,71.523,2.407,74.509,55.232,1750.393,149.847,23.976,74.625,529,47.181,25.277,Normal,0,1
A041,2025-01-02 19:00:00,A041-PMP,Fuel Pump,66.044,2.341,82.477,55.996,1767.762,149.749,24.028,77.888,274,48.499,32.64,Normal,0,0
A041,2025-01-02 20:00:00,A041-PMP,Fuel Pump,77.769,2.011,79.775,59.189,1767.249,152.113,23.9,74.557,336,51.493,29.409,Normal,0,0
A041,2025-01-03 08:00:00,A041-PMP,Fuel Pump,74.352,2.323,82.704,53.35,1734.734,150.659,23.931,78.929,541,48.44,37.385,Normal,0,0
A041,2025-01-03 13:00:00,A041-PMP,Fuel Pump,69.889,2.357,81.882,52.1,1797.606,147.826,24.186,78.554,322,56.367,26.752,Normal,0,0
A041,2025-01-03 16:00:00,A041-PMP,Fuel Pump,73.612,2.493,77.498,55.165,1851.863,146.708,23.47,71.925,329,48.634,34.407,Normal,0,0
A041,2025-01-03 19:00:00,A041-PMP,Fuel Pump,68.311,2.985,79.327,48.845,1922.093,154.194,23.784,75.863,465,56.24,30.359,Normal,0,0
A041,2025-01-04 02:00:00,A041-PMP,Fuel Pump,75.508,2.169,79.575,51.529,1568.095,147.491,23.935,78.164,309,71.628,29.609,Normal,0,1
A041,2025-01-04 03:00:00,A041-PMP,Fuel Pump,71.553,1.842,77.187,57.883,1796.178,149.205,23.479,77.122,446,52.219,27.009,Normal,0,0
A041,2025-01-04 04:00:00,A041-PMP,Fuel Pump,77.836,3.006,77.213,52.695,1830.316,147.197,24.003,78.795,484,45.728,34.19,Normal,0,0
A041,2025-01-04 07:00:00,A041-PMP,Fuel Pump,69.441,2.381,75.75,55.769,2011.354,155.6,24.0,76.587,392,52.006,30.44,Normal,0,0
A041,2025-01-04 09:00:00,A041-PMP,Fuel Pump,70.465,2.09,78.27,53.188,1717.358,147.834,23.623,74.164,525,48.785,36.455,Normal,0,0
A041,2025-01-04 18:00:00,A041-PMP,Fuel Pump,77.562,2.614,77.889,53.861,1738.963,149.424,24.158,76.428,426,53.536,40.578,Normal,0,0
A041,2025-01-04 23:00:00,A041-PMP,Fuel Pump,74.356,2.448,76.543,55.13,1838.698,155.805,23.434,80.217,517,71.435,36.901,Normal,0,0
A041,2025-01-05 13:00:00,A041-PMP,Fuel Pump,70.481,2.404,79.041,54.769,1938.671,146.995,24.165,77.89,478,54.888,37.406,Normal,0,0
A041,2025-01-05 16:00:00,A041-PMP,Fuel Pump,73.041,2.69,78.749,54.701,1683.174,145.284,23.394,80.622,427,56.931,33.896,Normal,0,0
A041,2025-01-05 22:00:00,A041-PMP,Fuel Pump,75.446,2.904,80.498,52.714,1771.86,155.788,23.835,79.274,381,49.178,22.935,Normal,0,0
A041,2025-01-05 23:00:00,A041-PMP,Fuel Pump,79.186,2.548,78.31,53.367,1773.439,150.062,23.932,76.673,516,43.471,30.474,Normal,0,0
A041,2025-01-06 10:00:00,A041-PMP,Fuel Pump,77.198,2.451,78.664,53.072,1842.038,145.866,23.655,76.776,316,62.484,29.708,Normal,0,0
A041,2025-01-06 17:00:00,A041-PMP,Fuel Pump,74.42,3.403,77.387,52.567,1726.688,150.19,22.966,79.004,380,57.071,32.184,Normal,0,0
A041,2025-01-06 18:00:00,A041-PMP,Fuel Pump,72.256,3.175,79.608,53.12,1868.777,144.424,23.361,74.5,372,55.319,34.685,Normal,0,0
A041,2025-01-06 22:00:00,A041-PMP,Fuel Pump,72.987,2.358,75.37,53.467,1911.224,142.332,23.066,80.44,319,62.856,41.758,Normal,0,1
A041,2025-01-07 08:00:00,A041-PMP,Fuel Pump,89.403,4.564,63.655,53.882,1789.955,139.665,23.858,80.647,570,58.429,36.28,Warning,1,1
A041,2025-01-07 13:00:00,A041-PMP,Fuel Pump,79.055,2.856,79.777,54.028,1739.739,147.871,23.389,79.059,413,50.842,28.873,Normal,0,0
A041,2025-01-07 17:00:00,A041-PMP,Fuel Pump,75.931,2.732,76.921,53.37,1779.77,152.105,22.94,80.612,543,46.226,32.343,Normal,0,0
A041,2025-01-07 22:00:00,A041-PMP,Fuel Pump,76.418,2.911,73.58,54.372,1820.66,143.998,23.615,80.403,622,76.293,31.265,Normal,0,0
A041,2025-01-08 04:00:00,A041-PMP,Fuel Pump,74.097,2.722,73.538,52.595,1632.959,150.059,23.162,78.169,593,62.185,23.765,Normal,0,0
A041,2025-01-08 06:00:00,A041-PMP,Fuel Pump,78.121,2.246,76.793,51.97,1912.605,144.464,23.086,79.396,518,53.289,30.686,Normal,0,0
A041,2025-01-08 10:00:00,A041-PMP,Fuel Pump,76.605,2.414,71.614,53.256,1892.008,139.055,22.948,78.758,486,49.96,30.825,Normal,0,0
A041,2025-01-08 12:00:00,A041-PMP,Fuel Pump,77.618,2.77,69.871,51.111,1801.313,150.242,23.45,77.938,344,49.527,20.794,Normal,0,1
A041,2025-01-08 15:00:00,A041-PMP,Fuel Pump,71.076,2.884,77.928,54.085,1674.768,151.635,23.614,77.268,304,40.363,30.243,Normal,0,0
A041,2025-01-09 05:00:00,A041-PMP,Fuel Pump,73.948,3.269,79.317,52.279,1756.054,144.533,22.906,78.849,678,56.715,35.969,Normal,0,0
A041,2025-01-09 07:00:00,A041-PMP,Fuel Pump,85.283,4.417,67.603,58.059,1857.981,141.168,22.758,79.902,475,47.099,34.548,Warning,1,0
A041,2025-01-09 11:00:00,A041-PMP,Fuel Pump,82.037,3.033,73.047,51.164,1834.548,159.077,23.833,82.218,380,46.327,27.354,Normal,0,0
A041,2025-01-09 19:00:00,A041-PMP,Fuel Pump,75.455,2.978,72.334,50.632,1824.366,145.469,23.639,80.91,573,58.637,30.064,Normal,0,0
A041,2025-01-09 20:00:00,A041-PMP,Fuel Pump,79.346,3.158,74.38,54.338,1853.028,146.676,23.523,80.104,526,58.355,31.58,Normal,0,0
A041,2025-01-09 22:00:00,A041-PMP,Fuel Pump,77.97,2.719,74.906,52.119,1891.686,145.045,22.921,81.357,586,60.064,34.97,Normal,0,1
A041,2025-01-10 01:00:00,A041-PMP,Fuel Pump,75.706,3.325,74.697,52.141,1832.889,148.888,22.661,79.118,580,53.283,37.568,Normal,0,0
A041,2025-01-10 04:00:00,A041-PMP,Fuel Pump,94.271,4.815,68.186,52.454,1733.804,136.36,22.82,79.098,606,51.117,37.716,Warning,1,0
A041,2025-01-10 06:00:00,A041-PMP,Fuel Pump,76.517,3.249,72.366,53.273,1708.429,149.034,23.412,81.663,640,60.771,25.734,Normal,0,0
A041,2025-01-10 10:00:00,A041-PMP,Fuel Pump,79.446,2.876,72.113,53.469,1991.659,141.522,22.839,78.716,354,54.936,29.101,Normal,0,0
A041,2025-01-10 13:00:00,A041-PMP,Fuel Pump,77.573,3.052,71.787,53.275,1854.068,148.081,23.163,79.14,661,58.288,25.043,Normal,0,1
A041,2025-01-10 22:00:00,A041-PMP,Fuel Pump,77.709,3.372,75.708,50.929,1828.939,141.072,23.628,81.424,400,57.078,27.602,Normal,0,0
A041,2025-01-11 15:00:00,A041-PMP,Fuel Pump,77.859,3.33,76.162,53.921,1879.965,145.104,22.872,82.466,585,86.048,37.456,Normal,0,0
A041,2025-01-11 18:00:00,A041-PMP,Fuel Pump,82.155,3.304,75.824,54.171,1791.484,145.971,22.774,81.369,423,68.406,26.449,Normal,0,1
A041,2025-01-12 01:00:00,A041-PMP,Fuel Pump,97.238,7.336,66.154,52.098,1919.59,137.937,22.761,80.695,520,64.548,28.462,Warning,1,1
A041,2025-01-12 09:00:00,A041-PMP,Fuel Pump,75.291,2.346,74.921,53.36,1778.185,148.486,23.599,81.411,623,68.238,27.949,Normal,0,0
A041,2025-01-12 10:00:00,A041-PMP,Fuel Pump,79.541,3.225,74.129,55.397,1759.082,143.235,23.409,84.913,499,61.241,24.391,Normal,0,0
A041,2025-01-12 11:00:00,A041-PMP,Fuel Pump,84.086,3.545,74.747,51.637,1766.428,141.949,23.307,80.699,576,69.327,33.592,Normal,0,1
A041,2025-01-12 13:00:00,A041-PMP,Fuel Pump,80.28,2.494,71.95,55.981,1760.455,141.926,23.155,84.289,487,64.168,25.675,Normal,0,0
A041,2025-01-12 14:00:00,A041-PMP,Fuel Pump,75.243,3.141,70.105,52.626,1916.747,141.304,22.878,85.591,482,65.967,23.983,Normal,0,0
A041,2025-01-12 15:00:00,A041-PMP,Fuel Pump,88.524,6.639,61.221,54.127,1783.256,136.491,22.598,85.459,439,55.094,21.06,Warning,1,1
A041,2025-01-12 19:00:00,A041-PMP,Fuel Pump,72.16,3.316,72.343,52.236,1757.108,152.887,23.477,84.701,384,55.658,38.144,Normal,0,0
A041,2025-01-12 20:00:00,A041-PMP,Fuel Pump,76.351,2.774,73.348,50.667,1775.095,147.311,23.273,84.215,404,62.252,33.785,Normal,0,0
A041,2025-01-13 06:00:00,A041-PMP,Fuel Pump,81.05,3.641,74.256,48.765,1739.27,153.586,22.861,85.136,467,63.573,25.029,Normal,0,0
A041,2025-01-13 09:00:00,A041-PMP,Fuel Pump,81.152,3.146,75.96,52.839,1797.744,139.617,23.433,82.828,459,69.861,37.499,Normal,0,0
A041,2025-01-13 11:00:00,A041-PMP,Fuel Pump,80.391,3.699,78.491,53.883,1789.024,142.756,23.283,83.622,568,62.558,33.05,Normal,0,0
A041,2025-01-13 14:00:00,A041-PMP,Fuel Pump,78.921,2.971,73.602,50.718,1797.275,141.546,22.915,82.559,640,65.407,30.351,Normal,0,0
A041,2025-01-13 20:00:00,A041-PMP,Fuel Pump,79.519,2.441,72.428,53.437,1757.491,147.28,23.171,81.157,791,56.387,31.592,Normal,0,1
A041,2025-01-13 23:00:00,A041-PMP,Fuel Pump,80.609,3.206,68.737,56.821,1816.093,150.028,23.315,81.78,800,71.923,36.253,Normal,0,0
A041,2025-01-14 04:00:00,A041-PMP,Fuel Pump,79.465,3.632,73.09,51.691,1731.356,150.317,23.281,82.172,744,65.682,31.987,Normal,0,0
A041,2025-01-14 11:00:00,A041-PMP,Fuel Pump,81.082,3.459,73.369,54.528,1684.083,144.412,22.829,85.721,503,70.824,34.997,Normal,0,1
A041,2025-01-14 13:00:00,A041-PMP,Fuel Pump,78.579,2.968,73.652,53.015,1763.497,134.687,23.839,87.222,679,79.327,25.261,Warning,1,0
A041,2025-01-14 20:00:00,A041-PMP,Fuel Pump,78.948,3.984,72.855,51.422,1777.956,143.725,23.173,83.797,571,67.836,36.213,Warning,1,1
A041,2025-01-14 22:00:00,A041-PMP,Fuel Pump,82.14,2.851,75.265,54.37,1818.431,144.068,22.574,84.799,443,60.799,29.489,Normal,0,0
A041,2025-01-15 09:00:00,A041-PMP,Fuel Pump,81.393,3.603,71.963,51.042,1835.881,145.574,22.959,84.942,496,62.254,24.082,Warning,1,0
A041,2025-01-15 11:00:00,A041-PMP,Fuel Pump,78.734,3.385,74.909,52.756,1847.603,144.869,22.829,83.2,625,86.197,33.541,Warning,1,0
A041,2025-01-15 14:00:00,A041-PMP,Fuel Pump,82.826,3.14,73.908,49.347,1790.225,155.071,22.41,80.852,734,56.922,35.904,Normal,0,0
A041,2025-01-15 15:00:00,A041-PMP,Fuel Pump,96.857,5.917,65.039,49.799,1775.409,143.895,23.183,82.615,729,69.699,30.285,Warning,1,0
A041,2025-01-15 17:00:00,A041-PMP,Fuel Pump,79.964,3.505,74.268,52.964,1869.277,137.434,22.443,85.206,814,71.238,21.237,Warning,1,0
A041,2025-01-16 03:00:00,A041-PMP,Fuel Pump,87.304,3.799,72.52,52.211,1737.185,148.034,22.992,86.311,747,60.378,29.487,Warning,1,1
A041,2025-01-16 09:00:00,A041-PMP,Fuel Pump,81.102,3.714,77.612,48.897,1810.154,136.948,22.017,82.743,784,65.588,35.649,Warning,1,0
A041,2025-01-16 16:00:00,A041-PMP,Fuel Pump,80.408,3.553,71.278,51.629,1925.001,151.149,22.857,84.564,615,69.433,31.467,Warning,1,0
A041,2025-01-17 00:00:00,A041-PMP,Fuel Pump,92.417,5.918,62.373,48.077,1707.289,127.772,22.664,87.872,613,76.841,25.655,Warning,1,1
A041,2025-01-17 01:00:00,A041-PMP,Fuel Pump,96.136,7.568,59.344,54.855,1825.45,145.609,22.468,83.571,787,76.11,30.921,Warning,1,1
A042,2025-01-01 06:00:00,A042-PMP,Fuel Pump,87.451,5.195,67.801,57.298,1836.998,147.548,23.983,75.533,224,45.516,28.075,Warning,1,0
A042,2025-01-01 09:00:00,A042-PMP,Fuel Pump,76.799,1.853,82.388,53.255,1711.05,151.483,24.116,77.151,315,46.689,22.372,Normal,0,0
A042,2025-01-01 10:00:00,A042-PMP,Fuel Pump,65.401,2.264,78.815,57.988,1922.706,139.741,23.937,77.162,334,50.699,23.685,Normal,0,0
A042,2025-01-01 11:00:00,A042-PMP,Fuel Pump,70.351,2.294,79.273,58.762,1783.535,149.485,23.018,77.147,246,40.129,22.044,Normal,0,0
A042,2025-01-01 22:00:00,A042-PMP,Fuel Pump,66.268,2.505,80.702,53.725,1806.715,151.664,23.572,72.485,275,34.43,31.732,Normal,0,0
A042,2025-01-02 00:00:00,A042-PMP,Fuel Pump,73.283,2.636,76.0,53.582,2010.718,154.112,24.401,76.017,503,37.272,32.088,Normal,0,0
A042,2025-01-02 01:00:00,A042-PMP,Fuel Pump,71.418,2.148,83.28,52.492,1907.715,151.347,24.435,74.701,162,52.459,22.541,Normal,0,0
A042,2025-01-02 05:00:00,A042-PMP,Fuel Pump,69.967,2.195,76.718,56.71,1763.495,155.616,23.254,76.479,520,57.825,25.977,Normal,0,0
A042,2025-01-02 07:00:00,A042-PMP,Fuel Pump,70.664,2.413,78.964,53.636,1925.338,153.571,23.782,76.879,320,53.415,33.469,Normal,0,0
A042,2025-01-02 10:00:00,A042-PMP,Fuel Pump,68.892,2.153,77.785,53.032,1834.911,156.545,23.75,78.845,337,48.501,33.738,Normal,0,0
A042,2025-01-02 15:00:00,A042-PMP,Fuel Pump,70.814,1.802,82.35,55.912,1646.769,153.619,23.555,73.984,416,61.055,36.497,Normal,0,0
A042,2025-01-02 16:00:00,A042-PMP,Fuel Pump,68.417,1.964,75.744,53.525,1849.312,142.3,23.428,73.725,539,50.437,33.061,Normal,0,0
A042,2025-01-02 17:00:00,A042-PMP,Fuel Pump,74.937,2.523,74.488,56.213,1691.297,145.375,23.708,79.008,355,52.91,34.466,Normal,0,0
A042,2025-01-02 19:00:00,A042-PMP,Fuel Pump,73.324,1.673,80.057,56.765,1747.457,151.803,23.691,74.064,276,42.271,32.311,Normal,0,0
A042,2025-01-02 23:00:00,A042-PMP,Fuel Pump,70.949,1.816,76.09,54.141,1865.559,148.819,23.872,78.368,439,64.989,35.11,Normal,0,0
A042,2025-01-03 03:00:00,A042-PMP,Fuel Pump,72.249,2.59,80.836,52.914,1866.186,155.038,24.133,74.187,397,51.861,24.108,Normal,0,0
A042,2025-01-03 04:00:00,A042-PMP,Fuel Pump,69.953,1.681,76.342,55.357,1908.664,147.318,24.367,76.695,386,45.362,27.449,Normal,0,0
A042,2025-01-03 06:00:00,A042-PMP,Fuel Pump,70.749,1.647,75.329,54.492,1768.646,150.71,23.806,74.627,432,45.424,28.326,Normal,0,0
A042,2025-01-03 08:00:00,A042-PMP,Fuel Pump,69.932,2.08,76.907,52.022,1739.72,145.386,24.086,75.687,284,45.604,25.704,Normal,0,0
A042,2025-01-04 03:00:00,A042-PMP,Fuel Pump,76.162,1.794,76.013,52.563,1802.078,145.063,23.675,75.199,537,43.271,39.711,Normal,0,0
A042,2025-01-04 06:00:00,A042-PMP,Fuel Pump,72.642,2.041,77.372,56.608,1806.019,162.759,23.515,78.701,499,55.928,25.992,Normal,0,0
A042,2025-01-04 16:00:00,A042-PMP,Fuel Pump,73.396,2.68,82.265,53.043,1719.315,154.863,23.963,76.885,200,55.297,31.167,Normal,0,0
A042,2025-01-04 22:00:00,A042-PMP,Fuel Pump,74.056,1.933,74.013,57.097,1899.536,146.005,23.348,76.604,460,32.499,35.342,Normal,0,0
A042,2025-01-04 23:00:00,A042-PMP,Fuel Pump,73.515,3.176,72.339,54.743,1650.069,142.992,24.056,75.994,548,46.548,36.336,Normal,0,0
A042,2025-01-05 00:00:00,A042-PMP,Fuel Pump,72.946,2.597,75.944,56.059,1776.265,151.22,23.767,75.425,572,53.195,32.667,Normal,0,0
A042,2025-01-05 01:00:00,A042-PMP,Fuel Pump,69.806,2.424,81.32,56.043,1777.992,141.829,23.973,76.739,229,56.804,31.852,Normal,0,0
A042,2025-01-05 02:00:00,A042-PMP,Fuel Pump,79.227,6.311,66.884,51.639,1819.711,134.74,23.927,76.21,265,53.642,30.321,Warning,1,1
A042,2025-01-05 03:00:00,A042-PMP,Fuel Pump,72.391,2.174,79.053,50.636,1620.493,151.897,23.654,75.797,333,50.639,41.194,Normal,0,1
A042,2025-01-05 09:00:00,A042-PMP,Fuel Pump,78.185,2.278,76.5,55.599,1882.528,148.788,24.099,80.088,438,60.58,24.393,Normal,0,0
A042,2025-01-05 12:00:00,A042-PMP,Fuel Pump,73.244,2.872,75.639,55.291,1771.059,144.409,23.101,76.191,296,57.558,27.999,Normal,0,0
A042,2025-01-05 13:00:00,A042-PMP,Fuel Pump,71.372,1.534,79.58,53.39,1776.658,142.296,23.328,78.054,564,45.949,31.67,Normal,0,0
A042,2025-01-05 17:00:00,A042-PMP,Fuel Pump,72.12,2.245,76.141,53.879,1867.571,141.749,23.34,77.245,353,56.967,29.586,Normal,0,0
A042,2025-01-05 18:00:00,A042-PMP,Fuel Pump,70.473,2.581,73.43,53.347,1785.098,152.284,23.531,79.837,521,61.579,32.587,Normal,0,0
A042,2025-01-05 19:00:00,A042-PMP,Fuel Pump,72.66,2.066,76.512,55.936,2001.944,149.468,23.471,76.958,539,35.718,26.133,Normal,0,0
A042,2025-01-05 20:00:00,A042-PMP,Fuel Pump,76.935,2.635,77.185,54.044,1707.59,149.266,24.051,75.828,259,56.066,27.072,Normal,0,0
A042,2025-01-05 21:00:00,A042-PMP,Fuel Pump,75.359,2.456,77.907,55.789,1981.015,149.649,23.441,78.731,363,38.772,31.52,Normal,0,0
A042,2025-01-05 22:00:00,A042-PMP,Fuel Pump,72.727,2.232,76.356,52.429,1750.199,141.923,24.391,78.088,606,55.29,26.679,Normal,0,0
A042,2025-01-06 06:00:00,A042-PMP,Fuel Pump,75.107,3.031,77.565,53.464,1856.424,145.219,23.283,74.028,430,64.375,36.033,Normal,0,0
A042,2025-01-06 12:00:00,A042-PMP,Fuel Pump,74.533,2.26,81.183,53.637,1879.671,142.134,23.656,76.814,454,44.934,21.484,Normal,0,0
A042,2025-01-07 08:00:00,A042-PMP,Fuel Pump,78.057,2.539,82.402,52.793,1689.577,144.808,24.065,78.697,524,64.55,37.062,Normal,0,0
A042,2025-01-08 01:00:00,A042-PMP,Fuel Pump,71.394,2.414,78.445,54.411,1830.145,153.715,23.13,78.654,534,41.622,19.717,Normal,0,0
A042,2025-01-08 05:00:00,A042-PMP,Fuel Pump,74.493,3.034,73.446,53.943,1647.835,149.67,22.82,79.573,500,60.932,39.445,Normal,0,0
A042,2025-01-08 07:00:00,A042-PMP,Fuel Pump,73.517,3.16,75.689,53.317,1751.112,135.319,23.38,79.118,402,62.987,28.901,Normal,0,0
A042,2025-01-08 14:00:00,A042-PMP,Fuel Pump,76.536,2.819,76.85,52.472,1653.177,146.357,23.337,76.141,596,49.124,38.019,Normal,0,0
A042,2025-01-08 20:00:00,A042-PMP,Fuel Pump,80.102,2.994,73.766,55.703,1547.76,151.725,23.258,78.106,590,53.355,26.504,Normal,0,0
A042,2025-01-08 22:00:00,A042-PMP,Fuel Pump,77.016,2.904,74.692,57.16,1840.364,144.94,23.139,77.859,317,62.287,33.168,Normal,0,0
A042,2025-01-09 00:00:00,A042-PMP,Fuel Pump,74.474,3.472,73.047,49.023,1893.579,144.513,23.44,76.216,597,55.836,30.215,Normal,0,1
A042,2025-01-09 06:00:00,A042-PMP,Fuel Pump,79.323,2.309,77.869,52.049,1880.403,147.917,24.072,78.512,298,67.944,26.964,Normal,0,0
A042,2025-01-09 07:00:00,A042-PMP,Fuel Pump,80.034,2.915,73.063,56.624,1859.672,144.69,23.342,78.104,613,49.324,33.496,Normal,0,0
A042,2025-01-09 08:00:00,A042-PMP,Fuel Pump,80.841,2.82,75.7,54.805,1758.234,142.749,23.2,80.145,323,53.383,31.022,Normal,0,0
A042,2025-01-09 10:00:00,A042-PMP,Fuel Pump,78.334,2.724,77.743,50.72,1707.627,150.141,23.59,80.212,694,69.903,29.617,Normal,0,0
A042,2025-01-09 15:00:00,A042-PMP,Fuel Pump,73.193,2.686,74.042,49.643,1846.844,150.749,24.128,83.096,693,67.458,31.294,Normal,0,1
A042,2025-01-09 18:00:00,A042-PMP,Fuel Pump,75.706,2.6,77.653,53.666,1886.907,153.618,23.02,79.843,483,65.714,24.037,Normal,0,0
A042,2025-01-09 19:00:00,A042-PMP,Fuel Pump,70.812,3.626,75.274,50.499,1841.638,146.042,22.778,83.464,615,61.819,28.623,Normal,0,0
A042,2025-01-09 22:00:00,A042-PMP,Fuel Pump,74.83,2.279,75.075,49.773,1872.44,145.969,23.387,78.499,601,62.153,25.819,Normal,0,0
A042,2025-01-10 02:00:00,A042-PMP,Fuel Pump,78.891,2.76,77.627,58.027,1860.078,143.337,23.412,82.684,483,54.891,26.6,Normal,0,0
A042,2025-01-10 03:00:00,A042-PMP,Fuel Pump,77.018,2.683,77.471,50.502,1815.669,145.099,23.442,78.624,470,65.52,34.84,Normal,0,1
A042,2025-01-10 06:00:00,A042-PMP,Fuel Pump,74.593,3.222,73.918,55.987,1875.204,150.371,23.419,80.901,491,50.934,28.455,Normal,0,0
A042,2025-01-10 08:00:00,A042-PMP,Fuel Pump,81.353,2.792,78.78,55.684,1806.486,149.764,23.051,81.596,490,74.928,27.45,Normal,0,1
A042,2025-01-10 10:00:00,A042-PMP,Fuel Pump,79.902,2.595,72.029,53.598,1685.011,145.417,23.174,80.297,619,62.537,32.86,Normal,0,0
A042,2025-01-10 13:00:00,A042-PMP,Fuel Pump,80.092,2.524,72.612,54.599,1817.025,147.57,23.485,83.128,677,56.087,28.65,Normal,0,0
A042,2025-01-10 15:00:00,A042-PMP,Fuel Pump,74.768,2.947,78.239,48.839,1911.359,153.139,22.564,83.031,665,64.006,31.794,Normal,0,0
A042,2025-01-10 16:00:00,A042-PMP,Fuel Pump,74.16,2.98,67.772,54.234,1847.291,148.738,22.682,80.691,422,54.341,29.533,Normal,0,0
A042,2025-01-10 22:00:00,A042-PMP,Fuel Pump,78.383,3.052,74.507,53.105,1659.163,143.974,24.113,81.884,490,63.356,34.896,Normal,0,1
A042,2025-01-11 04:00:00,A042-PMP,Fuel Pump,77.585,2.479,79.155,55.362,1595.447,149.725,23.232,81.375,644,68.561,27.563,Normal,0,0
A042,2025-01-11 20:00:00,A042-PMP,Fuel Pump,82.466,2.951,73.492,54.484,1792.979,147.359,23.101,78.75,533,66.993,32.581,Normal,0,0
A042,2025-01-11 21:00:00,A042-PMP,Fuel Pump,93.461,6.249,67.467,51.598,1937.79,136.921,22.989,81.708,657,64.329,30.27,Warning,1,0
A042,2025-01-12 09:00:00,A042-PMP,Fuel Pump,77.734,3.531,72.573,53.23,1945.877,146.749,23.018,86.317,477,69.936,23.927,Normal,0,1
A042,2025-01-12 10:00:00,A042-PMP,Fuel Pump,80.811,3.203,76.328,52.324,1744.969,144.995,23.038,82.866,745,56.745,19.542,Normal,0,0
A042,2025-01-12 12:00:00,A042-PMP,Fuel Pump,77.902,2.972,75.797,52.433,1789.67,148.552,23.336,81.62,531,46.554,38.694,Normal,0,0
A042,2025-01-12 15:00:00,A042-PMP,Fuel Pump,81.089,3.058,74.582,47.354,1835.232,138.008,22.856,84.465,538,67.861,31.687,Normal,0,0
A042,2025-01-12 20:00:00,A042-PMP,Fuel Pump,83.126,3.023,72.196,52.439,1768.823,151.476,23.628,85.776,586,68.153,35.615,Normal,0,0
A042,2025-01-12 21:00:00,A042-PMP,Fuel Pump,80.81,3.261,75.348,54.277,1727.973,141.322,23.819,81.669,424,61.841,28.494,Normal,0,1
A042,2025-01-13 01:00:00,A042-PMP,Fuel Pump,76.755,2.281,79.733,52.904,1838.922,146.818,22.832,81.297,427,62.573,37.504,Normal,0,0
A042,2025-01-13 04:00:00,A042-PMP,Fuel Pump,80.213,2.946,68.397,50.556,1431.94,143.05,23.444,83.257,658,67.184,36.025,Normal,0,0
A042,2025-01-13 06:00:00,A042-PMP,Fuel Pump,91.501,4.901,63.457,54.931,1864.843,133.753,23.441,81.466,562,69.184,36.757,Warning,1,0
A042,2025-01-13 12:00:00,A042-PMP,Fuel Pump,80.047,3.473,74.263,51.781,1668.723,145.66,23.519,83.939,656,66.088,36.765,Normal,0,1
A042,2025-01-13 18:00:00,A042-PMP,Fuel Pump,81.325,3.689,76.079,53.176,1757.516,141.627,23.516,81.678,552,71.131,29.085,Normal,0,0
A042,2025-01-13 21:00:00,A042-PMP,Fuel Pump,79.852,3.54,74.885,51.97,1774.705,148.836,22.908,83.29,591,49.143,26.48,Normal,0,1
A042,2025-01-13 23:00:00,A042-PMP,Fuel Pump,82.314,2.775,71.154,53.186,1759.777,140.398,23.241,80.666,691,61.734,28.725,Normal,0,0
A042,2025-01-14 03:00:00,A042-PMP,Fuel Pump,81.462,2.6,69.953,49.919,1724.559,150.403,22.849,82.095,610,64.014,30.634,Normal,0,0
A042,2025-01-14 05:00:00,A042-PMP,Fuel Pump,80.12,3.236,73.94,51.657,1762.138,148.51,23.291,82.934,500,74.947,30.591,Normal,0,1
A042,2025-01-14 08:00:00,A042-PMP,Fuel Pump,79.147,3.64,72.664,54.725,1984.916,149.918,23.282,83.716,646,63.238,32.372,Normal,0,1
A042,2025-01-14 09:00:00,A042-PMP,Fuel Pump,82.331,3.334,73.803,52.516,1663.166,151.09,22.294,82.692,715,64.528,30.188,Normal,0,0
A042,2025-01-14 10:00:00,A042-PMP,Fuel Pump,80.903,3.057,75.355,49.245,1907.139,152.883,23.544,82.614,699,75.347,33.727,Normal,0,1
A042,2025-01-14 13:00:00,A042-PMP,Fuel Pump,78.756,2.976,71.071,54.369,1866.158,149.281,22.831,78.986,560,73.646,26.288,Normal,0,1
A042,2025-01-14 15:00:00,A042-PMP,Fuel Pump,80.439,3.474,72.259,53.034,1954.908,146.36,22.824,86.223,538,77.392,30.349,Warning,1,0
A042,2025-01-14 16:00:00,A042-PMP,Fuel Pump,78.442,4.067,71.083,51.234,1713.104,144.587,23.657,81.926,530,67.866,37.336,Warning,1,1
A042,2025-01-14 20:00:00,A042-PMP,Fuel Pump,81.61,3.426,68.853,51.366,1863.505,149.179,22.533,82.048,458,67.641,22.02,Warning,1,1
A042,2025-01-14 21:00:00,A042-PMP,Fuel Pump,79.24,3.605,73.762,53.028,1775.388,143.58,22.741,83.874,672,70.773,34.279,Normal,0,0
A042,2025-01-15 02:00:00,A042-PMP,Fuel Pump,80.07,3.017,73.028,53.874,1788.656,142.612,23.182,83.998,571,59.84,23.204,Normal,0,0
A042,2025-01-15 06:00:00,A042-PMP,Fuel Pump,79.278,3.203,71.583,53.594,1723.869,144.432,22.309,81.646,622,78.893,27.558,Warning,1,1
A042,2025-01-15 07:00:00,A042-PMP,Fuel Pump,81.149,3.224,73.527,55.051,1866.077,147.698,22.472,80.4,483,74.152,19.974,Normal,0,1
A042,2025-01-15 11:00:00,A042-PMP,Fuel Pump,77.156,2.904,70.93,54.551,1787.066,149.13,22.877,83.275,514,74.533,22.68,Normal,0,1
A042,2025-01-15 14:00:00,A042-PMP,Fuel Pump,80.313,3.033,75.286,55.063,1839.847,148.679,22.765,86.519,707,72.73,26.067,Normal,0,0
A042,2025-01-15 16:00:00,A042-PMP,Fuel Pump,76.166,2.985,68.729,54.319,1834.544,146.507,22.89,84.4,615,76.342,33.998,Normal,0,0
A042,2025-01-15 20:00:00,A042-PMP,Fuel Pump,81.279,3.944,72.059,52.431,1901.947,139.668,23.098,83.489,634,61.342,27.232,Warning,1,1
A042,2025-01-16 02:00:00,A042-PMP,Fuel Pump,82.096,3.728,72.995,54.362,1755.967,139.965,22.717,85.826,789,57.882,31.1,Normal,0,0
A042,2025-01-16 07:00:00,A042-PMP,Fuel Pump,80.052,3.516,67.565,54.997,1949.948,140.421,22.993,82.534,586,72.776,29.866,Warning,1,1
A042,2025-01-16 11:00:00,A042-PMP,Fuel Pump,91.449,5.425,64.735,48.045,1761.662,132.286,22.635,84.993,504,61.684,29.042,Warning,1,1
A042,2025-01-16 14:00:00,A042-PMP,Fuel Pump,92.974,6.936,61.338,52.166,1709.428,129.141,22.122,83.617,618,88.019,30.184,Warning,1,1
A042,2025-01-17 01:00:00,A042-PMP,Fuel Pump,81.726,3.859,66.927,51.678,1812.252,139.412,23.237,83.743,808,74.745,30.359,Warning,1,0
A042,2025-01-17 07:00:00,A042-PMP,Fuel Pump,76.53,4.253,74.501,48.764,1775.557,144.753,23.52,84.682,806,61.236,26.0,Warning,1,0
A042,2025-01-17 11:00:00,A042-PMP,Fuel Pump,79.679,3.665,67.709,47.674,1803.508,152.661,22.691,83.701,855,64.849,23.995,Warning,1,0
A042,2025-01-17 12:00:00,A042-PMP,Fuel Pump,85.708,3.866,70.015,53.098,1651.968,152.354,22.466,85.145,716,62.652,34.736,Warning,1,0
A043,2025-01-01 00:00:00,A043-PMP,Fuel Pump,76.545,2.511,80.237,55.264,1776.151,143.585,24.457,77.135,385,45.017,29.055,Normal,0,0
A043,2025-01-01 02:00:00,A043-PMP,Fuel Pump,74.873,2.833,78.13,57.267,1733.189,153.584,23.626,76.778,269,57.986,36.11,Normal,0,0
A043,2025-01-01 05:00:00,A043-PMP,Fuel Pump,74.216,3.036,75.695,56.573,1853.324,157.927,24.471,77.373,467,66.607,31.686,Normal,0,0
A043,2025-01-01 10:00:00,A043-PMP,Fuel Pump,76.459,2.529,75.558,54.495,1820.965,154.667,23.914,72.433,324,48.496,40.253,Normal,0,0
A043,2025-01-01 12:00:00,A043-PMP,Fuel Pump,75.352,2.711,78.286,55.672,1824.777,154.349,24.045,73.744,271,73.838,27.935,Normal,0,0
A043,2025-01-01 16:00:00,A043-PMP,Fuel Pump,72.121,2.88,76.441,52.742,1946.151,143.125,23.823,72.918,244,54.19,31.999,Normal,0,0
A043,2025-01-01 17:00:00,A043-PMP,Fuel Pump,73.136,2.401,75.083,55.391,1761.594,157.432,24.073,74.016,415,53.796,35.676,Normal,0,0
A043,2025-01-01 19:00:00,A043-PMP,Fuel Pump,73.998,2.359,80.759,54.49,1671.571,152.713,23.634,79.163,436,48.292,25.552,Normal,0,0
A043,2025-01-01 23:00:00,A043-PMP,Fuel Pump,78.728,4.919,69.004,54.833,1761.102,142.826,24.329,76.413,450,58.104,41.202,Warning,1,0
A043,2025-01-02 00:00:00,A043-PMP,Fuel Pump,74.11,2.336,75.94,53.031,1728.951,148.93,23.647,78.024,337,46.241,31.329,Normal,0,0
A043,2025-01-02 07:00:00,A043-PMP,Fuel Pump,70.225,2.34,78.053,53.473,1774.361,151.2,23.782,74.937,181,58.642,17.737,Normal,0,0
A043,2025-01-02 09:00:00,A043-PMP,Fuel Pump,77.218,2.143,73.881,51.563,1820.921,148.558,23.797,76.838,470,49.486,21.715,Normal,0,0
A043,2025-01-02 10:00:00,A043-PMP,Fuel Pump,74.471,2.93,74.343,53.614,1831.186,147.327,23.853,76.217,305,67.621,33.325,Normal,0,0
A043,2025-01-02 14:00:00,A043-PMP,Fuel Pump,75.497,2.578,77.597,52.41,1944.697,146.658,24.379,76.418,510,52.711,38.973,Normal,0,0
A043,2025-01-02 15:00:00,A043-PMP,Fuel Pump,68.007,2.883,75.951,54.166,1717.634,147.53,23.55,78.217,145,43.55,19.718,Normal,0,0
A043,2025-01-02 23:00:00,A043-PMP,Fuel Pump,76.102,2.666,76.508,53.825,1834.239,147.583,24.047,75.876,251,49.07,38.649,Normal,0,0
A043,2025-01-03 14:00:00,A043-PMP,Fuel Pump,75.36,2.857,69.667,52.794,1752.7,139.325,23.672,77.874,448,50.06,33.169,Normal,0,0
A043,2025-01-03 17:00:00,A043-PMP,Fuel Pump,73.495,2.985,72.359,56.0,1837.268,150.728,24.088,79.697,486,55.933,29.584,Normal,0,0
A043,2025-01-03 20:00:00,A043-PMP,Fuel Pump,75.874,2.149,77.119,55.536,1573.561,145.667,23.419,73.772,289,41.757,38.337,Normal,0,0
A043,2025-01-03 21:00:00,A043-PMP,Fuel Pump,73.213,2.718,78.184,50.869,1635.638,149.17,23.176,75.106,391,47.066,27.693,Normal,0,1
A043,2025-01-03 23:00:00,A043-PMP,Fuel Pump,76.059,2.454,69.21,57.813,1897.928,149.841,23.922,80.28,250,57.592,25.954,Normal,0,0
A043,2025-01-04 02:00:00,A043-PMP,Fuel Pump,76.644,2.57,75.87,55.341,1756.35,146.289,23.499,78.361,328,56.996,27.381,Normal,0,0
A043,2025-01-04 04:00:00,A043-PMP,Fuel Pump,75.746,2.309,75.734,55.798,1729.988,147.176,23.457,75.665,255,56.902,38.581,Normal,0,0
A043,2025-01-04 05:00:00,A043-PMP,Fuel Pump,74.882,2.547,74.832,54.321,1877.417,145.832,24.121,75.895,479,58.985,30.416,Normal,0,0
A043,2025-01-04 09:00:00,A043-PMP,Fuel Pump,76.737,3.389,73.357,54.139,1872.405,152.351,23.429,77.654,246,49.888,23.411,Normal,0,0
A043,2025-01-04 10:00:00,A043-PMP,Fuel Pump,74.484,2.849,78.768,54.185,1829.789,150.798,23.539,75.72,355,57.779,29.961,Normal,0,0
A043,2025-01-04 15:00:00,A043-PMP,Fuel Pump,76.134,2.826,72.234,55.091,1630.754,139.553,23.015,80.577,187,46.258,31.297,Normal,0,0
A043,2025-01-04 23:00:00,A043-PMP,Fuel Pump,73.518,2.803,75.299,51.894,1908.221,151.708,23.748,78.57,280,59.026,18.92,Normal,0,1
A043,2025-01-05 00:00:00,A043-PMP,Fuel Pump,74.752,2.157,74.54,51.471,1764.311,145.841,23.688,76.762,593,57.977,28.977,Normal,0,0
A043,2025-01-05 02:00:00,A043-PMP,Fuel Pump,73.912,3.064,81.309,54.035,1736.118,146.937,23.49,79.373,354,61.813,29.845,Normal,0,0
A043,2025-01-05 03:00:00,A043-PMP,Fuel Pump,78.03,3.244,76.478,53.042,1751.958,144.524,24.368,77.167,498,52.204,26.102,Normal,0,0
A043,2025-01-05 11:00:00,A043-PMP,Fuel Pump,76.485,2.434,76.171,57.965,1795.862,150.688,23.651,78.644,381,60.725,30.071,Normal,0,0
A043,2025-01-05 18:00:00,A043-PMP,Fuel Pump,79.191,2.208,74.272,55.726,1762.479,145.745,23.26,76.588,303,58.061,35.328,Normal,0,0
A043,2025-01-05 20:00:00,A043-PMP,Fuel Pump,74.811,2.548,77.219,51.187,1852.285,144.367,23.524,80.419,518,47.823,30.132,Normal,0,0
A043,2025-01-06 00:00:00,A043-PMP,Fuel Pump,73.574,2.885,78.79,56.86,1762.766,146.97,24.364,78.137,371,60.186,40.07,Normal,0,0
A043,2025-01-06 02:00:00,A043-PMP,Fuel Pump,77.657,2.355,80.217,55.117,1756.068,148.723,23.563,80.133,485,63.782,26.841,Normal,0,0
A043,2025-01-06 06:00:00,A043-PMP,Fuel Pump,76.938,3.011,76.682,54.405,1722.405,151.204,23.913,73.455,403,59.408,23.284,Normal,0,0
A043,2025-01-06 14:00:00,A043-PMP,Fuel Pump,74.338,2.911,76.877,53.929,1805.173,140.854,23.82,79.308,617,53.051,28.393,Normal,0,0
A043,2025-01-06 18:00:00,A043-PMP,Fuel Pump,91.953,4.649,60.481,52.956,1928.104,139.885,23.489,78.117,253,67.056,22.915,Warning,1,1
A043,2025-01-06 20:00:00,A043-PMP,Fuel Pump,74.523,3.058,72.667,53.36,1675.842,152.072,23.441,74.878,637,56.412,23.948,Normal,0,0
A043,2025-01-07 01:00:00,A043-PMP,Fuel Pump,79.608,2.826,78.858,55.625,2040.273,153.741,23.851,77.607,426,65.706,28.502,Normal,0,0
A043,2025-01-07 06:00:00,A043-PMP,Fuel Pump,72.018,2.652,76.464,54.082,1878.417,152.236,23.273,79.845,498,61.558,25.573,Normal,0,0
A043,2025-01-07 08:00:00,A043-PMP,Fuel Pump,72.535,2.796,72.163,54.421,1782.523,141.362,23.912,77.756,516,63.053,39.162,Normal,0,1
A043,2025-01-07 10:00:00,A043-PMP,Fuel Pump,78.904,3.086,73.985,54.107,1832.188,154.704,24.36,78.518,378,56.912,29.559,Normal,0,1
A043,2025-01-07 14:00:00,A043-PMP,Fuel Pump,75.24,2.9,70.457,55.919,1894.652,151.478,23.813,78.398,485,62.002,28.356,Normal,0,0
A043,2025-01-07 18:00:00,A043-PMP,Fuel Pump,74.749,2.991,71.914,53.156,1939.515,150.671,23.83,78.071,508,65.78,30.619,Normal,0,0
A043,2025-01-07 22:00:00,A043-PMP,Fuel Pump,75.437,3.007,74.992,51.612,1741.132,146.397,23.018,79.816,478,70.168,35.006,Normal,0,0
A043,2025-01-07 23:00:00,A043-PMP,Fuel Pump,75.414,3.246,77.199,55.079,1817.4,150.378,23.245,80.81,577,54.859,42.672,Normal,0,0
A043,2025-01-08 08:00:00,A043-PMP,Fuel Pump,80.146,2.631,73.711,53.136,1766.055,150.026,23.611,77.73,393,54.37,31.805,Normal,0,0
A043,2025-01-08 15:00:00,A043-PMP,Fuel Pump,71.305,2.377,73.013,54.634,1923.048,147.774,23.698,83.198,357,62.32,28.163,Normal,0,0
A043,2025-01-08 17:00:00,A043-PMP,Fuel Pump,81.64,3.265,71.703,51.61,1864.81,143.32,23.326,79.871,401,77.303,21.628,Normal,0,1
A043,2025-01-09 02:00:00,A043-PMP,Fuel Pump,77.928,2.782,69.003,52.988,1622.724,153.578,23.293,78.924,537,66.746,33.77,Normal,0,0
A043,2025-01-09 07:00:00,A043-PMP,Fuel Pump,79.344,2.92,77.279,55.733,1733.04,152.257,24.092,79.198,404,63.188,30.51,Normal,0,0
A043,2025-01-09 08:00:00,A043-PMP,Fuel Pump,81.241,3.23,76.488,52.933,1657.68,144.121,22.873,80.788,406,64.766,39.644,Normal,0,0
A043,2025-01-09 13:00:00,A043-PMP,Fuel Pump,78.279,2.807,71.795,51.493,1720.955,151.771,23.223,76.956,630,72.308,35.325,Normal,0,0
A043,2025-01-09 22:00:00,A043-PMP,Fuel Pump,81.845,2.276,73.975,53.622,1914.405,146.841,23.232,83.88,384,70.665,26.76,Normal,0,0
A043,2025-01-10 00:00:00,A043-PMP,Fuel Pump,77.915,2.987,72.095,55.292,1793.813,153.811,23.632,82.882,609,68.608,22.385,Normal,0,0
A043,2025-01-10 01:00:00,A043-PMP,Fuel Pump,78.216,2.906,70.711,52.393,1830.845,142.041,22.482,76.979,334,57.373,36.8,Normal,0,0
A043,2025-01-10 03:00:00,A043-PMP,Fuel Pump,80.413,3.156,73.995,55.595,1765.596,147.04,23.157,78.637,427,74.229,35.153,Normal,0,0
A043,2025-01-10 05:00:00,A043-PMP,Fuel Pump,91.49,6.692,61.274,54.019,1765.784,124.459,23.395,79.401,578,78.786,30.098,Warning,1,1
A043,2025-01-10 06:00:00,A043-PMP,Fuel Pump,79.282,3.804,78.031,55.403,1846.796,147.461,23.86,75.955,618,66.426,32.153,Normal,0,1
A043,2025-01-10 07:00:00,A043-PMP,Fuel Pump,75.309,3.392,71.759,51.891,1644.613,145.955,23.046,78.784,501,64.017,32.649,Normal,0,1
A043,2025-01-10 14:00:00,A043-PMP,Fuel Pump,78.762,4.099,71.271,49.734,1814.535,149.301,23.135,80.975,360,63.772,26.851,Normal,0,0
A043,2025-01-10 15:00:00,A043-PMP,Fuel Pump,77.374,2.93,68.016,50.652,1901.165,154.268,22.917,78.775,392,79.258,31.678,Normal,0,1
A043,2025-01-10 16:00:00,A043-PMP,Fuel Pump,79.551,2.601,79.527,55.764,1796.253,145.632,23.309,81.017,717,65.643,26.093,Normal,0,0
A043,2025-01-11 01:00:00,A043-PMP,Fuel Pump,81.41,2.543,75.151,53.609,1760.979,145.795,23.436,81.843,615,62.89,27.304,Normal,0,0
A043,2025-01-11 02:00:00,A043-PMP,Fuel Pump,89.405,7.276,66.948,53.86,1831.391,130.568,23.31,78.884,594,55.296,35.026,Warning,1,1
A043,2025-01-11 05:00:00,A043-PMP,Fuel Pump,78.798,3.689,73.974,53.468,1783.718,139.93,23.127,80.148,488,64.561,29.062,Normal,0,0
A043,2025-01-11 06:00:00,A043-PMP,Fuel Pump,83.267,2.939,77.869,50.53,1682.225,142.722,23.072,82.264,667,69.979,26.758,Normal,0,1
A043,2025-01-11 08:00:00,A043-PMP,Fuel Pump,82.161,4.161,71.689,49.509,1905.556,145.915,22.927,81.924,416,64.984,29.283,Warning,1,0
A043,2025-01-11 09:00:00,A043-PMP,Fuel Pump,76.513,3.769,74.742,50.316,1878.849,148.454,23.093,78.924,427,68.388,31.702,Normal,0,0
A043,2025-01-11 10:00:00,A043-PMP,Fuel Pump,79.764,2.89,70.283,54.237,1705.492,151.292,23.033,81.459,700,75.104,29.278,Normal,0,0
A043,2025-01-11 17:00:00,A043-PMP,Fuel Pump,78.02,3.014,66.272,52.284,1705.862,139.084,23.531,84.528,680,59.739,23.258,Normal,0,0
A043,2025-01-11 23:00:00,A043-PMP,Fuel Pump,88.207,2.361,70.307,53.652,1876.604,146.886,23.699,81.75,415,61.996,26.744,Normal,0,0
A043,2025-01-12 05:00:00,A043-PMP,Fuel Pump,82.458,3.427,74.129,52.757,1889.062,145.455,23.194,84.663,588,59.821,43.998,Normal,0,0
A043,2025-01-12 08:00:00,A043-PMP,Fuel Pump,78.19,3.226,68.781,53.235,1805.248,145.596,22.919,83.578,609,81.039,36.884,Warning,1,1
A043,2025-01-12 10:00:00,A043-PMP,Fuel Pump,76.921,3.907,71.918,52.116,1663.896,151.308,22.844,84.349,458,74.351,35.826,Warning,1,0
A043,2025-01-12 12:00:00,A043-PMP,Fuel Pump,82.5,3.51,72.301,51.841,1699.712,143.728,23.18,80.339,562,54.282,27.99,Normal,0,0
A043,2025-01-12 13:00:00,A043-PMP,Fuel Pump,82.194,3.598,72.323,51.515,1728.455,149.612,23.555,80.918,540,70.625,34.534,Warning,1,1
A043,2025-01-12 16:00:00,A043-PMP,Fuel Pump,84.148,3.538,73.919,54.768,1639.05,151.213,22.957,81.645,580,73.906,23.198,Warning,1,1
A043,2025-01-12 21:00:00,A043-PMP,Fuel Pump,78.777,3.591,73.032,49.79,1745.366,148.651,22.537,85.79,708,75.754,21.257,Warning,1,1
A043,2025-01-12 23:00:00,A043-PMP,Fuel Pump,85.795,3.268,71.334,51.161,1775.43,145.509,22.855,78.943,424,61.885,34.572,Warning,1,0
A043,2025-01-13 08:00:00,A043-PMP,Fuel Pump,79.737,3.113,72.471,55.013,1706.771,147.944,23.505,83.502,590,82.725,34.906,Warning,1,0
A043,2025-01-13 22:00:00,A043-PMP,Fuel Pump,81.466,3.584,74.056,49.214,1777.94,141.325,22.702,82.82,630,76.997,27.9,Warning,1,0
A043,2025-01-14 00:00:00,A043-PMP,Fuel Pump,96.523,5.324,59.081,52.871,1725.406,138.149,23.209,83.6,731,74.195,26.861,Warning,1,1
A043,2025-01-14 02:00:00,A043-PMP,Fuel Pump,82.646,3.809,73.291,52.484,1813.14,147.283,23.027,83.207,438,82.159,32.858,Warning,1,1
A043,2025-01-14 08:00:00,A043-PMP,Fuel Pump,79.616,3.621,73.776,52.138,1923.577,135.4,22.646,84.104,552,67.903,37.437,Warning,1,0
A043,2025-01-14 23:00:00,A043-PMP,Fuel Pump,80.672,3.771,68.999,54.73,2083.035,153.377,23.334,86.329,756,95.512,31.552,Warning,1,0
A043,2025-01-15 06:00:00,A043-PMP,Fuel Pump,83.505,3.99,66.993,54.82,1828.276,147.501,22.706,81.741,818,78.698,34.365,Warning,1,1
A043,2025-01-15 09:00:00,A043-PMP,Fuel Pump,81.397,3.808,72.744,53.347,1726.388,146.866,22.617,86.847,560,77.995,29.362,Warning,1,0
A043,2025-01-15 10:00:00,A043-PMP,Fuel Pump,80.32,3.462,72.533,47.591,1951.807,148.171,22.845,79.794,749,75.185,32.661,Warning,1,0
A043,2025-01-15 14:00:00,A043-PMP,Fuel Pump,84.188,3.546,72.556,54.56,1872.393,144.977,22.683,84.474,674,77.902,22.79,Warning,1,1
A043,2025-01-15 16:00:00,A043-PMP,Fuel Pump,78.547,4.039,72.188,51.505,1685.34,145.951,22.945,82.45,567,87.746,24.213,Warning,1,1
A043,2025-01-15 19:00:00,A043-PMP,Fuel Pump,84.436,3.636,74.0,48.515,1817.963,145.081,23.133,86.961,562,84.47,30.546,Warning,1,0
A043,2025-01-15 20:00:00,A043-PMP,Fuel Pump,87.558,3.727,68.597,50.23,1773.549,144.843,22.455,84.237,745,78.083,27.83,Warning,1,0
A043,2025-01-16 04:00:00,A043-PMP,Fuel Pump,80.075,3.702,70.187,53.3,1718.644,148.865,23.907,84.435,571,84.89,29.689,Warning,1,1
A043,2025-01-16 10:00:00,A043-PMP,Fuel Pump,82.296,4.451,67.805,52.251,1721.588,146.404,22.784,78.143,842,77.602,31.126,Warning,1,1
A043,2025-01-16 12:00:00,A043-PMP,Fuel Pump,99.856,5.093,62.768,50.674,1788.791,131.088,23.171,79.71,497,77.42,33.765,Warning,1,1
A043,2025-01-16 20:00:00,A043-PMP,Fuel Pump,86.3,4.344,67.519,51.933,1784.904,145.441,22.819,82.299,811,68.123,35.914,Warning,1,0
A043,2025-01-16 21:00:00,A043-PMP,Fuel Pump,81.312,3.817,74.199,50.414,1937.81,139.193,23.099,81.328,698,91.687,29.413,Warning,1,1
A043,2025-01-16 22:00:00,A043-PMP,Fuel Pump,84.655,3.954,67.519,51.707,1988.919,146.248,22.74,85.548,617,81.6,34.585,Warning,1,1
A043,2025-01-17 06:00:00,A043-PMP,Fuel Pump,81.412,3.528,68.319,53.475,1814.312,143.09,22.989,84.163,543,68.479,30.584,Warning,1,0
A043,2025-01-17 07:00:00,A043-PMP,Fuel Pump,85.756,4.117,71.403,51.879,1773.304,141.065,22.532,82.026,540,62.022,32.897,Warning,1,0
A043,2025-01-17 12:00:00,A043-PMP,Fuel Pump,82.296,3.711,69.493,51.199,1864.874,143.964,23.177,86.402,644,82.346,32.49,Warning,1,1
A043,2025-01-17 15:00:00,A043-PMP,Fuel Pump,83.581,4.104,67.495,52.463,1635.611,142.582,22.9,85.862,680,63.43,19.793,Warning,1,0
A044,2025-01-01 00:00:00,A044-PMP,Fuel Pump,76.489,2.693,78.638,54.789,1755.524,150.893,24.337,73.555,164,55.042,26.064,Normal,0,0
A044,2025-01-01 01:00:00,A044-PMP,Fuel Pump,73.554,2.662,74.273,53.156,1784.025,143.485,23.854,74.485,498,50.453,20.077,Normal,0,0
A044,2025-01-01 03:00:00,A044-PMP,Fuel Pump,74.391,3.246,77.355,53.527,1778.058,146.897,23.982,74.02,345,41.578,25.665,Normal,0,0
A044,2025-01-01 04:00:00,A044-PMP,Fuel Pump,76.272,1.962,76.694,52.811,1729.109,149.904,24.354,74.771,296,41.644,31.45,Normal,0,0
A044,2025-01-01 05:00:00,A044-PMP,Fuel Pump,75.413,3.074,77.641,50.186,1817.031,154.883,24.36,74.836,423,42.475,33.457,Normal,0,0
A044,2025-01-01 10:00:00,A044-PMP,Fuel Pump,73.646,2.841,72.125,55.851,1833.624,149.535,24.028,76.461,481,55.095,27.837,Normal,0,0
A044,2025-01-01 13:00:00,A044-PMP,Fuel Pump,75.666,2.582,77.527,54.786,1744.187,148.054,23.818,73.898,381,59.43,37.323,Normal,0,0
A044,2025-01-01 14:00:00,A044-PMP,Fuel Pump,78.441,2.875,72.686,51.592,1675.081,144.567,23.73,74.087,432,61.099,32.969,Normal,0,0
A044,2025-01-01 17:00:00,A044-PMP,Fuel Pump,74.419,3.237,72.907,58.515,1611.656,151.144,23.955,75.591,166,70.673,27.947,Normal,0,0
A044,2025-01-01 21:00:00,A044-PMP,Fuel Pump,77.059,2.566,76.213,53.081,1885.238,141.729,23.873,75.136,176,62.89,30.667,Normal,0,0
A044,2025-01-02 03:00:00,A044-PMP,Fuel Pump,75.18,2.573,75.659,53.884,1755.386,151.365,24.416,74.735,199,58.627,29.462,Normal,0,0
A044,2025-01-02 09:00:00,A044-PMP,Fuel Pump,79.776,3.063,76.972,54.42,1828.353,144.398,23.25,75.176,329,70.284,41.455,Normal,0,0
A044,2025-01-02 10:00:00,A044-PMP,Fuel Pump,75.465,3.082,70.478,53.169,1795.208,145.258,23.592,75.785,176,56.714,29.687,Normal,0,0
A044,2025-01-02 12:00:00,A044-PMP,Fuel Pump,77.835,3.161,71.581,54.504,1818.285,150.93,24.217,76.779,330,61.017,28.239,Normal,0,0
A044,2025-01-02 14:00:00,A044-PMP,Fuel Pump,74.217,3.504,75.346,57.887,1769.57,151.702,23.525,74.454,318,66.351,30.901,Normal,0,0
A044,2025-01-02 20:00:00,A044-PMP,Fuel Pump,74.427,2.47,75.096,55.696,1834.831,150.947,23.886,75.747,239,65.945,19.945,Normal,0,0
A044,2025-01-02 22:00:00,A044-PMP,Fuel Pump,80.386,2.463,74.374,53.419,1840.733,152.354,23.872,76.078,512,66.519,37.379,Normal,0,0
A044,2025-01-02 23:00:00,A044-PMP,Fuel Pump,75.537,2.552,73.696,54.395,1707.464,159.92,23.758,76.377,215,60.951,27.956,Normal,0,0
A044,2025-01-03 01:00:00,A044-PMP,Fuel Pump,74.16,2.924,70.667,57.609,1613.326,146.226,24.016,75.887,367,60.136,30.912,Normal,0,1
A044,2025-01-03 13:00:00,A044-PMP,Fuel Pump,75.709,2.446,72.069,50.372,1860.004,141.875,22.898,73.43,533,62.891,29.488,Normal,0,0
A044,2025-01-03 22:00:00,A044-PMP,Fuel Pump,74.07,3.033,74.559,52.38,1835.565,150.586,23.98,73.668,458,48.73,37.079,Normal,0,0
A044,2025-01-04 01:00:00,A044-PMP,Fuel Pump,83.272,2.849,78.43,55.863,1801.934,148.81,23.687,75.927,256,63.09,21.892,Normal,0,1
A044,2025-01-04 07:00:00,A044-PMP,Fuel Pump,81.506,3.021,77.153,55.102,1883.847,154.045,23.217,81.209,385,56.571,35.957,Normal,0,1
A044,2025-01-04 09:00:00,A044-PMP,Fuel Pump,72.903,3.886,75.124,52.117,1847.78,154.565,24.189,74.758,425,64.615,27.482,Normal,0,0
A044,2025-01-04 13:00:00,A044-PMP,Fuel Pump,79.687,2.781,70.787,53.28,1841.132,147.916,23.308,75.841,502,59.659,17.201,Normal,0,0
A044,2025-01-04 14:00:00,A044-PMP,Fuel Pump,77.37,2.877,71.697,51.663,1810.82,151.376,23.471,76.944,443,52.417,34.597,Normal,0,0
A044,2025-01-04 16:00:00,A044-PMP,Fuel Pump,72.742,2.831,73.123,53.364,1821.042,146.747,23.71,78.278,218,57.75,25.389,Normal,0,0
A044,2025-01-04 17:00:00,A044-PMP,Fuel Pump,73.553,3.227,76.512,54.354,1786.319,148.035,23.451,79.515,446,64.32,21.579,Normal,0,1
A044,2025-01-05 09:00:00,A044-PMP,Fuel Pump,77.018,2.658,75.337,53.506,1770.59,151.176,23.516,76.789,583,53.385,26.822,Normal,0,0
A044,2025-01-05 12:00:00,A044-PMP,Fuel Pump,76.598,2.835,69.801,53.074,1747.539,151.458,23.32,77.745,337,46.991,43.831,Normal,0,0
A044,2025-01-05 13:00:00,A044-PMP,Fuel Pump,74.182,3.002,72.113,50.336,1831.398,146.188,24.127,80.934,321,77.302,28.192,Normal,0,1
A044,2025-01-05 14:00:00,A044-PMP,Fuel Pump,82.609,3.735,71.625,52.932,1854.869,150.304,23.758,78.306,436,62.77,28.981,Normal,0,1
A044,2025-01-05 16:00:00,A044-PMP,Fuel Pump,78.017,2.578,68.97,54.453,1566.159,147.673,24.22,77.612,365,71.775,29.811,Normal,0,0
A044,2025-01-05 18:00:00,A044-PMP,Fuel Pump,71.542,3.101,72.621,54.632,1741.9,148.308,23.827,77.417,264,66.566,22.871,Normal,0,1
A044,2025-01-05 19:00:00,A044-PMP,Fuel Pump,80.855,3.848,72.293,56.811,1759.35,155.46,23.781,81.081,420,64.841,32.413,Normal,0,0
A044,2025-01-05 20:00:00,A044-PMP,Fuel Pump,76.1,2.463,78.688,56.194,1482.361,155.877,23.308,78.882,564,63.797,33.874,Normal,0,0
A044,2025-01-06 01:00:00,A044-PMP,Fuel Pump,74.22,2.781,74.694,49.668,1522.382,154.253,23.665,79.506,337,77.113,29.608,Normal,0,1
A044,2025-01-06 03:00:00,A044-PMP,Fuel Pump,75.078,2.422,76.674,54.417,1759.051,147.958,23.79,76.709,256,58.891,23.45,Normal,0,0
A044,2025-01-06 10:00:00,A044-PMP,Fuel Pump,74.605,2.734,75.172,52.384,1686.289,147.774,23.564,78.077,507,66.12,26.356,Normal,0,1
A044,2025-01-06 12:00:00,A044-PMP,Fuel Pump,75.985,3.111,74.656,57.003,1693.27,150.481,23.14,79.109,521,63.01,30.462,Normal,0,0
A044,2025-01-06 14:00:00,A044-PMP,Fuel Pump,80.32,2.827,72.16,53.938,1797.196,147.318,23.56,77.887,314,63.31,32.197,Normal,0,1
A044,2025-01-06 21:00:00,A044-PMP,Fuel Pump,77.324,3.035,70.608,54.154,1832.354,150.555,23.474,76.695,583,54.183,25.648,Normal,0,1
A044,2025-01-07 03:00:00,A044-PMP,Fuel Pump,92.362,4.576,65.039,53.832,1731.282,130.507,23.955,75.788,277,65.725,27.904,Warning,1,1
A044,2025-01-07 07:00:00,A044-PMP,Fuel Pump,76.43,3.407,70.478,48.746,1746.225,144.301,23.309,76.286,357,64.46,27.212,Normal,0,0
A044,2025-01-07 09:00:00,A044-PMP,Fuel Pump,76.471,3.532,75.453,52.067,1875.579,146.126,23.647,77.3,371,69.975,31.286,Normal,0,1
A044,2025-01-07 11:00:00,A044-PMP,Fuel Pump,76.568,3.482,71.784,54.182,1770.862,148.973,23.285,76.006,506,80.326,27.251,Normal,0,1
A044,2025-01-08 01:00:00,A044-PMP,Fuel Pump,81.543,3.563,73.013,53.308,1804.964,145.295,23.141,78.436,324,64.524,30.819,Normal,0,1
A044,2025-01-08 16:00:00,A044-PMP,Fuel Pump,79.952,3.623,75.004,52.012,1834.1,149.31,22.844,77.687,564,70.293,36.091,Normal,0,0
A044,2025-01-08 20:00:00,A044-PMP,Fuel Pump,78.592,3.284,68.263,52.789,1738.511,151.46,23.065,81.379,519,74.536,28.033,Normal,0,0
A044,2025-01-08 22:00:00,A044-PMP,Fuel Pump,78.133,3.607,71.406,55.694,1766.731,152.89,23.625,79.262,476,61.539,30.488,Normal,0,0
A044,2025-01-09 01:00:00,A044-PMP,Fuel Pump,81.618,2.457,71.603,54.062,1778.533,147.495,23.719,79.314,474,86.813,29.198,Normal,0,1
A044,2025-01-09 04:00:00,A044-PMP,Fuel Pump,79.834,3.149,75.687,53.694,1694.131,152.69,22.928,78.663,622,67.044,27.119,Normal,0,1
A044,2025-01-09 06:00:00,A044-PMP,Fuel Pump,79.553,3.596,73.549,54.466,1751.621,146.555,23.083,80.045,374,59.663,31.099,Normal,0,0
A044,2025-01-09 09:00:00,A044-PMP,Fuel Pump,78.526,3.773,71.956,53.545,1776.298,144.736,23.189,79.887,524,68.797,29.461,Normal,0,0
A044,2025-01-09 18:00:00,A044-PMP,Fuel Pump,82.447,3.184,69.736,58.032,1822.376,149.787,23.338,79.442,360,71.441,31.212,Warning,1,1
A044,2025-01-09 21:00:00,A044-PMP,Fuel Pump,81.802,2.923,71.817,54.585,1694.065,146.819,22.409,79.015,536,53.769,24.202,Normal,0,0
A044,2025-01-09 22:00:00,A044-PMP,Fuel Pump,94.508,5.082,61.57,51.623,1936.389,141.434,23.55,80.998,666,77.801,22.051,Warning,1,0
A044,2025-01-10 00:00:00,A044-PMP,Fuel Pump,78.151,3.295,71.214,54.276,1780.083,149.645,23.68,77.196,594,71.143,24.657,Normal,0,1
A044,2025-01-10 02:00:00,A044-PMP,Fuel Pump,79.615,3.182,68.132,55.633,1911.492,153.958,23.16,80.202,572,77.797,33.542,Warning,1,1
A044,2025-01-10 12:00:00,A044-PMP,Fuel Pump,80.827,3.906,74.685,51.989,1727.305,140.324,23.03,81.216,438,69.887,32.768,Warning,1,0
A044,2025-01-10 15:00:00,A044-PMP,Fuel Pump,99.997,6.665,61.095,51.437,1691.264,142.401,23.481,87.096,640,72.041,37.572,Warning,1,1
A044,2025-01-10 18:00:00,A044-PMP,Fuel Pump,87.087,5.807,66.555,51.311,1699.959,126.386,22.691,85.081,342,89.619,39.444,Warning,1,1
A044,2025-01-11 03:00:00,A044-PMP,Fuel Pump,81.908,3.158,68.251,52.691,1907.508,149.786,23.607,76.742,657,72.952,31.691,Warning,1,0
A044,2025-01-11 12:00:00,A044-PMP,Fuel Pump,85.069,3.781,71.724,50.437,1811.602,151.466,23.108,79.189,444,73.52,33.25,Warning,1,0
A044,2025-01-11 13:00:00,A044-PMP,Fuel Pump,82.189,3.626,72.062,51.797,1793.088,142.692,23.538,77.585,487,70.52,28.787,Warning,1,1
A044,2025-01-11 20:00:00,A044-PMP,Fuel Pump,82.752,3.37,72.435,53.025,1720.24,147.585,22.753,77.239,561,67.774,23.373,Warning,1,0
A044,2025-01-11 22:00:00,A044-PMP,Fuel Pump,85.103,3.527,72.143,52.269,1720.741,146.445,23.704,82.712,586,70.756,34.046,Warning,1,1
A044,2025-01-12 05:00:00,A044-PMP,Fuel Pump,82.771,3.905,67.839,51.967,1615.194,154.669,24.073,83.631,480,71.566,32.442,Warning,1,0
A044,2025-01-12 08:00:00,A044-PMP,Fuel Pump,83.248,3.726,71.525,51.15,1772.429,148.135,22.996,82.884,444,80.997,29.251,Warning,1,1
A044,2025-01-12 12:00:00,A044-PMP,Fuel Pump,83.659,3.37,68.486,52.535,1953.076,150.25,22.957,80.511,557,83.196,18.044,Warning,1,1
A044,2025-01-12 14:00:00,A044-PMP,Fuel Pump,86.347,3.493,73.53,54.07,1594.597,144.818,23.241,83.272,642,78.456,31.666,Warning,1,1
A044,2025-01-12 17:00:00,A044-PMP,Fuel Pump,82.085,4.288,68.974,51.64,1962.354,145.007,23.025,82.049,499,86.22,32.847,Warning,1,1
A044,2025-01-12 21:00:00,A044-PMP,Fuel Pump,84.804,3.366,70.522,55.382,1851.182,147.669,23.049,81.589,603,72.155,30.385,Warning,1,1
A044,2025-01-13 00:00:00,A044-PMP,Fuel Pump,81.826,3.816,72.273,54.99,1730.435,147.482,22.783,82.595,492,74.851,28.58,Warning,1,1
A044,2025-01-13 01:00:00,A044-PMP,Fuel Pump,85.492,2.771,72.668,51.861,1698.448,140.714,23.325,81.895,684,80.671,30.524,Warning,1,0
A044,2025-01-13 09:00:00,A044-PMP,Fuel Pump,85.734,2.978,69.525,55.385,1887.411,145.453,23.127,84.496,637,66.951,35.254,Warning,1,1
A044,2025-01-13 11:00:00,A044-PMP,Fuel Pump,93.382,6.138,58.812,51.218,1825.404,129.731,22.795,86.032,406,69.874,25.315,Warning,1,1
A044,2025-01-13 14:00:00,A044-PMP,Fuel Pump,84.144,3.73,74.592,53.877,1683.197,145.209,23.316,82.565,670,85.679,24.056,Warning,1,0
A044,2025-01-13 17:00:00,A044-PMP,Fuel Pump,83.951,3.863,71.24,54.207,1870.473,149.492,23.116,82.268,406,89.286,31.859,Warning,1,0
A044,2025-01-13 21:00:00,A044-PMP,Fuel Pump,85.344,3.839,71.894,58.681,1798.143,145.363,23.248,83.268,770,85.697,26.407,Warning,1,1
A044,2025-01-13 23:00:00,A044-PMP,Fuel Pump,81.396,4.131,69.556,54.973,1821.902,145.636,23.185,81.514,686,77.112,22.993,Warning,1,0
A044,2025-01-14 01:00:00,A044-PMP,Fuel Pump,84.106,4.391,71.505,53.242,1686.151,145.778,23.228,80.927,671,92.811,34.297,Warning,1,1
A044,2025-01-14 09:00:00,A044-PMP,Fuel Pump,85.702,4.032,68.6,51.696,1763.37,142.785,23.756,83.023,459,76.307,27.11,Warning,1,1
A044,2025-01-14 13:00:00,A044-PMP,Fuel Pump,80.572,4.069,70.108,51.753,1986.5,141.98,23.397,83.014,652,83.615,36.193,Warning,1,0
A044,2025-01-14 19:00:00,A044-PMP,Fuel Pump,83.211,4.122,70.086,50.801,1840.541,154.328,22.246,88.152,585,82.902,27.477,Warning,1,1
A044,2025-01-14 21:00:00,A044-PMP,Fuel Pump,82.008,3.585,70.791,50.389,1517.61,145.102,22.284,82.242,483,78.886,30.025,Warning,1,0
A044,2025-01-15 01:00:00,A044-PMP,Fuel Pump,86.884,4.197,70.753,50.008,1733.298,145.106,23.197,84.193,706,81.629,25.252,Warning,1,0
A044,2025-01-15 03:00:00,A044-PMP,Fuel Pump,82.917,3.886,70.028,50.542,1725.588,146.156,23.045,85.565,534,80.079,41.089,Warning,1,0
A044,2025-01-15 05:00:00,A044-PMP,Fuel Pump,86.142,3.698,66.32,52.539,1730.897,143.413,22.271,81.433,462,78.218,29.108,Warning,1,1
A044,2025-01-15 09:00:00,A044-PMP,Fuel Pump,83.735,4.079,70.6,51.614,1689.967,145.784,23.057,87.822,513,84.402,31.342,Warning,1,0
A044,2025-01-15 14:00:00,A044-PMP,Fuel Pump,90.507,8.209,61.098,53.443,1728.506,129.897,23.077,83.976,777,82.483,33.329,Warning,1,1
A044,2025-01-16 03:00:00,A044-PMP,Fuel Pump,85.413,4.571,67.492,54.661,1784.214,148.044,22.75,85.365,696,87.446,33.107,Warning,1,1
A044,2025-01-16 10:00:00,A044-PMP,Fuel Pump,88.357,4.011,69.035,54.331,1768.64,140.707,22.022,83.945,869,69.905,34.34,Warning,1,1
A044,2025-01-16 11:00:00,A044-PMP,Fuel Pump,82.552,3.955,71.652,49.983,1836.032,145.82,22.753,87.683,704,74.306,22.848,Warning,1,1
A044,2025-01-16 12:00:00,A044-PMP,Fuel Pump,86.786,4.299,67.154,53.203,1895.623,147.994,23.386,83.807,637,78.026,20.372,Warning,1,0
A044,2025-01-16 14:00:00,A044-PMP,Fuel Pump,86.573,4.496,65.168,53.799,1785.202,140.449,23.712,84.812,738,80.835,27.67,Warning,1,1
A044,2025-01-16 17:00:00,A044-PMP,Fuel Pump,84.839,4.034,68.193,53.204,1933.716,142.032,23.057,82.742,762,75.897,31.922,Warning,1,0
A044,2025-01-16 23:00:00,A044-PMP,Fuel Pump,82.812,4.069,65.533,51.175,1654.95,146.687,23.36,83.602,667,82.474,36.228,Warning,1,1
A044,2025-01-17 02:00:00,A044-PMP,Fuel Pump,86.708,4.022,63.581,54.556,1714.824,152.496,23.599,83.881,574,78.102,25.011,Warning,1,1
A044,2025-01-17 04:00:00,A044-PMP,Fuel Pump,87.645,3.91,71.603,49.584,1746.812,147.374,23.5,83.731,694,82.878,39.436,Warning,1,1
A044,2025-01-17 05:00:00,A044-PMP,Fuel Pump,96.996,6.302,61.154,52.99,1884.352,128.079,22.649,84.641,552,83.415,34.758,Warning,1,1
A044,2025-01-17 10:00:00,A044-PMP,Fuel Pump,84.307,3.691,68.376,49.915,1762.033,148.637,22.541,84.425,613,82.242,35.473,Warning,1,1
A044,2025-01-17 15:00:00,A044-PMP,Fuel Pump,84.015,3.931,72.665,52.046,1842.87,138.388,22.543,83.605,788,82.642,23.164,Warning,1,1
A045,2025-01-01 08:00:00,A045-PMP,Fuel Pump,73.042,2.257,78.93,59.225,1647.739,143.066,24.518,74.009,311,61.912,28.377,Normal,0,1
A045,2025-01-01 10:00:00,A045-PMP,Fuel Pump,70.042,2.657,76.934,56.001,1740.139,148.374,23.721,70.74,204,48.814,38.152,Normal,0,0
A045,2025-01-01 12:00:00,A045-PMP,Fuel Pump,77.464,2.595,80.105,52.319,1714.605,145.165,23.945,71.755,482,39.359,33.556,Normal,0,0
A045,2025-01-02 00:00:00,A045-PMP,Fuel Pump,71.383,2.635,80.503,58.563,1938.748,147.183,24.339,73.392,416,58.892,34.587,Normal,0,1
A045,2025-01-02 03:00:00,A045-PMP,Fuel Pump,72.179,2.936,76.848,54.137,1814.276,149.645,23.812,76.676,392,46.399,28.828,Normal,0,0
A045,2025-01-02 04:00:00,A045-PMP,Fuel Pump,73.664,2.524,79.254,54.643,1843.929,149.078,23.759,77.234,194,59.657,26.621,Normal,0,0
A045,2025-01-02 08:00:00,A045-PMP,Fuel Pump,72.567,2.416,76.207,54.5,1970.004,141.14,24.097,74.174,149,53.033,26.011,Normal,0,0
A045,2025-01-02 11:00:00,A045-PMP,Fuel Pump,74.713,2.407,76.13,59.022,1646.755,155.211,23.931,74.24,451,43.386,26.724,Normal,0,0
A045,2025-01-02 12:00:00,A045-PMP,Fuel Pump,72.272,2.547,70.534,56.003,1838.342,146.606,24.492,75.841,232,42.691,28.776,Normal,0,0
A045,2025-01-02 23:00:00,A045-PMP,Fuel Pump,70.683,2.48,79.464,54.758,1878.189,149.906,23.755,76.342,415,39.285,16.895,Normal,0,0
A045,2025-01-03 07:00:00,A045-PMP,Fuel Pump,69.147,2.621,71.834,53.773,1775.574,153.832,23.93,72.998,438,50.118,29.308,Normal,0,0
A045,2025-01-03 09:00:00,A045-PMP,Fuel Pump,74.835,2.41,79.884,55.711,1741.196,148.946,23.879,81.455,504,66.811,31.25,Normal,0,0
A045,2025-01-03 14:00:00,A045-PMP,Fuel Pump,75.375,2.855,76.331,56.261,1816.305,145.48,23.08,71.649,547,60.602,24.575,Normal,0,1
A045,2025-01-03 19:00:00,A045-PMP,Fuel Pump,74.02,2.183,72.947,53.049,1786.38,149.835,23.558,78.207,337,58.11,34.072,Normal,0,0
A045,2025-01-03 22:00:00,A045-PMP,Fuel Pump,77.391,2.513,75.764,52.911,1875.831,146.819,23.141,74.615,209,53.533,26.314,Normal,0,0
A045,2025-01-03 23:00:00,A045-PMP,Fuel Pump,72.945,3.062,77.344,54.11,1739.603,147.089,24.056,76.458,359,64.462,31.217,Normal,0,0
A045,2025-01-04 06:00:00,A045-PMP,Fuel Pump,76.309,2.76,80.19,58.677,1854.654,145.498,23.537,73.659,426,66.285,33.416,Normal,0,0
A045,2025-01-04 13:00:00,A045-PMP,Fuel Pump,77.222,2.285,76.217,55.906,1815.505,152.339,22.892,77.071,450,68.181,28.065,Normal,0,0
A045,2025-01-04 15:00:00,A045-PMP,Fuel Pump,76.224,3.369,78.943,52.707,1747.315,152.455,24.036,73.776,462,63.294,36.458,Normal,0,1
A045,2025-01-05 02:00:00,A045-PMP,Fuel Pump,75.471,2.984,76.11,54.489,1688.688,145.254,23.478,78.823,387,65.26,32.071,Normal,0,1
A045,2025-01-05 08:00:00,A045-PMP,Fuel Pump,76.226,2.573,77.112,54.572,1820.447,142.287,23.01,80.285,373,59.82,21.822,Normal,0,0
A045,2025-01-05 09:00:00,A045-PMP,Fuel Pump,73.358,2.985,79.917,55.804,1963.825,144.17,23.406,76.322,513,55.991,35.471,Normal,0,1
A045,2025-01-05 11:00:00,A045-PMP,Fuel Pump,74.803,3.049,72.785,53.502,1849.333,151.002,23.761,78.111,518,67.945,27.964,Normal,0,0
A045,2025-01-05 12:00:00,A045-PMP,Fuel Pump,76.558,1.855,79.995,54.536,1655.655,147.009,22.629,74.436,320,60.021,32.014,Normal,0,0
A045,2025-01-05 14:00:00,A045-PMP,Fuel Pump,86.657,5.748,66.101,49.936,1827.421,130.086,23.845,78.874,228,55.561,25.866,Warning,1,0
A045,2025-01-05 17:00:00,A045-PMP,Fuel Pump,75.553,2.968,74.486,55.454,1687.234,147.791,24.13,76.907,224,47.983,30.393,Normal,0,1
A045,2025-01-05 20:00:00,A045-PMP,Fuel Pump,71.581,2.483,76.584,54.145,1919.567,148.161,23.353,78.672,394,58.393,30.763,Normal,0,0
A045,2025-01-05 21:00:00,A045-PMP,Fuel Pump,73.686,2.929,75.524,55.519,1623.263,149.012,24.169,78.56,387,58.01,28.911,Normal,0,0
A045,2025-01-05 22:00:00,A045-PMP,Fuel Pump,73.794,2.314,71.322,54.103,1787.051,148.127,23.709,75.707,490,62.776,24.051,Normal,0,0
A045,2025-01-06 03:00:00,A045-PMP,Fuel Pump,74.322,3.253,73.312,53.096,1917.01,144.459,22.947,78.572,598,48.682,34.194,Normal,0,0
A045,2025-01-06 14:00:00,A045-PMP,Fuel Pump,72.241,2.615,76.447,50.819,1803.543,146.629,23.608,79.298,414,70.771,27.754,Normal,0,1
A045,2025-01-06 20:00:00,A045-PMP,Fuel Pump,78.232,2.596,72.989,49.615,1862.267,145.283,23.666,76.34,592,52.94,40.195,Normal,0,0
A045,2025-01-06 21:00:00,A045-PMP,Fuel Pump,75.602,2.871,76.427,53.44,1727.4,138.335,23.224,76.835,640,51.95,26.102,Normal,0,0
A045,2025-01-06 22:00:00,A045-PMP,Fuel Pump,74.58,2.825,75.398,52.959,1985.09,151.048,23.301,79.435,600,53.807,31.703,Normal,0,0
A045,2025-01-07 06:00:00,A045-PMP,Fuel Pump,77.282,3.385,75.0,54.61,1787.977,145.977,23.57,75.537,531,59.129,29.076,Normal,0,0
A045,2025-01-07 07:00:00,A045-PMP,Fuel Pump,74.349,2.881,73.962,51.209,1625.193,152.045,22.999,78.134,310,58.994,28.257,Normal,0,1
A045,2025-01-07 11:00:00,A045-PMP,Fuel Pump,71.383,2.737,81.002,55.432,1834.676,145.167,23.551,78.234,638,63.616,21.866,Normal,0,0
A045,2025-01-07 16:00:00,A045-PMP,Fuel Pump,78.005,3.028,71.785,52.397,1756.033,143.513,24.187,81.459,500,68.035,38.843,Normal,0,0
A045,2025-01-07 18:00:00,A045-PMP,Fuel Pump,77.288,3.417,74.647,52.578,2017.82,142.062,23.072,77.935,401,70.329,21.513,Normal,0,0
A045,2025-01-07 20:00:00,A045-PMP,Fuel Pump,76.938,3.214,72.612,53.952,1903.14,143.987,23.49,79.921,401,58.05,35.009,Normal,0,0
A045,2025-01-07 22:00:00,A045-PMP,Fuel Pump,79.036,3.12,71.629,54.519,1821.095,144.13,23.363,77.839,497,53.453,25.362,Normal,0,0
A045,2025-01-08 06:00:00,A045-PMP,Fuel Pump,77.078,2.794,73.164,50.813,1825.73,147.559,23.454,81.885,579,61.771,34.565,Normal,0,0
A045,2025-01-08 09:00:00,A045-PMP,Fuel Pump,83.837,3.299,72.521,55.107,1828.306,146.293,23.614,78.487,321,56.579,28.83,Normal,0,0
A045,2025-01-08 12:00:00,A045-PMP,Fuel Pump,80.471,3.338,70.972,53.026,1856.693,149.216,23.711,81.071,520,81.044,30.535,Normal,0,1
A045,2025-01-08 14:00:00,A045-PMP,Fuel Pump,73.014,3.085,75.605,51.5,1894.004,143.337,23.931,82.248,403,68.332,36.921,Normal,0,1
A045,2025-01-08 15:00:00,A045-PMP,Fuel Pump,81.102,3.079,74.127,52.883,1768.246,149.197,23.658,78.818,306,66.689,33.927,Normal,0,1
A045,2025-01-09 04:00:00,A045-PMP,Fuel Pump,84.524,2.575,74.82,50.947,1751.952,147.334,23.203,81.521,403,55.107,30.561,Normal,0,0
A045,2025-01-09 05:00:00,A045-PMP,Fuel Pump,75.644,3.152,70.688,54.282,1894.93,142.554,23.48,77.238,593,68.589,25.073,Normal,0,0
A045,2025-01-09 17:00:00,A045-PMP,Fuel Pump,73.737,3.277,72.027,50.381,1807.008,148.464,23.503,79.96,631,69.254,32.095,Normal,0,0
A045,2025-01-10 05:00:00,A045-PMP,Fuel Pump,81.441,2.846,73.578,57.376,1660.421,148.721,23.532,80.377,344,68.874,32.044,Normal,0,0
A045,2025-01-10 07:00:00,A045-PMP,Fuel Pump,81.542,2.803,73.196,50.772,1907.677,148.654,23.141,80.353,605,61.249,37.171,Normal,0,1
A045,2025-01-10 10:00:00,A045-PMP,Fuel Pump,79.804,2.992,71.99,53.464,1852.767,143.788,23.153,79.723,687,48.103,27.612,Normal,0,0
A045,2025-01-10 14:00:00,A045-PMP,Fuel Pump,81.076,4.458,72.737,51.896,1746.136,153.439,22.928,80.92,411,73.048,31.324,Warning,1,0
A045,2025-01-10 15:00:00,A045-PMP,Fuel Pump,89.814,5.699,69.266,54.211,1809.184,136.932,23.205,80.364,439,70.21,38.158,Warning,1,1
A045,2025-01-10 19:00:00,A045-PMP,Fuel Pump,80.253,3.282,74.624,51.411,1895.403,147.238,23.427,81.322,589,52.003,30.009,Normal,0,1
A045,2025-01-10 20:00:00,A045-PMP,Fuel Pump,78.757,2.898,76.315,50.468,1827.005,149.942,23.469,81.969,524,73.097,30.414,Normal,0,1
A045,2025-01-11 02:00:00,A045-PMP,Fuel Pump,78.581,3.247,70.558,54.611,1727.003,143.187,23.949,76.678,577,60.206,27.224,Normal,0,0
A045,2025-01-11 09:00:00,A045-PMP,Fuel Pump,80.366,3.593,72.887,51.033,1876.276,153.318,23.485,78.457,566,60.549,33.599,Normal,0,0
A045,2025-01-11 16:00:00,A045-PMP,Fuel Pump,82.098,3.807,73.775,52.816,1983.94,155.009,23.437,81.899,366,66.269,34.391,Normal,0,0
A045,2025-01-11 19:00:00,A045-PMP,Fuel Pump,82.02,3.123,69.671,52.17,1851.978,142.053,23.977,79.405,650,69.043,34.006,Normal,0,0
A045,2025-01-12 01:00:00,A045-PMP,Fuel Pump,77.071,3.692,70.653,55.863,1812.292,144.392,23.643,78.529,487,58.68,27.067,Normal,0,1
A045,2025-01-12 04:00:00,A045-PMP,Fuel Pump,82.445,3.594,74.04,56.247,1889.728,140.297,23.45,81.959,579,65.529,39.46,Normal,0,0
A045,2025-01-12 07:00:00,A045-PMP,Fuel Pump,76.364,2.858,72.653,52.873,2067.59,146.954,23.534,79.314,451,69.764,23.53,Normal,0,1
A045,2025-01-12 08:00:00,A045-PMP,Fuel Pump,82.817,3.221,72.391,51.933,1758.505,149.483,23.045,84.06,540,61.244,28.259,Normal,0,0
A045,2025-01-12 11:00:00,A045-PMP,Fuel Pump,85.138,3.143,75.506,55.567,1799.726,141.476,23.313,81.405,714,55.273,31.773,Normal,0,1
A045,2025-01-12 21:00:00,A045-PMP,Fuel Pump,81.857,3.533,72.382,52.146,1672.526,141.398,23.157,84.04,387,65.544,26.732,Warning,1,0
A045,2025-01-12 23:00:00,A045-PMP,Fuel Pump,79.976,3.054,66.976,50.647,1819.894,147.923,23.069,81.443,723,76.765,21.678,Warning,1,0
A045,2025-01-13 01:00:00,A045-PMP,Fuel Pump,79.141,3.429,72.557,50.608,1914.211,148.876,22.94,79.465,440,60.279,24.926,Normal,0,0
A045,2025-01-13 03:00:00,A045-PMP,Fuel Pump,82.891,3.621,75.133,53.55,1806.507,147.969,23.092,81.158,729,73.91,28.64,Warning,1,0
A045,2025-01-13 05:00:00,A045-PMP,Fuel Pump,82.435,3.449,66.027,50.356,1766.348,150.05,22.708,77.946,630,58.976,26.817,Warning,1,1
A045,2025-01-13 08:00:00,A045-PMP,Fuel Pump,79.548,3.574,70.037,54.646,1912.827,145.857,22.965,84.382,695,83.459,29.906,Warning,1,1
A045,2025-01-13 10:00:00,A045-PMP,Fuel Pump,90.217,5.866,65.588,50.219,1860.705,140.449,23.683,78.593,739,66.391,25.0,Warning,1,0
A045,2025-01-13 11:00:00,A045-PMP,Fuel Pump,86.331,3.894,68.989,49.797,1900.1,153.985,22.634,82.362,784,65.815,29.222,Warning,1,1
A045,2025-01-13 14:00:00,A045-PMP,Fuel Pump,81.378,3.638,72.24,52.504,1763.069,139.451,22.896,84.085,732,62.483,23.099,Warning,1,1
A045,2025-01-13 16:00:00,A045-PMP,Fuel Pump,79.797,4.033,69.432,53.353,1868.239,149.697,23.274,85.913,762,77.176,27.983,Warning,1,0
A045,2025-01-13 18:00:00,A045-PMP,Fuel Pump,80.479,3.267,72.347,52.631,1853.958,147.533,22.769,83.256,793,79.26,27.928,Warning,1,1
A045,2025-01-13 20:00:00,A045-PMP,Fuel Pump,83.991,3.856,72.992,51.567,1788.287,139.491,22.717,84.689,428,67.327,29.867,Warning,1,0
A045,2025-01-13 23:00:00,A045-PMP,Fuel Pump,82.145,3.655,74.216,52.623,1809.677,140.623,23.653,83.248,456,71.412,23.72,Warning,1,1
A045,2025-01-14 03:00:00,A045-PMP,Fuel Pump,80.533,3.714,69.329,52.01,1831.823,138.598,23.428,85.266,485,57.137,30.369,Warning,1,1
A045,2025-01-14 13:00:00,A045-PMP,Fuel Pump,79.023,3.7,72.66,46.904,1724.985,149.461,22.835,82.928,687,63.141,23.56,Warning,1,0
A045,2025-01-14 22:00:00,A045-PMP,Fuel Pump,83.05,2.998,67.733,50.908,1730.266,146.182,22.759,85.89,662,70.022,24.688,Warning,1,1
A045,2025-01-15 07:00:00,A045-PMP,Fuel Pump,92.473,7.236,60.833,50.498,1776.221,127.476,22.93,83.513,646,78.429,26.33,Warning,1,1
A045,2025-01-15 08:00:00,A045-PMP,Fuel Pump,82.949,3.225,69.746,53.009,1868.917,142.294,23.802,82.677,730,71.485,37.076,Warning,1,0
A045,2025-01-15 10:00:00,A045-PMP,Fuel Pump,79.644,3.678,68.461,54.458,1750.052,141.221,23.212,82.381,678,71.516,26.083,Warning,1,0
A045,2025-01-15 12:00:00,A045-PMP,Fuel Pump,80.871,3.521,69.717,49.782,1760.216,147.919,23.55,84.25,500,74.581,33.807,Warning,1,1
A045,2025-01-15 13:00:00,A045-PMP,Fuel Pump,84.263,3.072,72.358,54.424,1751.786,144.516,23.492,83.206,565,69.336,35.284,Warning,1,0
A045,2025-01-15 17:00:00,A045-PMP,Fuel Pump,85.627,3.644,71.705,49.371,1715.304,146.32,23.186,87.191,787,81.418,24.209,Warning,1,0
A045,2025-01-15 18:00:00,A045-PMP,Fuel Pump,80.968,3.589,68.713,50.123,1861.036,142.17,23.245,85.773,614,80.494,30.508,Warning,1,1
A045,2025-01-15 19:00:00,A045-PMP,Fuel Pump,96.82,6.278,61.885,54.275,1802.851,132.481,23.064,81.27,470,73.584,31.289,Warning,1,1
A045,2025-01-16 01:00:00,A045-PMP,Fuel Pump,83.375,3.097,69.5,54.103,1887.003,146.707,22.826,86.147,807,85.257,28.088,Warning,1,1
A045,2025-01-16 05:00:00,A045-PMP,Fuel Pump,80.751,3.517,70.406,50.511,1787.612,140.924,22.603,79.005,602,77.747,34.654,Warning,1,1
A045,2025-01-16 07:00:00,A045-PMP,Fuel Pump,82.684,3.359,75.083,53.644,1737.699,151.285,22.66,79.943,506,67.755,29.015,Warning,1,0
A045,2025-01-16 20:00:00,A045-PMP,Fuel Pump,86.182,3.756,72.001,54.54,1692.511,142.46,23.166,84.938,525,72.255,29.478,Warning,1,1
A045,2025-01-16 21:00:00,A045-PMP,Fuel Pump,85.172,3.523,71.66,52.885,1900.391,141.912,22.924,85.508,789,69.446,32.283,Warning,1,1
A045,2025-01-16 23:00:00,A045-PMP,Fuel Pump,79.659,3.446,66.414,52.441,1935.374,144.302,22.927,83.085,843,66.532,30.139,Warning,1,0
A045,2025-01-17 00:00:00,A045-PMP,Fuel Pump,89.01,3.796,70.372,47.446,1781.295,144.616,22.834,84.227,531,67.613,30.572,Warning,1,0
A045,2025-01-17 05:00:00,A045-PMP,Fuel Pump,77.169,3.844,69.998,53.671,1872.835,140.838,22.927,83.237,712,87.415,24.936,Warning,1,1
A045,2025-01-17 14:00:00,A045-PMP,Fuel Pump,83.292,3.301,65.264,52.495,1857.908,142.928,22.828,86.708,530,77.283,23.891,Warning,1,1
A046,2025-01-01 03:00:00,A046-PMP,Fuel Pump,69.067,2.823,72.567,56.314,1911.155,148.502,24.228,75.392,427,38.913,30.635,Normal,0,0
A046,2025-01-01 05:00:00,A046-PMP,Fuel Pump,74.832,2.034,73.614,55.737,1946.232,152.819,24.271,74.802,313,43.525,31.508,Normal,0,0
A046,2025-01-01 08:00:00,A046-PMP,Fuel Pump,71.722,2.718,73.262,55.511,1828.587,146.95,24.047,74.823,355,55.899,28.655,Normal,0,1
A046,2025-01-01 09:00:00,A046-PMP,Fuel Pump,73.733,2.744,77.19,55.273,1815.14,146.624,24.311,74.479,210,56.287,35.223,Normal,0,0
A046,2025-01-01 13:00:00,A046-PMP,Fuel Pump,70.308,3.305,80.978,53.998,1707.501,153.237,24.581,77.777,226,54.777,24.188,Normal,0,0
A046,2025-01-01 17:00:00,A046-PMP,Fuel Pump,71.59,2.593,76.623,54.205,1845.537,157.146,23.905,76.41,213,69.942,33.461,Normal,0,0
A046,2025-01-01 20:00:00,A046-PMP,Fuel Pump,72.713,2.448,80.247,58.509,1706.335,159.462,23.967,76.065,136,60.155,28.521,Normal,0,1
A046,2025-01-02 02:00:00,A046-PMP,Fuel Pump,72.803,2.515,73.93,56.686,1738.654,151.288,23.808,75.644,270,59.761,30.99,Normal,0,0
A046,2025-01-02 03:00:00,A046-PMP,Fuel Pump,70.037,2.554,78.098,55.574,1670.828,146.298,24.301,75.651,128,60.849,31.778,Normal,0,1
A046,2025-01-02 04:00:00,A046-PMP,Fuel Pump,77.759,2.283,77.272,53.115,1845.951,149.719,23.607,76.535,375,60.041,30.838,Normal,0,0
A046,2025-01-02 08:00:00,A046-PMP,Fuel Pump,73.616,2.887,75.957,57.245,1832.875,152.984,24.356,71.233,281,62.793,34.878,Normal,0,0
A046,2025-01-02 09:00:00,A046-PMP,Fuel Pump,70.737,2.822,80.153,52.135,1813.186,152.82,24.637,74.889,525,52.531,29.007,Normal,0,0
A046,2025-01-02 13:00:00,A046-PMP,Fuel Pump,75.31,2.879,80.94,53.264,1781.614,149.363,23.902,73.97,296,54.667,34.335,Normal,0,0
A046,2025-01-02 16:00:00,A046-PMP,Fuel Pump,74.048,2.299,74.109,55.405,1794.579,145.558,23.746,76.213,181,54.063,30.261,Normal,0,0
A046,2025-01-02 19:00:00,A046-PMP,Fuel Pump,75.019,2.888,73.137,56.114,1646.576,152.808,24.077,74.681,356,62.57,24.622,Normal,0,1
A046,2025-01-03 01:00:00,A046-PMP,Fuel Pump,69.645,3.223,77.126,54.783,1876.328,141.259,23.91,74.584,501,45.595,31.624,Normal,0,0
A046,2025-01-03 03:00:00,A046-PMP,Fuel Pump,78.756,2.53,75.081,55.25,1729.711,149.231,23.792,73.849,265,52.007,25.863,Normal,0,0
A046,2025-01-03 06:00:00,A046-PMP,Fuel Pump,76.85,2.513,79.199,55.073,1856.354,150.407,23.628,76.711,430,47.394,33.789,Normal,0,0
A046,2025-01-03 09:00:00,A046-PMP,Fuel Pump,75.693,2.571,72.518,52.783,1880.384,142.934,23.8,78.319,336,53.375,31.755,Normal,0,0
A046,2025-01-03 10:00:00,A046-PMP,Fuel Pump,70.12,2.377,73.182,53.294,1823.869,147.462,23.46,74.058,507,53.058,31.931,Normal,0,0
A046,2025-01-03 11:00:00,A046-PMP,Fuel Pump,75.518,2.4,78.45,51.886,1819.476,151.692,23.897,77.178,160,61.363,41.416,Normal,0,0
A046,2025-01-03 13:00:00,A046-PMP,Fuel Pump,76.323,2.319,78.648,53.839,1726.311,155.141,24.067,71.921,270,51.554,33.049,Normal,0,0
A046,2025-01-03 14:00:00,A046-PMP,Fuel Pump,78.594,2.249,75.256,57.431,1778.094,152.887,23.893,72.993,318,67.822,25.096,Normal,0,0
A046,2025-01-03 16:00:00,A046-PMP,Fuel Pump,73.539,2.582,73.822,52.736,1798.979,152.13,24.005,76.511,433,58.295,30.338,Normal,0,0
A046,2025-01-03 21:00:00,A046-PMP,Fuel Pump,76.428,2.793,74.671,52.82,1728.012,141.923,23.987,75.263,435,54.559,29.612,Normal,0,0
A046,2025-01-04 07:00:00,A046-PMP,Fuel Pump,74.468,2.786,76.629,55.094,1863.051,148.921,23.87,79.451,395,47.594,32.051,Normal,0,0
A046,2025-01-04 08:00:00,A046-PMP,Fuel Pump,73.201,3.036,76.263,54.137,1981.55,145.937,23.359,76.318,215,65.154,25.264,Normal,0,1
A046,2025-01-04 10:00:00,A046-PMP,Fuel Pump,69.716,2.835,79.526,53.496,1868.539,148.551,23.605,76.99,259,71.974,34.675,Normal,0,0
A046,2025-01-04 14:00:00,A046-PMP,Fuel Pump,83.361,3.001,76.68,55.229,1712.049,152.079,24.203,75.734,552,58.376,26.994,Normal,0,0
A046,2025-01-04 21:00:00,A046-PMP,Fuel Pump,76.764,2.718,72.068,54.945,1870.663,151.164,23.993,76.887,550,53.38,32.244,Normal,0,0
A046,2025-01-04 23:00:00,A046-PMP,Fuel Pump,81.288,2.646,76.558,52.261,1851.812,143.776,23.557,77.658,578,62.689,26.083,Normal,0,0
A046,2025-01-05 01:00:00,A046-PMP,Fuel Pump,76.611,2.402,71.632,55.794,1715.759,142.943,23.433,76.106,223,62.042,32.135,Normal,0,0
A046,2025-01-05 05:00:00,A046-PMP,Fuel Pump,76.238,2.658,81.051,53.904,1768.963,144.218,24.118,77.862,409,63.105,36.589,Normal,0,0
A046,2025-01-05 14:00:00,A046-PMP,Fuel Pump,80.997,2.843,74.459,48.704,1581.371,152.143,23.563,75.952,455,60.738,35.574,Normal,0,0
A046,2025-01-05 16:00:00,A046-PMP,Fuel Pump,75.547,2.658,73.726,55.953,1949.289,153.012,23.686,76.726,557,58.929,35.737,Normal,0,0
A046,2025-01-05 18:00:00,A046-PMP,Fuel Pump,75.023,2.886,76.815,53.765,1810.108,155.134,24.039,77.512,292,58.691,29.647,Normal,0,0
A046,2025-01-06 01:00:00,A046-PMP,Fuel Pump,75.321,3.113,70.192,55.397,1859.245,147.521,23.738,76.747,612,60.571,39.647,Normal,0,0
A046,2025-01-06 04:00:00,A046-PMP,Fuel Pump,71.26,2.716,75.114,54.415,1759.15,150.313,22.897,77.667,526,57.635,29.311,Normal,0,0
A046,2025-01-06 05:00:00,A046-PMP,Fuel Pump,81.437,3.403,74.633,55.179,1695.127,146.306,23.825,81.54,367,67.868,33.432,Normal,0,0
A046,2025-01-06 06:00:00,A046-PMP,Fuel Pump,74.335,2.958,74.937,56.889,1889.699,150.156,23.613,79.861,261,71.226,22.608,Normal,0,0
A046,2025-01-07 03:00:00,A046-PMP,Fuel Pump,76.496,2.986,76.293,56.744,1827.872,148.149,24.017,74.399,596,67.383,23.617,Normal,0,0
A046,2025-01-07 08:00:00,A046-PMP,Fuel Pump,76.955,2.93,70.972,53.366,1782.864,149.926,23.314,81.962,432,65.712,23.593,Normal,0,0
A046,2025-01-07 09:00:00,A046-PMP,Fuel Pump,76.985,3.414,74.512,53.059,1794.982,147.531,23.514,79.577,481,54.422,33.92,Normal,0,0
A046,2025-01-07 14:00:00,A046-PMP,Fuel Pump,75.535,2.899,72.416,50.856,1904.977,149.591,23.499,80.421,531,69.853,34.121,Normal,0,0
A046,2025-01-07 15:00:00,A046-PMP,Fuel Pump,76.75,3.212,72.97,56.761,1751.409,154.794,23.701,80.856,315,46.656,27.097,Normal,0,0
A046,2025-01-07 16:00:00,A046-PMP,Fuel Pump,77.935,2.524,75.465,51.61,1816.029,144.71,23.547,82.523,348,73.943,28.394,Normal,0,0
A046,2025-01-07 20:00:00,A046-PMP,Fuel Pump,80.688,3.299,72.639,53.597,1811.147,144.499,24.124,80.236,604,44.662,37.211,Normal,0,0
A046,2025-01-08 03:00:00,A046-PMP,Fuel Pump,81.241,2.666,72.736,51.062,1857.561,152.179,23.635,80.704,467,67.469,38.365,Normal,0,0
A046,2025-01-08 05:00:00,A046-PMP,Fuel Pump,77.292,3.452,75.492,55.13,1810.323,141.148,23.898,82.102,514,72.91,31.394,Normal,0,0
A046,2025-01-08 07:00:00,A046-PMP,Fuel Pump,73.825,3.119,67.556,50.722,1781.246,155.831,24.052,82.174,345,59.466,28.311,Normal,0,0
A046,2025-01-08 09:00:00,A046-PMP,Fuel Pump,75.746,3.699,75.938,52.309,1875.646,149.493,23.305,81.521,314,69.092,31.705,Normal,0,0
A046,2025-01-08 13:00:00,A046-PMP,Fuel Pump,83.416,3.027,74.495,51.336,1730.457,145.543,23.189,77.881,655,50.71,27.621,Normal,0,0
A046,2025-01-08 22:00:00,A046-PMP,Fuel Pump,82.308,3.096,77.112,51.326,1866.393,146.71,23.127,78.921,619,73.774,34.225,Normal,0,1
A046,2025-01-09 01:00:00,A046-PMP,Fuel Pump,82.028,3.001,74.354,52.829,1781.107,148.311,23.291,79.206,670,58.492,27.334,Normal,0,0
A046,2025-01-09 02:00:00,A046-PMP,Fuel Pump,81.866,3.412,75.834,53.54,1979.687,149.698,23.954,78.335,355,70.398,35.055,Normal,0,0
A046,2025-01-09 12:00:00,A046-PMP,Fuel Pump,80.3,3.22,73.794,55.252,1844.572,151.454,24.034,76.488,498,72.558,22.926,Normal,0,0
A046,2025-01-09 13:00:00,A046-PMP,Fuel Pump,80.143,3.276,73.162,56.307,1902.704,144.416,23.236,78.178,677,79.247,36.177,Normal,0,1
A046,2025-01-09 14:00:00,A046-PMP,Fuel Pump,76.484,3.088,73.686,56.53,1903.707,146.746,23.136,79.843,537,76.916,35.3,Normal,0,0
A046,2025-01-09 21:00:00,A046-PMP,Fuel Pump,77.76,4.149,73.684,55.392,1975.01,150.033,23.555,83.805,464,72.037,32.817,Normal,0,0
A046,2025-01-10 04:00:00,A046-PMP,Fuel Pump,77.693,3.612,73.104,55.175,1988.296,147.201,23.294,82.333,485,75.399,27.812,Normal,0,0
A046,2025-01-10 07:00:00,A046-PMP,Fuel Pump,75.61,3.436,73.573,52.852,1688.438,143.171,23.289,84.66,416,64.282,27.147,Normal,0,0
A046,2025-01-10 08:00:00,A046-PMP,Fuel Pump,81.28,3.677,75.679,52.052,1889.896,148.387,22.677,80.751,391,51.433,29.732,Normal,0,0
A046,2025-01-10 09:00:00,A046-PMP,Fuel Pump,80.094,3.452,70.443,54.371,1737.474,142.326,23.465,81.75,517,73.482,35.222,Normal,0,0
A046,2025-01-10 11:00:00,A046-PMP,Fuel Pump,83.282,3.265,72.308,53.864,1782.856,153.271,23.338,80.708,636,62.869,27.361,Normal,0,1
A046,2025-01-10 15:00:00,A046-PMP,Fuel Pump,77.48,3.311,70.051,51.611,1839.326,149.493,22.582,79.774,378,72.377,30.476,Normal,0,0
A046,2025-01-10 18:00:00,A046-PMP,Fuel Pump,80.351,3.988,72.873,50.951,1787.309,144.808,23.441,79.825,704,66.186,29.552,Normal,0,0
A046,2025-01-11 04:00:00,A046-PMP,Fuel Pump,82.371,3.135,68.845,52.881,1882.779,147.368,23.05,80.642,637,73.826,28.679,Warning,1,1
A046,2025-01-11 09:00:00,A046-PMP,Fuel Pump,83.263,2.692,68.26,53.721,1810.632,144.912,23.392,85.511,413,62.749,31.378,Normal,0,0
A046,2025-01-11 11:00:00,A046-PMP,Fuel Pump,83.966,3.668,73.959,49.602,1892.629,142.562,23.179,79.923,485,69.104,28.699,Warning,1,0
A046,2025-01-11 15:00:00,A046-PMP,Fuel Pump,91.463,7.154,59.716,54.476,1828.719,135.828,23.641,80.82,520,68.655,28.805,Warning,1,0
A046,2025-01-11 16:00:00,A046-PMP,Fuel Pump,87.399,5.333,56.614,52.644,1844.771,125.918,22.974,78.07,443,56.701,30.488,Warning,1,1
A046,2025-01-11 19:00:00,A046-PMP,Fuel Pump,83.911,3.505,73.365,53.616,1701.88,150.37,23.637,82.784,462,73.216,30.733,Warning,1,0
A046,2025-01-12 02:00:00,A046-PMP,Fuel Pump,83.396,3.664,67.515,50.382,1772.608,148.809,22.972,80.823,453,83.103,21.85,Warning,1,1
A046,2025-01-12 14:00:00,A046-PMP,Fuel Pump,92.408,4.993,63.163,51.712,1629.592,138.038,23.056,79.644,583,78.25,31.47,Warning,1,1
A046,2025-01-12 22:00:00,A046-PMP,Fuel Pump,80.651,3.213,75.446,49.999,1671.01,149.825,22.733,80.45,538,62.656,31.873,Normal,0,1
A046,2025-01-13 06:00:00,A046-PMP,Fuel Pump,96.55,6.971,55.401,56.78,1724.565,137.419,22.882,84.758,582,65.506,37.133,Warning,1,1
A046,2025-01-13 07:00:00,A046-PMP,Fuel Pump,79.047,3.746,72.803,51.856,1775.96,148.686,23.499,79.369,538,56.34,34.209,Normal,0,0
A046,2025-01-13 08:00:00,A046-PMP,Fuel Pump,82.604,2.6,71.036,51.291,1656.157,146.628,23.545,85.675,464,57.635,25.97,Normal,0,0
A046,2025-01-13 09:00:00,A046-PMP,Fuel Pump,90.935,7.19,64.984,53.134,1922.563,134.687,22.72,83.307,714,70.505,28.387,Warning,1,1
A046,2025-01-13 12:00:00,A046-PMP,Fuel Pump,82.17,3.212,72.155,52.399,1835.71,148.246,23.021,82.092,435,84.758,27.623,Warning,1,0
A046,2025-01-13 17:00:00,A046-PMP,Fuel Pump,81.433,3.97,73.282,53.144,1802.722,145.756,23.41,86.862,757,67.132,36.34,Warning,1,1
A046,2025-01-13 18:00:00,A046-PMP,Fuel Pump,83.104,3.01,66.729,50.263,1832.498,147.075,23.47,82.972,624,86.374,26.481,Warning,1,1
A046,2025-01-13 20:00:00,A046-PMP,Fuel Pump,80.325,3.566,69.09,54.398,1936.619,139.482,23.289,82.278,612,77.49,28.394,Warning,1,0
A046,2025-01-13 23:00:00,A046-PMP,Fuel Pump,84.766,3.359,71.823,53.507,1743.905,146.733,23.002,80.872,721,81.431,36.367,Warning,1,0
A046,2025-01-14 09:00:00,A046-PMP,Fuel Pump,96.805,5.822,60.225,52.139,1738.194,135.123,23.368,82.872,454,74.047,41.602,Warning,1,1
A046,2025-01-14 22:00:00,A046-PMP,Fuel Pump,82.22,3.767,70.844,52.32,1689.658,141.906,23.223,82.378,489,57.525,30.743,Warning,1,1
A046,2025-01-14 23:00:00,A046-PMP,Fuel Pump,86.321,4.143,69.796,49.756,1918.117,140.696,23.154,83.58,606,96.804,29.662,Warning,1,1
A046,2025-01-15 00:00:00,A046-PMP,Fuel Pump,81.306,3.935,69.435,53.137,1827.797,145.37,23.342,82.56,820,71.452,33.003,Warning,1,1
A046,2025-01-15 03:00:00,A046-PMP,Fuel Pump,94.46,5.107,63.369,51.724,1934.972,127.178,23.753,84.15,443,87.56,31.936,Warning,1,0
A046,2025-01-15 08:00:00,A046-PMP,Fuel Pump,93.008,6.687,61.637,50.333,1833.834,126.606,23.619,82.978,653,87.306,22.562,Warning,1,1
A046,2025-01-15 14:00:00,A046-PMP,Fuel Pump,84.008,4.519,72.83,52.729,1767.565,144.541,22.508,79.673,489,88.486,31.013,Warning,1,1
A046,2025-01-15 16:00:00,A046-PMP,Fuel Pump,84.76,4.329,67.776,54.035,1835.61,146.135,23.026,80.762,841,74.784,26.795,Warning,1,1
A046,2025-01-15 23:00:00,A046-PMP,Fuel Pump,80.542,3.775,72.177,52.286,1655.744,146.21,22.594,82.171,581,73.768,33.029,Warning,1,0
A046,2025-01-16 00:00:00,A046-PMP,Fuel Pump,79.397,3.879,68.248,53.48,1695.98,147.87,22.07,82.132,692,74.306,27.963,Warning,1,1
A046,2025-01-16 07:00:00,A046-PMP,Fuel Pump,79.345,4.035,68.812,49.019,1671.813,148.271,23.114,82.041,723,65.649,25.384,Warning,1,1
A046,2025-01-16 08:00:00,A046-PMP,Fuel Pump,83.477,3.178,68.866,50.311,1797.781,146.164,22.771,84.809,586,74.576,19.69,Warning,1,1
A046,2025-01-16 09:00:00,A046-PMP,Fuel Pump,87.251,3.701,67.516,50.517,1826.982,150.085,22.639,84.105,656,71.501,24.012,Warning,1,1
A046,2025-01-16 12:00:00,A046-PMP,Fuel Pump,82.103,3.455,70.3,49.376,1783.071,147.93,23.413,83.6,604,84.082,29.664,Warning,1,1
A046,2025-01-16 13:00:00,A046-PMP,Fuel Pump,80.25,4.011,68.508,52.593,1874.187,151.191,22.417,85.686,632,72.039,27.063,Warning,1,1
A046,2025-01-16 14:00:00,A046-PMP,Fuel Pump,86.134,3.628,73.873,52.575,1801.342,148.726,23.13,85.969,727,74.59,24.12,Warning,1,1
A046,2025-01-16 16:00:00,A046-PMP,Fuel Pump,99.135,7.03,61.989,47.417,1586.296,123.889,22.913,84.593,482,65.322,33.159,Warning,1,1
A046,2025-01-16 19:00:00,A046-PMP,Fuel Pump,85.508,3.996,65.511,50.494,1774.952,143.759,23.621,87.451,699,70.057,27.534,Warning,1,0
A046,2025-01-17 11:00:00,A046-PMP,Fuel Pump,83.8,4.547,68.479,50.221,1686.155,145.287,22.738,86.086,806,73.522,43.05,Warning,1,0
A046,2025-01-17 14:00:00,A046-PMP,Fuel Pump,88.696,3.989,69.809,55.428,1856.133,143.577,22.743,82.765,545,74.146,29.019,Warning,1,1
A046,2025-01-17 15:00:00,A046-PMP,Fuel Pump,79.886,4.511,71.942,49.519,1738.911,144.01,22.413,86.524,754,78.826,32.6,Warning,1,0
A047,2025-01-01 03:00:00,A047-PMP,Fuel Pump,70.774,2.895,74.262,53.879,1955.131,151.703,24.67,78.381,138,56.732,32.846,Normal,0,0
A047,2025-01-01 10:00:00,A047-PMP,Fuel Pump,74.473,3.806,74.944,52.59,2005.747,151.515,23.962,75.726,329,65.054,23.989,Normal,0,0
A047,2025-01-01 13:00:00,A047-PMP,Fuel Pump,78.105,2.869,76.427,55.117,1763.706,155.676,24.488,73.857,270,72.976,33.434,Normal,0,1
A047,2025-01-01 15:00:00,A047-PMP,Fuel Pump,73.893,2.281,73.194,55.005,1830.27,143.234,24.516,74.841,224,51.974,36.659,Normal,0,0
A047,2025-01-01 19:00:00,A047-PMP,Fuel Pump,73.089,2.878,71.577,54.524,1906.253,153.63,24.003,74.179,120,58.892,28.394,Normal,0,0
A047,2025-01-02 02:00:00,A047-PMP,Fuel Pump,77.154,3.021,75.191,54.263,1865.299,145.125,24.29,77.304,152,59.762,28.68,Normal,0,1
A047,2025-01-02 04:00:00,A047-PMP,Fuel Pump,75.924,2.913,74.084,54.395,1865.284,145.638,24.199,74.146,426,61.706,34.821,Normal,0,0
A047,2025-01-02 06:00:00,A047-PMP,Fuel Pump,75.043,2.727,74.018,52.847,1859.637,149.55,23.805,76.58,222,56.964,28.48,Normal,0,0
A047,2025-01-02 10:00:00,A047-PMP,Fuel Pump,77.032,2.624,74.718,54.791,1842.235,147.525,23.689,76.506,412,60.342,34.293,Normal,0,0
A047,2025-01-02 12:00:00,A047-PMP,Fuel Pump,74.156,3.028,75.494,55.154,1841.952,153.733,23.426,74.521,216,52.66,29.922,Normal,0,1
A047,2025-01-02 21:00:00,A047-PMP,Fuel Pump,73.628,2.68,73.996,54.101,1716.087,149.831,23.845,76.925,414,61.103,25.264,Normal,0,1
A047,2025-01-03 03:00:00,A047-PMP,Fuel Pump,81.056,3.206,74.785,54.019,1749.966,147.968,23.475,76.321,343,63.242,35.293,Normal,0,0
A047,2025-01-03 05:00:00,A047-PMP,Fuel Pump,77.314,2.805,73.754,53.812,1854.135,151.876,24.149,75.386,238,54.032,28.439,Normal,0,0
A047,2025-01-03 07:00:00,A047-PMP,Fuel Pump,78.141,3.309,76.374,56.205,1735.285,146.64,23.664,77.956,271,70.709,31.25,Normal,0,0
A047,2025-01-03 13:00:00,A047-PMP,Fuel Pump,92.069,5.393,63.955,55.302,1867.896,147.349,24.44,73.477,223,67.94,32.633,Warning,1,1
A047,2025-01-03 15:00:00,A047-PMP,Fuel Pump,76.616,2.725,76.348,52.024,1570.8,149.348,23.412,76.884,334,76.454,28.285,Normal,0,0
A047,2025-01-03 18:00:00,A047-PMP,Fuel Pump,76.068,3.341,73.47,59.21,1861.993,147.359,23.387,75.198,388,71.385,25.232,Normal,0,0
A047,2025-01-03 21:00:00,A047-PMP,Fuel Pump,80.416,3.652,73.303,54.73,1912.228,155.015,23.188,79.731,195,66.944,34.534,Normal,0,1
A047,2025-01-03 23:00:00,A047-PMP,Fuel Pump,77.852,3.472,74.663,56.03,1898.338,147.391,23.554,75.704,462,56.541,36.134,Normal,0,1
A047,2025-01-04 03:00:00,A047-PMP,Fuel Pump,80.007,3.775,67.642,51.744,1705.8,137.326,23.868,79.044,509,64.885,28.3,Normal,0,0
A047,2025-01-04 08:00:00,A047-PMP,Fuel Pump,79.592,2.944,74.393,51.669,1692.703,145.527,24.369,77.244,208,55.567,30.179,Normal,0,0
A047,2025-01-04 09:00:00,A047-PMP,Fuel Pump,76.588,3.287,68.65,54.851,1815.278,146.391,23.298,76.522,551,60.992,25.093,Normal,0,0
A047,2025-01-04 13:00:00,A047-PMP,Fuel Pump,78.675,2.267,75.748,53.501,1649.262,145.419,23.499,74.439,516,67.206,33.216,Normal,0,0
A047,2025-01-04 17:00:00,A047-PMP,Fuel Pump,82.891,3.018,71.622,54.575,1836.576,147.825,23.937,80.881,342,51.438,34.065,Normal,0,0
A047,2025-01-04 22:00:00,A047-PMP,Fuel Pump,78.738,2.68,74.542,51.169,1812.508,153.151,23.956,75.729,285,68.707,33.564,Normal,0,0
A047,2025-01-04 23:00:00,A047-PMP,Fuel Pump,72.892,2.92,72.454,52.55,1732.572,147.559,23.798,79.698,308,74.226,38.659,Normal,0,0
A047,2025-01-05 09:00:00,A047-PMP,Fuel Pump,72.905,3.935,74.855,52.527,1742.007,143.872,24.441,81.008,283,60.656,27.659,Normal,0,1
A047,2025-01-05 11:00:00,A047-PMP,Fuel Pump,79.826,3.328,74.349,54.531,1764.22,145.664,23.322,74.439,473,76.33,32.62,Normal,0,1
A047,2025-01-05 13:00:00,A047-PMP,Fuel Pump,90.289,6.539,57.231,55.631,1791.888,132.249,23.63,75.32,466,63.481,27.458,Warning,1,0
A047,2025-01-05 16:00:00,A047-PMP,Fuel Pump,75.508,3.295,73.644,54.912,1879.01,154.244,23.201,75.758,444,59.562,29.121,Normal,0,0
A047,2025-01-05 19:00:00,A047-PMP,Fuel Pump,77.59,2.75,80.053,57.116,1702.094,147.403,23.816,76.042,411,67.379,27.36,Normal,0,0
A047,2025-01-05 21:00:00,A047-PMP,Fuel Pump,79.892,3.488,72.735,55.138,1760.305,155.992,23.888,80.122,333,59.92,38.839,Normal,0,0
A047,2025-01-06 03:00:00,A047-PMP,Fuel Pump,81.266,3.385,72.828,53.982,1771.527,145.954,23.154,76.642,612,71.143,34.24,Normal,0,0
A047,2025-01-06 06:00:00,A047-PMP,Fuel Pump,73.353,3.228,71.754,53.909,1614.185,153.522,23.906,78.04,426,64.078,23.816,Normal,0,0
A047,2025-01-06 13:00:00,A047-PMP,Fuel Pump,83.513,3.378,73.27,53.003,1839.484,145.655,23.304,78.256,245,57.517,37.771,Normal,0,0
A047,2025-01-06 15:00:00,A047-PMP,Fuel Pump,75.697,2.923,71.939,54.006,1687.503,148.801,23.755,77.822,608,69.629,31.305,Normal,0,0
A047,2025-01-06 18:00:00,A047-PMP,Fuel Pump,80.186,3.139,72.465,54.755,1907.893,156.774,23.493,81.631,328,58.838,34.265,Normal,0,1
A047,2025-01-06 22:00:00,A047-PMP,Fuel Pump,76.251,3.854,73.969,53.457,1810.382,154.83,23.325,79.713,242,59.88,32.508,Normal,0,1
A047,2025-01-06 23:00:00,A047-PMP,Fuel Pump,83.083,3.317,72.406,53.97,1783.949,160.393,23.7,78.292,503,62.884,30.342,Normal,0,0
A047,2025-01-07 07:00:00,A047-PMP,Fuel Pump,81.639,3.054,71.641,51.488,1819.534,145.164,23.438,79.22,578,65.667,32.839,Normal,0,0
A047,2025-01-07 12:00:00,A047-PMP,Fuel Pump,79.002,3.631,66.91,58.315,1929.62,145.46,23.038,81.901,536,70.287,38.33,Normal,0,0
A047,2025-01-07 13:00:00,A047-PMP,Fuel Pump,78.136,3.008,71.808,46.957,1727.043,151.101,23.747,75.963,320,83.271,35.755,Normal,0,0
A047,2025-01-07 17:00:00,A047-PMP,Fuel Pump,80.48,2.963,67.471,54.742,1629.671,147.71,23.517,77.102,326,69.649,24.673,Normal,0,0
A047,2025-01-07 18:00:00,A047-PMP,Fuel Pump,81.252,3.435,73.678,51.245,1842.071,157.541,23.279,79.78,639,69.008,30.667,Normal,0,0
A047,2025-01-08 03:00:00,A047-PMP,Fuel Pump,75.95,3.792,73.794,52.625,1614.4,151.408,23.437,80.443,595,69.849,23.4,Normal,0,1
A047,2025-01-08 05:00:00,A047-PMP,Fuel Pump,78.397,3.354,70.052,55.928,1845.937,153.465,23.127,79.96,360,72.651,30.697,Normal,0,0
A047,2025-01-08 12:00:00,A047-PMP,Fuel Pump,82.321,3.578,72.476,54.508,1895.607,152.88,23.148,82.999,360,70.988,30.334,Warning,1,1
A047,2025-01-08 15:00:00,A047-PMP,Fuel Pump,78.966,3.299,73.668,53.061,1764.662,150.289,23.579,80.458,336,65.461,19.551,Normal,0,1
A047,2025-01-08 16:00:00,A047-PMP,Fuel Pump,78.745,3.484,66.276,56.099,1706.996,147.96,23.371,77.951,467,81.708,32.758,Warning,1,1
A047,2025-01-08 17:00:00,A047-PMP,Fuel Pump,94.073,7.138,59.603,54.859,1630.491,132.786,23.569,81.742,668,77.979,32.729,Warning,1,1
A047,2025-01-08 22:00:00,A047-PMP,Fuel Pump,75.487,3.541,67.262,53.481,1926.423,147.273,23.72,80.249,452,82.742,32.658,Warning,1,0
A047,2025-01-09 00:00:00,A047-PMP,Fuel Pump,76.703,3.882,76.622,54.195,1873.24,145.024,23.19,80.112,362,74.411,31.61,Normal,0,1
A047,2025-01-09 04:00:00,A047-PMP,Fuel Pump,78.214,3.354,70.22,54.81,1710.132,146.932,23.003,81.971,336,65.194,29.072,Normal,0,0
A047,2025-01-09 05:00:00,A047-PMP,Fuel Pump,83.939,3.615,72.998,55.169,1856.68,146.872,23.001,78.469,346,80.289,33.231,Warning,1,1
A047,2025-01-09 08:00:00,A047-PMP,Fuel Pump,77.948,3.451,72.366,55.91,1821.955,142.874,23.239,82.713,568,55.888,30.109,Normal,0,0
A047,2025-01-09 12:00:00,A047-PMP,Fuel Pump,76.742,4.002,68.591,52.967,1879.01,151.703,23.212,75.541,653,71.871,29.52,Warning,1,1
A047,2025-01-09 19:00:00,A047-PMP,Fuel Pump,78.688,3.29,70.116,52.97,1785.314,144.783,23.435,80.951,352,63.55,33.13,Normal,0,0
A047,2025-01-09 21:00:00,A047-PMP,Fuel Pump,81.684,3.799,67.885,50.76,1820.492,147.969,23.432,78.288,556,75.072,34.479,Warning,1,1
A047,2025-01-09 22:00:00,A047-PMP,Fuel Pump,80.967,3.727,68.636,52.925,1670.227,142.027,23.887,80.516,376,59.192,37.173,Warning,1,0
A047,2025-01-10 06:00:00,A047-PMP,Fuel Pump,80.848,4.065,70.048,53.936,1950.039,149.314,23.222,79.304,353,72.57,31.735,Warning,1,1
A047,2025-01-10 08:00:00,A047-PMP,Fuel Pump,80.626,3.877,70.279,55.518,1654.927,146.56,23.685,79.375,494,58.913,31.238,Warning,1,1
A047,2025-01-10 09:00:00,A047-PMP,Fuel Pump,78.191,3.492,70.366,53.756,1846.37,146.558,23.348,82.16,487,71.294,28.755,Warning,1,1
A047,2025-01-10 11:00:00,A047-PMP,Fuel Pump,83.027,3.812,69.197,53.804,1815.859,143.042,24.228,81.709,540,68.552,41.856,Warning,1,1
A047,2025-01-10 15:00:00,A047-PMP,Fuel Pump,79.364,2.896,75.058,51.292,1737.39,150.496,23.131,78.023,555,67.36,38.067,Normal,0,0
A047,2025-01-10 19:00:00,A047-PMP,Fuel Pump,85.254,3.617,71.253,54.974,1688.91,149.643,23.655,78.759,608,60.745,37.879,Warning,1,1
A047,2025-01-11 04:00:00,A047-PMP,Fuel Pump,82.673,3.9,71.608,50.866,1867.91,150.577,23.047,77.835,487,70.03,30.539,Warning,1,0
A047,2025-01-11 07:00:00,A047-PMP,Fuel Pump,78.27,4.036,69.381,54.031,1783.033,147.172,23.098,81.339,514,78.36,31.555,Warning,1,1
A047,2025-01-11 09:00:00,A047-PMP,Fuel Pump,83.158,3.465,74.498,56.525,1735.95,150.687,22.723,82.033,559,72.377,32.992,Warning,1,0
A047,2025-01-11 11:00:00,A047-PMP,Fuel Pump,82.949,3.168,68.46,52.737,1743.144,147.097,23.479,79.929,531,80.299,34.469,Warning,1,1
A047,2025-01-11 12:00:00,A047-PMP,Fuel Pump,80.895,3.557,70.883,53.641,1661.245,145.513,23.076,81.612,497,80.426,32.266,Warning,1,0
A047,2025-01-11 14:00:00,A047-PMP,Fuel Pump,83.637,3.463,75.266,51.237,1881.551,150.781,23.198,83.102,662,76.874,29.557,Warning,1,0
A047,2025-01-11 15:00:00,A047-PMP,Fuel Pump,87.051,4.08,73.461,53.448,1778.506,139.29,23.33,82.318,722,71.828,25.698,Warning,1,0
A047,2025-01-12 02:00:00,A047-PMP,Fuel Pump,80.844,4.174,69.723,55.161,1885.164,144.839,22.787,80.6,738,65.145,35.779,Warning,1,0
A047,2025-01-12 03:00:00,A047-PMP,Fuel Pump,78.574,3.44,71.064,52.345,1843.926,137.815,23.862,80.892,462,70.115,33.399,Warning,1,0
A047,2025-01-12 07:00:00,A047-PMP,Fuel Pump,82.468,3.667,72.211,51.185,1808.404,158.743,23.076,80.977,394,71.931,27.888,Warning,1,0
A047,2025-01-12 10:00:00,A047-PMP,Fuel Pump,86.277,3.847,68.715,54.592,1655.933,156.252,23.102,82.448,564,83.228,21.545,Warning,1,1
A047,2025-01-12 11:00:00,A047-PMP,Fuel Pump,84.896,3.387,72.028,50.758,1771.951,144.555,23.839,82.555,719,81.634,29.982,Warning,1,1
A047,2025-01-12 15:00:00,A047-PMP,Fuel Pump,82.434,3.99,69.027,54.186,1737.916,143.37,23.007,83.195,478,71.755,31.603,Warning,1,0
A047,2025-01-12 16:00:00,A047-PMP,Fuel Pump,82.733,4.356,68.091,54.804,1688.945,140.857,23.091,80.694,777,88.676,23.98,Warning,1,1
A047,2025-01-12 21:00:00,A047-PMP,Fuel Pump,80.626,4.434,73.927,52.737,1802.428,146.85,22.788,80.966,692,79.293,28.148,Warning,1,1
A047,2025-01-12 22:00:00,A047-PMP,Fuel Pump,83.591,4.126,73.606,51.878,1660.412,145.306,23.551,82.537,699,79.369,31.808,Warning,1,0
A047,2025-01-13 01:00:00,A047-PMP,Fuel Pump,78.002,3.927,70.323,52.741,1766.899,144.862,23.089,83.699,695,75.58,37.71,Warning,1,0
A047,2025-01-13 05:00:00,A047-PMP,Fuel Pump,79.869,3.411,69.314,56.371,1746.916,149.123,22.605,84.39,568,82.335,26.861,Warning,1,1
A047,2025-01-13 10:00:00,A047-PMP,Fuel Pump,84.275,4.155,66.377,56.689,1795.64,149.901,23.324,83.328,703,67.448,30.865,Warning,1,1
A047,2025-01-14 01:00:00,A047-PMP,Fuel Pump,77.262,3.804,71.946,57.274,1829.447,145.707,22.955,83.432,501,78.96,25.417,Warning,1,1
A047,2025-01-14 08:00:00,A047-PMP,Fuel Pump,89.241,5.008,67.857,52.688,1753.681,144.158,22.78,85.492,589,82.423,27.536,Warning,1,1
A047,2025-01-14 10:00:00,A047-PMP,Fuel Pump,82.465,4.164,70.565,54.523,1750.921,141.07,22.993,81.313,669,79.908,29.779,Warning,1,0
A047,2025-01-14 11:00:00,A047-PMP,Fuel Pump,82.699,4.674,68.384,52.179,1816.756,145.834,23.264,83.16,554,77.578,29.337,Warning,1,1
A047,2025-01-14 15:00:00,A047-PMP,Fuel Pump,83.994,4.149,66.449,53.275,1918.57,139.996,22.517,86.362,567,84.263,30.987,Warning,1,1
A047,2025-01-14 17:00:00,A047-PMP,Fuel Pump,82.265,3.672,67.849,48.138,1771.992,149.584,23.185,84.052,467,76.103,34.951,Warning,1,0
A047,2025-01-14 22:00:00,A047-PMP,Fuel Pump,84.016,5.025,67.367,54.041,1702.418,145.792,23.477,83.313,610,81.803,27.522,Warning,1,1
A047,2025-01-15 04:00:00,A047-PMP,Fuel Pump,101.379,7.236,62.518,51.852,1837.376,124.769,23.083,84.172,503,75.15,33.884,Warning,1,1
A047,2025-01-16 01:00:00,A047-PMP,Fuel Pump,82.444,3.944,63.739,49.461,1831.521,144.755,22.734,85.981,853,92.734,35.305,Warning,1,1
A047,2025-01-16 09:00:00,A047-PMP,Fuel Pump,82.878,4.061,70.174,51.686,1995.744,139.715,23.262,84.573,759,84.596,22.248,Warning,1,0
A047,2025-01-16 17:00:00,A047-PMP,Fuel Pump,96.052,5.942,58.215,52.264,1780.071,135.065,23.264,83.697,530,76.208,35.326,Warning,1,0
A047,2025-01-17 04:00:00,A047-PMP,Fuel Pump,86.375,4.075,68.208,51.294,2031.123,143.411,23.154,84.389,872,74.652,30.986,Warning,1,1
A047,2025-01-17 05:00:00,A047-PMP,Fuel Pump,83.029,3.94,68.719,54.038,1819.447,148.232,22.519,86.453,667,83.698,16.959,Warning,1,1
A047,2025-01-17 06:00:00,A047-PMP,Fuel Pump,98.795,7.311,54.597,51.385,1679.908,141.465,22.823,81.155,623,94.63,29.064,Warning,1,1
A047,2025-01-17 09:00:00,A047-PMP,Fuel Pump,89.609,4.462,70.415,50.827,1886.767,146.687,23.062,83.101,828,88.047,38.327,Warning,1,0
A047,2025-01-17 10:00:00,A047-PMP,Fuel Pump,86.42,3.319,63.403,52.506,1787.142,148.655,22.435,86.462,582,80.784,34.614,Warning,1,0
A047,2025-01-17 11:00:00,A047-PMP,Fuel Pump,88.671,4.684,68.07,53.195,1905.514,141.675,22.967,87.978,761,84.822,26.137,Warning,1,1
A048,2025-01-01 00:00:00,A048-PMP,Fuel Pump,68.151,2.436,82.452,55.276,1614.16,151.329,24.384,75.211,210,55.739,29.778,Normal,0,0
A048,2025-01-01 01:00:00,A048-PMP,Fuel Pump,71.294,2.287,80.097,55.186,1856.95,153.432,23.87,77.519,152,53.906,37.585,Normal,0,0
A048,2025-01-01 03:00:00,A048-PMP,Fuel Pump,73.344,2.152,77.967,52.864,1677.354,154.018,24.115,75.042,229,61.914,31.722,Normal,0,0
A048,2025-01-01 08:00:00,A048-PMP,Fuel Pump,71.522,1.982,76.008,52.914,1777.279,151.094,23.948,75.123,149,35.085,31.191,Normal,0,0
A048,2025-01-01 10:00:00,A048-PMP,Fuel Pump,75.005,2.734,82.75,54.64,1619.995,154.53,24.574,76.111,237,47.416,27.65,Normal,0,0
A048,2025-01-01 11:00:00,A048-PMP,Fuel Pump,73.29,2.174,73.693,60.894,1689.17,152.683,24.191,77.446,496,58.812,33.211,Normal,0,0
A048,2025-01-01 12:00:00,A048-PMP,Fuel Pump,69.571,2.053,80.033,56.393,1860.934,145.987,23.96,75.032,461,47.131,35.18,Normal,0,0
A048,2025-01-01 13:00:00,A048-PMP,Fuel Pump,71.857,2.682,77.948,56.076,1688.51,149.123,23.414,75.893,213,47.396,22.428,Normal,0,0
A048,2025-01-01 15:00:00,A048-PMP,Fuel Pump,73.388,2.648,77.451,54.118,1786.218,152.078,23.782,77.57,452,46.116,35.615,Normal,0,0
A048,2025-01-01 20:00:00,A048-PMP,Fuel Pump,67.958,2.38,80.909,59.037,1651.085,148.362,24.552,74.619,304,41.624,41.921,Normal,0,0
A048,2025-01-02 02:00:00,A048-PMP,Fuel Pump,72.694,2.142,82.752,55.355,1825.216,155.351,24.297,75.625,182,55.736,32.338,Normal,0,0
A048,2025-01-02 04:00:00,A048-PMP,Fuel Pump,72.551,2.871,77.9,56.368,1779.056,148.902,23.607,74.383,504,44.617,32.728,Normal,0,0
A048,2025-01-02 06:00:00,A048-PMP,Fuel Pump,73.653,2.22,74.935,53.285,1733.432,149.743,24.435,77.771,473,41.588,28.589,Normal,0,0
A048,2025-01-02 08:00:00,A048-PMP,Fuel Pump,71.828,2.32,74.587,51.131,1803.847,144.713,24.06,72.537,415,55.545,24.293,Normal,0,0
A048,2025-01-02 11:00:00,A048-PMP,Fuel Pump,69.637,2.024,73.177,56.066,1765.565,148.229,23.857,74.503,181,56.135,28.992,Normal,0,0
A048,2025-01-02 12:00:00,A048-PMP,Fuel Pump,77.007,2.769,74.704,56.072,1800.134,146.761,24.552,76.255,293,53.405,26.638,Normal,0,0
A048,2025-01-02 13:00:00,A048-PMP,Fuel Pump,71.953,2.372,76.075,53.838,1717.966,150.372,23.813,71.444,391,44.209,22.488,Normal,0,0
A048,2025-01-03 12:00:00,A048-PMP,Fuel Pump,72.208,2.762,78.949,52.617,1737.97,142.066,23.553,79.079,310,54.106,26.073,Normal,0,0
A048,2025-01-03 13:00:00,A048-PMP,Fuel Pump,73.192,2.262,79.177,56.424,1755.782,140.756,23.99,78.328,426,58.021,33.675,Normal,0,0
A048,2025-01-03 14:00:00,A048-PMP,Fuel Pump,74.465,2.151,79.241,54.178,1785.687,145.51,23.644,74.851,433,43.158,34.176,Normal,0,0
A048,2025-01-04 00:00:00,A048-PMP,Fuel Pump,72.07,3.187,72.762,54.437,1895.525,152.51,23.667,74.843,325,57.867,31.131,Normal,0,0
A048,2025-01-04 01:00:00,A048-PMP,Fuel Pump,73.496,2.139,83.049,55.036,1752.458,142.206,23.513,74.849,466,54.726,33.839,Normal,0,0
A048,2025-01-04 02:00:00,A048-PMP,Fuel Pump,73.231,2.589,75.231,53.809,1855.052,143.395,23.43,74.853,201,51.309,29.219,Normal,0,0
A048,2025-01-04 06:00:00,A048-PMP,Fuel Pump,75.288,2.761,74.921,53.911,1628.924,159.318,23.758,80.119,294,51.911,32.774,Normal,0,0
A048,2025-01-04 11:00:00,A048-PMP,Fuel Pump,75.618,2.116,76.578,55.82,1909.897,144.373,23.36,76.28,213,56.858,30.27,Normal,0,0
A048,2025-01-04 12:00:00,A048-PMP,Fuel Pump,72.248,3.06,79.14,53.539,1784.932,148.3,23.62,77.757,351,49.009,30.485,Normal,0,0
A048,2025-01-04 22:00:00,A048-PMP,Fuel Pump,76.638,2.921,78.605,56.351,1931.611,146.767,23.77,75.391,534,65.131,32.834,Normal,0,1
A048,2025-01-04 23:00:00,A048-PMP,Fuel Pump,76.52,2.121,76.139,54.354,1837.734,152.043,23.639,72.677,212,32.325,32.9,Normal,0,0
A048,2025-01-05 01:00:00,A048-PMP,Fuel Pump,70.922,2.439,80.241,54.854,1832.175,151.047,24.169,76.738,250,48.625,30.291,Normal,0,0
A048,2025-01-05 13:00:00,A048-PMP,Fuel Pump,77.789,2.219,80.257,56.546,1762.493,144.528,23.702,76.848,384,61.979,25.151,Normal,0,0
A048,2025-01-05 15:00:00,A048-PMP,Fuel Pump,75.385,2.814,76.456,55.851,1732.614,149.404,23.101,79.809,346,51.993,32.423,Normal,0,0
A048,2025-01-05 23:00:00,A048-PMP,Fuel Pump,80.595,2.404,78.999,52.42,1771.894,148.563,23.185,79.908,402,59.002,38.437,Normal,0,0
A048,2025-01-06 02:00:00,A048-PMP,Fuel Pump,74.942,2.9,73.409,55.597,1953.831,149.997,23.733,78.281,232,55.66,25.845,Normal,0,0
A048,2025-01-06 07:00:00,A048-PMP,Fuel Pump,79.633,2.5,75.736,56.816,1929.176,156.897,24.087,76.91,461,58.954,25.113,Normal,0,0
A048,2025-01-06 08:00:00,A048-PMP,Fuel Pump,77.4,2.76,74.806,52.667,1904.375,145.203,23.975,80.126,559,59.362,29.459,Normal,0,1
A048,2025-01-06 18:00:00,A048-PMP,Fuel Pump,71.877,3.049,72.641,53.108,1822.374,140.296,23.435,77.494,356,56.321,32.936,Normal,0,0
A048,2025-01-06 20:00:00,A048-PMP,Fuel Pump,77.539,2.027,71.511,54.025,1848.863,147.259,23.765,77.229,251,41.655,29.091,Normal,0,0
A048,2025-01-06 21:00:00,A048-PMP,Fuel Pump,76.943,2.855,74.447,51.803,1938.776,149.818,23.867,79.03,448,52.729,30.821,Normal,0,0
A048,2025-01-07 00:00:00,A048-PMP,Fuel Pump,77.957,2.278,76.128,53.984,1962.215,146.726,23.797,77.947,354,69.373,32.814,Normal,0,0
A048,2025-01-07 02:00:00,A048-PMP,Fuel Pump,70.922,2.708,76.06,52.982,1669.649,151.673,23.106,79.566,610,45.724,29.292,Normal,0,0
A048,2025-01-07 03:00:00,A048-PMP,Fuel Pump,73.666,2.682,78.771,52.11,1745.376,150.559,23.088,78.893,401,66.281,32.944,Normal,0,0
A048,2025-01-07 07:00:00,A048-PMP,Fuel Pump,80.57,3.208,74.139,55.549,1930.676,146.658,23.005,81.424,433,57.49,33.929,Normal,0,0
A048,2025-01-07 11:00:00,A048-PMP,Fuel Pump,74.188,3.195,75.759,55.088,1814.54,157.717,24.066,80.863,610,58.05,37.701,Normal,0,0
A048,2025-01-07 14:00:00,A048-PMP,Fuel Pump,80.13,3.29,78.564,50.139,1697.715,153.199,23.78,78.428,383,55.336,27.893,Normal,0,0
A048,2025-01-07 18:00:00,A048-PMP,Fuel Pump,78.053,2.654,76.478,54.921,1932.29,154.334,23.254,79.492,345,67.528,32.377,Normal,0,0
A048,2025-01-07 19:00:00,A048-PMP,Fuel Pump,77.148,2.991,73.014,52.58,1935.541,144.474,23.459,79.606,367,60.336,35.714,Normal,0,0
A048,2025-01-08 05:00:00,A048-PMP,Fuel Pump,75.848,2.851,77.104,53.211,1821.628,152.356,23.104,80.14,611,63.077,45.012,Normal,0,0
A048,2025-01-08 07:00:00,A048-PMP,Fuel Pump,75.209,3.203,76.007,55.858,1994.061,144.904,23.408,80.827,481,67.677,25.528,Normal,0,0
A048,2025-01-08 08:00:00,A048-PMP,Fuel Pump,77.91,2.718,75.355,52.497,1835.633,152.639,23.3,79.697,321,63.366,23.587,Normal,0,0
A048,2025-01-08 09:00:00,A048-PMP,Fuel Pump,81.224,2.76,74.328,53.783,1843.615,149.049,23.999,75.521,383,60.583,30.829,Normal,0,0
A048,2025-01-08 11:00:00,A048-PMP,Fuel Pump,75.84,2.683,73.352,54.041,1700.416,154.409,23.557,83.43,625,61.722,35.08,Normal,0,1
A048,2025-01-08 13:00:00,A048-PMP,Fuel Pump,77.609,2.898,77.983,52.564,1676.984,148.968,22.83,79.507,571,84.027,31.606,Normal,0,0
A048,2025-01-08 17:00:00,A048-PMP,Fuel Pump,76.894,2.958,77.008,52.652,1842.431,147.313,23.317,80.879,375,72.288,23.689,Normal,0,0
A048,2025-01-08 22:00:00,A048-PMP,Fuel Pump,75.889,3.472,76.641,54.628,1835.87,149.122,23.498,81.122,607,60.404,28.457,Normal,0,0
A048,2025-01-08 23:00:00,A048-PMP,Fuel Pump,80.833,2.706,71.275,53.87,1794.0,142.428,23.485,81.16,370,44.949,32.521,Normal,0,1
A048,2025-01-09 01:00:00,A048-PMP,Fuel Pump,77.536,2.947,77.411,52.855,1759.894,150.894,23.637,79.354,548,51.758,22.355,Normal,0,1
A048,2025-01-09 02:00:00,A048-PMP,Fuel Pump,76.405,2.738,73.41,52.403,1760.586,152.272,23.305,78.721,490,63.639,28.172,Normal,0,0
A048,2025-01-09 04:00:00,A048-PMP,Fuel Pump,90.127,6.98,68.041,58.155,1714.203,136.892,23.69,76.402,436,51.516,28.024,Warning,1,1
A048,2025-01-09 09:00:00,A048-PMP,Fuel Pump,74.461,2.668,72.965,54.348,1847.077,137.872,23.772,79.681,589,62.151,33.8,Normal,0,0
A048,2025-01-09 11:00:00,A048-PMP,Fuel Pump,80.129,2.943,75.661,50.588,1805.473,148.534,23.799,79.017,686,53.526,38.863,Normal,0,0
A048,2025-01-09 16:00:00,A048-PMP,Fuel Pump,75.097,2.61,70.661,50.19,1723.308,144.17,23.58,79.528,648,62.497,33.896,Normal,0,0
A048,2025-01-09 20:00:00,A048-PMP,Fuel Pump,81.383,3.358,68.429,54.794,1896.628,147.155,24.321,78.255,705,68.024,31.083,Normal,0,0
A048,2025-01-10 04:00:00,A048-PMP,Fuel Pump,81.948,3.553,72.806,54.511,1688.983,146.257,23.11,77.311,629,57.46,33.088,Normal,0,0
A048,2025-01-10 05:00:00,A048-PMP,Fuel Pump,79.878,3.03,71.837,55.748,1862.0,148.082,23.669,79.169,543,61.44,33.364,Normal,0,0
A048,2025-01-10 07:00:00,A048-PMP,Fuel Pump,76.591,3.272,77.445,52.342,1663.963,138.848,23.675,81.328,435,56.463,27.066,Normal,0,0
A048,2025-01-10 09:00:00,A048-PMP,Fuel Pump,82.449,3.487,76.255,51.933,1864.496,152.81,22.752,78.725,421,71.98,22.177,Normal,0,1
A048,2025-01-10 10:00:00,A048-PMP,Fuel Pump,76.638,3.19,80.248,55.072,1800.39,143.014,22.82,78.568,573,55.554,35.926,Normal,0,0
A048,2025-01-10 11:00:00,A048-PMP,Fuel Pump,79.142,3.174,76.319,54.111,1787.021,150.698,23.224,82.45,527,55.145,28.029,Normal,0,1
A048,2025-01-10 14:00:00,A048-PMP,Fuel Pump,80.334,3.743,77.207,55.112,1770.523,149.401,23.198,81.224,464,57.281,27.668,Normal,0,1
A048,2025-01-10 17:00:00,A048-PMP,Fuel Pump,78.565,4.097,71.02,53.934,1894.044,144.162,22.901,81.383,559,53.058,25.245,Normal,0,1
A048,2025-01-10 19:00:00,A048-PMP,Fuel Pump,78.177,2.649,70.226,52.607,1959.181,143.846,23.777,78.137,457,51.142,27.891,Normal,0,0
A048,2025-01-11 01:00:00,A048-PMP,Fuel Pump,78.648,3.057,76.705,52.051,1950.996,152.577,23.667,82.891,704,47.259,34.018,Normal,0,1
A048,2025-01-11 04:00:00,A048-PMP,Fuel Pump,79.528,3.17,75.423,54.885,1704.538,141.428,23.15,79.415,395,66.551,34.885,Normal,0,1
A048,2025-01-11 05:00:00,A048-PMP,Fuel Pump,75.434,3.157,76.066,52.888,1775.346,146.999,22.83,74.978,703,62.692,29.947,Normal,0,1
A048,2025-01-11 08:00:00,A048-PMP,Fuel Pump,76.26,2.929,69.909,55.024,1927.31,151.02,23.193,80.061,399,74.077,24.875,Normal,0,0
A048,2025-01-11 11:00:00,A048-PMP,Fuel Pump,76.389,2.981,75.979,49.743,1702.012,138.348,22.831,81.635,660,69.195,23.013,Normal,0,0
A048,2025-01-11 15:00:00,A048-PMP,Fuel Pump,80.047,2.941,68.938,52.676,1717.254,146.565,22.903,82.74,516,65.162,26.346,Normal,0,0
A048,2025-01-11 18:00:00,A048-PMP,Fuel Pump,98.049,5.024,60.884,53.748,1779.775,133.304,22.923,79.465,627,59.15,25.146,Warning,1,1
A048,2025-01-11 20:00:00,A048-PMP,Fuel Pump,74.709,3.415,74.303,54.065,2011.665,146.714,23.844,81.699,445,68.68,32.873,Normal,0,0
A048,2025-01-12 10:00:00,A048-PMP,Fuel Pump,79.033,3.731,73.45,50.365,1629.56,150.266,23.775,86.208,698,76.002,26.545,Normal,0,1
A048,2025-01-12 13:00:00,A048-PMP,Fuel Pump,80.994,3.264,73.231,53.338,1654.498,148.6,23.229,85.779,595,49.567,36.466,Normal,0,0
A048,2025-01-12 15:00:00,A048-PMP,Fuel Pump,83.558,2.703,74.355,53.318,1802.122,140.526,23.309,82.368,498,67.715,27.39,Normal,0,0
A048,2025-01-12 16:00:00,A048-PMP,Fuel Pump,82.295,2.5,70.162,55.482,1751.791,146.547,23.095,83.328,606,73.901,31.296,Normal,0,0
A048,2025-01-12 17:00:00,A048-PMP,Fuel Pump,80.115,3.199,69.316,51.961,1648.41,145.296,22.416,81.47,587,60.359,24.434,Normal,0,1
A048,2025-01-12 19:00:00,A048-PMP,Fuel Pump,79.103,3.938,74.613,50.67,1877.783,142.766,23.03,82.039,579,66.689,30.973,Normal,0,1
A048,2025-01-12 22:00:00,A048-PMP,Fuel Pump,79.135,3.518,67.069,49.922,1701.691,145.918,22.766,78.308,431,48.665,23.435,Normal,0,0
A048,2025-01-12 23:00:00,A048-PMP,Fuel Pump,77.991,3.522,68.939,53.686,1697.775,149.261,23.447,85.908,545,68.801,36.921,Normal,0,1
A048,2025-01-13 01:00:00,A048-PMP,Fuel Pump,81.692,2.689,72.151,51.322,1824.461,144.449,23.062,82.825,577,85.192,32.924,Warning,1,1
A048,2025-01-13 05:00:00,A048-PMP,Fuel Pump,81.039,3.293,76.164,55.227,1792.99,140.872,23.357,80.117,427,71.247,27.86,Normal,0,1
A048,2025-01-13 07:00:00,A048-PMP,Fuel Pump,80.477,3.373,73.945,53.866,1782.882,150.414,23.224,86.491,741,51.957,31.012,Normal,0,1
A048,2025-01-13 09:00:00,A048-PMP,Fuel Pump,79.89,3.14,77.436,57.24,1962.755,141.047,22.37,81.841,587,67.314,29.989,Normal,0,0
A048,2025-01-13 11:00:00,A048-PMP,Fuel Pump,82.337,3.308,73.167,52.905,1807.885,146.709,23.425,82.798,787,73.831,24.745,Warning,1,0
A048,2025-01-13 12:00:00,A048-PMP,Fuel Pump,78.117,3.367,67.465,47.845,1864.638,147.13,23.093,84.774,554,76.015,32.274,Warning,1,1
A048,2025-01-13 13:00:00,A048-PMP,Fuel Pump,74.776,3.131,75.923,53.612,1882.878,146.64,23.17,84.018,597,58.665,31.435,Normal,0,0
A048,2025-01-13 20:00:00,A048-PMP,Fuel Pump,80.027,3.507,75.263,50.629,1893.465,145.398,22.957,81.464,423,66.624,33.602,Normal,0,1
A048,2025-01-14 02:00:00,A048-PMP,Fuel Pump,78.153,3.624,73.401,53.59,1856.481,135.258,22.766,83.287,682,67.915,29.113,Normal,0,0
A048,2025-01-14 06:00:00,A048-PMP,Fuel Pump,80.018,3.432,74.212,51.069,1803.96,149.625,23.203,87.111,717,70.09,25.494,Normal,0,0
A048,2025-01-14 07:00:00,A048-PMP,Fuel Pump,91.218,8.023,64.549,49.365,1729.67,136.004,22.291,86.573,452,75.356,39.033,Warning,1,0
A048,2025-01-14 08:00:00,A048-PMP,Fuel Pump,79.89,3.006,72.438,56.893,1767.683,143.465,23.812,86.417,689,62.426,24.519,Normal,0,0
A048,2025-01-14 11:00:00,A048-PMP,Fuel Pump,83.902,3.333,73.346,51.03,1828.485,141.854,22.629,80.875,565,73.48,32.42,Warning,1,1
A048,2025-01-14 18:00:00,A048-PMP,Fuel Pump,80.244,2.912,69.765,53.267,1856.877,147.912,22.877,81.705,678,72.892,25.27,Warning,1,1
A048,2025-01-15 10:00:00,A048-PMP,Fuel Pump,83.433,3.115,73.179,51.806,1930.577,142.992,23.213,84.428,450,76.336,36.328,Warning,1,0
A048,2025-01-15 14:00:00,A048-PMP,Fuel Pump,83.111,3.714,72.852,50.703,1920.2,149.774,22.452,84.587,618,86.131,38.377,Warning,1,1
A048,2025-01-15 16:00:00,A048-PMP,Fuel Pump,83.541,3.209,72.762,50.241,1939.423,140.662,22.855,86.777,629,81.986,32.815,Warning,1,1
A048,2025-01-15 18:00:00,A048-PMP,Fuel Pump,82.408,3.936,73.788,50.575,1810.832,137.438,22.704,84.898,560,71.373,26.741,Warning,1,1
A048,2025-01-15 19:00:00,A048-PMP,Fuel Pump,83.159,3.644,67.279,52.496,1797.643,141.412,22.514,78.08,561,78.371,39.764,Warning,1,0
A048,2025-01-15 22:00:00,A048-PMP,Fuel Pump,84.315,3.025,70.917,54.87,1716.352,149.044,23.429,83.501,707,75.482,31.46,Warning,1,1
A048,2025-01-16 03:00:00,A048-PMP,Fuel Pump,79.878,3.57,69.323,49.941,1791.663,146.715,22.4,83.47,851,72.448,25.773,Warning,1,0
A048,2025-01-16 04:00:00,A048-PMP,Fuel Pump,82.533,3.533,73.132,55.425,1756.906,150.629,23.031,82.547,515,70.673,26.608,Warning,1,0
A048,2025-01-16 08:00:00,A048-PMP,Fuel Pump,79.803,3.617,70.083,49.488,1831.593,142.537,23.144,86.897,813,75.842,28.122,Warning,1,1
A048,2025-01-16 09:00:00,A048-PMP,Fuel Pump,83.24,3.756,71.174,50.316,1781.515,148.782,22.241,87.405,613,80.953,40.646,Warning,1,0
A048,2025-01-16 10:00:00,A048-PMP,Fuel Pump,82.654,3.696,75.173,50.706,1813.76,153.473,23.321,85.096,522,66.498,28.817,Warning,1,0
A048,2025-01-16 14:00:00,A048-PMP,Fuel Pump,84.085,3.095,70.628,51.942,2029.467,143.418,23.16,87.216,505,68.747,25.431,Warning,1,0
A048,2025-01-16 23:00:00,A048-PMP,Fuel Pump,79.18,3.691,68.361,51.815,1563.634,146.596,22.743,88.093,848,56.368,27.861,Warning,1,1
A048,2025-01-17 08:00:00,A048-PMP,Fuel Pump,81.058,3.419,70.666,51.703,1966.207,143.8,23.13,85.817,789,67.106,27.832,Warning,1,0
A048,2025-01-17 09:00:00,A048-PMP,Fuel Pump,86.367,3.918,68.868,52.079,1913.077,143.269,23.343,80.519,630,74.173,30.313,Warning,1,0
A048,2025-01-17 12:00:00,A048-PMP,Fuel Pump,84.011,4.245,69.363,47.666,1872.337,148.86,23.046,79.745,497,73.624,37.937,Warning,1,1
A048,2025-01-17 13:00:00,A048-PMP,Fuel Pump,84.286,3.816,68.683,50.275,1784.306,145.747,22.905,86.315,704,97.061,25.566,Warning,1,1
A049,2025-01-01 00:00:00,A049-PMP,Fuel Pump,78.917,2.035,77.134,56.996,1916.463,154.303,23.851,74.862,350,43.857,24.52,Normal,0,0
A049,2025-01-01 07:00:00,A049-PMP,Fuel Pump,73.568,1.911,76.824,53.662,1733.01,148.385,23.821,72.387,350,43.299,25.05,Normal,0,0
A049,2025-01-01 08:00:00,A049-PMP,Fuel Pump,73.002,2.166,80.049,56.29,1820.879,154.953,23.946,75.034,495,43.314,26.739,Normal,0,0
A049,2025-01-01 13:00:00,A049-PMP,Fuel Pump,73.113,2.33,81.548,50.784,1889.208,155.565,24.261,75.137,351,58.224,31.188,Normal,0,0
A049,2025-01-01 23:00:00,A049-PMP,Fuel Pump,68.446,2.28,78.318,52.225,1710.489,149.104,24.304,74.435,193,58.991,31.844,Normal,0,0
A049,2025-01-02 01:00:00,A049-PMP,Fuel Pump,71.732,2.218,80.2,56.253,1653.768,143.846,23.82,76.691,421,50.716,31.926,Normal,0,0
A049,2025-01-02 04:00:00,A049-PMP,Fuel Pump,69.641,2.503,77.664,54.029,1965.255,153.075,23.64,73.973,315,35.956,26.326,Normal,0,0
A049,2025-01-02 19:00:00,A049-PMP,Fuel Pump,71.384,2.035,77.969,54.853,1864.571,150.623,23.09,76.262,539,65.899,30.468,Normal,0,0
A049,2025-01-03 00:00:00,A049-PMP,Fuel Pump,86.84,5.181,67.672,52.15,1733.605,140.209,23.897,78.929,471,44.709,30.366,Warning,1,0
A049,2025-01-03 01:00:00,A049-PMP,Fuel Pump,69.981,2.775,80.521,53.424,1948.985,149.031,23.454,77.075,530,39.319,30.219,Normal,0,0
A049,2025-01-03 10:00:00,A049-PMP,Fuel Pump,72.936,2.037,80.005,57.719,1789.139,152.448,24.153,75.761,198,45.5,29.454,Normal,0,0
A049,2025-01-03 11:00:00,A049-PMP,Fuel Pump,69.257,2.627,75.312,52.229,1752.764,150.25,23.764,75.247,297,46.444,26.178,Normal,0,0
A049,2025-01-03 12:00:00,A049-PMP,Fuel Pump,73.736,2.237,81.769,52.773,1748.492,155.797,23.425,76.872,267,52.076,25.114,Normal,0,0
A049,2025-01-03 18:00:00,A049-PMP,Fuel Pump,71.679,1.695,82.38,55.16,1888.789,151.435,23.462,75.202,168,60.502,24.839,Normal,0,0
A049,2025-01-03 19:00:00,A049-PMP,Fuel Pump,71.049,2.293,76.929,54.644,1808.34,151.132,23.634,78.836,177,65.787,31.608,Normal,0,0
A049,2025-01-03 23:00:00,A049-PMP,Fuel Pump,70.947,2.476,74.539,52.803,1837.619,143.187,23.593,76.978,308,48.066,32.88,Normal,0,0
A049,2025-01-04 01:00:00,A049-PMP,Fuel Pump,71.512,2.101,78.654,54.374,1708.886,151.632,24.135,76.086,547,49.609,37.584,Normal,0,0
A049,2025-01-04 08:00:00,A049-PMP,Fuel Pump,75.184,1.866,78.944,56.215,1977.867,150.454,24.237,76.819,247,56.725,36.602,Normal,0,1
A049,2025-01-04 09:00:00,A049-PMP,Fuel Pump,87.091,5.714,65.594,54.445,1764.544,139.161,23.652,77.172,235,67.292,26.411,Warning,1,0
A049,2025-01-04 10:00:00,A049-PMP,Fuel Pump,73.623,2.884,75.601,52.807,1943.96,146.791,23.797,77.476,348,68.8,28.292,Normal,0,0
A049,2025-01-04 17:00:00,A049-PMP,Fuel Pump,74.748,2.168,72.303,50.989,1839.755,157.22,23.433,78.789,344,45.261,21.101,Normal,0,0
A049,2025-01-04 18:00:00,A049-PMP,Fuel Pump,71.263,2.509,81.145,53.964,1792.479,151.253,24.12,72.831,562,58.209,30.358,Normal,0,1
A049,2025-01-04 23:00:00,A049-PMP,Fuel Pump,74.989,2.509,70.217,54.922,1707.941,148.194,24.201,75.617,340,57.07,36.967,Normal,0,0
A049,2025-01-05 02:00:00,A049-PMP,Fuel Pump,70.005,3.171,78.752,52.549,1781.193,147.564,23.169,76.668,357,65.747,32.069,Normal,0,0
A049,2025-01-05 04:00:00,A049-PMP,Fuel Pump,72.755,2.168,76.307,55.726,1808.441,150.991,23.75,77.132,395,55.105,34.414,Normal,0,0
A049,2025-01-05 05:00:00,A049-PMP,Fuel Pump,70.026,2.026,80.55,51.989,1826.333,144.183,23.763,74.16,217,59.218,24.909,Normal,0,0
A049,2025-01-05 12:00:00,A049-PMP,Fuel Pump,71.701,2.422,74.507,55.027,1764.176,141.787,23.658,78.401,574,62.718,32.946,Normal,0,0
A049,2025-01-05 15:00:00,A049-PMP,Fuel Pump,71.357,2.191,80.68,51.175,1769.406,146.586,23.987,78.612,554,45.956,20.182,Normal,0,0
A049,2025-01-05 17:00:00,A049-PMP,Fuel Pump,78.322,2.157,76.923,55.58,1870.9,156.442,23.329,80.822,606,40.171,33.793,Normal,0,0
A049,2025-01-05 19:00:00,A049-PMP,Fuel Pump,73.703,1.893,77.15,50.377,1674.593,145.161,23.126,82.144,220,51.852,34.458,Normal,0,0
A049,2025-01-05 20:00:00,A049-PMP,Fuel Pump,74.245,2.563,80.509,53.567,1831.118,152.324,23.91,78.923,459,63.225,28.864,Normal,0,0
A049,2025-01-05 21:00:00,A049-PMP,Fuel Pump,75.576,2.852,77.253,51.619,1801.043,150.675,23.63,77.486,324,65.998,28.586,Normal,0,0
A049,2025-01-06 06:00:00,A049-PMP,Fuel Pump,76.479,2.548,80.853,53.198,1811.229,142.076,23.869,78.033,590,65.558,28.753,Normal,0,0
A049,2025-01-06 10:00:00,A049-PMP,Fuel Pump,73.501,2.406,78.066,55.789,1776.384,144.375,23.122,80.952,423,58.32,32.947,Normal,0,0
A049,2025-01-06 14:00:00,A049-PMP,Fuel Pump,72.869,2.54,76.939,58.056,1914.656,143.312,23.806,76.705,573,65.061,25.936,Normal,0,0
A049,2025-01-06 15:00:00,A049-PMP,Fuel Pump,71.874,2.487,76.806,54.419,1716.402,148.326,23.109,74.834,343,53.59,19.086,Normal,0,0
A049,2025-01-06 16:00:00,A049-PMP,Fuel Pump,72.765,2.406,73.176,55.285,1785.884,154.655,23.096,77.582,608,64.698,38.418,Normal,0,0
A049,2025-01-06 20:00:00,A049-PMP,Fuel Pump,77.868,2.771,79.597,50.831,1889.031,147.054,22.88,80.79,459,51.257,33.266,Normal,0,0
A049,2025-01-07 00:00:00,A049-PMP,Fuel Pump,74.102,3.348,76.386,54.207,1731.557,147.144,23.102,80.713,295,50.652,23.978,Normal,0,0
A049,2025-01-07 07:00:00,A049-PMP,Fuel Pump,73.771,2.828,77.914,55.76,1767.22,159.123,23.235,79.448,561,56.479,39.526,Normal,0,0
A049,2025-01-07 12:00:00,A049-PMP,Fuel Pump,77.05,2.253,75.054,51.688,1826.098,144.998,23.572,79.071,497,44.532,28.824,Normal,0,0
A049,2025-01-07 14:00:00,A049-PMP,Fuel Pump,75.35,2.591,75.636,52.875,1741.441,145.655,24.048,79.199,513,60.78,35.737,Normal,0,0
A049,2025-01-07 20:00:00,A049-PMP,Fuel Pump,75.195,2.646,76.118,53.802,1822.598,145.6,23.853,76.177,468,69.025,30.746,Normal,0,0
A049,2025-01-07 22:00:00,A049-PMP,Fuel Pump,73.302,2.909,73.57,51.766,1910.702,151.375,23.153,79.653,285,59.067,31.601,Normal,0,0
A049,2025-01-08 01:00:00,A049-PMP,Fuel Pump,71.111,2.989,73.195,50.307,1866.141,147.782,23.289,79.636,303,54.449,35.066,Normal,0,0
A049,2025-01-08 03:00:00,A049-PMP,Fuel Pump,74.304,2.476,75.704,53.98,1796.516,151.643,23.415,81.308,657,56.499,41.687,Normal,0,0
A049,2025-01-08 09:00:00,A049-PMP,Fuel Pump,75.626,2.637,75.221,55.31,1798.127,147.836,23.544,80.35,590,53.274,34.405,Normal,0,0
A049,2025-01-08 11:00:00,A049-PMP,Fuel Pump,77.958,3.309,77.937,53.152,1803.698,152.238,24.163,76.061,288,62.081,25.868,Normal,0,1
A049,2025-01-08 12:00:00,A049-PMP,Fuel Pump,78.224,2.426,77.426,56.049,1807.206,145.502,23.367,78.186,678,60.827,38.1,Normal,0,0
A049,2025-01-08 17:00:00,A049-PMP,Fuel Pump,78.206,2.912,76.5,55.543,1988.946,147.271,22.353,80.57,315,63.904,28.076,Normal,0,0
A049,2025-01-08 19:00:00,A049-PMP,Fuel Pump,79.106,2.724,77.263,53.919,1804.461,147.519,23.325,79.006,535,41.967,27.244,Normal,0,0
A049,2025-01-09 02:00:00,A049-PMP,Fuel Pump,79.41,2.547,74.032,54.65,1849.095,151.597,23.454,80.414,383,40.198,23.923,Normal,0,0
A049,2025-01-09 05:00:00,A049-PMP,Fuel Pump,78.915,3.024,74.416,54.878,1818.667,143.373,24.137,79.339,355,63.181,38.396,Normal,0,0
A049,2025-01-09 12:00:00,A049-PMP,Fuel Pump,72.833,4.199,73.065,48.954,1755.262,152.234,23.938,78.014,465,68.765,24.911,Normal,0,0
A049,2025-01-09 13:00:00,A049-PMP,Fuel Pump,74.281,3.396,75.25,54.664,1907.827,152.699,22.66,81.011,344,58.058,32.311,Normal,0,0
A049,2025-01-09 14:00:00,A049-PMP,Fuel Pump,72.765,2.861,71.42,53.595,1978.329,152.46,23.51,78.804,498,50.219,34.009,Normal,0,0
A049,2025-01-09 20:00:00,A049-PMP,Fuel Pump,73.167,2.989,71.911,49.468,1833.044,149.384,23.522,82.01,585,61.118,24.213,Normal,0,1
A049,2025-01-09 23:00:00,A049-PMP,Fuel Pump,78.023,3.349,76.778,49.333,1711.692,146.01,23.166,83.248,405,67.208,34.55,Normal,0,0
A049,2025-01-10 01:00:00,A049-PMP,Fuel Pump,79.659,2.853,76.132,52.806,1596.12,152.417,23.554,78.612,411,48.591,32.878,Normal,0,1
A049,2025-01-10 02:00:00,A049-PMP,Fuel Pump,74.04,3.017,75.836,55.469,1643.56,146.498,22.985,79.666,540,54.237,23.85,Normal,0,0
A049,2025-01-10 04:00:00,A049-PMP,Fuel Pump,94.157,5.961,64.936,53.553,1765.545,140.43,23.481,80.926,618,59.942,22.91,Warning,1,1
A049,2025-01-10 07:00:00,A049-PMP,Fuel Pump,76.922,2.764,69.373,53.7,1722.222,138.328,22.841,82.376,448,61.734,32.536,Normal,0,0
A049,2025-01-10 10:00:00,A049-PMP,Fuel Pump,79.498,2.271,72.439,49.938,1739.939,146.345,23.672,84.537,381,51.396,19.974,Normal,0,0
A049,2025-01-10 12:00:00,A049-PMP,Fuel Pump,77.886,2.914,72.983,53.905,1883.997,143.564,23.12,81.168,455,38.048,40.76,Normal,0,0
A049,2025-01-10 13:00:00,A049-PMP,Fuel Pump,76.167,3.373,77.029,54.898,1729.704,146.776,23.704,80.357,631,53.218,31.574,Normal,0,1
A049,2025-01-10 21:00:00,A049-PMP,Fuel Pump,76.204,3.107,74.438,52.797,1707.424,144.597,23.093,77.336,361,52.96,28.984,Normal,0,0
A049,2025-01-10 22:00:00,A049-PMP,Fuel Pump,74.51,3.497,71.958,54.759,1868.185,150.811,23.56,79.309,385,58.975,29.362,Normal,0,0
A049,2025-01-11 00:00:00,A049-PMP,Fuel Pump,73.735,3.069,74.094,52.051,1858.649,145.584,23.11,80.256,522,55.053,30.838,Normal,0,0
A049,2025-01-11 03:00:00,A049-PMP,Fuel Pump,77.851,3.07,73.481,53.56,1829.216,149.898,23.463,83.686,417,49.776,28.376,Normal,0,1
A049,2025-01-11 06:00:00,A049-PMP,Fuel Pump,83.181,3.186,74.419,51.285,1801.396,144.837,23.228,79.978,389,64.934,21.929,Normal,0,1
A049,2025-01-11 08:00:00,A049-PMP,Fuel Pump,76.245,3.033,75.277,57.393,1790.717,150.84,23.117,81.174,666,64.97,32.781,Normal,0,1
A049,2025-01-11 13:00:00,A049-PMP,Fuel Pump,78.643,3.211,75.489,52.306,1785.746,145.394,23.415,83.892,745,62.697,32.26,Normal,0,0
A049,2025-01-11 20:00:00,A049-PMP,Fuel Pump,78.587,2.864,69.962,48.985,1770.347,146.935,23.062,83.321,628,64.746,34.896,Normal,0,1
A049,2025-01-12 03:00:00,A049-PMP,Fuel Pump,74.65,3.597,74.008,49.544,1691.782,151.646,23.408,77.886,680,76.518,21.016,Normal,0,0
A049,2025-01-12 05:00:00,A049-PMP,Fuel Pump,78.026,2.695,72.538,53.385,1732.589,145.471,23.307,80.225,608,69.983,35.418,Normal,0,1
A049,2025-01-12 07:00:00,A049-PMP,Fuel Pump,80.984,4.24,72.856,54.068,1944.483,147.054,22.524,81.456,483,59.864,33.808,Normal,0,0
A049,2025-01-12 08:00:00,A049-PMP,Fuel Pump,96.221,5.015,56.916,52.195,1894.837,139.528,23.456,79.039,520,72.528,37.13,Warning,1,1
A049,2025-01-12 10:00:00,A049-PMP,Fuel Pump,76.309,2.421,73.593,54.266,1688.089,145.442,23.707,82.813,522,71.439,30.57,Normal,0,0
A049,2025-01-12 12:00:00,A049-PMP,Fuel Pump,80.974,3.062,71.521,56.379,1910.049,143.152,23.389,84.783,475,69.122,26.839,Normal,0,1
A049,2025-01-12 13:00:00,A049-PMP,Fuel Pump,84.101,3.954,80.988,49.797,1736.537,145.64,23.065,81.68,715,68.077,39.357,Normal,0,1
A049,2025-01-12 16:00:00,A049-PMP,Fuel Pump,81.964,3.109,71.066,55.158,1928.068,146.458,23.255,81.205,533,63.645,38.607,Normal,0,0
A049,2025-01-13 00:00:00,A049-PMP,Fuel Pump,81.487,3.246,75.558,50.929,1879.76,151.724,23.256,79.962,592,61.6,28.295,Normal,0,0
A049,2025-01-13 04:00:00,A049-PMP,Fuel Pump,80.483,2.619,78.813,51.804,1766.758,144.653,23.271,82.57,632,65.897,35.96,Normal,0,1
A049,2025-01-13 08:00:00,A049-PMP,Fuel Pump,84.569,3.003,72.966,53.0,2058.581,154.436,23.15,79.017,556,63.456,28.722,Normal,0,0
A049,2025-01-13 09:00:00,A049-PMP,Fuel Pump,79.033,3.187,72.396,53.037,1592.592,147.689,22.876,83.635,504,72.974,36.346,Normal,0,1
A049,2025-01-13 12:00:00,A049-PMP,Fuel Pump,79.336,2.829,73.434,51.831,1976.69,148.992,22.509,82.7,464,50.46,34.017,Normal,0,0
A049,2025-01-13 13:00:00,A049-PMP,Fuel Pump,78.275,3.208,72.993,53.933,1850.498,145.776,23.059,81.363,577,65.257,22.164,Normal,0,0
A049,2025-01-13 15:00:00,A049-PMP,Fuel Pump,83.336,2.686,72.455,50.73,1819.421,147.011,23.222,82.309,770,75.47,23.417,Normal,0,1
A049,2025-01-13 17:00:00,A049-PMP,Fuel Pump,79.445,3.084,75.584,53.734,1721.726,143.577,23.083,83.398,733,60.892,33.115,Normal,0,1
A049,2025-01-13 23:00:00,A049-PMP,Fuel Pump,76.738,3.128,76.422,52.113,1814.189,147.956,23.281,83.28,590,59.861,25.776,Normal,0,0
A049,2025-01-14 00:00:00,A049-PMP,Fuel Pump,80.2,3.357,65.817,50.004,1812.834,143.494,22.775,79.847,440,70.884,22.567,Warning,1,0
A049,2025-01-14 04:00:00,A049-PMP,Fuel Pump,78.574,3.487,68.345,51.488,1868.06,148.092,22.85,83.301,605,65.035,24.271,Normal,0,1
A049,2025-01-14 13:00:00,A049-PMP,Fuel Pump,81.275,3.407,73.544,52.749,1747.441,145.446,22.393,82.822,801,80.421,24.592,Warning,1,0
A049,2025-01-14 20:00:00,A049-PMP,Fuel Pump,82.811,3.444,72.953,52.709,1662.242,147.648,22.785,83.465,787,68.025,38.602,Warning,1,0
A049,2025-01-14 23:00:00,A049-PMP,Fuel Pump,84.161,3.24,71.698,51.959,1840.169,145.113,22.946,82.828,493,60.907,29.848,Normal,0,0
A049,2025-01-15 00:00:00,A049-PMP,Fuel Pump,83.842,3.865,71.562,56.925,1729.42,148.158,23.082,85.63,818,71.058,27.502,Warning,1,0
A049,2025-01-15 01:00:00,A049-PMP,Fuel Pump,84.757,3.068,69.63,53.47,1715.517,140.862,23.135,82.043,651,68.713,30.488,Warning,1,0
A049,2025-01-15 08:00:00,A049-PMP,Fuel Pump,80.287,4.582,73.868,49.526,1790.217,137.498,22.831,83.568,663,81.81,41.121,Warning,1,0
A049,2025-01-15 17:00:00,A049-PMP,Fuel Pump,79.579,3.477,71.025,54.918,1749.473,149.579,22.712,86.505,791,66.017,35.362,Warning,1,0
A049,2025-01-15 19:00:00,A049-PMP,Fuel Pump,83.493,3.052,71.834,52.536,1870.177,144.173,22.422,84.939,835,70.155,24.885,Warning,1,0
A049,2025-01-15 22:00:00,A049-PMP,Fuel Pump,86.315,3.575,72.031,51.445,1757.407,145.738,23.052,86.391,767,82.933,27.552,Warning,1,1
A049,2025-01-15 23:00:00,A049-PMP,Fuel Pump,84.839,3.828,74.185,57.052,1616.481,145.915,23.288,84.569,835,81.546,39.649,Warning,1,1
A049,2025-01-16 00:00:00,A049-PMP,Fuel Pump,81.541,3.992,72.658,52.427,1838.99,146.403,22.987,83.562,466,54.478,27.834,Warning,1,1
A049,2025-01-16 06:00:00,A049-PMP,Fuel Pump,92.53,6.744,64.085,48.988,1847.71,128.666,22.734,85.603,822,70.934,30.306,Warning,1,1
A049,2025-01-16 08:00:00,A049-PMP,Fuel Pump,84.098,3.168,70.018,50.69,1740.335,153.834,23.432,85.13,537,74.935,33.058,Warning,1,0
A049,2025-01-16 09:00:00,A049-PMP,Fuel Pump,80.535,3.608,68.818,54.527,1726.042,146.854,22.802,83.859,817,76.155,33.932,Warning,1,0
A049,2025-01-16 17:00:00,A049-PMP,Fuel Pump,81.64,3.331,72.706,50.819,1966.135,146.446,23.231,82.73,487,63.721,32.492,Warning,1,0
A049,2025-01-16 21:00:00,A049-PMP,Fuel Pump,85.049,3.71,73.156,53.58,1687.646,142.771,22.554,81.363,571,71.964,23.761,Warning,1,0
A049,2025-01-16 22:00:00,A049-PMP,Fuel Pump,80.292,3.853,72.746,51.025,1921.253,137.023,23.292,82.933,734,83.586,32.935,Warning,1,0
A049,2025-01-17 06:00:00,A049-PMP,Fuel Pump,86.553,3.691,72.361,50.323,1700.414,140.462,23.183,80.572,784,62.357,33.72,Warning,1,0
A049,2025-01-17 07:00:00,A049-PMP,Fuel Pump,82.476,3.699,67.397,55.96,1999.325,139.075,22.965,85.666,681,73.771,19.143,Warning,1,1
A050,2025-01-01 00:00:00,A050-PMP,Fuel Pump,76.108,2.578,73.182,54.365,1695.666,147.85,23.965,74.009,407,55.784,28.961,Normal,0,0
A050,2025-01-01 01:00:00,A050-PMP,Fuel Pump,73.201,3.121,79.377,53.692,1674.334,153.8,24.591,74.842,453,53.617,33.004,Normal,0,0
A050,2025-01-01 04:00:00,A050-PMP,Fuel Pump,72.836,2.354,77.286,52.967,1632.678,150.226,24.085,72.236,204,69.176,32.148,Normal,0,0
A050,2025-01-01 07:00:00,A050-PMP,Fuel Pump,71.428,2.177,78.247,55.43,1787.313,151.145,23.781,76.524,324,52.434,20.136,Normal,0,0
A050,2025-01-01 13:00:00,A050-PMP,Fuel Pump,70.598,2.723,74.672,54.594,1827.076,147.248,23.799,75.507,417,59.157,35.939,Normal,0,0
A050,2025-01-01 14:00:00,A050-PMP,Fuel Pump,81.37,6.741,63.108,51.261,1686.467,145.95,23.914,72.426,471,50.472,31.056,Warning,1,0
A050,2025-01-01 19:00:00,A050-PMP,Fuel Pump,73.646,3.106,78.764,56.705,1825.937,151.736,23.815,75.406,183,61.365,27.696,Normal,0,0
A050,2025-01-01 21:00:00,A050-PMP,Fuel Pump,75.184,2.629,76.859,57.269,1783.929,148.586,23.633,76.041,486,66.026,34.399,Normal,0,0
A050,2025-01-01 22:00:00,A050-PMP,Fuel Pump,74.483,2.833,79.122,56.26,1790.219,151.901,23.894,73.14,279,57.751,39.964,Normal,0,0
A050,2025-01-02 02:00:00,A050-PMP,Fuel Pump,74.188,3.176,74.424,55.901,2079.294,152.227,24.482,74.585,222,52.652,34.763,Normal,0,0
A050,2025-01-02 05:00:00,A050-PMP,Fuel Pump,69.756,2.649,77.496,54.012,1782.755,143.959,24.152,75.189,525,56.475,27.722,Normal,0,0
A050,2025-01-02 08:00:00,A050-PMP,Fuel Pump,75.248,2.601,74.601,57.586,1992.223,146.525,24.088,77.364,183,56.042,27.435,Normal,0,0
A050,2025-01-02 09:00:00,A050-PMP,Fuel Pump,78.655,2.277,73.001,54.798,1957.494,141.38,23.495,76.116,461,54.607,26.307,Normal,0,0
A050,2025-01-02 10:00:00,A050-PMP,Fuel Pump,73.82,2.397,79.931,55.873,1745.183,145.421,23.086,74.974,385,62.479,29.811,Normal,0,0
A050,2025-01-02 15:00:00,A050-PMP,Fuel Pump,74.107,2.979,73.081,56.308,1873.772,149.721,24.653,74.088,200,53.202,24.148,Normal,0,1
A050,2025-01-02 16:00:00,A050-PMP,Fuel Pump,72.511,2.424,79.902,54.065,1774.659,151.723,23.829,75.523,248,64.973,26.357,Normal,0,0
A050,2025-01-02 21:00:00,A050-PMP,Fuel Pump,74.751,3.137,78.344,55.187,1814.575,147.836,23.388,76.962,379,67.989,32.342,Normal,0,0
A050,2025-01-03 02:00:00,A050-PMP,Fuel Pump,75.205,2.213,73.415,52.918,1841.974,151.194,23.235,76.34,184,60.379,32.346,Normal,0,0
A050,2025-01-03 06:00:00,A050-PMP,Fuel Pump,76.333,2.492,78.148,53.141,1715.123,144.107,24.674,74.745,277,61.565,32.213,Normal,0,1
A050,2025-01-03 07:00:00,A050-PMP,Fuel Pump,77.833,2.676,77.14,55.252,1808.931,149.491,24.406,74.976,194,53.803,29.576,Normal,0,0
A050,2025-01-03 10:00:00,A050-PMP,Fuel Pump,74.005,2.97,75.926,53.121,1812.989,154.871,24.031,78.03,293,70.988,28.367,Normal,0,0
A050,2025-01-03 11:00:00,A050-PMP,Fuel Pump,73.859,2.583,74.074,52.484,1736.579,153.45,23.655,78.434,264,52.174,35.231,Normal,0,0
A050,2025-01-03 21:00:00,A050-PMP,Fuel Pump,73.889,2.794,75.041,56.47,1749.71,145.005,23.951,79.183,226,70.211,26.095,Normal,0,1
A050,2025-01-04 02:00:00,A050-PMP,Fuel Pump,73.744,3.021,78.676,52.763,1721.904,142.656,24.013,77.196,353,71.457,29.223,Normal,0,0
A050,2025-01-04 03:00:00,A050-PMP,Fuel Pump,72.483,2.797,77.559,51.106,1861.669,151.629,23.5,76.31,272,51.477,34.551,Normal,0,0
A050,2025-01-04 05:00:00,A050-PMP,Fuel Pump,73.774,2.826,75.42,54.451,1961.243,147.608,23.732,78.271,247,67.902,30.673,Normal,0,0
A050,2025-01-04 17:00:00,A050-PMP,Fuel Pump,73.39,3.141,77.356,58.371,1803.015,150.542,23.181,78.352,318,77.348,31.219,Normal,0,0
A050,2025-01-04 19:00:00,A050-PMP,Fuel Pump,77.144,2.598,77.06,52.271,1812.74,150.912,23.519,74.285,471,60.445,28.875,Normal,0,0
A050,2025-01-05 00:00:00,A050-PMP,Fuel Pump,75.082,2.893,71.933,55.84,1937.391,153.075,24.168,76.27,403,68.145,26.599,Normal,0,1
A050,2025-01-05 01:00:00,A050-PMP,Fuel Pump,76.756,2.661,74.432,55.735,1729.178,153.61,23.428,77.674,249,59.813,32.37,Normal,0,0
A050,2025-01-05 09:00:00,A050-PMP,Fuel Pump,80.46,3.284,74.867,56.643,1633.786,153.183,23.635,79.623,458,68.786,24.978,Normal,0,0
A050,2025-01-05 12:00:00,A050-PMP,Fuel Pump,76.598,3.152,74.724,53.296,1811.377,154.629,24.198,78.941,281,63.429,29.757,Normal,0,1
A050,2025-01-05 16:00:00,A050-PMP,Fuel Pump,75.598,3.411,76.465,52.166,1921.06,140.809,24.225,79.08,246,74.556,28.241,Normal,0,0
A050,2025-01-05 17:00:00,A050-PMP,Fuel Pump,80.888,2.408,73.18,53.142,1793.075,148.29,22.911,76.597,240,60.048,21.675,Normal,0,0
A050,2025-01-05 20:00:00,A050-PMP,Fuel Pump,78.67,2.615,69.37,55.89,1793.379,151.446,23.394,74.795,536,47.066,28.668,Normal,0,0
A050,2025-01-05 21:00:00,A050-PMP,Fuel Pump,80.652,2.935,75.084,54.799,1724.073,149.944,23.084,74.791,291,60.859,25.19,Normal,0,0
A050,2025-01-05 23:00:00,A050-PMP,Fuel Pump,77.07,2.973,73.213,55.707,1784.794,150.579,23.641,80.379,365,50.72,28.464,Normal,0,0
A050,2025-01-06 01:00:00,A050-PMP,Fuel Pump,78.169,2.848,71.626,55.078,1680.538,143.202,23.717,78.05,477,68.865,34.294,Normal,0,1
A050,2025-01-06 05:00:00,A050-PMP,Fuel Pump,78.784,2.803,77.119,53.317,1728.407,148.866,23.769,77.708,590,68.621,32.491,Normal,0,0
A050,2025-01-06 13:00:00,A050-PMP,Fuel Pump,74.612,2.532,78.187,51.111,1715.25,144.262,23.687,76.506,469,56.18,26.275,Normal,0,0
A050,2025-01-06 14:00:00,A050-PMP,Fuel Pump,78.282,3.827,71.389,51.437,1689.761,141.482,23.458,76.458,631,59.039,22.439,Normal,0,0
A050,2025-01-06 17:00:00,A050-PMP,Fuel Pump,76.269,3.537,73.595,53.288,1844.99,145.555,23.631,78.177,437,70.933,23.973,Normal,0,0
A050,2025-01-06 18:00:00,A050-PMP,Fuel Pump,77.294,2.908,71.691,51.553,1780.602,144.007,24.061,80.131,535,67.366,35.491,Normal,0,0
A050,2025-01-07 00:00:00,A050-PMP,Fuel Pump,71.04,2.852,76.608,53.943,1818.33,153.099,23.328,79.445,606,60.613,28.651,Normal,0,0
A050,2025-01-07 01:00:00,A050-PMP,Fuel Pump,78.183,3.531,74.922,53.88,1916.547,154.406,23.271,79.331,573,61.335,28.058,Normal,0,0
A050,2025-01-07 02:00:00,A050-PMP,Fuel Pump,80.367,2.895,73.058,54.091,1881.331,147.131,23.778,80.506,419,80.023,32.142,Normal,0,0
A050,2025-01-07 05:00:00,A050-PMP,Fuel Pump,75.726,2.966,75.295,52.955,1936.735,146.354,23.344,77.212,253,65.9,29.382,Normal,0,0
A050,2025-01-07 07:00:00,A050-PMP,Fuel Pump,75.661,3.622,73.108,54.892,1859.08,149.16,23.933,78.175,313,55.365,27.672,Normal,0,1
A050,2025-01-07 11:00:00,A050-PMP,Fuel Pump,77.208,3.316,71.042,50.934,1826.589,146.677,23.366,81.25,557,64.177,31.895,Normal,0,0
A050,2025-01-07 13:00:00,A050-PMP,Fuel Pump,80.054,2.96,72.328,49.981,1682.422,148.942,22.661,81.224,428,48.53,34.387,Normal,0,0
A050,2025-01-07 18:00:00,A050-PMP,Fuel Pump,78.713,3.353,74.074,54.094,1643.294,155.141,23.234,79.91,499,59.653,29.544,Normal,0,0
A050,2025-01-07 21:00:00,A050-PMP,Fuel Pump,78.023,3.555,74.346,55.331,1873.796,150.034,23.542,76.524,624,52.453,34.122,Normal,0,0
A050,2025-01-08 02:00:00,A050-PMP,Fuel Pump,79.011,2.747,73.887,53.322,1718.608,148.717,23.297,79.55,513,76.566,17.429,Normal,0,1
A050,2025-01-08 05:00:00,A050-PMP,Fuel Pump,80.458,2.952,74.435,56.843,1852.701,150.679,23.436,78.636,274,65.567,37.097,Normal,0,1
A050,2025-01-08 15:00:00,A050-PMP,Fuel Pump,78.92,2.389,69.784,53.165,1909.129,148.487,22.707,79.295,466,72.337,28.975,Normal,0,0
A050,2025-01-08 20:00:00,A050-PMP,Fuel Pump,79.637,2.798,71.397,52.783,1818.583,145.481,23.04,80.405,496,73.506,35.976,Normal,0,0
A050,2025-01-08 21:00:00,A050-PMP,Fuel Pump,78.208,3.155,75.882,56.335,1662.616,152.709,23.353,78.299,639,57.238,30.717,Normal,0,0
A050,2025-01-08 23:00:00,A050-PMP,Fuel Pump,78.973,3.207,72.165,54.833,1821.331,152.984,23.843,82.904,377,64.481,26.056,Normal,0,1
A050,2025-01-09 02:00:00,A050-PMP,Fuel Pump,83.665,3.596,73.863,52.622,1988.007,154.863,23.345,82.909,294,63.743,30.359,Normal,0,0
A050,2025-01-09 04:00:00,A050-PMP,Fuel Pump,91.642,6.858,63.429,52.809,1867.194,144.348,23.187,76.033,304,71.019,23.404,Warning,1,1
A050,2025-01-09 05:00:00,A050-PMP,Fuel Pump,80.36,3.572,72.869,50.024,1822.474,146.965,23.08,81.927,681,59.65,27.2,Normal,0,0
A050,2025-01-09 15:00:00,A050-PMP,Fuel Pump,83.923,3.421,73.445,54.551,1675.082,149.047,22.675,82.723,328,80.665,23.214,Warning,1,1
A050,2025-01-09 17:00:00,A050-PMP,Fuel Pump,79.93,3.207,73.667,52.616,1867.377,149.706,23.313,77.826,329,84.696,36.151,Warning,1,0
A050,2025-01-09 18:00:00,A050-PMP,Fuel Pump,82.068,3.692,72.248,54.685,2016.785,148.03,23.16,79.436,312,76.14,22.831,Warning,1,0
A050,2025-01-09 19:00:00,A050-PMP,Fuel Pump,79.099,3.809,68.434,53.299,1826.422,155.959,23.2,82.022,475,60.912,40.048,Normal,0,1
A050,2025-01-09 21:00:00,A050-PMP,Fuel Pump,80.538,3.694,71.965,51.926,1849.694,149.654,23.283,83.11,599,70.412,33.673,Normal,0,0
A050,2025-01-09 22:00:00,A050-PMP,Fuel Pump,84.408,3.145,72.841,52.945,1750.653,142.308,22.73,83.734,520,56.137,20.525,Normal,0,1
A050,2025-01-10 03:00:00,A050-PMP,Fuel Pump,79.646,3.403,72.41,52.531,1753.113,148.71,23.297,82.996,375,72.513,23.951,Normal,0,1
A050,2025-01-10 08:00:00,A050-PMP,Fuel Pump,80.503,2.695,71.141,53.549,1677.213,149.625,22.95,79.4,486,70.971,31.914,Normal,0,1
A050,2025-01-10 10:00:00,A050-PMP,Fuel Pump,77.319,3.887,71.314,55.428,1862.599,158.419,22.933,81.755,493,83.841,31.896,Warning,1,1
A050,2025-01-10 13:00:00,A050-PMP,Fuel Pump,80.063,3.777,72.58,54.188,1755.216,148.759,23.203,80.935,546,56.357,31.26,Normal,0,0
A050,2025-01-10 17:00:00,A050-PMP,Fuel Pump,87.616,5.632,57.698,51.037,1702.823,139.633,23.262,79.395,349,55.228,15.888,Warning,1,0
A050,2025-01-10 18:00:00,A050-PMP,Fuel Pump,79.441,3.669,72.779,53.187,1855.809,147.387,22.843,82.819,525,67.83,30.006,Normal,0,0
A050,2025-01-10 20:00:00,A050-PMP,Fuel Pump,80.772,3.23,70.102,56.021,1769.541,151.217,22.766,79.413,398,69.768,28.606,Normal,0,1
A050,2025-01-10 23:00:00,A050-PMP,Fuel Pump,78.456,2.997,74.456,54.334,1658.745,152.879,23.588,83.275,443,67.544,25.62,Normal,0,1
A050,2025-01-11 00:00:00,A050-PMP,Fuel Pump,84.651,3.732,74.362,52.469,1769.645,148.666,22.97,83.94,723,69.281,28.2,Warning,1,0
A050,2025-01-11 05:00:00,A050-PMP,Fuel Pump,81.988,3.411,71.616,52.314,1688.0,142.494,23.516,78.175,688,71.178,21.09,Warning,1,1
A050,2025-01-11 06:00:00,A050-PMP,Fuel Pump,80.531,3.57,75.532,49.986,1785.057,141.44,22.916,82.852,386,72.423,27.267,Warning,1,0
A050,2025-01-11 07:00:00,A050-PMP,Fuel Pump,76.268,3.774,70.75,51.1,1818.913,158.677,23.003,80.006,538,60.654,32.513,Normal,0,0
A050,2025-01-11 09:00:00,A050-PMP,Fuel Pump,78.217,3.533,72.956,54.35,1795.086,153.268,23.485,84.469,380,83.238,37.433,Warning,1,0
A050,2025-01-11 13:00:00,A050-PMP,Fuel Pump,77.362,3.858,71.899,53.436,1826.801,145.271,22.888,80.01,654,68.617,30.566,Warning,1,1
A050,2025-01-11 15:00:00,A050-PMP,Fuel Pump,78.977,3.521,69.981,52.817,1738.686,146.715,22.844,82.152,506,71.838,25.875,Warning,1,1
A050,2025-01-11 20:00:00,A050-PMP,Fuel Pump,79.472,3.333,73.002,54.325,2051.265,145.716,22.892,79.149,499,89.585,34.736,Warning,1,1
A050,2025-01-12 06:00:00,A050-PMP,Fuel Pump,83.543,4.261,63.818,56.635,1850.203,148.685,23.202,80.676,680,57.444,34.469,Warning,1,1
A050,2025-01-12 14:00:00,A050-PMP,Fuel Pump,84.186,3.194,73.605,53.141,1855.383,139.348,22.973,83.959,691,66.252,41.369,Warning,1,0
A050,2025-01-12 15:00:00,A050-PMP,Fuel Pump,97.929,7.583,62.835,51.679,1970.967,138.086,23.582,80.294,749,70.182,25.261,Warning,1,1
A050,2025-01-12 16:00:00,A050-PMP,Fuel Pump,85.472,3.854,73.786,56.178,1731.897,140.029,23.161,78.488,550,71.769,23.224,Warning,1,0
A050,2025-01-12 20:00:00,A050-PMP,Fuel Pump,84.059,3.812,77.195,52.817,1773.009,145.393,23.686,81.418,608,67.498,22.11,Warning,1,0
A050,2025-01-13 00:00:00,A050-PMP,Fuel Pump,85.291,3.742,71.878,49.783,1832.206,145.938,23.264,80.921,618,78.211,38.198,Warning,1,1
A050,2025-01-13 01:00:00,A050-PMP,Fuel Pump,81.946,3.02,69.526,54.057,1889.556,152.943,23.001,82.852,458,62.754,32.142,Warning,1,0
A050,2025-01-13 02:00:00,A050-PMP,Fuel Pump,77.348,3.247,69.688,52.972,1816.562,137.146,23.687,79.379,611,70.182,32.253,Warning,1,0
A050,2025-01-13 04:00:00,A050-PMP,Fuel Pump,78.456,3.536,69.0,54.684,1928.952,145.517,23.035,82.731,467,74.458,28.264,Warning,1,0
A050,2025-01-13 10:00:00,A050-PMP,Fuel Pump,90.268,6.279,60.004,52.202,1796.933,136.778,23.397,83.257,580,78.738,36.547,Warning,1,1
A050,2025-01-13 12:00:00,A050-PMP,Fuel Pump,78.325,3.537,72.997,54.901,1871.699,148.696,23.453,81.912,616,82.475,31.332,Warning,1,1
A050,2025-01-13 16:00:00,A050-PMP,Fuel Pump,83.444,3.733,68.295,52.765,1877.928,147.142,22.98,83.332,714,61.925,32.115,Warning,1,0
A050,2025-01-13 19:00:00,A050-PMP,Fuel Pump,83.638,3.875,67.633,51.876,1742.385,149.579,23.16,80.949,428,78.164,29.492,Warning,1,0
A050,2025-01-13 20:00:00,A050-PMP,Fuel Pump,83.154,4.046,70.06,54.548,1620.51,146.093,23.054,85.429,553,59.928,33.749,Warning,1,1
A050,2025-01-14 01:00:00,A050-PMP,Fuel Pump,82.456,3.782,67.527,51.478,1764.101,150.22,23.532,82.125,537,75.659,27.862,Warning,1,0
A050,2025-01-14 05:00:00,A050-PMP,Fuel Pump,82.554,3.318,72.468,52.786,1776.91,145.388,22.856,83.362,437,69.995,29.353,Warning,1,1
A050,2025-01-14 08:00:00,A050-PMP,Fuel Pump,82.345,3.615,71.511,52.009,1760.541,142.219,23.087,84.01,700,77.027,28.786,Warning,1,1
A050,2025-01-14 11:00:00,A050-PMP,Fuel Pump,83.73,3.667,69.503,54.342,1956.242,130.323,23.359,81.492,508,70.521,39.114,Warning,1,0
A050,2025-01-14 12:00:00,A050-PMP,Fuel Pump,79.198,3.998,71.839,53.485,1751.229,144.962,22.871,83.72,814,86.946,27.641,Warning,1,1
A050,2025-01-14 17:00:00,A050-PMP,Fuel Pump,84.672,3.507,71.313,51.244,1764.106,143.435,22.871,80.145,480,78.462,33.452,Warning,1,0
A050,2025-01-14 19:00:00,A050-PMP,Fuel Pump,83.8,4.096,73.231,52.089,1687.664,151.977,23.139,81.796,781,69.614,30.516,Warning,1,0
A050,2025-01-14 22:00:00,A050-PMP,Fuel Pump,82.215,3.795,69.497,55.854,1727.698,141.089,23.277,83.999,825,82.236,26.2,Warning,1,1
A050,2025-01-15 07:00:00,A050-PMP,Fuel Pump,84.688,3.526,72.219,49.992,1787.527,143.428,22.417,86.456,735,74.53,28.167,Warning,1,1
A050,2025-01-15 08:00:00,A050-PMP,Fuel Pump,83.007,4.354,67.525,59.359,1739.985,147.69,22.287,82.758,630,79.668,36.144,Warning,1,1
A050,2025-01-15 14:00:00,A050-PMP,Fuel Pump,87.004,4.177,71.638,53.247,1652.406,141.878,23.063,80.117,559,75.141,20.65,Warning,1,1
A050,2025-01-15 18:00:00,A050-PMP,Fuel Pump,86.266,3.896,70.444,54.421,1644.73,144.338,23.045,85.185,690,72.278,26.601,Warning,1,1
A050,2025-01-15 21:00:00,A050-PMP,Fuel Pump,81.72,4.142,67.68,52.067,1679.047,147.9,23.04,84.421,593,60.021,42.22,Warning,1,0
A050,2025-01-16 00:00:00,A050-PMP,Fuel Pump,85.68,3.548,73.0,53.146,1773.593,149.576,22.861,84.929,759,85.078,29.578,Warning,1,0
A050,2025-01-16 03:00:00,A050-PMP,Fuel Pump,84.72,3.626,69.816,51.144,1887.084,140.172,22.725,83.479,756,73.045,36.506,Warning,1,1
A050,2025-01-16 06:00:00,A050-PMP,Fuel Pump,79.766,3.181,73.039,52.055,1708.845,147.106,22.839,85.466,775,75.616,34.149,Warning,1,0
A050,2025-01-16 07:00:00,A050-PMP,Fuel Pump,84.729,4.068,68.016,50.832,1832.35,145.526,22.781,84.798,626,73.72,24.336,Warning,1,0
A050,2025-01-16 15:00:00,A050-PMP,Fuel Pump,95.801,7.15,62.614,54.249,1917.221,135.238,22.954,84.999,562,68.272,32.984,Warning,1,1
A050,2025-01-16 16:00:00,A050-PMP,Fuel Pump,84.068,3.55,65.944,49.472,1806.161,148.99,23.018,83.846,739,84.855,24.703,Warning,1,0
A050,2025-01-16 20:00:00,A050-PMP,Fuel Pump,85.268,3.793,70.112,51.339,1854.002,149.544,23.184,82.942,833,74.596,26.672,Warning,1,0
A050,2025-01-17 03:00:00,A050-PMP,Fuel Pump,86.848,4.109,67.301,50.292,1843.508,140.834,22.483,85.257,828,68.976,31.363,Warning,1,1
A050,2025-01-17 08:00:00,A050-PMP,Fuel Pump,88.697,3.904,68.318,54.855,1873.726,151.089,22.57,83.437,586,82.701,24.468,Warning,1,1
A050,2025-01-17 13:00:00,A050-PMP,Fuel Pump,83.575,3.55,69.941,51.99,1717.997,149.325,22.518,85.495,690,77.299,25.768,Warning,1,1
