asset_id,timestamp,component_id,component_type,temperature,vibration,oil_pressure,fuel_pressure,rpm,hydraulic_pressure,battery_voltage,coolant_temperature,operating_hours,load_percentage,ambient_temperature,sensor_status,anomaly_label,failure_within_50_hours
A001,2025-01-01 02:00:00,A001-HYD,Hydraulic System,75.007,3.376,75.074,53.961,1726.76,152.439,24.389,74.822,119,50.013,25.878,Normal,0,0
A001,2025-01-01 07:00:00,A001-HYD,Hydraulic System,73.022,2.618,71.772,52.053,1680.957,145.924,24.119,73.364,285,54.022,36.496,Normal,0,0
A001,2025-01-01 08:00:00,A001-HYD,Hydraulic System,73.596,2.317,75.123,56.621,1644.541,151.638,24.059,74.012,394,45.541,30.361,Normal,0,0
A001,2025-01-01 10:00:00,A001-HYD,Hydraulic System,70.728,2.879,75.375,51.983,1708.598,151.129,24.263,79.243,480,80.545,32.072,Normal,0,0
A001,2025-01-01 14:00:00,A001-HYD,Hydraulic System,73.262,3.059,76.922,57.967,1816.491,144.927,23.479,78.652,240,71.274,29.102,Normal,0,0
A001,2025-01-01 15:00:00,A001-HYD,Hydraulic System,77.833,2.362,77.439,54.098,1799.539,149.159,24.073,78.19,354,58.272,33.22,Normal,0,0
A001,2025-01-01 16:00:00,A001-HYD,Hydraulic System,71.303,2.372,74.975,56.712,1680.625,149.923,23.783,74.745,318,65.631,32.691,Normal,0,0
A001,2025-01-02 00:00:00,A001-HYD,Hydraulic System,73.848,2.732,73.907,56.799,1693.953,152.829,23.861,77.942,385,64.116,39.103,Normal,0,1
A001,2025-01-02 05:00:00,A001-HYD,Hydraulic System,75.009,3.186,71.545,52.279,1655.885,146.461,24.067,76.773,364,60.632,22.936,Normal,0,0
A001,2025-01-02 07:00:00,A001-HYD,Hydraulic System,89.487,6.621,65.126,52.175,1666.603,132.251,23.67,77.274,393,56.268,30.989,Warning,1,1
A001,2025-01-02 12:00:00,A001-HYD,Hydraulic System,74.239,2.819,76.958,54.051,1895.747,144.982,23.894,81.095,362,60.644,37.166,Normal,0,0
A001,2025-01-02 15:00:00,A001-HYD,Hydraulic System,75.901,2.999,73.629,56.503,1946.604,145.632,23.572,78.647,143,57.516,37.019,Normal,0,0
A001,2025-01-02 16:00:00,A001-HYD,Hydraulic System,75.715,3.317,74.426,52.818,1759.629,151.309,23.332,77.275,172,54.799,35.739,Normal,0,0
A001,2025-01-02 19:00:00,A001-HYD,Hydraulic System,86.303,6.376,61.707,51.781,1793.882,134.7,23.556,76.455,219,47.658,36.681,Warning,1,0
A001,2025-01-02 23:00:00,A001-HYD,Hydraulic System,73.731,2.96,73.857,53.824,1922.638,145.25,23.015,79.397,148,79.941,27.974,Normal,0,0
A001,2025-01-03 00:00:00,A001-HYD,Hydraulic System,74.835,2.409,76.619,55.689,1665.503,152.197,24.574,76.544,306,56.911,29.29,Normal,0,0
A001,2025-01-03 04:00:00,A001-HYD,Hydraulic System,74.341,2.646,77.067,57.607,1758.704,147.651,23.954,75.808,477,67.476,18.741,Normal,0,1
A001,2025-01-03 05:00:00,A001-HYD,Hydraulic System,73.051,2.498,74.567,56.828,1777.945,145.214,23.821,78.423,169,52.114,25.447,Normal,0,0
A001,2025-01-03 06:00:00,A001-HYD,Hydraulic System,75.456,3.067,72.463,54.571,1781.038,144.461,23.291,77.721,311,57.177,24.889,Normal,0,0
A001,2025-01-03 20:00:00,A001-HYD,Hydraulic System,74.22,2.572,75.967,51.419,1835.072,149.56,23.744,79.877,232,55.882,40.301,Normal,0,0
A001,2025-01-03 22:00:00,A001-HYD,Hydraulic System,76.268,2.682,74.315,58.239,1784.725,150.78,23.709,76.901,234,61.032,32.242,Normal,0,0
A001,2025-01-04 02:00:00,A001-HYD,Hydraulic System,73.59,2.532,77.412,53.62,1672.484,150.85,23.94,73.789,331,63.07,33.678,Normal,0,0
A001,2025-01-04 07:00:00,A001-HYD,Hydraulic System,77.933,2.581,76.985,55.805,1809.173,145.963,23.462,75.9,356,65.888,25.222,Normal,0,0
A001,2025-01-04 09:00:00,A001-HYD,Hydraulic System,76.149,2.548,75.648,57.283,1793.038,148.2,23.367,76.566,525,48.929,25.436,Normal,0,0
A001,2025-01-04 15:00:00,A001-HYD,Hydraulic System,75.122,2.95,76.115,55.294,1765.418,152.989,24.1,77.543,334,69.748,31.363,Normal,0,0
A001,2025-01-04 17:00:00,A001-HYD,Hydraulic System,88.85,4.838,58.939,54.099,1710.193,133.398,23.173,75.701,473,63.361,31.831,Warning,1,1
A001,2025-01-04 18:00:00,A001-HYD,Hydraulic System,75.779,3.085,75.863,54.043,1937.86,152.905,23.64,78.75,190,77.705,39.802,Normal,0,1
A001,2025-01-04 19:00:00,A001-HYD,Hydraulic System,73.954,2.498,73.095,55.158,1790.784,146.26,23.491,75.85,462,55.261,41.408,Normal,0,0
A001,2025-01-04 23:00:00,A001-HYD,Hydraulic System,75.149,3.246,74.134,57.767,1756.599,152.81,23.749,78.967,458,58.97,29.752,Normal,0,0
A001,2025-01-05 02:00:00,A001-HYD,Hydraulic System,77.454,3.283,70.231,52.942,1695.828,144.914,23.725,73.281,507,67.649,33.769,Normal,0,0
A001,2025-01-05 06:00:00,A001-HYD,Hydraulic System,77.747,2.745,76.38,54.017,1777.241,150.974,23.242,78.255,599,78.288,32.331,Normal,0,0
A001,2025-01-05 12:00:00,A001-HYD,Hydraulic System,77.563,2.705,76.031,56.032,1858.919,151.632,23.581,75.842,281,56.414,21.823,Normal,0,0
A001,2025-01-05 14:00:00,A001-HYD,Hydraulic System,76.356,3.21,73.667,53.385,1932.046,148.168,24.475,77.931,568,77.767,31.787,Normal,0,0
A001,2025-01-05 18:00:00,A001-HYD,Hydraulic System,80.603,3.162,73.321,55.142,1610.353,148.402,24.357,78.115,542,64.278,32.741,Normal,0,0
A001,2025-01-06 09:00:00,A001-HYD,Hydraulic System,82.497,2.944,74.2,56.082,1785.244,146.064,22.816,79.507,526,63.766,24.937,Normal,0,0
A001,2025-01-06 13:00:00,A001-HYD,Hydraulic System,83.529,2.757,73.646,51.65,1730.015,145.817,23.231,76.221,454,63.768,23.916,Normal,0,1
A001,2025-01-06 14:00:00,A001-HYD,Hydraulic System,76.761,3.147,70.212,57.407,1900.755,149.513,23.127,78.771,410,56.013,37.312,Normal,0,1
A001,2025-01-06 15:00:00,A001-HYD,Hydraulic System,75.461,3.366,76.462,56.206,1656.719,149.519,23.95,75.058,441,64.984,31.369,Normal,0,0
A001,2025-01-06 19:00:00,A001-HYD,Hydraulic System,75.788,2.935,73.378,55.715,1665.236,143.021,22.87,78.54,402,56.35,28.077,Normal,0,0
A001,2025-01-06 21:00:00,A001-HYD,Hydraulic System,78.493,3.075,75.007,53.201,1821.201,151.725,23.38,77.293,562,55.867,24.678,Normal,0,0
A001,2025-01-07 03:00:00,A001-HYD,Hydraulic System,76.007,2.865,78.193,54.01,1822.083,141.057,23.33,79.106,282,57.601,34.54,Normal,0,0
A001,2025-01-07 04:00:00,A001-HYD,Hydraulic System,78.721,2.95,72.493,53.418,1733.905,150.09,23.639,78.523,508,62.416,33.983,Normal,0,0
A001,2025-01-07 05:00:00,A001-HYD,Hydraulic System,95.886,5.693,69.857,50.096,1819.555,141.711,23.724,79.066,360,61.438,30.155,Warning,1,1
A001,2025-01-07 07:00:00,A001-HYD,Hydraulic System,79.029,2.694,75.917,53.679,1700.016,152.868,23.766,76.246,428,80.264,33.294,Normal,0,1
A001,2025-01-07 10:00:00,A001-HYD,Hydraulic System,80.14,3.867,71.142,51.087,1710.51,150.717,23.712,79.055,359,57.251,33.834,Normal,0,0
A001,2025-01-07 18:00:00,A001-HYD,Hydraulic System,76.994,2.897,75.232,53.056,1811.463,147.721,23.77,77.357,487,58.13,31.121,Normal,0,1
A001,2025-01-07 19:00:00,A001-HYD,Hydraulic System,80.453,2.97,71.566,51.89,1917.104,150.496,23.723,81.569,392,89.298,21.454,Warning,1,0
A001,2025-01-07 20:00:00,A001-HYD,Hydraulic System,76.096,3.129,69.809,54.44,1804.653,149.874,23.686,80.306,389,63.872,40.606,Normal,0,0
A001,2025-01-07 21:00:00,A001-HYD,Hydraulic System,74.469,3.244,72.526,52.826,1980.983,150.133,23.759,77.263,302,58.929,30.184,Normal,0,0
A001,2025-01-07 23:00:00,A001-HYD,Hydraulic System,80.856,3.588,76.019,57.304,1722.023,147.968,23.503,78.979,290,61.853,22.572,Normal,0,0
A001,2025-01-08 01:00:00,A001-HYD,Hydraulic System,78.842,3.221,70.494,53.123,1910.644,144.664,23.005,81.11,350,71.11,26.897,Normal,0,0
A001,2025-01-08 05:00:00,A001-HYD,Hydraulic System,82.067,3.119,75.583,55.558,2031.527,144.837,23.303,78.713,341,63.5,25.55,Normal,0,1
A001,2025-01-08 06:00:00,A001-HYD,Hydraulic System,77.857,3.949,72.684,56.277,1823.528,151.131,23.576,82.088,493,67.932,32.481,Normal,0,0
A001,2025-01-08 08:00:00,A001-HYD,Hydraulic System,75.269,3.37,72.526,52.697,1807.62,158.87,23.764,81.499,553,74.361,37.397,Normal,0,0
A001,2025-01-08 14:00:00,A001-HYD,Hydraulic System,75.726,3.69,75.882,52.145,1743.112,150.19,22.64,75.828,518,65.738,37.749,Normal,0,1
A001,2025-01-08 18:00:00,A001-HYD,Hydraulic System,76.478,3.071,70.475,52.724,1919.025,150.323,23.448,78.728,620,64.768,31.639,Normal,0,0
A001,2025-01-09 14:00:00,A001-HYD,Hydraulic System,76.889,2.982,68.755,56.91,1758.389,147.322,23.241,78.261,460,67.603,42.291,Normal,0,0
A001,2025-01-09 19:00:00,A001-HYD,Hydraulic System,82.951,3.647,73.311,52.902,1851.603,144.788,23.276,82.215,686,76.791,25.09,Warning,1,0
A001,2025-01-09 21:00:00,A001-HYD,Hydraulic System,76.408,3.523,73.56,51.34,1800.826,146.872,24.006,84.174,444,56.607,42.47,Normal,0,1
A001,2025-01-09 22:00:00,A001-HYD,Hydraulic System,77.801,3.594,71.581,54.504,1820.761,152.11,23.384,80.014,703,78.753,32.902,Warning,1,0
A001,2025-01-09 23:00:00,A001-HYD,Hydraulic System,78.9,3.208,73.796,55.339,1786.038,153.036,23.834,80.862,542,63.472,37.877,Normal,0,1
A001,2025-01-10 06:00:00,A001-HYD,Hydraulic System,84.084,3.311,69.813,56.62,1913.864,147.323,23.231,80.286,419,72.302,38.0,Warning,1,1
A001,2025-01-10 14:00:00,A001-HYD,Hydraulic System,83.919,3.44,69.306,52.291,1818.077,145.631,23.48,81.796,614,78.096,37.118,Warning,1,1
A001,2025-01-11 00:00:00,A001-HYD,Hydraulic System,83.012,2.903,73.488,53.554,1856.44,148.52,22.935,78.004,660,65.913,32.825,Normal,0,1
A001,2025-01-11 05:00:00,A001-HYD,Hydraulic System,90.406,7.55,59.034,53.682,1823.242,140.532,23.383,79.437,461,61.123,34.362,Warning,1,0
A001,2025-01-11 06:00:00,A001-HYD,Hydraulic System,88.666,6.875,57.3,52.48,1809.67,125.623,23.378,84.374,455,68.061,31.976,Warning,1,1
A001,2025-01-11 09:00:00,A001-HYD,Hydraulic System,81.719,3.746,76.305,55.011,1887.839,159.242,23.434,82.194,551,77.804,24.955,Warning,1,0
A001,2025-01-11 14:00:00,A001-HYD,Hydraulic System,82.704,3.123,71.125,52.529,1827.279,147.324,23.149,78.277,459,60.667,27.081,Normal,0,1
A001,2025-01-11 17:00:00,A001-HYD,Hydraulic System,84.209,3.052,67.871,54.492,1950.401,148.761,23.215,77.035,582,56.492,30.647,Warning,1,0
A001,2025-01-11 19:00:00,A001-HYD,Hydraulic System,83.621,3.029,74.459,52.376,1809.644,141.645,23.407,80.172,470,73.598,28.58,Warning,1,0
A001,2025-01-11 21:00:00,A001-HYD,Hydraulic System,79.585,3.681,68.552,52.587,1869.499,147.145,22.723,78.895,679,61.873,32.457,Warning,1,0
A001,2025-01-12 00:00:00,A001-HYD,Hydraulic System,85.392,3.595,73.359,55.179,1779.17,149.079,23.123,84.244,492,78.196,24.048,Warning,1,1
A001,2025-01-12 14:00:00,A001-HYD,Hydraulic System,79.592,3.875,68.853,53.074,1743.007,148.771,23.214,81.053,508,65.583,31.339,Warning,1,0
A001,2025-01-12 15:00:00,A001-HYD,Hydraulic System,85.615,3.917,70.336,49.03,1680.994,151.644,22.887,80.576,695,72.722,24.69,Warning,1,0
A001,2025-01-12 19:00:00,A001-HYD,Hydraulic System,80.466,3.082,72.05,58.477,1766.999,139.795,23.466,80.621,491,84.692,28.59,Warning,1,0
A001,2025-01-12 20:00:00,A001-HYD,Hydraulic System,81.821,3.51,69.953,50.326,1835.733,139.303,22.993,83.619,497,76.784,32.952,Warning,1,1
A001,2025-01-12 21:00:00,A001-HYD,Hydraulic System,83.535,4.013,72.306,51.984,1679.049,148.119,23.336,84.306,626,66.931,25.468,Warning,1,0
A001,2025-01-12 23:00:00,A001-HYD,Hydraulic System,84.285,3.178,69.962,49.528,1705.011,149.769,23.122,81.537,673,68.557,28.897,Warning,1,0
A001,2025-01-13 05:00:00,A001-HYD,Hydraulic System,80.094,3.546,67.24,50.245,1836.157,141.845,23.233,79.721,519,77.293,27.557,Warning,1,1
A001,2025-01-13 10:00:00,A001-HYD,Hydraulic System,85.809,3.901,70.34,55.726,1810.366,145.058,22.813,83.856,658,85.131,29.747,Warning,1,0
A001,2025-01-13 15:00:00,A001-HYD,Hydraulic System,85.198,3.851,75.667,55.587,1772.323,144.94,23.255,80.899,477,84.877,31.808,Warning,1,1
A001,2025-01-13 19:00:00,A001-HYD,Hydraulic System,91.8,6.78,63.127,54.429,1864.211,130.617,23.045,83.165,509,84.305,26.74,Warning,1,1
A001,2025-01-14 01:00:00,A001-HYD,Hydraulic System,100.568,5.294,71.548,53.223,1765.744,134.765,22.417,83.014,722,92.127,29.419,Warning,1,1
A001,2025-01-14 02:00:00,A001-HYD,Hydraulic System,84.193,4.265,72.481,53.557,1680.152,140.763,23.245,80.159,473,74.43,31.521,Warning,1,0
A001,2025-01-14 08:00:00,A001-HYD,Hydraulic System,93.102,5.714,58.249,50.903,1705.627,137.213,23.118,82.946,427,78.332,32.504,Warning,1,0
A001,2025-01-14 11:00:00,A001-HYD,Hydraulic System,77.212,4.11,68.511,51.757,1952.308,143.106,22.793,82.814,513,80.108,27.791,Warning,1,1
A001,2025-01-14 13:00:00,A001-HYD,Hydraulic System,88.849,3.956,63.685,53.215,1803.409,146.111,23.111,83.068,775,76.501,33.065,Warning,1,1
A001,2025-01-14 16:00:00,A001-HYD,Hydraulic System,93.685,5.597,62.316,53.578,1782.033,121.768,23.047,80.271,649,68.891,26.247,Warning,1,1
A001,2025-01-15 01:00:00,A001-HYD,Hydraulic System,82.104,4.508,71.607,51.116,1846.134,146.818,22.808,84.941,776,80.786,31.078,Warning,1,1
A001,2025-01-15 02:00:00,A001-HYD,Hydraulic System,84.158,3.662,73.605,50.364,1838.487,144.494,23.602,81.643,803,71.852,25.151,Warning,1,1
A001,2025-01-15 03:00:00,A001-HYD,Hydraulic System,78.659,3.975,68.1,49.481,1897.705,140.532,23.262,82.073,688,90.609,33.748,Warning,1,1
A001,2025-01-15 05:00:00,A001-HYD,Hydraulic System,84.896,3.85,69.498,54.521,1693.141,144.793,23.043,82.117,780,89.374,34.543,Warning,1,1
A001,2025-01-15 07:00:00,A001-HYD,Hydraulic System,83.4,4.34,69.612,50.789,1889.546,143.002,22.73,84.292,493,92.295,38.118,Warning,1,1
A001,2025-01-15 19:00:00,A001-HYD,Hydraulic System,86.333,4.152,70.086,51.64,1727.393,147.769,23.084,82.753,740,87.672,25.586,Warning,1,1
A001,2025-01-16 04:00:00,A001-HYD,Hydraulic System,93.488,8.45,60.108,53.786,1741.462,135.089,22.822,86.668,807,64.241,23.422,Warning,1,1
A001,2025-01-16 08:00:00,A001-HYD,Hydraulic System,85.59,3.779,68.074,53.123,1768.61,146.304,23.453,83.856,555,89.044,32.797,Warning,1,1
A001,2025-01-16 12:00:00,A001-HYD,Hydraulic System,86.371,3.879,67.02,52.724,1649.605,148.149,22.55,85.041,695,75.686,28.678,Warning,1,0
A001,2025-01-16 13:00:00,A001-HYD,Hydraulic System,88.522,4.142,68.607,53.891,1901.697,142.018,22.854,80.681,678,88.907,40.325,Warning,1,1
A001,2025-01-16 18:00:00,A001-HYD,Hydraulic System,86.089,3.89,66.235,51.144,1692.848,148.809,22.594,86.637,827,77.029,24.783,Warning,1,0
A001,2025-01-16 23:00:00,A001-HYD,Hydraulic System,96.559,5.899,63.804,50.176,1733.945,132.627,23.562,85.184,551,84.385,23.299,Warning,1,1
A001,2025-01-17 00:00:00,A001-HYD,Hydraulic System,83.195,4.621,71.056,51.849,1803.29,141.934,23.16,83.84,708,78.529,33.044,Warning,1,1
A001,2025-01-17 02:00:00,A001-HYD,Hydraulic System,86.649,4.547,69.069,52.268,1715.706,145.223,22.847,81.916,566,76.418,28.384,Warning,1,1
A001,2025-01-17 08:00:00,A001-HYD,Hydraulic System,81.502,4.007,64.616,50.059,1764.549,139.756,22.957,86.28,860,76.714,27.815,Warning,1,1
A001,2025-01-17 10:00:00,A001-HYD,Hydraulic System,84.125,4.013,66.044,52.717,1733.736,144.333,23.115,83.452,660,87.543,34.111,Warning,1,1
A001,2025-01-17 13:00:00,A001-HYD,Hydraulic System,84.231,4.315,66.537,48.331,1811.098,143.154,22.655,88.876,621,69.215,31.914,Warning,1,1
A002,2025-01-01 06:00:00,A002-HYD,Hydraulic System,67.401,1.58,77.031,55.53,1855.868,151.675,24.393,71.624,164,57.215,28.44,Normal,0,0
A002,2025-01-01 07:00:00,A002-HYD,Hydraulic System,71.578,2.555,75.119,55.009,1702.329,151.934,24.251,77.749,442,43.49,34.636,Normal,0,0
A002,2025-01-01 09:00:00,A002-HYD,Hydraulic System,67.279,2.269,76.326,56.97,1715.531,147.189,23.767,75.073,480,50.481,32.419,Normal,0,0
A002,2025-01-01 10:00:00,A002-HYD,Hydraulic System,70.945,2.569,77.253,51.72,1796.938,155.059,24.026,74.851,455,40.995,38.789,Normal,0,0
A002,2025-01-01 15:00:00,A002-HYD,Hydraulic System,71.656,2.33,79.928,54.912,1661.303,147.333,23.812,74.568,134,48.871,37.128,Normal,0,0
A002,2025-01-01 18:00:00,A002-HYD,Hydraulic System,73.786,2.31,76.35,56.302,1785.778,152.017,23.725,75.104,266,49.771,31.231,Normal,0,0
A002,2025-01-02 00:00:00,A002-HYD,Hydraulic System,74.57,2.355,67.769,56.168,1972.635,141.716,24.46,70.056,219,56.337,29.957,Normal,0,0
A002,2025-01-02 05:00:00,A002-HYD,Hydraulic System,76.176,2.11,77.97,57.657,1859.302,158.442,24.0,74.931,192,44.251,20.765,Normal,0,0
A002,2025-01-02 09:00:00,A002-HYD,Hydraulic System,73.227,2.477,79.864,56.489,1636.312,143.583,23.643,75.565,203,52.501,31.623,Normal,0,0
A002,2025-01-02 14:00:00,A002-HYD,Hydraulic System,71.543,2.07,75.935,58.499,1841.984,151.815,24.195,77.492,464,46.403,31.363,Normal,0,0
A002,2025-01-02 17:00:00,A002-HYD,Hydraulic System,74.413,2.784,79.827,54.619,1890.82,153.78,24.104,73.116,471,43.164,28.626,Normal,0,0
A002,2025-01-02 19:00:00,A002-HYD,Hydraulic System,72.512,2.294,75.164,56.899,1754.809,146.874,24.319,78.391,447,59.077,28.189,Normal,0,0
A002,2025-01-03 04:00:00,A002-HYD,Hydraulic System,71.553,1.981,74.508,55.058,1945.21,150.163,23.36,76.75,534,50.156,34.32,Normal,0,0
A002,2025-01-03 09:00:00,A002-HYD,Hydraulic System,71.146,1.97,77.498,56.775,1753.134,145.805,23.883,77.423,380,64.038,31.769,Normal,0,0
A002,2025-01-03 10:00:00,A002-HYD,Hydraulic System,70.109,1.963,74.732,56.156,1826.105,149.593,22.919,80.561,436,43.804,40.259,Normal,0,0
A002,2025-01-03 11:00:00,A002-HYD,Hydraulic System,73.453,1.96,75.36,51.812,1869.962,152.108,24.457,75.104,522,52.771,23.553,Normal,0,1
A002,2025-01-03 15:00:00,A002-HYD,Hydraulic System,74.508,2.354,75.316,50.358,1787.717,155.003,24.397,77.286,197,66.967,29.785,Normal,0,0
A002,2025-01-03 16:00:00,A002-HYD,Hydraulic System,71.004,1.643,81.16,53.237,1727.871,144.48,23.736,80.127,485,68.083,21.696,Normal,0,0
A002,2025-01-03 17:00:00,A002-HYD,Hydraulic System,73.444,2.145,78.104,53.558,1945.282,151.375,24.039,71.291,503,50.861,40.416,Normal,0,0
A002,2025-01-03 22:00:00,A002-HYD,Hydraulic System,74.775,2.395,77.078,54.415,1880.444,146.474,23.746,76.771,433,58.625,29.501,Normal,0,0
A002,2025-01-04 00:00:00,A002-HYD,Hydraulic System,73.541,2.301,79.578,56.475,1748.57,149.978,24.108,74.479,431,51.932,24.428,Normal,0,0
A002,2025-01-04 06:00:00,A002-HYD,Hydraulic System,72.814,2.265,80.201,54.894,1929.54,149.684,23.679,73.383,186,39.25,20.822,Normal,0,0
A002,2025-01-04 20:00:00,A002-HYD,Hydraulic System,71.908,2.229,78.416,54.035,1626.523,143.028,23.322,75.534,366,56.399,31.095,Normal,0,0
A002,2025-01-04 21:00:00,A002-HYD,Hydraulic System,75.089,2.547,80.111,56.141,1833.849,153.922,22.9,76.744,383,50.699,35.763,Normal,0,0
A002,2025-01-04 22:00:00,A002-HYD,Hydraulic System,70.669,2.078,76.757,53.659,1659.742,151.425,23.956,79.458,585,49.741,29.802,Normal,0,0
A002,2025-01-04 23:00:00,A002-HYD,Hydraulic System,71.235,2.483,74.608,53.771,1788.653,146.182,23.738,78.631,530,51.381,27.734,Normal,0,0
A002,2025-01-05 02:00:00,A002-HYD,Hydraulic System,72.1,2.505,78.22,57.701,1870.769,153.633,23.492,76.402,373,51.575,29.282,Normal,0,0
A002,2025-01-05 03:00:00,A002-HYD,Hydraulic System,72.984,2.72,77.8,55.697,1679.012,148.18,23.683,78.722,389,48.493,17.5,Normal,0,0
A002,2025-01-05 04:00:00,A002-HYD,Hydraulic System,77.987,2.703,77.426,54.185,1899.377,146.39,23.651,75.321,352,64.934,31.962,Normal,0,0
A002,2025-01-05 07:00:00,A002-HYD,Hydraulic System,71.133,2.659,80.6,53.421,1780.599,152.999,23.057,81.509,466,73.323,16.468,Normal,0,0
A002,2025-01-05 11:00:00,A002-HYD,Hydraulic System,71.446,2.525,75.857,53.51,1872.122,154.662,24.096,76.865,382,55.495,26.09,Normal,0,0
A002,2025-01-05 15:00:00,A002-HYD,Hydraulic System,72.973,2.117,81.34,57.261,1879.541,147.061,23.562,80.54,315,51.44,26.837,Normal,0,0
A002,2025-01-05 17:00:00,A002-HYD,Hydraulic System,71.282,3.086,76.047,51.942,1641.409,146.004,23.152,76.579,260,60.351,28.123,Normal,0,1
A002,2025-01-06 02:00:00,A002-HYD,Hydraulic System,72.605,2.745,74.692,55.604,1707.653,148.632,23.652,82.706,619,60.002,27.035,Normal,0,0
A002,2025-01-06 03:00:00,A002-HYD,Hydraulic System,72.362,2.503,75.72,53.412,1682.619,154.078,23.133,77.675,414,63.387,29.849,Normal,0,0
A002,2025-01-06 06:00:00,A002-HYD,Hydraulic System,74.045,2.582,75.858,55.298,1735.169,147.661,22.798,81.596,347,53.444,32.278,Normal,0,0
A002,2025-01-06 09:00:00,A002-HYD,Hydraulic System,85.322,5.443,67.449,53.412,1706.02,138.339,23.778,75.304,442,48.271,26.404,Warning,1,1
A002,2025-01-06 11:00:00,A002-HYD,Hydraulic System,76.626,2.63,80.331,56.599,1817.728,147.313,23.784,77.914,512,68.963,30.392,Normal,0,0
A002,2025-01-06 14:00:00,A002-HYD,Hydraulic System,77.138,1.87,76.328,54.816,1820.125,152.17,23.47,78.448,515,65.158,18.607,Normal,0,0
A002,2025-01-06 16:00:00,A002-HYD,Hydraulic System,76.937,2.443,77.328,56.459,1682.197,148.119,23.532,79.159,601,65.746,23.353,Normal,0,0
A002,2025-01-06 21:00:00,A002-HYD,Hydraulic System,75.636,2.701,73.274,53.762,1819.907,146.573,23.695,78.568,504,62.335,33.316,Normal,0,0
A002,2025-01-06 23:00:00,A002-HYD,Hydraulic System,75.698,2.732,77.87,52.689,1863.912,144.587,23.371,77.517,505,47.694,35.078,Normal,0,0
A002,2025-01-07 03:00:00,A002-HYD,Hydraulic System,73.493,2.809,79.209,57.231,1803.723,155.513,23.458,80.873,541,48.983,32.101,Normal,0,0
A002,2025-01-07 05:00:00,A002-HYD,Hydraulic System,72.645,2.709,79.2,56.145,1762.177,150.358,23.7,77.645,392,61.573,39.312,Normal,0,0
A002,2025-01-07 06:00:00,A002-HYD,Hydraulic System,71.625,2.848,73.68,52.695,1994.575,147.112,23.291,81.055,417,49.127,27.763,Normal,0,0
A002,2025-01-07 07:00:00,A002-HYD,Hydraulic System,76.668,2.552,80.052,52.655,1894.61,155.215,23.249,78.389,252,59.88,25.713,Normal,0,0
A002,2025-01-07 08:00:00,A002-HYD,Hydraulic System,75.46,2.719,76.592,52.662,1750.035,147.626,23.528,77.922,421,59.425,20.926,Normal,0,0
A002,2025-01-07 09:00:00,A002-HYD,Hydraulic System,74.668,2.399,80.235,53.89,1815.909,146.155,23.535,76.394,557,55.537,25.315,Normal,0,0
A002,2025-01-07 13:00:00,A002-HYD,Hydraulic System,92.826,4.792,71.036,56.521,1858.307,139.185,23.741,76.165,301,50.137,28.975,Warning,1,1
A002,2025-01-07 17:00:00,A002-HYD,Hydraulic System,76.124,2.222,77.234,53.131,1785.006,152.181,23.265,81.727,390,68.951,33.764,Normal,0,0
A002,2025-01-07 18:00:00,A002-HYD,Hydraulic System,75.916,2.471,78.916,52.062,1761.826,150.075,23.124,78.831,558,66.171,31.056,Normal,0,0
A002,2025-01-07 19:00:00,A002-HYD,Hydraulic System,78.464,4.811,69.699,50.677,1770.598,133.813,24.025,77.925,309,52.373,29.738,Warning,1,0
A002,2025-01-07 21:00:00,A002-HYD,Hydraulic System,74.293,3.08,75.609,53.998,1528.526,146.368,23.623,80.056,323,65.345,28.949,Normal,0,0
A002,2025-01-08 02:00:00,A002-HYD,Hydraulic System,74.41,2.274,79.804,54.323,1779.708,150.906,23.655,79.801,330,63.438,30.67,Normal,0,0
A002,2025-01-08 05:00:00,A002-HYD,Hydraulic System,77.635,2.148,78.554,52.787,1864.415,143.947,23.066,83.278,664,50.49,35.731,Normal,0,0
A002,2025-01-08 10:00:00,A002-HYD,Hydraulic System,79.554,2.743,70.953,47.662,1662.355,147.696,23.443,80.716,555,54.062,24.46,Normal,0,0
A002,2025-01-08 13:00:00,A002-HYD,Hydraulic System,76.818,2.979,76.244,52.068,1822.217,145.857,23.059,81.009,497,65.19,34.744,Normal,0,0
A002,2025-01-08 14:00:00,A002-HYD,Hydraulic System,77.871,2.628,75.022,48.793,1772.828,148.089,23.31,83.062,369,49.408,27.182,Normal,0,0
A002,2025-01-08 15:00:00,A002-HYD,Hydraulic System,79.963,2.565,73.755,51.313,1917.566,152.197,23.414,76.783,426,48.317,30.853,Normal,0,0
A002,2025-01-08 16:00:00,A002-HYD,Hydraulic System,80.343,2.738,79.266,54.918,1702.415,146.529,23.403,77.695,633,51.074,37.534,Normal,0,0
A002,2025-01-08 17:00:00,A002-HYD,Hydraulic System,76.264,3.015,74.026,54.748,1615.821,149.446,22.581,79.171,358,65.73,33.111,Normal,0,0
A002,2025-01-08 23:00:00,A002-HYD,Hydraulic System,78.13,2.478,76.57,56.353,1801.509,151.596,23.481,82.95,627,50.774,29.959,Normal,0,0
A002,2025-01-09 01:00:00,A002-HYD,Hydraulic System,76.091,2.585,77.657,55.543,1851.901,149.169,22.897,81.006,293,64.431,36.226,Normal,0,0
A002,2025-01-09 04:00:00,A002-HYD,Hydraulic System,78.787,2.881,79.105,51.222,1667.144,145.085,22.927,77.135,475,64.556,29.979,Normal,0,0
A002,2025-01-09 09:00:00,A002-HYD,Hydraulic System,78.306,2.893,74.168,56.048,1671.495,154.064,23.389,80.66,608,56.735,21.665,Normal,0,0
A002,2025-01-09 22:00:00,A002-HYD,Hydraulic System,92.503,6.849,66.63,54.479,1699.964,126.425,23.622,80.855,440,68.088,27.337,Warning,1,1
A002,2025-01-10 04:00:00,A002-HYD,Hydraulic System,75.8,3.007,71.59,51.283,1804.625,148.722,22.744,81.495,344,54.528,36.398,Normal,0,0
A002,2025-01-10 05:00:00,A002-HYD,Hydraulic System,75.117,3.397,74.804,53.039,1853.262,143.218,22.886,81.342,606,52.348,24.5,Normal,0,1
A002,2025-01-10 07:00:00,A002-HYD,Hydraulic System,77.059,2.857,73.697,53.791,1836.973,148.006,22.918,78.577,581,64.462,37.358,Normal,0,1
A002,2025-01-10 09:00:00,A002-HYD,Hydraulic System,73.643,3.057,74.608,53.572,1803.207,148.224,23.793,78.266,587,58.658,33.333,Normal,0,1
A002,2025-01-10 13:00:00,A002-HYD,Hydraulic System,79.965,2.701,73.124,54.192,1843.166,137.401,24.018,81.782,713,67.221,29.282,Normal,0,0
A002,2025-01-10 23:00:00,A002-HYD,Hydraulic System,81.437,3.276,71.123,57.227,1895.909,144.974,22.923,81.985,467,60.045,31.65,Normal,0,0
A002,2025-01-11 00:00:00,A002-HYD,Hydraulic System,78.942,2.838,74.788,50.513,1777.304,149.86,23.492,79.423,709,52.987,30.079,Normal,0,0
A002,2025-01-11 03:00:00,A002-HYD,Hydraulic System,81.788,3.318,74.45,53.597,1732.184,141.17,22.877,81.175,427,60.185,22.653,Normal,0,1
A002,2025-01-11 07:00:00,A002-HYD,Hydraulic System,78.705,3.137,73.519,55.033,1922.2,142.772,23.136,83.005,401,61.734,27.533,Normal,0,0
A002,2025-01-11 09:00:00,A002-HYD,Hydraulic System,73.741,3.069,78.341,56.479,1637.468,148.081,22.907,78.839,587,61.988,36.141,Normal,0,0
A002,2025-01-11 23:00:00,A002-HYD,Hydraulic System,76.942,3.607,74.076,55.21,1738.328,152.339,23.307,82.445,490,64.824,27.473,Normal,0,0
A002,2025-01-12 04:00:00,A002-HYD,Hydraulic System,80.721,2.732,74.373,54.389,1639.595,149.39,22.61,81.465,527,54.776,37.156,Normal,0,0
A002,2025-01-12 17:00:00,A002-HYD,Hydraulic System,98.212,7.134,60.915,49.609,1655.821,135.474,23.192,82.232,521,55.95,30.504,Warning,1,1
A002,2025-01-12 21:00:00,A002-HYD,Hydraulic System,77.49,2.739,72.709,50.982,1842.079,148.246,22.983,86.095,778,59.262,29.403,Normal,0,0
A002,2025-01-13 08:00:00,A002-HYD,Hydraulic System,76.177,3.808,78.715,50.664,1823.108,142.458,23.004,86.007,676,62.1,28.57,Normal,0,0
A002,2025-01-13 09:00:00,A002-HYD,Hydraulic System,78.581,3.222,71.63,54.5,1908.182,140.639,23.842,79.578,478,76.205,30.749,Normal,0,0
A002,2025-01-13 11:00:00,A002-HYD,Hydraulic System,79.764,3.531,75.033,52.428,1815.539,143.286,23.318,78.717,538,72.235,29.884,Normal,0,1
A002,2025-01-13 13:00:00,A002-HYD,Hydraulic System,79.912,3.749,69.674,57.447,1661.581,138.121,23.076,80.256,791,65.836,29.631,Normal,0,0
A002,2025-01-13 16:00:00,A002-HYD,Hydraulic System,79.613,2.934,74.106,52.588,1743.379,146.368,23.043,82.293,474,63.032,23.475,Normal,0,0
A002,2025-01-13 20:00:00,A002-HYD,Hydraulic System,79.061,3.33,70.495,51.816,1771.193,141.163,23.212,81.689,506,63.739,27.156,Normal,0,1
A002,2025-01-13 23:00:00,A002-HYD,Hydraulic System,86.805,2.752,75.399,50.942,1811.808,156.387,22.73,81.327,613,66.631,25.764,Normal,0,0
A002,2025-01-14 03:00:00,A002-HYD,Hydraulic System,77.032,3.763,74.249,50.914,1749.207,142.761,22.745,83.796,748,64.72,40.406,Normal,0,0
A002,2025-01-14 11:00:00,A002-HYD,Hydraulic System,83.033,2.759,70.717,51.649,1853.918,150.535,23.977,82.144,700,64.195,32.943,Normal,0,1
A002,2025-01-14 16:00:00,A002-HYD,Hydraulic System,82.277,3.628,76.587,55.103,1975.093,148.379,23.096,80.43,431,70.298,27.237,Warning,1,1
A002,2025-01-14 17:00:00,A002-HYD,Hydraulic System,89.936,6.437,60.235,52.912,1908.224,134.48,23.269,86.595,580,69.247,30.014,Warning,1,1
A002,2025-01-14 20:00:00,A002-HYD,Hydraulic System,83.486,2.974,68.334,52.502,2060.892,150.915,22.81,84.149,709,73.904,23.158,Warning,1,1
A002,2025-01-15 02:00:00,A002-HYD,Hydraulic System,96.411,5.495,65.515,50.006,1952.943,130.862,23.594,87.494,550,72.559,35.16,Warning,1,1
A002,2025-01-15 04:00:00,A002-HYD,Hydraulic System,80.45,3.495,70.799,56.221,1814.454,146.682,23.049,85.506,730,73.191,32.21,Warning,1,1
A002,2025-01-15 08:00:00,A002-HYD,Hydraulic System,80.619,3.264,68.84,51.116,1765.626,145.995,23.164,83.131,672,66.816,21.396,Warning,1,0
A002,2025-01-15 13:00:00,A002-HYD,Hydraulic System,85.066,3.241,68.931,52.883,1896.856,147.082,22.919,80.828,602,68.679,36.166,Warning,1,1
A002,2025-01-15 15:00:00,A002-HYD,Hydraulic System,83.485,3.706,71.316,54.926,1800.043,146.125,22.409,85.065,646,67.187,32.324,Warning,1,0
A002,2025-01-15 20:00:00,A002-HYD,Hydraulic System,83.199,3.24,76.153,52.204,1807.672,150.049,22.868,84.253,745,76.776,22.639,Warning,1,1
A002,2025-01-16 01:00:00,A002-HYD,Hydraulic System,79.606,2.704,73.052,50.497,1862.016,142.463,22.571,84.331,756,88.757,33.745,Warning,1,1
A002,2025-01-16 05:00:00,A002-HYD,Hydraulic System,79.918,3.189,70.135,53.911,1756.075,154.435,23.051,82.105,796,67.212,25.991,Warning,1,0
A002,2025-01-16 07:00:00,A002-HYD,Hydraulic System,82.408,3.829,73.962,52.638,1760.219,145.844,22.69,83.782,569,91.216,30.911,Warning,1,1
A002,2025-01-16 14:00:00,A002-HYD,Hydraulic System,85.456,3.555,73.776,54.221,1824.011,142.067,22.946,86.764,703,74.947,33.741,Warning,1,0
A002,2025-01-16 18:00:00,A002-HYD,Hydraulic System,80.646,3.397,74.905,52.485,1915.524,147.252,22.758,83.669,836,75.451,34.102,Warning,1,0
A002,2025-01-16 22:00:00,A002-HYD,Hydraulic System,82.587,3.356,69.812,52.955,1792.573,139.723,23.151,83.589,791,83.945,22.985,Warning,1,1
A002,2025-01-17 00:00:00,A002-HYD,Hydraulic System,80.162,3.615,68.493,55.485,1803.917,144.707,23.405,84.568,633,74.536,26.246,Warning,1,0
A002,2025-01-17 08:00:00,A002-HYD,Hydraulic System,84.282,3.696,71.135,51.542,1826.482,147.185,23.228,85.418,691,68.13,28.366,Warning,1,0
A002,2025-01-17 15:00:00,A002-HYD,Hydraulic System,81.364,3.686,67.367,50.868,1890.846,142.147,23.088,80.313,616,67.796,29.143,Warning,1,1
A003,2025-01-01 02:00:00,A003-HYD,Hydraulic System,74.463,2.928,76.678,57.169,1698.109,150.861,23.867,74.853,123,66.399,34.866,Normal,0,0
A003,2025-01-01 15:00:00,A003-HYD,Hydraulic System,76.11,3.144,76.586,55.585,1857.792,152.566,24.478,75.307,488,61.608,34.66,Normal,0,0
A003,2025-01-01 19:00:00,A003-HYD,Hydraulic System,77.999,2.698,75.433,58.851,1799.058,152.587,24.125,74.299,249,69.02,25.751,Normal,0,0
A003,2025-01-02 04:00:00,A003-HYD,Hydraulic System,71.258,2.758,73.381,55.773,1978.434,141.872,24.712,75.234,364,63.891,22.926,Normal,0,0
A003,2025-01-02 19:00:00,A003-HYD,Hydraulic System,71.932,2.389,73.309,52.041,1768.705,156.122,23.388,75.51,259,79.105,32.041,Normal,0,0
A003,2025-01-02 22:00:00,A003-HYD,Hydraulic System,76.306,2.831,77.024,53.521,1829.417,152.707,23.343,74.653,175,62.665,33.151,Normal,0,0
A003,2025-01-03 03:00:00,A003-HYD,Hydraulic System,74.939,2.608,69.639,54.907,1772.989,143.861,23.869,75.685,308,58.858,19.216,Normal,0,0
A003,2025-01-03 09:00:00,A003-HYD,Hydraulic System,73.152,2.934,67.754,51.436,1770.992,158.788,23.199,73.938,354,64.656,38.847,Normal,0,0
A003,2025-01-03 11:00:00,A003-HYD,Hydraulic System,74.357,2.977,70.603,54.757,1833.358,150.545,23.507,75.791,414,67.344,28.943,Normal,0,0
A003,2025-01-04 04:00:00,A003-HYD,Hydraulic System,76.199,3.25,74.165,54.648,1819.053,152.085,23.757,77.8,282,56.214,42.769,Normal,0,0
A003,2025-01-04 05:00:00,A003-HYD,Hydraulic System,76.069,3.057,73.663,52.594,1839.473,142.441,24.382,78.511,382,69.284,21.317,Normal,0,0
A003,2025-01-04 06:00:00,A003-HYD,Hydraulic System,78.989,3.422,76.64,56.489,1847.248,145.635,24.114,74.748,558,54.549,23.632,Normal,0,0
A003,2025-01-04 07:00:00,A003-HYD,Hydraulic System,77.118,2.668,71.957,53.167,1673.526,146.996,23.385,78.13,180,69.584,23.532,Normal,0,0
A003,2025-01-04 09:00:00,A003-HYD,Hydraulic System,76.654,2.665,68.927,53.051,1767.924,143.223,23.819,79.351,363,71.158,29.367,Normal,0,0
A003,2025-01-04 12:00:00,A003-HYD,Hydraulic System,77.552,2.975,76.219,53.753,1778.891,152.209,24.382,79.915,282,63.516,29.752,Normal,0,1
A003,2025-01-04 15:00:00,A003-HYD,Hydraulic System,73.449,2.801,71.817,55.477,1766.967,148.57,23.229,81.827,258,65.366,32.495,Normal,0,1
A003,2025-01-04 19:00:00,A003-HYD,Hydraulic System,74.525,3.045,76.137,56.258,1728.244,146.68,23.381,75.962,393,53.854,29.309,Normal,0,0
A003,2025-01-05 09:00:00,A003-HYD,Hydraulic System,81.838,3.422,74.424,57.978,1791.257,148.94,23.681,80.713,493,65.942,26.759,Normal,0,1
A003,2025-01-05 11:00:00,A003-HYD,Hydraulic System,78.837,3.394,74.659,54.237,1814.327,149.591,23.797,78.525,416,74.802,30.282,Normal,0,0
A003,2025-01-05 15:00:00,A003-HYD,Hydraulic System,73.642,3.163,70.188,54.637,1798.254,151.587,24.04,78.693,269,73.18,28.248,Normal,0,0
A003,2025-01-05 16:00:00,A003-HYD,Hydraulic System,76.827,3.501,74.856,55.135,1860.779,140.266,24.22,77.392,287,76.326,19.832,Normal,0,0
A003,2025-01-05 21:00:00,A003-HYD,Hydraulic System,76.911,3.041,73.845,56.904,1729.787,148.893,23.984,76.373,528,66.546,29.81,Normal,0,0
A003,2025-01-05 22:00:00,A003-HYD,Hydraulic System,79.714,2.793,72.879,56.878,1986.975,153.646,23.234,78.852,425,62.869,31.42,Normal,0,0
A003,2025-01-06 19:00:00,A003-HYD,Hydraulic System,80.456,3.702,73.429,57.546,1736.504,140.911,23.833,76.931,481,65.857,21.151,Normal,0,0
A003,2025-01-06 22:00:00,A003-HYD,Hydraulic System,79.496,3.358,69.725,54.599,1907.742,147.313,23.27,78.195,447,75.071,23.868,Normal,0,1
A003,2025-01-06 23:00:00,A003-HYD,Hydraulic System,77.381,3.387,70.943,52.793,1937.079,142.576,23.741,82.038,591,73.781,23.345,Normal,0,1
A003,2025-01-07 11:00:00,A003-HYD,Hydraulic System,74.083,3.285,70.074,53.402,2063.128,154.934,23.031,79.986,585,75.438,28.311,Normal,0,0
A003,2025-01-07 12:00:00,A003-HYD,Hydraulic System,76.888,3.411,72.342,52.413,1728.506,147.691,23.842,78.747,562,82.091,26.521,Normal,0,0
A003,2025-01-07 15:00:00,A003-HYD,Hydraulic System,79.739,3.117,72.348,53.706,1697.448,146.858,23.726,80.119,365,67.457,33.384,Normal,0,0
A003,2025-01-07 19:00:00,A003-HYD,Hydraulic System,79.821,3.462,69.883,57.026,1986.099,148.622,24.418,77.715,497,59.538,26.452,Normal,0,0
A003,2025-01-07 20:00:00,A003-HYD,Hydraulic System,77.557,3.066,74.784,55.765,1756.307,140.447,23.113,82.542,345,75.119,30.327,Normal,0,0
A003,2025-01-08 06:00:00,A003-HYD,Hydraulic System,79.566,3.475,73.645,54.351,1904.868,146.652,23.84,79.596,373,74.295,32.018,Normal,0,1
A003,2025-01-08 07:00:00,A003-HYD,Hydraulic System,78.433,3.405,69.813,51.583,1608.475,141.615,24.17,78.062,606,85.524,32.016,Warning,1,1
A003,2025-01-08 16:00:00,A003-HYD,Hydraulic System,83.279,3.585,70.649,51.803,1702.417,148.501,23.328,82.693,682,69.381,30.294,Warning,1,1
A003,2025-01-08 17:00:00,A003-HYD,Hydraulic System,79.404,3.29,72.331,56.642,1813.047,152.264,23.663,81.794,376,66.044,28.965,Normal,0,1
A003,2025-01-09 08:00:00,A003-HYD,Hydraulic System,78.824,3.325,69.44,56.155,1799.179,145.405,23.437,81.336,338,69.102,34.51,Warning,1,1
A003,2025-01-09 13:00:00,A003-HYD,Hydraulic System,83.797,3.614,69.956,53.195,1909.773,151.073,22.986,78.764,455,75.97,31.767,Warning,1,0
A003,2025-01-09 18:00:00,A003-HYD,Hydraulic System,97.136,4.641,61.856,53.231,1683.304,129.086,23.261,84.11,396,74.245,35.18,Warning,1,1
A003,2025-01-10 12:00:00,A003-HYD,Hydraulic System,81.7,3.935,65.729,52.816,1748.4,147.97,23.446,80.545,519,72.62,35.326,Warning,1,1
A003,2025-01-10 13:00:00,A003-HYD,Hydraulic System,86.246,3.685,69.348,49.465,1670.946,145.269,23.275,79.614,630,76.481,27.157,Warning,1,1
A003,2025-01-10 16:00:00,A003-HYD,Hydraulic System,85.661,3.705,70.306,48.34,1654.987,145.523,22.919,82.428,672,63.379,27.493,Warning,1,0
A003,2025-01-11 03:00:00,A003-HYD,Hydraulic System,82.034,4.157,71.079,52.985,1924.15,151.96,23.692,73.299,386,78.068,31.061,Warning,1,1
A003,2025-01-11 04:00:00,A003-HYD,Hydraulic System,83.801,3.587,74.079,54.728,1848.827,148.925,23.673,83.143,661,73.707,34.952,Warning,1,1
A003,2025-01-11 06:00:00,A003-HYD,Hydraulic System,82.841,3.825,67.803,49.838,1827.986,149.053,23.518,82.252,506,87.316,34.985,Warning,1,0
A003,2025-01-11 13:00:00,A003-HYD,Hydraulic System,80.833,4.183,70.666,54.364,1927.493,152.438,23.444,80.72,481,63.734,31.033,Warning,1,1
A003,2025-01-11 21:00:00,A003-HYD,Hydraulic System,82.314,3.124,68.959,55.601,1823.277,141.064,24.046,79.017,495,73.728,24.813,Warning,1,1
A003,2025-01-11 22:00:00,A003-HYD,Hydraulic System,85.873,3.613,67.448,53.992,1845.717,147.687,23.311,81.325,533,76.519,29.092,Warning,1,0
A003,2025-01-12 07:00:00,A003-HYD,Hydraulic System,81.541,3.749,68.335,53.766,1681.075,148.9,23.296,81.368,471,79.893,28.175,Warning,1,0
A003,2025-01-12 12:00:00,A003-HYD,Hydraulic System,80.253,3.427,70.371,53.616,1739.3,152.915,23.457,80.649,463,70.831,28.861,Warning,1,0
A003,2025-01-12 13:00:00,A003-HYD,Hydraulic System,83.184,4.042,71.731,53.039,1836.236,148.914,23.34,80.367,767,71.25,28.557,Warning,1,0
A003,2025-01-12 22:00:00,A003-HYD,Hydraulic System,82.843,3.402,70.368,52.463,1778.88,152.897,23.098,84.812,525,64.529,43.441,Warning,1,1
A003,2025-01-13 02:00:00,A003-HYD,Hydraulic System,84.662,3.658,68.278,50.0,1774.25,148.555,23.107,80.051,756,65.3,40.559,Warning,1,1
A003,2025-01-13 07:00:00,A003-HYD,Hydraulic System,97.574,6.576,51.901,51.302,1719.633,129.812,23.399,82.118,762,89.068,26.086,Warning,1,1
A003,2025-01-13 10:00:00,A003-HYD,Hydraulic System,85.128,4.382,68.732,53.456,1909.678,149.895,23.292,81.794,704,76.714,35.688,Warning,1,1
A003,2025-01-13 14:00:00,A003-HYD,Hydraulic System,86.734,4.057,71.288,53.914,1880.455,152.563,23.56,87.2,707,87.973,26.653,Warning,1,0
A003,2025-01-13 16:00:00,A003-HYD,Hydraulic System,84.762,3.941,69.629,57.164,1805.743,143.931,23.743,81.985,445,65.517,26.296,Warning,1,1
A003,2025-01-13 18:00:00,A003-HYD,Hydraulic System,82.48,3.857,68.043,51.984,1858.318,147.293,23.433,83.392,444,71.571,27.497,Warning,1,1
A003,2025-01-13 19:00:00,A003-HYD,Hydraulic System,88.884,4.21,69.371,49.974,1819.801,143.002,23.65,79.463,412,81.622,25.629,Warning,1,0
A003,2025-01-14 08:00:00,A003-HYD,Hydraulic System,85.125,4.374,65.118,51.734,1863.99,147.373,22.739,84.868,529,75.109,26.113,Warning,1,0
A003,2025-01-14 10:00:00,A003-HYD,Hydraulic System,86.873,4.747,66.864,55.78,1943.214,145.046,23.2,85.531,546,79.013,29.318,Warning,1,1
A003,2025-01-14 14:00:00,A003-HYD,Hydraulic System,88.045,3.844,67.706,50.712,1718.116,145.923,23.029,79.945,465,98.082,28.702,Warning,1,1
A003,2025-01-14 15:00:00,A003-HYD,Hydraulic System,83.702,3.991,68.637,54.157,1820.45,148.73,23.016,83.638,607,77.866,35.016,Warning,1,0
A003,2025-01-14 18:00:00,A003-HYD,Hydraulic System,83.159,4.086,66.266,53.267,2029.621,146.384,22.849,82.786,714,68.232,37.245,Warning,1,1
A003,2025-01-14 23:00:00,A003-HYD,Hydraulic System,82.362,3.897,67.151,54.105,1786.115,150.015,22.592,83.276,465,75.689,23.87,Warning,1,1
A003,2025-01-15 03:00:00,A003-HYD,Hydraulic System,86.057,4.182,69.128,53.273,1842.783,140.145,22.706,81.417,571,89.404,38.271,Warning,1,1
A003,2025-01-15 15:00:00,A003-HYD,Hydraulic System,86.177,4.461,65.578,55.017,1802.085,143.588,22.759,81.772,493,67.369,33.387,Warning,1,1
A003,2025-01-15 17:00:00,A003-HYD,Hydraulic System,83.789,4.553,72.211,55.078,1778.737,140.361,22.927,83.855,814,93.946,31.139,Warning,1,1
A003,2025-01-15 20:00:00,A003-HYD,Hydraulic System,83.419,4.212,65.933,52.849,1955.624,146.232,22.423,82.206,567,79.326,28.239,Warning,1,1
A003,2025-01-16 05:00:00,A003-HYD,Hydraulic System,86.413,3.733,74.411,53.27,1786.904,144.266,22.711,82.603,558,75.864,38.392,Warning,1,0
A003,2025-01-16 10:00:00,A003-HYD,Hydraulic System,85.945,4.342,71.471,50.082,1771.383,150.078,23.581,82.264,488,76.573,31.906,Warning,1,1
A003,2025-01-16 11:00:00,A003-HYD,Hydraulic System,89.79,3.699,71.54,51.068,1831.121,151.726,23.001,83.68,550,88.292,29.134,Warning,1,1
A003,2025-01-16 12:00:00,A003-HYD,Hydraulic System,82.461,3.806,64.251,52.097,1662.342,142.583,22.496,87.259,678,74.683,23.567,Warning,1,1
A003,2025-01-16 15:00:00,A003-HYD,Hydraulic System,83.623,4.224,71.386,56.103,1869.337,144.613,23.133,87.079,827,66.739,37.41,Warning,1,1
A003,2025-01-16 17:00:00,A003-HYD,Hydraulic System,92.788,4.606,67.452,50.349,1776.497,143.96,23.048,83.024,512,92.459,23.052,Warning,1,1
A003,2025-01-16 21:00:00,A003-HYD,Hydraulic System,86.897,4.198,64.36,50.087,1678.417,144.643,22.938,81.626,542,83.752,25.624,Warning,1,1
A003,2025-01-17 02:00:00,A003-HYD,Hydraulic System,83.023,4.297,68.065,52.212,1864.58,148.669,23.356,82.269,661,95.5,39.412,Warning,1,1
A003,2025-01-17 06:00:00,A003-HYD,Hydraulic System,97.515,7.377,52.376,55.952,1728.773,123.23,22.745,87.256,602,66.4,35.849,Warning,1,1
A003,2025-01-17 08:00:00,A003-HYD,Hydraulic System,84.858,4.667,71.949,56.632,1804.532,146.932,23.11,87.35,880,86.364,34.631,Warning,1,1
A003,2025-01-17 11:00:00,A003-HYD,Hydraulic System,85.418,4.536,65.673,49.097,1937.369,140.066,22.969,83.114,564,93.06,36.315,Warning,1,1
A004,2025-01-01 14:00:00,A004-HYD,Hydraulic System,70.983,2.413,76.663,51.749,1761.536,152.388,24.096,75.412,341,57.896,28.982,Normal,0,0
A004,2025-01-02 01:00:00,A004-HYD,Hydraulic System,69.726,2.028,80.119,57.237,1947.561,143.331,23.447,72.754,495,61.709,32.086,Normal,0,0
A004,2025-01-02 05:00:00,A004-HYD,Hydraulic System,70.018,2.815,77.697,57.967,1800.297,141.448,24.21,74.838,467,48.639,22.735,Normal,0,0
A004,2025-01-02 07:00:00,A004-HYD,Hydraulic System,71.792,2.133,84.634,53.901,1782.841,148.181,23.81,75.931,133,59.14,32.02,Normal,0,0
A004,2025-01-03 02:00:00,A004-HYD,Hydraulic System,72.504,2.609,79.566,58.132,1896.214,152.961,24.772,76.443,425,50.649,30.887,Normal,0,0
A004,2025-01-03 07:00:00,A004-HYD,Hydraulic System,74.846,3.121,75.069,58.037,1832.798,149.38,23.975,77.156,307,68.13,32.601,Normal,0,0
A004,2025-01-03 08:00:00,A004-HYD,Hydraulic System,70.9,2.506,84.476,49.572,1820.983,150.386,23.752,75.991,522,54.067,28.74,Normal,0,0
A004,2025-01-03 09:00:00,A004-HYD,Hydraulic System,72.692,2.671,75.575,56.439,1866.012,150.965,23.469,74.92,191,66.888,26.183,Normal,0,0
A004,2025-01-03 14:00:00,A004-HYD,Hydraulic System,72.135,2.416,76.372,54.759,1837.701,151.952,23.592,73.398,559,63.884,31.927,Normal,0,0
A004,2025-01-03 22:00:00,A004-HYD,Hydraulic System,73.869,2.95,75.612,56.403,1579.953,147.483,23.756,77.675,316,62.787,24.529,Normal,0,0
A004,2025-01-04 00:00:00,A004-HYD,Hydraulic System,77.157,2.601,75.789,56.44,1831.815,154.4,23.812,77.078,297,52.054,31.315,Normal,0,0
A004,2025-01-04 02:00:00,A004-HYD,Hydraulic System,70.06,2.681,74.706,54.719,1879.841,144.384,23.8,79.529,207,44.262,35.778,Normal,0,0
A004,2025-01-04 13:00:00,A004-HYD,Hydraulic System,78.084,2.725,83.203,54.462,1886.302,146.033,24.235,75.716,398,58.796,28.678,Normal,0,0
A004,2025-01-04 20:00:00,A004-HYD,Hydraulic System,77.144,3.019,78.237,54.002,1749.215,145.549,23.667,75.344,330,69.634,23.488,Normal,0,0
A004,2025-01-04 23:00:00,A004-HYD,Hydraulic System,74.436,2.429,78.837,53.285,1827.704,149.594,23.586,75.612,205,52.355,39.368,Normal,0,0
A004,2025-01-05 04:00:00,A004-HYD,Hydraulic System,84.894,5.398,62.199,54.284,1622.529,140.902,24.456,77.841,555,61.41,35.405,Warning,1,0
A004,2025-01-05 14:00:00,A004-HYD,Hydraulic System,86.511,5.784,64.578,57.624,1868.404,132.12,23.304,76.193,290,52.241,29.166,Warning,1,1
A004,2025-01-06 05:00:00,A004-HYD,Hydraulic System,75.289,3.337,75.999,50.656,1857.448,150.006,23.636,77.606,526,40.732,20.266,Normal,0,0
A004,2025-01-06 09:00:00,A004-HYD,Hydraulic System,74.223,2.972,75.543,54.84,1845.676,149.778,23.808,76.519,600,50.586,29.787,Normal,0,0
A004,2025-01-06 12:00:00,A004-HYD,Hydraulic System,80.194,2.027,76.19,55.421,1839.753,154.412,24.062,78.83,551,76.303,34.684,Normal,0,1
A004,2025-01-06 23:00:00,A004-HYD,Hydraulic System,81.041,2.443,72.33,54.357,1824.167,150.881,24.271,77.021,565,54.146,38.044,Normal,0,0
A004,2025-01-07 00:00:00,A004-HYD,Hydraulic System,78.747,3.079,75.982,52.75,1809.603,154.794,23.185,77.0,404,53.814,27.946,Normal,0,0
A004,2025-01-07 02:00:00,A004-HYD,Hydraulic System,77.762,2.911,77.199,52.494,1995.729,143.824,23.602,78.077,301,56.366,27.729,Normal,0,1
A004,2025-01-07 11:00:00,A004-HYD,Hydraulic System,71.723,2.713,74.59,50.195,1820.883,150.087,24.186,76.21,553,65.368,34.834,Normal,0,1
A004,2025-01-07 16:00:00,A004-HYD,Hydraulic System,78.637,2.804,74.095,52.06,1727.354,144.332,23.648,78.543,349,63.287,32.439,Normal,0,0
A004,2025-01-07 17:00:00,A004-HYD,Hydraulic System,74.504,2.554,79.407,50.726,1982.076,149.143,23.862,80.762,501,64.834,38.309,Normal,0,0
A004,2025-01-07 18:00:00,A004-HYD,Hydraulic System,72.232,2.634,79.829,53.438,1978.516,156.318,24.562,82.861,623,78.826,31.626,Normal,0,0
A004,2025-01-07 20:00:00,A004-HYD,Hydraulic System,73.303,2.991,77.231,55.752,1678.304,141.874,23.32,81.869,467,61.854,26.127,Normal,0,0
A004,2025-01-08 00:00:00,A004-HYD,Hydraulic System,80.339,2.757,79.759,50.925,1702.47,150.949,23.377,79.815,415,59.438,29.287,Normal,0,0
A004,2025-01-08 02:00:00,A004-HYD,Hydraulic System,80.206,3.166,75.182,56.016,1651.598,147.535,23.538,80.454,396,46.74,28.698,Normal,0,0
A004,2025-01-08 06:00:00,A004-HYD,Hydraulic System,80.28,3.485,74.66,56.037,1948.556,147.693,23.523,80.817,575,53.971,30.55,Normal,0,0
A004,2025-01-08 07:00:00,A004-HYD,Hydraulic System,78.172,2.857,75.442,57.193,1849.824,150.652,24.035,78.796,441,52.398,38.842,Normal,0,0
A004,2025-01-08 08:00:00,A004-HYD,Hydraulic System,77.863,2.534,75.027,52.384,1721.011,146.588,22.669,77.08,394,67.095,31.738,Normal,0,0
A004,2025-01-08 10:00:00,A004-HYD,Hydraulic System,76.374,3.244,72.812,53.487,1663.754,149.058,23.546,81.041,552,51.799,29.041,Normal,0,0
A004,2025-01-08 12:00:00,A004-HYD,Hydraulic System,75.266,2.798,73.525,55.029,1849.0,137.263,23.549,76.011,603,58.356,29.459,Normal,0,0
A004,2025-01-08 18:00:00,A004-HYD,Hydraulic System,78.883,3.263,76.043,55.373,1840.624,149.895,23.186,83.271,642,51.592,31.547,Normal,0,0
A004,2025-01-08 19:00:00,A004-HYD,Hydraulic System,76.977,2.759,74.987,54.281,1713.93,147.545,23.927,77.05,483,54.691,34.304,Normal,0,0
A004,2025-01-08 23:00:00,A004-HYD,Hydraulic System,79.017,3.168,71.922,54.687,1919.418,147.416,23.074,81.525,523,75.558,25.569,Normal,0,0
A004,2025-01-09 00:00:00,A004-HYD,Hydraulic System,73.004,3.133,72.101,51.019,1644.503,152.362,23.132,80.467,689,66.468,30.809,Normal,0,0
A004,2025-01-09 06:00:00,A004-HYD,Hydraulic System,74.701,2.788,79.732,53.356,1690.181,150.729,23.136,76.109,515,66.369,25.417,Normal,0,0
A004,2025-01-09 11:00:00,A004-HYD,Hydraulic System,78.105,3.247,71.389,55.308,1824.691,145.041,23.44,79.796,429,68.764,28.198,Normal,0,0
A004,2025-01-09 14:00:00,A004-HYD,Hydraulic System,91.768,7.603,66.278,51.43,1791.554,136.292,23.2,81.091,315,44.54,32.766,Warning,1,0
A004,2025-01-09 15:00:00,A004-HYD,Hydraulic System,88.498,6.475,62.313,52.392,1772.057,138.045,22.962,80.505,554,57.996,33.354,Warning,1,1
A004,2025-01-09 18:00:00,A004-HYD,Hydraulic System,75.995,3.233,71.431,51.397,1880.673,146.711,23.704,79.531,424,62.952,30.781,Normal,0,0
A004,2025-01-09 21:00:00,A004-HYD,Hydraulic System,79.215,2.358,75.042,54.513,1912.687,153.056,23.679,79.15,404,54.916,32.67,Normal,0,0
A004,2025-01-10 00:00:00,A004-HYD,Hydraulic System,88.539,6.155,60.586,53.84,1780.254,131.34,23.46,78.292,709,72.881,28.962,Warning,1,1
A004,2025-01-10 09:00:00,A004-HYD,Hydraulic System,80.882,3.226,76.257,53.366,1736.555,146.453,23.568,82.69,496,62.716,25.354,Normal,0,0
A004,2025-01-10 12:00:00,A004-HYD,Hydraulic System,101.099,6.003,60.15,52.76,1780.822,128.047,23.223,81.076,382,63.898,23.432,Warning,1,1
A004,2025-01-10 16:00:00,A004-HYD,Hydraulic System,80.837,3.396,76.219,56.867,1835.087,151.497,23.477,77.0,505,63.1,25.661,Normal,0,1
A004,2025-01-10 18:00:00,A004-HYD,Hydraulic System,76.842,2.931,80.105,52.742,1825.031,148.045,23.504,79.895,714,74.437,32.218,Normal,0,0
A004,2025-01-11 02:00:00,A004-HYD,Hydraulic System,78.849,4.253,76.925,54.266,1710.256,140.855,22.768,79.183,686,75.98,32.435,Normal,0,0
A004,2025-01-11 20:00:00,A004-HYD,Hydraulic System,75.631,3.364,77.836,54.001,1906.649,144.809,22.915,81.358,409,50.673,41.32,Normal,0,0
A004,2025-01-11 21:00:00,A004-HYD,Hydraulic System,86.393,6.178,57.348,53.74,1839.878,140.219,22.942,81.226,488,58.548,34.046,Warning,1,1
A004,2025-01-11 23:00:00,A004-HYD,Hydraulic System,81.008,3.349,74.751,55.234,1928.271,148.502,23.1,76.948,464,74.099,32.576,Normal,0,1
A004,2025-01-12 00:00:00,A004-HYD,Hydraulic System,78.889,3.236,72.968,53.92,1696.623,148.95,22.956,80.228,432,73.418,25.025,Normal,0,1
A004,2025-01-12 05:00:00,A004-HYD,Hydraulic System,82.715,3.192,71.054,50.37,1754.438,141.563,23.896,82.604,559,65.884,38.61,Normal,0,0
A004,2025-01-12 19:00:00,A004-HYD,Hydraulic System,76.422,3.172,70.831,52.148,1871.828,146.327,23.148,82.193,724,49.025,22.424,Normal,0,0
A004,2025-01-13 00:00:00,A004-HYD,Hydraulic System,93.877,6.531,60.337,52.196,1632.629,133.467,23.572,84.021,582,74.337,34.197,Warning,1,1
A004,2025-01-13 05:00:00,A004-HYD,Hydraulic System,81.593,3.294,70.428,51.858,1823.505,143.513,23.452,83.185,407,77.297,26.806,Warning,1,1
A004,2025-01-13 06:00:00,A004-HYD,Hydraulic System,79.926,3.605,74.162,50.283,1924.618,144.683,23.713,79.683,691,70.75,29.072,Normal,0,0
A004,2025-01-13 07:00:00,A004-HYD,Hydraulic System,79.733,3.751,71.163,50.98,1872.032,145.314,22.973,84.925,606,58.935,27.702,Normal,0,0
A004,2025-01-13 12:00:00,A004-HYD,Hydraulic System,77.514,3.279,74.162,53.64,1998.637,147.99,22.985,80.233,773,78.03,29.97,Normal,0,0
A004,2025-01-13 15:00:00,A004-HYD,Hydraulic System,79.137,3.831,65.926,56.588,1679.54,148.193,23.241,84.822,802,66.144,19.272,Warning,1,1
A004,2025-01-13 19:00:00,A004-HYD,Hydraulic System,76.439,3.923,71.538,51.562,1847.217,142.131,23.255,80.793,744,70.44,36.677,Warning,1,0
A004,2025-01-13 22:00:00,A004-HYD,Hydraulic System,81.98,3.531,78.882,54.817,1846.429,148.427,23.714,80.809,620,67.749,20.464,Normal,0,1
A004,2025-01-14 02:00:00,A004-HYD,Hydraulic System,82.574,2.742,77.367,53.194,1996.601,142.598,22.667,83.582,578,72.361,31.691,Normal,0,0
A004,2025-01-14 10:00:00,A004-HYD,Hydraulic System,100.164,6.748,60.362,49.673,1668.164,135.435,23.683,81.03,677,71.108,23.825,Warning,1,1
A004,2025-01-14 11:00:00,A004-HYD,Hydraulic System,82.796,3.677,69.655,54.589,1863.61,145.992,22.976,81.777,614,71.561,38.086,Warning,1,0
A004,2025-01-14 14:00:00,A004-HYD,Hydraulic System,81.047,3.007,67.592,56.416,1841.671,146.004,23.79,85.194,775,84.365,24.1,Warning,1,0
A004,2025-01-14 21:00:00,A004-HYD,Hydraulic System,79.803,3.355,74.732,51.435,1703.253,147.295,22.925,84.906,696,62.554,31.054,Normal,0,0
A004,2025-01-14 23:00:00,A004-HYD,Hydraulic System,82.031,3.569,73.331,54.856,1763.633,149.86,23.461,86.943,767,74.789,30.787,Warning,1,1
A004,2025-01-15 00:00:00,A004-HYD,Hydraulic System,81.973,3.48,73.162,49.572,1783.622,153.779,23.34,84.632,835,73.962,28.173,Warning,1,1
A004,2025-01-15 01:00:00,A004-HYD,Hydraulic System,80.908,3.52,70.53,56.815,1964.191,149.919,22.665,87.268,472,75.85,25.29,Warning,1,1
A004,2025-01-15 04:00:00,A004-HYD,Hydraulic System,79.902,2.899,69.859,50.531,1951.13,154.809,22.962,80.69,641,76.99,25.095,Warning,1,0
A004,2025-01-15 08:00:00,A004-HYD,Hydraulic System,80.361,3.551,72.661,50.407,1828.531,139.385,23.355,84.654,716,84.37,24.417,Warning,1,1
A004,2025-01-15 10:00:00,A004-HYD,Hydraulic System,85.164,3.887,70.353,52.58,1773.579,150.885,23.697,81.262,731,55.212,32.846,Warning,1,0
A004,2025-01-15 19:00:00,A004-HYD,Hydraulic System,86.419,3.46,69.744,55.053,1888.083,146.655,23.204,81.565,559,71.376,36.474,Warning,1,0
A004,2025-01-15 23:00:00,A004-HYD,Hydraulic System,80.472,3.017,76.219,51.41,1722.739,141.005,22.787,82.585,781,83.778,23.756,Warning,1,1
A004,2025-01-16 01:00:00,A004-HYD,Hydraulic System,81.642,4.108,70.355,52.26,1787.513,146.412,22.77,84.217,578,84.645,35.244,Warning,1,1
A004,2025-01-16 08:00:00,A004-HYD,Hydraulic System,81.986,3.925,68.469,52.659,1795.012,142.357,22.793,81.057,523,73.713,23.176,Warning,1,1
A004,2025-01-16 10:00:00,A004-HYD,Hydraulic System,80.31,3.713,68.198,51.401,1643.692,143.757,22.69,86.137,785,72.487,30.613,Warning,1,0
A004,2025-01-16 11:00:00,A004-HYD,Hydraulic System,81.945,3.747,70.381,50.489,1778.372,144.054,23.16,85.721,763,68.596,29.75,Warning,1,1
A004,2025-01-16 13:00:00,A004-HYD,Hydraulic System,82.825,3.864,70.613,52.965,1899.831,144.521,22.98,86.825,707,72.083,24.373,Warning,1,1
A004,2025-01-16 14:00:00,A004-HYD,Hydraulic System,84.62,2.84,69.318,51.026,1804.038,152.078,22.5,88.834,696,70.153,26.165,Warning,1,1
A004,2025-01-16 15:00:00,A004-HYD,Hydraulic System,80.938,3.84,68.304,50.593,1791.462,142.033,23.243,83.219,851,71.51,25.599,Warning,1,0
A004,2025-01-16 17:00:00,A004-HYD,Hydraulic System,81.979,3.511,68.055,51.361,1976.93,146.39,22.664,82.413,730,60.61,25.848,Warning,1,0
A004,2025-01-16 21:00:00,A004-HYD,Hydraulic System,79.164,4.282,76.433,54.037,1872.529,147.593,22.744,84.305,851,81.364,25.134,Warning,1,1
A004,2025-01-17 00:00:00,A004-HYD,Hydraulic System,84.597,3.796,71.685,53.744,1846.701,144.644,23.14,86.824,772,69.403,29.991,Warning,1,1
A004,2025-01-17 04:00:00,A004-HYD,Hydraulic System,92.055,6.603,59.828,54.449,1993.189,124.953,22.373,84.231,674,75.64,29.734,Warning,1,1
A004,2025-01-17 11:00:00,A004-HYD,Hydraulic System,86.839,3.589,66.477,52.513,1777.27,137.785,22.446,83.401,628,86.967,33.537,Warning,1,1
A005,2025-01-01 00:00:00,A005-HYD,Hydraulic System,73.335,2.392,78.567,56.778,1619.417,152.862,24.208,73.554,243,51.306,22.047,Normal,0,0
A005,2025-01-01 03:00:00,A005-HYD,Hydraulic System,78.005,3.231,77.718,57.178,1635.668,146.168,23.882,79.906,337,55.671,33.725,Normal,0,0
A005,2025-01-01 06:00:00,A005-HYD,Hydraulic System,70.125,3.34,73.234,54.333,1847.471,153.017,24.359,75.597,435,49.929,33.533,Normal,0,0
A005,2025-01-01 07:00:00,A005-HYD,Hydraulic System,68.322,3.081,73.945,56.359,1845.917,149.764,24.137,75.002,302,64.138,40.926,Normal,0,0
A005,2025-01-01 09:00:00,A005-HYD,Hydraulic System,76.1,3.038,71.209,54.565,1704.117,152.131,24.227,74.676,468,52.717,32.985,Normal,0,0
A005,2025-01-01 10:00:00,A005-HYD,Hydraulic System,77.131,2.812,80.034,55.406,1756.873,147.174,23.724,75.237,151,62.318,22.924,Normal,0,0
A005,2025-01-02 00:00:00,A005-HYD,Hydraulic System,75.663,2.412,75.08,54.532,1743.795,146.527,24.07,75.148,322,54.761,25.692,Normal,0,0
A005,2025-01-02 10:00:00,A005-HYD,Hydraulic System,68.606,2.732,71.507,53.526,1930.674,139.837,23.612,77.509,267,54.498,26.108,Normal,0,0
A005,2025-01-02 16:00:00,A005-HYD,Hydraulic System,77.062,3.473,76.12,53.892,1755.804,148.499,23.701,78.694,216,70.694,22.517,Normal,0,1
A005,2025-01-02 21:00:00,A005-HYD,Hydraulic System,76.062,2.394,74.786,55.403,1931.536,150.42,23.579,79.111,416,59.336,33.868,Normal,0,0
A005,2025-01-02 22:00:00,A005-HYD,Hydraulic System,76.515,3.147,73.513,53.553,1832.114,146.125,23.331,76.856,354,60.002,29.356,Normal,0,0
A005,2025-01-03 00:00:00,A005-HYD,Hydraulic System,76.439,2.107,72.283,52.807,1771.321,149.857,23.91,76.771,517,55.509,33.457,Normal,0,0
A005,2025-01-03 06:00:00,A005-HYD,Hydraulic System,73.399,3.527,76.909,57.821,1893.108,147.484,23.016,73.892,527,66.456,29.491,Normal,0,1
A005,2025-01-03 07:00:00,A005-HYD,Hydraulic System,69.741,2.894,71.866,53.139,1876.509,145.196,23.508,76.746,404,68.405,27.986,Normal,0,0
A005,2025-01-03 15:00:00,A005-HYD,Hydraulic System,79.228,3.032,75.784,55.434,1841.208,156.497,23.843,74.552,497,67.036,27.167,Normal,0,0
A005,2025-01-03 16:00:00,A005-HYD,Hydraulic System,74.974,3.099,73.019,56.467,1711.246,145.242,24.475,73.54,423,61.775,39.257,Normal,0,1
A005,2025-01-03 19:00:00,A005-HYD,Hydraulic System,75.561,2.251,76.531,58.883,1843.239,151.328,23.735,78.991,325,61.862,31.336,Normal,0,0
A005,2025-01-04 03:00:00,A005-HYD,Hydraulic System,77.468,2.541,71.335,56.238,1775.004,147.873,23.716,78.327,385,64.0,26.285,Normal,0,0
A005,2025-01-04 04:00:00,A005-HYD,Hydraulic System,76.521,2.934,74.266,54.358,1729.766,153.478,23.603,77.158,434,46.256,28.924,Normal,0,1
A005,2025-01-04 14:00:00,A005-HYD,Hydraulic System,77.233,3.534,70.955,54.592,1800.608,148.353,23.608,76.425,526,64.761,31.513,Normal,0,0
A005,2025-01-04 15:00:00,A005-HYD,Hydraulic System,72.41,3.375,71.572,53.589,1744.911,146.378,23.229,76.036,365,68.621,29.98,Normal,0,0
A005,2025-01-05 03:00:00,A005-HYD,Hydraulic System,76.875,2.569,76.075,55.138,1745.436,153.48,23.788,78.002,342,71.247,33.344,Normal,0,0
A005,2025-01-05 05:00:00,A005-HYD,Hydraulic System,75.281,3.061,72.577,55.745,1756.828,151.771,23.905,76.775,228,78.939,26.274,Normal,0,0
A005,2025-01-05 07:00:00,A005-HYD,Hydraulic System,75.835,3.069,72.022,54.553,1729.954,147.016,23.544,78.162,267,64.45,32.532,Normal,0,0
A005,2025-01-05 11:00:00,A005-HYD,Hydraulic System,76.465,3.232,72.948,57.012,1883.247,149.4,22.995,76.29,271,60.292,26.267,Normal,0,0
A005,2025-01-05 12:00:00,A005-HYD,Hydraulic System,79.581,3.103,74.405,55.68,1730.973,153.686,23.626,80.725,320,57.587,37.191,Normal,0,0
A005,2025-01-05 15:00:00,A005-HYD,Hydraulic System,76.971,3.291,79.039,51.188,1843.856,155.941,23.256,79.777,587,74.004,22.616,Normal,0,1
A005,2025-01-05 23:00:00,A005-HYD,Hydraulic System,71.577,3.427,76.251,52.003,1753.93,150.319,23.65,78.908,589,63.128,39.316,Normal,0,0
A005,2025-01-06 01:00:00,A005-HYD,Hydraulic System,79.235,2.545,72.006,50.647,1771.841,151.38,23.896,76.57,413,69.818,29.074,Normal,0,0
A005,2025-01-06 05:00:00,A005-HYD,Hydraulic System,79.031,3.042,74.061,55.88,1741.43,144.033,23.526,76.58,574,75.728,26.918,Normal,0,1
A005,2025-01-06 07:00:00,A005-HYD,Hydraulic System,79.449,3.069,69.857,51.977,1683.68,146.314,23.789,76.753,296,73.73,29.404,Normal,0,0
A005,2025-01-06 13:00:00,A005-HYD,Hydraulic System,81.812,3.412,77.629,55.113,1846.736,151.055,24.122,80.8,547,57.622,34.003,Normal,0,0
A005,2025-01-06 14:00:00,A005-HYD,Hydraulic System,74.499,3.068,69.329,53.307,1864.291,146.001,23.627,76.21,449,68.754,32.541,Normal,0,0
A005,2025-01-06 20:00:00,A005-HYD,Hydraulic System,75.563,3.561,74.051,51.052,1802.338,141.989,24.05,81.728,305,66.293,25.737,Normal,0,1
A005,2025-01-07 07:00:00,A005-HYD,Hydraulic System,78.444,3.609,70.63,52.048,1778.905,153.224,24.111,78.577,475,61.729,35.321,Normal,0,0
A005,2025-01-07 21:00:00,A005-HYD,Hydraulic System,80.382,2.897,73.051,55.899,1776.517,151.847,23.696,80.78,488,68.709,34.433,Normal,0,0
A005,2025-01-08 03:00:00,A005-HYD,Hydraulic System,83.982,3.445,67.31,53.911,1748.611,153.398,23.825,76.096,606,79.479,34.697,Warning,1,1
A005,2025-01-08 07:00:00,A005-HYD,Hydraulic System,79.034,3.37,73.599,54.566,1649.824,144.192,23.336,77.653,453,80.662,33.172,Normal,0,0
A005,2025-01-08 11:00:00,A005-HYD,Hydraulic System,77.131,3.518,69.504,52.591,1766.355,159.688,23.458,77.832,523,65.62,22.477,Normal,0,0
A005,2025-01-08 13:00:00,A005-HYD,Hydraulic System,78.887,3.876,69.283,50.237,1721.897,149.286,23.906,78.204,614,83.82,30.136,Warning,1,1
A005,2025-01-08 15:00:00,A005-HYD,Hydraulic System,78.827,3.556,73.265,55.265,1857.565,155.713,23.819,79.16,484,73.051,37.063,Normal,0,1
A005,2025-01-08 17:00:00,A005-HYD,Hydraulic System,95.445,5.363,60.645,51.105,1691.007,146.3,23.638,79.34,652,84.814,39.487,Warning,1,1
A005,2025-01-08 20:00:00,A005-HYD,Hydraulic System,80.403,3.27,75.655,58.948,1748.885,148.826,23.799,79.169,506,61.783,38.691,Normal,0,1
A005,2025-01-09 06:00:00,A005-HYD,Hydraulic System,78.452,2.894,73.552,55.127,1796.36,149.291,23.713,80.152,558,81.512,24.881,Normal,0,0
A005,2025-01-09 10:00:00,A005-HYD,Hydraulic System,79.523,3.535,72.131,51.766,1733.131,156.411,23.082,80.79,466,75.252,29.729,Warning,1,0
A005,2025-01-09 11:00:00,A005-HYD,Hydraulic System,81.762,3.263,75.962,54.336,1736.986,148.832,23.067,80.591,377,68.87,25.866,Normal,0,0
A005,2025-01-09 16:00:00,A005-HYD,Hydraulic System,79.726,3.132,72.872,53.662,1767.75,145.544,23.374,82.892,488,74.745,29.828,Normal,0,0
A005,2025-01-09 19:00:00,A005-HYD,Hydraulic System,80.344,3.515,71.657,53.263,1765.1,146.928,23.844,79.118,646,89.219,26.824,Warning,1,0
A005,2025-01-10 04:00:00,A005-HYD,Hydraulic System,80.241,2.78,72.554,51.193,1866.769,147.245,23.67,78.603,674,67.457,28.3,Normal,0,0
A005,2025-01-10 07:00:00,A005-HYD,Hydraulic System,81.131,3.562,70.096,50.868,1868.952,153.587,23.912,79.468,403,66.061,27.229,Warning,1,0
A005,2025-01-10 12:00:00,A005-HYD,Hydraulic System,83.227,3.242,69.279,54.105,1774.877,147.095,23.259,83.207,359,82.683,26.869,Warning,1,0
A005,2025-01-10 14:00:00,A005-HYD,Hydraulic System,79.883,2.986,73.09,52.12,1895.637,147.051,23.213,83.476,608,61.942,37.171,Normal,0,0
A005,2025-01-10 16:00:00,A005-HYD,Hydraulic System,77.373,2.926,74.803,47.991,1817.612,146.16,23.36,78.52,427,75.294,31.03,Normal,0,0
A005,2025-01-10 17:00:00,A005-HYD,Hydraulic System,77.573,3.924,71.576,53.792,1825.521,153.913,23.39,79.257,437,67.624,34.086,Warning,1,1
A005,2025-01-10 21:00:00,A005-HYD,Hydraulic System,76.659,3.554,72.725,53.598,1760.404,148.423,23.652,80.71,619,54.89,35.739,Normal,0,1
A005,2025-01-11 00:00:00,A005-HYD,Hydraulic System,85.626,3.604,74.69,59.171,1755.717,142.211,23.187,83.198,729,82.9,41.36,Warning,1,1
A005,2025-01-11 02:00:00,A005-HYD,Hydraulic System,85.995,3.557,70.944,53.084,1741.95,144.792,23.736,81.925,475,68.68,25.37,Warning,1,1
A005,2025-01-11 05:00:00,A005-HYD,Hydraulic System,87.727,3.752,70.65,54.967,1906.58,146.782,23.096,84.56,496,71.136,35.969,Warning,1,1
A005,2025-01-11 06:00:00,A005-HYD,Hydraulic System,79.582,3.914,67.925,53.388,1939.357,139.786,23.403,83.573,436,73.156,25.365,Warning,1,0
A005,2025-01-11 07:00:00,A005-HYD,Hydraulic System,81.048,3.439,71.896,56.306,1829.504,152.287,23.812,80.002,679,75.625,27.875,Warning,1,0
A005,2025-01-11 12:00:00,A005-HYD,Hydraulic System,82.935,3.278,69.273,53.274,1825.438,142.661,23.293,82.098,729,63.553,31.074,Warning,1,1
A005,2025-01-11 15:00:00,A005-HYD,Hydraulic System,83.328,3.201,67.393,53.332,1779.154,143.576,23.278,81.793,672,68.247,27.406,Warning,1,0
A005,2025-01-11 18:00:00,A005-HYD,Hydraulic System,80.693,3.732,72.088,54.251,1844.643,150.641,23.53,79.755,695,90.978,39.844,Warning,1,1
A005,2025-01-11 22:00:00,A005-HYD,Hydraulic System,83.214,3.767,71.275,56.404,1653.802,146.451,23.283,81.647,601,71.18,27.326,Warning,1,0
A005,2025-01-11 23:00:00,A005-HYD,Hydraulic System,83.54,3.578,71.792,53.245,1920.78,142.042,22.581,82.297,666,81.112,31.43,Warning,1,0
A005,2025-01-12 06:00:00,A005-HYD,Hydraulic System,81.372,4.139,71.915,53.745,1808.253,148.625,22.549,82.233,695,87.985,31.1,Warning,1,1
A005,2025-01-12 15:00:00,A005-HYD,Hydraulic System,83.586,4.188,73.294,57.098,1843.691,144.859,23.141,81.747,405,72.163,31.915,Warning,1,1
A005,2025-01-12 21:00:00,A005-HYD,Hydraulic System,83.769,3.791,68.934,54.762,1695.688,138.43,23.092,83.756,633,71.155,30.932,Warning,1,0
A005,2025-01-13 01:00:00,A005-HYD,Hydraulic System,96.536,6.012,54.265,52.866,1860.369,144.762,23.244,80.064,604,61.089,29.06,Warning,1,1
A005,2025-01-13 02:00:00,A005-HYD,Hydraulic System,85.145,3.656,70.963,49.392,1816.204,145.842,23.571,81.853,780,83.063,28.044,Warning,1,1
A005,2025-01-13 03:00:00,A005-HYD,Hydraulic System,83.437,3.842,68.584,52.17,1698.629,138.376,23.09,80.785,599,84.815,19.09,Warning,1,0
A005,2025-01-13 10:00:00,A005-HYD,Hydraulic System,83.287,3.726,73.192,52.676,1675.553,148.27,23.731,84.844,551,67.79,28.656,Warning,1,1
A005,2025-01-13 19:00:00,A005-HYD,Hydraulic System,89.841,4.13,68.325,52.754,1882.774,151.85,22.992,82.238,700,70.536,33.326,Warning,1,0
A005,2025-01-13 20:00:00,A005-HYD,Hydraulic System,80.536,3.901,66.416,50.05,1901.117,145.488,23.055,83.563,455,85.005,27.907,Warning,1,1
A005,2025-01-14 02:00:00,A005-HYD,Hydraulic System,77.602,3.977,69.564,52.284,1848.865,146.674,22.931,82.908,538,82.066,32.307,Warning,1,1
A005,2025-01-14 04:00:00,A005-HYD,Hydraulic System,80.856,3.517,68.408,49.799,1827.401,151.462,22.85,83.052,501,74.307,26.852,Warning,1,1
A005,2025-01-14 13:00:00,A005-HYD,Hydraulic System,85.261,3.959,71.276,51.695,1836.641,151.26,23.312,83.063,546,79.904,33.788,Warning,1,1
A005,2025-01-14 14:00:00,A005-HYD,Hydraulic System,82.048,3.682,70.303,54.218,1863.174,143.224,22.969,80.801,820,67.232,30.407,Warning,1,1
A005,2025-01-14 16:00:00,A005-HYD,Hydraulic System,86.29,4.25,70.402,52.436,1743.863,145.571,23.595,83.746,671,77.634,32.818,Warning,1,0
A005,2025-01-15 07:00:00,A005-HYD,Hydraulic System,88.177,3.855,68.455,54.371,1817.784,149.728,23.182,83.983,493,81.91,24.386,Warning,1,1
A005,2025-01-15 13:00:00,A005-HYD,Hydraulic System,88.516,4.668,68.797,51.678,1843.883,144.685,22.344,85.364,612,77.926,22.663,Warning,1,0
A005,2025-01-15 14:00:00,A005-HYD,Hydraulic System,84.889,4.484,65.449,52.071,1720.893,150.65,22.753,83.062,704,88.261,36.624,Warning,1,0
A005,2025-01-15 17:00:00,A005-HYD,Hydraulic System,80.302,4.483,67.023,55.0,1734.96,147.543,22.717,83.098,749,85.029,23.406,Warning,1,1
A005,2025-01-15 18:00:00,A005-HYD,Hydraulic System,86.512,4.472,67.781,50.202,1716.986,141.455,23.046,83.71,739,83.52,31.824,Warning,1,0
A005,2025-01-15 23:00:00,A005-HYD,Hydraulic System,85.706,3.852,68.472,52.009,1736.712,152.898,22.756,79.467,764,94.692,25.769,Warning,1,1
A005,2025-01-16 04:00:00,A005-HYD,Hydraulic System,81.224,4.653,70.843,50.981,1802.839,143.221,23.013,84.223,467,82.568,24.858,Warning,1,1
A005,2025-01-16 06:00:00,A005-HYD,Hydraulic System,83.424,2.88,70.21,53.336,1866.257,148.213,22.969,83.632,776,79.098,27.698,Warning,1,1
A005,2025-01-16 07:00:00,A005-HYD,Hydraulic System,84.931,3.285,63.311,51.579,1788.45,144.159,22.066,87.28,713,69.436,25.909,Warning,1,0
A005,2025-01-16 08:00:00,A005-HYD,Hydraulic System,84.186,3.882,68.759,49.747,1834.267,143.205,23.078,85.171,759,76.24,19.736,Warning,1,1
A005,2025-01-16 11:00:00,A005-HYD,Hydraulic System,82.816,4.683,66.579,54.536,1663.825,147.027,23.023,86.022,739,93.12,25.932,Warning,1,1
A005,2025-01-16 14:00:00,A005-HYD,Hydraulic System,83.702,4.102,70.041,49.223,1823.858,146.209,22.72,83.176,788,75.473,30.704,Warning,1,0
A005,2025-01-16 16:00:00,A005-HYD,Hydraulic System,82.579,4.584,68.667,50.9,1688.567,146.857,23.347,82.857,566,77.971,26.239,Warning,1,1
A005,2025-01-16 20:00:00,A005-HYD,Hydraulic System,87.159,4.228,65.191,54.338,1868.121,149.31,22.873,84.35,654,80.282,41.395,Warning,1,0
A005,2025-01-16 23:00:00,A005-HYD,Hydraulic System,82.146,4.232,70.101,54.265,1847.908,148.486,23.197,84.734,658,64.975,35.799,Warning,1,0
A005,2025-01-17 03:00:00,A005-HYD,Hydraulic System,88.016,4.284,70.37,50.306,1807.486,147.184,23.291,90.021,579,85.436,26.694,Warning,1,1
A005,2025-01-17 08:00:00,A005-HYD,Hydraulic System,84.33,3.898,71.151,50.808,1658.889,140.94,23.124,86.321,616,76.389,26.841,Warning,1,0
A005,2025-01-17 14:00:00,A005-HYD,Hydraulic System,89.059,4.542,71.101,50.142,1886.584,149.1,22.578,87.062,874,86.568,21.51,Warning,1,1
A006,2025-01-01 10:00:00,A006-HYD,Hydraulic System,70.207,1.853,75.874,55.329,1911.152,143.631,23.775,71.752,389,45.96,30.359,Normal,0,0
A006,2025-01-01 11:00:00,A006-HYD,Hydraulic System,69.625,1.892,78.223,56.172,1790.959,145.49,23.932,73.825,453,55.698,35.377,Normal,0,0
A006,2025-01-01 13:00:00,A006-HYD,Hydraulic System,71.984,2.718,76.987,58.072,1758.521,148.448,23.798,75.71,215,47.886,32.436,Normal,0,0
A006,2025-01-01 20:00:00,A006-HYD,Hydraulic System,74.53,2.204,80.901,52.95,1764.851,148.525,24.475,75.767,364,37.041,34.758,Normal,0,0
A006,2025-01-01 21:00:00,A006-HYD,Hydraulic System,74.517,3.042,79.976,51.596,1867.921,151.354,23.603,78.103,132,54.998,36.575,Normal,0,0
A006,2025-01-02 00:00:00,A006-HYD,Hydraulic System,70.806,2.194,75.791,56.252,1744.079,152.774,23.72,75.137,198,51.963,30.769,Normal,0,0
A006,2025-01-02 04:00:00,A006-HYD,Hydraulic System,70.829,2.031,76.889,53.68,1687.477,148.808,24.073,73.908,385,50.629,37.033,Normal,0,0
A006,2025-01-02 05:00:00,A006-HYD,Hydraulic System,73.098,2.833,81.655,55.722,1737.495,146.506,23.712,79.504,421,48.926,31.618,Normal,0,0
A006,2025-01-02 07:00:00,A006-HYD,Hydraulic System,73.379,2.813,81.047,53.956,1601.203,146.018,24.175,79.973,353,51.682,26.966,Normal,0,0
A006,2025-01-02 08:00:00,A006-HYD,Hydraulic System,72.389,2.746,77.458,56.349,1655.549,143.863,23.647,75.236,475,54.85,33.184,Normal,0,0
A006,2025-01-02 09:00:00,A006-HYD,Hydraulic System,70.94,2.778,80.449,53.857,1985.917,146.752,24.261,78.734,254,41.349,32.888,Normal,0,0
A006,2025-01-02 12:00:00,A006-HYD,Hydraulic System,75.327,2.553,76.924,59.456,1891.132,142.805,23.756,80.833,293,44.571,30.332,Normal,0,0
A006,2025-01-02 14:00:00,A006-HYD,Hydraulic System,72.851,1.624,79.983,54.615,1716.181,153.25,22.994,74.522,382,50.158,34.261,Normal,0,0
A006,2025-01-02 15:00:00,A006-HYD,Hydraulic System,79.767,2.424,78.664,52.233,1976.325,146.661,23.977,76.455,197,53.299,27.828,Normal,0,0
A006,2025-01-02 19:00:00,A006-HYD,Hydraulic System,71.699,3.032,74.535,55.03,1701.694,159.865,23.784,77.732,352,56.471,29.872,Normal,0,0
A006,2025-01-02 22:00:00,A006-HYD,Hydraulic System,67.744,2.206,77.852,56.826,1871.639,148.307,23.624,75.79,151,45.254,19.424,Normal,0,0
A006,2025-01-03 07:00:00,A006-HYD,Hydraulic System,68.894,2.31,73.356,54.837,1829.332,149.878,24.248,73.38,465,47.222,32.072,Normal,0,0
A006,2025-01-03 16:00:00,A006-HYD,Hydraulic System,75.712,2.824,77.826,53.648,1786.396,151.762,23.064,79.088,392,50.178,29.569,Normal,0,1
A006,2025-01-03 23:00:00,A006-HYD,Hydraulic System,71.31,2.751,79.093,56.307,1721.773,152.798,23.9,75.559,412,53.341,32.356,Normal,0,0
A006,2025-01-04 09:00:00,A006-HYD,Hydraulic System,73.94,2.072,75.645,57.968,1767.107,142.876,24.062,77.803,528,61.886,28.515,Normal,0,0
A006,2025-01-04 11:00:00,A006-HYD,Hydraulic System,72.625,2.309,75.257,56.228,1862.879,147.267,23.958,77.733,229,55.103,35.741,Normal,0,0
A006,2025-01-04 12:00:00,A006-HYD,Hydraulic System,71.739,2.115,74.129,54.536,1772.776,147.871,23.643,80.645,437,46.331,23.78,Normal,0,0
A006,2025-01-04 15:00:00,A006-HYD,Hydraulic System,76.662,2.188,76.019,54.952,1839.875,149.376,24.239,74.584,319,53.694,21.561,Normal,0,0
A006,2025-01-05 07:00:00,A006-HYD,Hydraulic System,72.554,2.757,75.432,54.055,1904.217,150.734,23.491,77.277,453,69.412,28.463,Normal,0,0
A006,2025-01-05 10:00:00,A006-HYD,Hydraulic System,75.979,2.446,78.367,55.053,2040.303,154.568,23.304,76.612,558,41.492,19.311,Normal,0,0
A006,2025-01-05 13:00:00,A006-HYD,Hydraulic System,70.187,2.786,73.922,53.505,1659.462,147.203,23.77,78.639,525,47.5,32.044,Normal,0,0
A006,2025-01-05 19:00:00,A006-HYD,Hydraulic System,74.656,3.449,77.408,53.37,1693.878,145.331,23.319,77.698,479,47.174,36.464,Normal,0,0
A006,2025-01-05 20:00:00,A006-HYD,Hydraulic System,68.609,2.303,74.031,49.689,1945.602,142.879,23.182,80.726,518,60.529,30.604,Normal,0,0
A006,2025-01-06 06:00:00,A006-HYD,Hydraulic System,79.262,2.833,75.927,53.073,1855.336,148.559,23.922,81.359,469,52.239,33.067,Normal,0,0
A006,2025-01-06 16:00:00,A006-HYD,Hydraulic System,81.831,2.579,76.588,55.633,1744.226,148.961,23.417,78.948,498,59.486,29.299,Normal,0,0
A006,2025-01-06 18:00:00,A006-HYD,Hydraulic System,76.499,2.537,71.366,51.392,1934.98,143.509,23.603,78.137,430,57.573,28.401,Normal,0,1
A006,2025-01-06 19:00:00,A006-HYD,Hydraulic System,76.025,2.35,76.684,52.596,1743.897,150.315,23.44,77.773,540,68.207,25.134,Normal,0,0
A006,2025-01-06 20:00:00,A006-HYD,Hydraulic System,78.3,3.21,80.915,52.666,1721.886,151.519,23.909,76.919,629,62.807,43.621,Normal,0,0
A006,2025-01-06 21:00:00,A006-HYD,Hydraulic System,82.216,2.891,78.586,52.366,1802.239,146.452,22.917,75.319,361,62.431,32.248,Normal,0,0
A006,2025-01-06 22:00:00,A006-HYD,Hydraulic System,76.629,2.663,75.701,55.732,1868.161,151.056,23.777,76.005,585,68.13,24.699,Normal,0,0
A006,2025-01-06 23:00:00,A006-HYD,Hydraulic System,74.804,2.757,79.461,51.337,1799.778,143.756,23.807,77.122,454,59.424,23.377,Normal,0,0
A006,2025-01-07 00:00:00,A006-HYD,Hydraulic System,78.119,2.378,73.856,54.26,1641.421,141.581,23.281,76.318,248,56.428,32.612,Normal,0,0
A006,2025-01-07 06:00:00,A006-HYD,Hydraulic System,81.296,5.579,61.265,52.879,1811.975,138.977,23.76,75.012,304,50.712,29.502,Warning,1,0
A006,2025-01-07 08:00:00,A006-HYD,Hydraulic System,74.029,2.342,76.248,52.007,1993.736,149.812,23.74,79.297,495,68.651,18.023,Normal,0,0
A006,2025-01-07 16:00:00,A006-HYD,Hydraulic System,70.924,2.832,72.039,56.372,1764.839,152.699,23.094,79.781,646,60.242,43.82,Normal,0,0
A006,2025-01-07 21:00:00,A006-HYD,Hydraulic System,77.388,2.667,78.844,55.912,1685.619,147.242,23.241,76.804,332,60.044,34.091,Normal,0,0
A006,2025-01-07 22:00:00,A006-HYD,Hydraulic System,75.042,3.092,71.599,56.32,1747.473,148.7,23.362,76.797,281,64.076,27.01,Normal,0,0
A006,2025-01-08 02:00:00,A006-HYD,Hydraulic System,80.507,2.624,76.521,53.118,1820.527,152.31,22.898,83.232,543,59.642,21.967,Normal,0,0
A006,2025-01-08 04:00:00,A006-HYD,Hydraulic System,76.729,2.758,78.495,53.221,1687.335,158.165,23.003,79.105,303,54.194,26.492,Normal,0,1
A006,2025-01-08 07:00:00,A006-HYD,Hydraulic System,76.811,2.843,73.005,53.406,1813.974,143.413,23.621,78.388,283,62.702,26.674,Normal,0,0
A006,2025-01-08 09:00:00,A006-HYD,Hydraulic System,75.165,3.342,72.585,50.857,1669.789,150.562,23.737,81.922,613,51.153,28.844,Normal,0,1
A006,2025-01-08 10:00:00,A006-HYD,Hydraulic System,77.014,3.129,75.997,52.436,1747.347,146.589,23.21,76.98,410,75.767,27.965,Normal,0,0
A006,2025-01-08 22:00:00,A006-HYD,Hydraulic System,78.755,2.936,77.313,52.171,1848.608,148.165,23.383,78.992,348,59.305,30.161,Normal,0,1
A006,2025-01-09 03:00:00,A006-HYD,Hydraulic System,81.375,3.344,77.45,52.123,1663.622,143.536,22.703,77.647,681,58.319,30.834,Normal,0,0
A006,2025-01-09 04:00:00,A006-HYD,Hydraulic System,75.93,3.015,71.579,55.707,1801.875,150.265,22.986,80.249,376,67.007,19.781,Normal,0,0
A006,2025-01-09 10:00:00,A006-HYD,Hydraulic System,82.649,3.046,75.036,57.263,1737.178,144.421,23.23,78.994,331,48.236,30.69,Normal,0,0
A006,2025-01-09 14:00:00,A006-HYD,Hydraulic System,77.783,3.172,74.943,52.849,1763.488,144.749,23.761,79.545,559,65.685,29.217,Normal,0,1
A006,2025-01-09 20:00:00,A006-HYD,Hydraulic System,73.881,3.376,70.681,54.303,1901.627,150.899,22.79,79.406,591,69.164,33.441,Normal,0,0
A006,2025-01-10 00:00:00,A006-HYD,Hydraulic System,80.76,3.043,73.956,54.378,1784.051,144.801,22.831,79.204,609,70.368,36.303,Normal,0,0
A006,2025-01-10 01:00:00,A006-HYD,Hydraulic System,78.409,2.618,66.157,51.446,1758.335,142.681,23.591,78.8,606,63.84,41.867,Normal,0,0
A006,2025-01-10 08:00:00,A006-HYD,Hydraulic System,88.835,5.684,61.147,56.036,1769.414,133.646,23.254,80.761,349,70.314,22.637,Warning,1,1
A006,2025-01-10 10:00:00,A006-HYD,Hydraulic System,77.123,3.486,76.327,53.079,1929.52,150.215,23.809,80.564,588,71.918,26.159,Normal,0,0
A006,2025-01-10 20:00:00,A006-HYD,Hydraulic System,81.033,3.355,76.003,52.64,1782.78,141.053,22.931,82.797,337,67.867,30.522,Normal,0,0
A006,2025-01-10 22:00:00,A006-HYD,Hydraulic System,82.142,3.535,74.102,53.574,1889.036,148.123,23.144,77.921,717,72.725,31.832,Normal,0,0
A006,2025-01-11 01:00:00,A006-HYD,Hydraulic System,74.3,3.275,76.361,52.491,1924.808,149.524,23.896,82.19,502,80.061,31.5,Normal,0,0
A006,2025-01-11 04:00:00,A006-HYD,Hydraulic System,80.695,3.686,71.913,50.7,1771.494,142.897,23.407,78.94,584,73.212,31.063,Normal,0,0
A006,2025-01-11 05:00:00,A006-HYD,Hydraulic System,82.308,2.943,69.708,52.757,1821.811,146.305,23.429,81.79,385,67.732,36.742,Normal,0,0
A006,2025-01-11 09:00:00,A006-HYD,Hydraulic System,79.696,3.055,73.114,54.771,1743.137,150.326,22.737,81.561,559,65.947,35.013,Normal,0,1
A006,2025-01-11 13:00:00,A006-HYD,Hydraulic System,73.116,3.631,74.578,51.271,1840.672,150.133,22.998,82.149,713,74.046,22.808,Normal,0,0
A006,2025-01-11 15:00:00,A006-HYD,Hydraulic System,79.628,3.261,71.133,49.418,1818.566,148.143,23.373,79.395,583,69.29,29.107,Normal,0,1
A006,2025-01-12 01:00:00,A006-HYD,Hydraulic System,80.488,3.566,74.616,53.078,1884.794,142.146,23.841,80.081,627,61.453,27.124,Normal,0,0
A006,2025-01-12 02:00:00,A006-HYD,Hydraulic System,80.03,2.987,73.37,50.824,1865.923,149.555,23.2,80.351,520,69.293,25.562,Normal,0,1
A006,2025-01-12 10:00:00,A006-HYD,Hydraulic System,80.43,3.969,69.129,49.47,1813.773,149.216,22.277,81.843,738,65.86,33.721,Warning,1,0
A006,2025-01-12 13:00:00,A006-HYD,Hydraulic System,81.741,3.252,78.707,52.732,1835.719,153.135,23.512,84.568,429,60.295,36.141,Normal,0,0
A006,2025-01-12 15:00:00,A006-HYD,Hydraulic System,75.882,3.316,71.227,50.434,1976.261,149.828,23.143,82.442,516,65.495,23.731,Normal,0,0
A006,2025-01-12 17:00:00,A006-HYD,Hydraulic System,82.129,2.487,67.992,55.021,1945.744,148.702,23.05,84.73,416,73.77,35.687,Normal,0,0
A006,2025-01-12 18:00:00,A006-HYD,Hydraulic System,81.505,3.666,72.725,53.097,1926.227,143.796,22.885,81.094,644,67.991,21.95,Normal,0,0
A006,2025-01-12 20:00:00,A006-HYD,Hydraulic System,82.399,3.785,72.284,52.937,1809.619,150.325,23.76,82.149,464,81.779,30.823,Warning,1,1
A006,2025-01-12 21:00:00,A006-HYD,Hydraulic System,85.081,3.139,70.937,50.35,1914.054,152.451,23.276,80.157,398,67.937,28.487,Warning,1,0
A006,2025-01-13 02:00:00,A006-HYD,Hydraulic System,76.474,3.375,74.533,54.822,1762.845,148.129,23.505,83.955,394,75.435,30.568,Normal,0,0
A006,2025-01-13 06:00:00,A006-HYD,Hydraulic System,82.417,3.116,73.397,52.431,1806.405,148.309,23.213,82.312,442,71.17,31.085,Normal,0,0
A006,2025-01-13 11:00:00,A006-HYD,Hydraulic System,81.166,3.45,76.301,52.947,1757.663,141.731,23.549,81.624,513,66.241,35.259,Normal,0,1
A006,2025-01-13 12:00:00,A006-HYD,Hydraulic System,80.712,3.242,71.384,52.049,1881.966,145.897,23.576,82.267,467,65.992,36.389,Normal,0,0
A006,2025-01-13 14:00:00,A006-HYD,Hydraulic System,81.048,3.948,70.591,49.745,1775.015,151.008,22.714,79.61,601,55.29,33.68,Normal,0,0
A006,2025-01-13 16:00:00,A006-HYD,Hydraulic System,97.009,6.716,63.669,53.707,1894.143,131.904,23.029,81.797,627,69.18,34.497,Warning,1,0
A006,2025-01-13 19:00:00,A006-HYD,Hydraulic System,82.271,3.112,74.43,49.121,1789.054,138.779,22.907,82.101,767,64.574,27.499,Normal,0,0
A006,2025-01-13 20:00:00,A006-HYD,Hydraulic System,78.816,3.454,71.228,54.469,1825.908,139.839,23.46,84.634,800,81.389,27.418,Warning,1,0
A006,2025-01-13 23:00:00,A006-HYD,Hydraulic System,85.65,3.559,70.498,53.516,1823.039,145.411,22.965,84.745,436,83.439,19.82,Warning,1,0
A006,2025-01-14 05:00:00,A006-HYD,Hydraulic System,85.122,3.392,73.685,53.862,1945.971,144.286,23.086,80.122,730,70.816,35.7,Warning,1,1
A006,2025-01-14 06:00:00,A006-HYD,Hydraulic System,79.915,3.628,68.255,51.017,1690.469,146.089,23.025,85.36,459,69.261,24.987,Warning,1,1
A006,2025-01-14 10:00:00,A006-HYD,Hydraulic System,80.016,3.12,78.585,52.548,1781.09,148.967,23.319,85.328,565,59.64,32.681,Normal,0,0
A006,2025-01-14 11:00:00,A006-HYD,Hydraulic System,76.888,3.81,71.087,51.622,1787.609,145.292,23.43,80.884,552,67.308,28.917,Warning,1,0
A006,2025-01-14 13:00:00,A006-HYD,Hydraulic System,74.588,3.494,74.007,53.321,1818.464,149.52,23.074,85.532,495,71.785,30.411,Normal,0,0
A006,2025-01-14 15:00:00,A006-HYD,Hydraulic System,82.481,3.68,69.317,53.579,1751.894,140.202,23.352,84.504,715,62.884,27.281,Warning,1,0
A006,2025-01-14 18:00:00,A006-HYD,Hydraulic System,79.401,3.603,71.238,53.962,1877.947,136.81,23.371,83.754,607,66.553,27.483,Warning,1,1
A006,2025-01-14 22:00:00,A006-HYD,Hydraulic System,80.853,3.517,69.592,50.506,1908.308,152.376,22.371,84.514,772,77.925,23.942,Warning,1,1
A006,2025-01-15 08:00:00,A006-HYD,Hydraulic System,78.869,3.387,67.423,56.097,1878.37,137.696,22.945,83.033,788,65.631,35.181,Warning,1,1
A006,2025-01-15 11:00:00,A006-HYD,Hydraulic System,84.327,3.016,75.168,55.409,1823.677,139.191,22.906,84.612,520,79.839,21.148,Warning,1,1
A006,2025-01-15 15:00:00,A006-HYD,Hydraulic System,77.214,3.486,73.605,53.588,1758.23,142.818,22.865,81.196,535,71.316,29.586,Warning,1,1
A006,2025-01-15 23:00:00,A006-HYD,Hydraulic System,80.625,3.677,69.85,52.26,1909.915,142.763,22.679,83.343,594,84.408,29.551,Warning,1,1
A006,2025-01-16 06:00:00,A006-HYD,Hydraulic System,92.647,6.136,61.226,51.618,1648.599,125.665,22.891,81.021,749,70.111,37.107,Warning,1,1
A006,2025-01-16 08:00:00,A006-HYD,Hydraulic System,83.022,3.434,70.495,51.543,1886.443,145.615,23.25,86.768,555,73.418,28.203,Warning,1,1
A006,2025-01-16 09:00:00,A006-HYD,Hydraulic System,83.386,3.571,69.843,50.851,1743.685,150.41,22.766,86.513,635,74.289,24.336,Warning,1,1
A006,2025-01-16 12:00:00,A006-HYD,Hydraulic System,82.104,3.103,66.278,54.878,1930.802,143.074,22.81,80.735,696,79.525,29.858,Warning,1,1
A006,2025-01-16 13:00:00,A006-HYD,Hydraulic System,84.31,3.296,71.656,50.896,1587.087,149.322,23.249,83.281,729,75.687,32.191,Warning,1,0
A006,2025-01-16 14:00:00,A006-HYD,Hydraulic System,82.052,3.828,69.719,50.064,1909.777,147.462,22.226,82.983,755,79.615,22.181,Warning,1,1
A006,2025-01-16 18:00:00,A006-HYD,Hydraulic System,86.159,3.359,71.703,51.512,1855.716,141.772,23.171,86.84,665,66.225,30.339,Warning,1,1
A006,2025-01-16 19:00:00,A006-HYD,Hydraulic System,84.751,3.641,66.756,51.517,1957.18,153.514,22.64,82.648,502,70.202,39.01,Warning,1,0
A006,2025-01-16 21:00:00,A006-HYD,Hydraulic System,77.377,3.93,73.2,52.287,1764.782,139.87,23.265,85.51,588,76.321,29.976,Warning,1,1
A006,2025-01-17 08:00:00,A006-HYD,Hydraulic System,81.402,4.096,74.188,55.93,1723.501,142.426,22.562,82.763,584,66.659,27.423,Warning,1,1
A006,2025-01-17 14:00:00,A006-HYD,Hydraulic System,85.633,3.475,71.293,50.475,1770.795,151.57,22.386,89.287,519,79.45,27.669,Warning,1,1
A006,2025-01-17 15:00:00,A006-HYD,Hydraulic System,83.879,3.657,67.961,51.565,1681.685,139.925,22.354,88.318,721,78.361,32.979,Warning,1,1
A007,2025-01-01 00:00:00,A007-HYD,Hydraulic System,76.803,2.419,78.795,56.408,1716.116,150.171,23.356,74.74,293,50.875,28.305,Normal,0,1
A007,2025-01-01 05:00:00,A007-HYD,Hydraulic System,73.28,2.811,79.507,53.575,1888.391,149.998,24.121,73.286,145,19.364,26.113,Normal,0,1
A007,2025-01-01 06:00:00,A007-HYD,Hydraulic System,75.648,2.339,76.105,50.581,1660.709,144.565,24.177,74.509,464,49.209,26.756,Normal,0,0
A007,2025-01-01 09:00:00,A007-HYD,Hydraulic System,69.008,2.607,77.093,54.416,1909.838,151.69,24.016,75.553,500,60.468,26.552,Normal,0,0
A007,2025-01-01 22:00:00,A007-HYD,Hydraulic System,71.398,2.738,79.119,55.012,1894.916,144.179,23.961,78.246,306,62.297,37.181,Normal,0,0
A007,2025-01-02 04:00:00,A007-HYD,Hydraulic System,69.79,2.204,76.039,52.124,1775.545,148.345,23.946,75.586,183,63.412,32.865,Normal,0,0
A007,2025-01-02 07:00:00,A007-HYD,Hydraulic System,69.586,2.302,75.371,59.278,1793.851,153.911,24.012,73.377,279,40.167,26.935,Normal,0,0
A007,2025-01-02 08:00:00,A007-HYD,Hydraulic System,70.117,2.439,78.605,52.578,1794.243,146.081,24.193,76.597,499,60.575,34.355,Normal,0,0
A007,2025-01-02 14:00:00,A007-HYD,Hydraulic System,68.905,2.543,71.552,53.673,1667.866,151.28,23.614,72.38,250,62.408,26.981,Normal,0,0
A007,2025-01-02 19:00:00,A007-HYD,Hydraulic System,72.79,1.833,74.748,53.412,1826.771,146.311,23.678,78.683,301,72.309,25.395,Normal,0,0
A007,2025-01-02 21:00:00,A007-HYD,Hydraulic System,75.741,3.016,79.068,53.548,1826.117,145.612,24.316,73.955,479,61.528,35.659,Normal,0,0
A007,2025-01-02 22:00:00,A007-HYD,Hydraulic System,71.851,2.66,74.085,52.966,1849.221,151.895,23.759,72.857,425,65.349,27.758,Normal,0,0
A007,2025-01-03 05:00:00,A007-HYD,Hydraulic System,74.715,2.489,79.787,57.291,1767.041,149.005,24.111,78.89,373,49.896,24.769,Normal,0,0
A007,2025-01-03 06:00:00,A007-HYD,Hydraulic System,72.272,2.781,80.102,53.177,1788.816,149.947,23.611,74.896,483,59.162,24.013,Normal,0,0
A007,2025-01-03 10:00:00,A007-HYD,Hydraulic System,71.129,2.361,71.905,53.606,1747.973,153.174,23.795,76.024,495,53.694,24.74,Normal,0,0
A007,2025-01-03 16:00:00,A007-HYD,Hydraulic System,73.121,2.53,77.393,51.687,1807.266,153.022,23.778,78.708,237,67.832,34.518,Normal,0,0
A007,2025-01-03 18:00:00,A007-HYD,Hydraulic System,71.714,3.091,72.634,55.769,1774.083,154.52,23.889,78.513,240,67.135,28.545,Normal,0,0
A007,2025-01-03 23:00:00,A007-HYD,Hydraulic System,77.277,3.199,79.771,54.683,1733.64,148.092,23.832,76.669,473,49.447,32.184,Normal,0,0
A007,2025-01-04 02:00:00,A007-HYD,Hydraulic System,67.168,3.021,77.356,57.648,1996.387,152.818,23.558,81.195,267,48.181,20.486,Normal,0,0
A007,2025-01-04 04:00:00,A007-HYD,Hydraulic System,77.187,2.723,77.802,56.25,1924.744,149.795,23.869,76.826,370,55.79,22.14,Normal,0,0
A007,2025-01-04 05:00:00,A007-HYD,Hydraulic System,73.658,2.252,75.544,55.455,1736.524,153.188,23.64,73.86,557,68.91,30.992,Normal,0,0
A007,2025-01-04 08:00:00,A007-HYD,Hydraulic System,75.3,2.547,73.147,52.023,1733.153,146.74,23.894,76.687,330,52.9,24.953,Normal,0,0
A007,2025-01-04 13:00:00,A007-HYD,Hydraulic System,79.258,3.309,76.188,53.673,1752.005,150.205,23.917,76.723,409,55.275,31.764,Normal,0,1
A007,2025-01-04 15:00:00,A007-HYD,Hydraulic System,75.878,2.949,75.635,54.879,1779.38,145.209,23.858,79.225,363,49.02,37.702,Normal,0,0
A007,2025-01-04 18:00:00,A007-HYD,Hydraulic System,73.614,2.602,77.8,54.185,1825.192,155.087,24.725,78.531,368,63.063,24.077,Normal,0,0
A007,2025-01-05 02:00:00,A007-HYD,Hydraulic System,74.817,2.559,73.905,53.155,1863.493,148.771,24.814,76.785,349,62.736,28.45,Normal,0,0
A007,2025-01-05 08:00:00,A007-HYD,Hydraulic System,71.092,3.052,70.995,51.82,1698.518,148.185,23.632,79.224,250,58.771,34.829,Normal,0,0
A007,2025-01-05 09:00:00,A007-HYD,Hydraulic System,79.629,3.256,77.258,56.123,1841.861,150.028,23.702,81.023,242,55.953,31.202,Normal,0,0
A007,2025-01-05 14:00:00,A007-HYD,Hydraulic System,74.805,2.617,80.268,51.514,1821.154,146.261,23.407,74.822,351,60.459,25.63,Normal,0,0
A007,2025-01-05 18:00:00,A007-HYD,Hydraulic System,74.437,3.448,74.628,56.183,1747.545,149.25,23.853,81.841,430,56.715,31.013,Normal,0,0
A007,2025-01-06 07:00:00,A007-HYD,Hydraulic System,86.951,5.432,63.196,54.188,1797.199,134.614,23.417,80.284,443,65.322,40.533,Warning,1,0
A007,2025-01-06 15:00:00,A007-HYD,Hydraulic System,77.104,3.1,73.782,55.714,1725.935,148.183,23.605,78.298,308,70.098,40.941,Normal,0,0
A007,2025-01-06 18:00:00,A007-HYD,Hydraulic System,76.316,3.445,71.087,50.488,1874.627,146.417,23.494,76.426,398,53.049,33.178,Normal,0,1
A007,2025-01-06 19:00:00,A007-HYD,Hydraulic System,79.81,2.916,77.025,51.954,1851.949,148.91,23.306,82.581,267,63.657,27.046,Normal,0,0
A007,2025-01-06 20:00:00,A007-HYD,Hydraulic System,75.779,2.824,72.487,56.452,1731.08,144.521,23.165,75.936,415,70.077,31.291,Normal,0,0
A007,2025-01-06 23:00:00,A007-HYD,Hydraulic System,81.759,2.527,74.055,53.705,1800.084,158.488,23.51,73.534,251,60.458,29.408,Normal,0,1
A007,2025-01-07 04:00:00,A007-HYD,Hydraulic System,94.782,6.0,64.874,52.239,1745.12,139.391,23.277,74.417,498,41.803,30.616,Warning,1,0
A007,2025-01-07 06:00:00,A007-HYD,Hydraulic System,76.333,3.815,75.669,49.571,1799.86,149.598,23.384,76.544,385,67.767,25.193,Normal,0,0
A007,2025-01-07 09:00:00,A007-HYD,Hydraulic System,77.45,3.42,77.27,55.942,1792.947,152.534,23.692,77.947,353,65.724,34.428,Normal,0,0
A007,2025-01-07 11:00:00,A007-HYD,Hydraulic System,76.589,3.257,73.582,56.331,1710.249,152.718,23.848,75.286,341,58.66,35.104,Normal,0,0
A007,2025-01-08 02:00:00,A007-HYD,Hydraulic System,77.352,3.2,77.625,51.645,1825.003,141.6,23.918,79.034,421,51.773,23.621,Normal,0,0
A007,2025-01-08 15:00:00,A007-HYD,Hydraulic System,78.021,2.917,72.693,53.061,1887.973,148.523,23.273,76.638,304,76.809,26.763,Normal,0,0
A007,2025-01-08 21:00:00,A007-HYD,Hydraulic System,81.112,2.992,73.137,49.234,1793.295,147.769,23.693,83.316,676,70.61,35.353,Normal,0,0
A007,2025-01-08 22:00:00,A007-HYD,Hydraulic System,81.254,3.426,74.479,50.494,1898.401,149.138,23.676,80.377,534,68.87,36.503,Normal,0,0
A007,2025-01-09 01:00:00,A007-HYD,Hydraulic System,77.369,2.662,74.899,56.079,1783.919,148.069,22.894,75.707,435,50.377,29.776,Normal,0,1
A007,2025-01-09 02:00:00,A007-HYD,Hydraulic System,80.992,3.465,72.611,51.538,1627.545,153.309,23.088,76.857,604,66.271,22.562,Normal,0,0
A007,2025-01-09 05:00:00,A007-HYD,Hydraulic System,78.616,2.872,75.1,51.969,1683.847,141.054,24.008,78.904,336,61.504,24.847,Normal,0,0
A007,2025-01-09 07:00:00,A007-HYD,Hydraulic System,76.099,2.768,76.084,56.713,1914.21,141.627,22.937,83.932,517,63.51,23.126,Normal,0,0
A007,2025-01-09 08:00:00,A007-HYD,Hydraulic System,73.108,3.068,75.67,52.219,1911.15,142.233,23.361,83.29,352,56.401,31.357,Normal,0,0
A007,2025-01-09 10:00:00,A007-HYD,Hydraulic System,79.027,2.684,70.974,53.928,1622.974,142.544,22.817,80.281,567,83.03,23.695,Normal,0,0
A007,2025-01-09 14:00:00,A007-HYD,Hydraulic System,81.203,2.89,76.742,50.683,1802.535,150.441,23.893,83.928,566,76.18,29.317,Normal,0,0
A007,2025-01-09 16:00:00,A007-HYD,Hydraulic System,81.626,3.316,68.538,52.886,1839.415,143.937,23.697,81.659,606,67.183,30.087,Normal,0,1
A007,2025-01-10 00:00:00,A007-HYD,Hydraulic System,74.779,3.335,72.698,53.603,1764.234,145.126,22.967,80.595,492,74.08,27.532,Normal,0,0
A007,2025-01-10 01:00:00,A007-HYD,Hydraulic System,78.622,3.366,76.101,50.988,1797.265,152.0,22.936,82.959,340,63.158,33.557,Normal,0,0
A007,2025-01-10 07:00:00,A007-HYD,Hydraulic System,79.598,2.627,74.151,55.494,1764.98,141.536,23.825,81.014,639,72.717,23.394,Normal,0,0
A007,2025-01-10 10:00:00,A007-HYD,Hydraulic System,78.2,3.572,71.934,55.323,1801.291,146.038,22.937,76.47,396,54.721,31.077,Normal,0,0
A007,2025-01-10 15:00:00,A007-HYD,Hydraulic System,77.206,3.062,69.106,53.574,1829.823,150.684,23.401,82.883,679,76.141,24.86,Normal,0,0
A007,2025-01-10 18:00:00,A007-HYD,Hydraulic System,81.174,3.512,70.025,53.228,1819.939,147.283,22.915,81.005,619,61.216,20.64,Normal,0,0
A007,2025-01-10 21:00:00,A007-HYD,Hydraulic System,81.149,3.966,79.246,54.149,1790.065,148.801,23.208,77.75,594,67.547,35.411,Normal,0,0
A007,2025-01-11 01:00:00,A007-HYD,Hydraulic System,80.131,3.598,73.003,55.94,1904.976,146.201,23.66,80.399,723,64.291,23.978,Normal,0,0
A007,2025-01-11 08:00:00,A007-HYD,Hydraulic System,80.458,3.71,76.662,56.708,1760.188,150.638,23.405,79.018,669,53.504,30.721,Normal,0,0
A007,2025-01-11 11:00:00,A007-HYD,Hydraulic System,81.004,3.097,75.652,50.904,1839.528,144.919,23.626,83.042,650,68.779,37.774,Normal,0,0
A007,2025-01-11 19:00:00,A007-HYD,Hydraulic System,78.632,3.14,76.393,54.827,1749.469,140.778,22.628,80.207,520,70.157,30.592,Normal,0,0
A007,2025-01-12 00:00:00,A007-HYD,Hydraulic System,83.119,3.348,74.322,52.72,1583.52,143.813,23.254,83.765,508,68.38,30.149,Normal,0,1
A007,2025-01-12 01:00:00,A007-HYD,Hydraulic System,78.962,2.895,67.479,54.219,1812.17,143.56,23.3,79.164,399,76.029,28.088,Warning,1,0
A007,2025-01-12 03:00:00,A007-HYD,Hydraulic System,80.478,3.71,73.569,48.644,1776.829,150.721,22.842,78.29,624,68.685,32.604,Warning,1,0
A007,2025-01-12 04:00:00,A007-HYD,Hydraulic System,75.93,3.303,66.233,54.312,1738.813,144.747,23.598,79.043,404,57.221,18.613,Normal,0,1
A007,2025-01-12 11:00:00,A007-HYD,Hydraulic System,86.275,3.741,70.142,51.493,1864.421,152.55,22.996,80.961,536,70.997,23.055,Warning,1,1
A007,2025-01-12 15:00:00,A007-HYD,Hydraulic System,82.513,3.292,69.694,51.514,1852.995,141.186,23.217,80.309,633,60.52,24.542,Normal,0,0
A007,2025-01-12 19:00:00,A007-HYD,Hydraulic System,80.043,3.573,71.315,56.126,1833.88,148.045,23.139,81.625,466,59.206,23.694,Normal,0,0
A007,2025-01-12 21:00:00,A007-HYD,Hydraulic System,82.255,3.463,72.308,53.767,1598.854,149.475,23.534,84.575,629,63.363,29.845,Warning,1,1
A007,2025-01-12 23:00:00,A007-HYD,Hydraulic System,81.996,3.465,67.345,54.688,1731.454,147.027,23.084,79.007,581,69.2,23.949,Warning,1,0
A007,2025-01-13 01:00:00,A007-HYD,Hydraulic System,79.976,3.608,69.969,52.146,1821.967,146.566,22.786,82.27,740,68.871,38.621,Warning,1,1
A007,2025-01-13 03:00:00,A007-HYD,Hydraulic System,83.268,3.465,75.669,51.93,1696.666,147.374,23.579,80.587,516,57.657,30.189,Normal,0,0
A007,2025-01-13 05:00:00,A007-HYD,Hydraulic System,79.635,3.73,72.797,56.029,1755.86,147.685,23.333,82.311,627,69.727,19.681,Warning,1,0
A007,2025-01-13 07:00:00,A007-HYD,Hydraulic System,82.643,3.739,71.52,54.025,1992.599,147.187,23.123,82.771,577,70.352,31.232,Warning,1,1
A007,2025-01-13 14:00:00,A007-HYD,Hydraulic System,81.626,3.057,76.755,52.65,1948.103,144.892,23.106,84.439,511,63.165,29.487,Normal,0,0
A007,2025-01-13 20:00:00,A007-HYD,Hydraulic System,81.103,3.445,73.532,55.37,1828.398,148.784,23.532,82.35,652,73.025,32.434,Warning,1,1
A007,2025-01-14 00:00:00,A007-HYD,Hydraulic System,81.316,3.869,70.421,51.997,1835.724,146.211,22.91,80.797,657,80.183,35.239,Warning,1,1
A007,2025-01-14 06:00:00,A007-HYD,Hydraulic System,81.05,3.655,72.584,52.856,1831.866,145.278,23.181,81.49,535,88.823,18.044,Warning,1,0
A007,2025-01-14 07:00:00,A007-HYD,Hydraulic System,79.315,3.041,72.432,55.29,1819.821,149.234,22.883,83.638,478,82.85,28.432,Warning,1,0
A007,2025-01-14 12:00:00,A007-HYD,Hydraulic System,84.101,3.917,67.965,54.27,1940.543,142.02,23.268,81.476,809,72.523,25.257,Warning,1,1
A007,2025-01-14 20:00:00,A007-HYD,Hydraulic System,85.566,3.17,63.184,54.152,1886.664,138.714,22.96,86.36,692,65.233,30.505,Warning,1,0
A007,2025-01-15 00:00:00,A007-HYD,Hydraulic System,84.529,3.713,73.088,53.224,1649.43,147.999,23.074,82.151,511,90.697,33.042,Warning,1,0
A007,2025-01-15 06:00:00,A007-HYD,Hydraulic System,82.449,3.489,72.721,52.32,1822.074,149.653,23.023,83.252,492,70.199,35.308,Warning,1,1
A007,2025-01-15 12:00:00,A007-HYD,Hydraulic System,82.605,3.492,70.929,51.489,1886.022,145.08,22.808,85.647,481,76.683,33.873,Warning,1,1
A007,2025-01-15 14:00:00,A007-HYD,Hydraulic System,86.886,3.547,72.865,52.635,1948.762,149.428,23.718,80.626,641,76.513,21.379,Warning,1,1
A007,2025-01-15 18:00:00,A007-HYD,Hydraulic System,102.418,6.146,56.913,51.809,1841.098,126.305,23.142,86.211,591,87.072,31.688,Warning,1,1
A007,2025-01-15 20:00:00,A007-HYD,Hydraulic System,83.383,4.015,70.31,50.995,1753.463,145.502,22.606,84.567,457,69.013,25.228,Warning,1,0
A007,2025-01-15 23:00:00,A007-HYD,Hydraulic System,81.708,3.833,72.548,53.976,1775.884,147.55,23.16,83.679,472,66.635,26.877,Warning,1,0
A007,2025-01-16 00:00:00,A007-HYD,Hydraulic System,85.771,3.497,74.689,52.142,1860.506,141.744,22.762,86.076,761,68.577,30.276,Warning,1,1
A007,2025-01-16 04:00:00,A007-HYD,Hydraulic System,82.952,3.923,70.874,54.368,1855.937,147.022,23.216,81.394,664,69.838,23.074,Warning,1,1
A007,2025-01-16 09:00:00,A007-HYD,Hydraulic System,85.042,3.87,66.851,49.71,1792.699,137.577,23.534,83.502,558,72.624,36.115,Warning,1,1
A007,2025-01-16 10:00:00,A007-HYD,Hydraulic System,83.916,4.159,67.743,53.28,1582.514,150.437,22.695,84.079,736,75.449,25.126,Warning,1,1
A007,2025-01-16 18:00:00,A007-HYD,Hydraulic System,83.146,3.569,73.028,50.616,1627.543,139.461,22.664,87.435,718,67.226,37.61,Warning,1,1
A007,2025-01-16 19:00:00,A007-HYD,Hydraulic System,81.112,3.632,74.044,51.019,1730.436,146.016,22.37,84.426,839,70.407,43.439,Warning,1,0
A007,2025-01-17 01:00:00,A007-HYD,Hydraulic System,84.87,3.968,70.941,55.906,1721.655,141.486,22.932,87.53,694,65.471,31.657,Warning,1,1
A007,2025-01-17 04:00:00,A007-HYD,Hydraulic System,84.68,3.763,68.081,52.199,1863.325,136.701,22.636,81.894,648,76.127,32.163,Warning,1,1
A007,2025-01-17 07:00:00,A007-HYD,Hydraulic System,83.119,3.619,67.422,52.099,1821.674,146.232,23.269,85.742,614,67.722,31.013,Warning,1,1
A007,2025-01-17 12:00:00,A007-HYD,Hydraulic System,83.329,3.545,73.176,50.317,1699.467,145.131,22.553,87.002,672,75.736,35.902,Warning,1,0
A008,2025-01-01 05:00:00,A008-HYD,Hydraulic System,73.234,2.291,74.466,58.178,1785.03,144.589,24.136,74.34,465,62.718,28.788,Normal,0,0
A008,2025-01-01 10:00:00,A008-HYD,Hydraulic System,75.455,3.171,71.549,55.166,1616.275,148.517,23.391,76.374,232,53.027,35.79,Normal,0,1
A008,2025-01-01 12:00:00,A008-HYD,Hydraulic System,76.906,2.521,76.719,55.608,1820.982,144.637,24.424,72.944,274,55.73,34.796,Normal,0,0
A008,2025-01-01 16:00:00,A008-HYD,Hydraulic System,75.42,2.885,74.681,52.645,1659.905,152.182,23.99,76.311,479,52.283,30.513,Normal,0,0
A008,2025-01-01 17:00:00,A008-HYD,Hydraulic System,72.965,2.929,73.488,49.647,1955.336,148.288,24.313,74.102,155,52.518,27.267,Normal,0,0
A008,2025-01-01 23:00:00,A008-HYD,Hydraulic System,78.207,2.612,77.366,50.118,1932.756,152.914,23.04,76.34,196,43.46,26.945,Normal,0,0
A008,2025-01-02 06:00:00,A008-HYD,Hydraulic System,76.894,1.972,77.6,54.168,1888.969,149.928,23.435,75.803,174,52.602,23.886,Normal,0,0
A008,2025-01-02 07:00:00,A008-HYD,Hydraulic System,74.249,2.468,76.672,53.1,1772.082,151.713,23.863,74.798,293,48.631,34.684,Normal,0,0
A008,2025-01-02 08:00:00,A008-HYD,Hydraulic System,77.993,2.726,74.186,52.543,1751.161,150.965,23.618,76.432,201,71.653,27.774,Normal,0,0
A008,2025-01-02 11:00:00,A008-HYD,Hydraulic System,72.381,2.746,80.731,53.954,1766.912,151.365,23.706,76.156,362,56.511,32.012,Normal,0,0
A008,2025-01-02 14:00:00,A008-HYD,Hydraulic System,76.935,2.783,73.588,54.407,1866.822,144.683,24.131,76.587,475,58.203,28.91,Normal,0,0
A008,2025-01-02 18:00:00,A008-HYD,Hydraulic System,74.826,2.903,72.249,58.073,1875.433,151.542,23.824,74.528,449,68.78,33.053,Normal,0,0
A008,2025-01-02 21:00:00,A008-HYD,Hydraulic System,74.893,2.255,76.347,55.938,2002.82,149.508,23.929,77.082,267,68.885,34.786,Normal,0,0
A008,2025-01-02 23:00:00,A008-HYD,Hydraulic System,74.709,2.57,74.177,54.93,1754.893,155.23,24.265,75.716,325,53.139,29.851,Normal,0,0
A008,2025-01-03 00:00:00,A008-HYD,Hydraulic System,73.121,2.881,73.858,54.116,1808.457,149.123,23.881,75.406,150,63.796,26.411,Normal,0,0
A008,2025-01-03 01:00:00,A008-HYD,Hydraulic System,72.555,2.28,75.974,57.181,1850.193,147.455,23.252,76.609,169,48.118,29.567,Normal,0,0
A008,2025-01-03 04:00:00,A008-HYD,Hydraulic System,76.157,2.804,74.194,53.409,1811.27,152.1,23.372,77.586,396,68.633,32.861,Normal,0,0
A008,2025-01-03 07:00:00,A008-HYD,Hydraulic System,76.663,2.459,79.545,57.629,1826.492,153.28,23.853,78.017,274,50.894,18.631,Normal,0,0
A008,2025-01-03 10:00:00,A008-HYD,Hydraulic System,74.669,2.508,76.908,52.527,1872.065,153.551,23.599,74.972,447,57.778,25.056,Normal,0,1
A008,2025-01-03 11:00:00,A008-HYD,Hydraulic System,73.992,3.204,72.046,56.236,1666.201,155.533,23.64,77.673,518,67.03,23.652,Normal,0,0
A008,2025-01-03 15:00:00,A008-HYD,Hydraulic System,80.019,2.783,81.615,53.422,1860.781,147.405,23.977,74.842,204,55.149,28.146,Normal,0,1
A008,2025-01-03 19:00:00,A008-HYD,Hydraulic System,81.086,2.787,73.399,54.572,1804.916,151.461,23.96,75.521,522,62.309,32.715,Normal,0,0
A008,2025-01-04 01:00:00,A008-HYD,Hydraulic System,78.084,2.9,74.421,51.515,1959.692,147.576,24.057,79.632,546,53.237,30.64,Normal,0,1
A008,2025-01-04 03:00:00,A008-HYD,Hydraulic System,75.277,2.865,74.211,52.044,1831.646,153.916,24.241,76.355,219,69.753,26.595,Normal,0,0
A008,2025-01-04 05:00:00,A008-HYD,Hydraulic System,75.348,3.053,71.026,54.606,1675.011,144.827,23.831,78.091,549,65.461,24.427,Normal,0,0
A008,2025-01-04 11:00:00,A008-HYD,Hydraulic System,77.931,2.762,75.168,54.513,1791.372,145.956,24.561,79.441,522,68.929,35.632,Normal,0,0
A008,2025-01-04 15:00:00,A008-HYD,Hydraulic System,80.378,2.869,71.629,50.778,1884.651,152.911,22.755,72.327,359,64.446,31.331,Normal,0,0
A008,2025-01-04 17:00:00,A008-HYD,Hydraulic System,82.618,3.043,71.022,53.29,1851.57,154.648,23.366,77.736,320,57.134,29.267,Normal,0,0
A008,2025-01-04 18:00:00,A008-HYD,Hydraulic System,78.193,2.876,72.408,53.943,1721.548,149.434,22.886,76.828,450,62.483,24.197,Normal,0,1
A008,2025-01-04 21:00:00,A008-HYD,Hydraulic System,78.929,2.576,72.417,52.8,1773.166,154.343,24.017,76.366,555,59.883,34.427,Normal,0,0
A008,2025-01-05 03:00:00,A008-HYD,Hydraulic System,75.298,2.899,81.942,55.273,1862.551,151.376,23.731,79.574,339,49.14,31.385,Normal,0,0
A008,2025-01-05 11:00:00,A008-HYD,Hydraulic System,76.043,3.464,70.03,50.866,1842.015,146.207,24.222,77.366,540,63.799,33.933,Normal,0,0
A008,2025-01-05 14:00:00,A008-HYD,Hydraulic System,77.85,3.604,75.316,54.987,1873.584,151.682,23.684,77.04,466,72.712,26.285,Normal,0,1
A008,2025-01-05 17:00:00,A008-HYD,Hydraulic System,79.262,3.014,73.199,50.81,1760.879,146.314,23.807,77.29,420,43.786,27.925,Normal,0,1
A008,2025-01-05 19:00:00,A008-HYD,Hydraulic System,74.558,2.935,72.893,51.839,1828.3,150.344,24.602,79.732,546,74.513,21.155,Normal,0,0
A008,2025-01-05 22:00:00,A008-HYD,Hydraulic System,77.607,3.461,74.563,52.966,1787.209,147.128,23.391,77.779,400,54.914,32.369,Normal,0,0
A008,2025-01-06 01:00:00,A008-HYD,Hydraulic System,81.605,2.518,72.104,54.414,1799.963,148.479,23.455,79.107,475,55.754,29.28,Normal,0,1
A008,2025-01-06 04:00:00,A008-HYD,Hydraulic System,78.625,3.157,76.756,50.256,1919.633,153.491,23.63,78.927,573,62.7,21.574,Normal,0,0
A008,2025-01-06 05:00:00,A008-HYD,Hydraulic System,79.261,2.946,76.928,54.079,1848.754,147.349,23.993,78.333,282,65.046,36.037,Normal,0,0
A008,2025-01-06 13:00:00,A008-HYD,Hydraulic System,76.271,3.982,72.818,54.323,1799.22,146.695,23.614,77.511,440,47.963,33.931,Normal,0,1
A008,2025-01-06 14:00:00,A008-HYD,Hydraulic System,82.075,2.921,73.984,62.649,1856.904,148.6,23.907,79.903,376,60.991,21.318,Normal,0,1
A008,2025-01-06 15:00:00,A008-HYD,Hydraulic System,94.138,6.518,64.919,53.43,1611.817,132.722,22.952,73.661,269,71.529,35.862,Warning,1,0
A008,2025-01-06 22:00:00,A008-HYD,Hydraulic System,74.808,3.107,71.601,49.862,1704.793,143.304,23.205,81.217,309,70.885,34.825,Normal,0,0
A008,2025-01-07 08:00:00,A008-HYD,Hydraulic System,75.459,2.757,73.041,53.39,1777.61,154.216,23.104,78.109,352,80.967,28.44,Normal,0,0
A008,2025-01-07 12:00:00,A008-HYD,Hydraulic System,80.859,3.603,71.864,56.082,1676.679,147.068,23.791,77.646,292,74.95,31.519,Normal,0,0
A008,2025-01-07 14:00:00,A008-HYD,Hydraulic System,78.348,3.954,72.103,53.708,1940.993,144.355,23.543,80.029,323,71.02,30.215,Normal,0,1
A008,2025-01-07 16:00:00,A008-HYD,Hydraulic System,81.64,3.809,73.227,55.971,1784.057,141.747,23.107,78.609,272,74.279,29.036,Warning,1,0
A008,2025-01-07 20:00:00,A008-HYD,Hydraulic System,78.757,2.943,72.75,55.136,1780.414,144.35,23.59,83.987,364,50.786,31.164,Normal,0,1
A008,2025-01-07 21:00:00,A008-HYD,Hydraulic System,78.395,3.518,71.791,49.439,1915.17,152.455,23.293,79.225,495,77.968,35.166,Normal,0,1
A008,2025-01-08 05:00:00,A008-HYD,Hydraulic System,77.876,3.162,71.256,53.107,1994.778,149.09,23.495,76.807,625,58.844,28.934,Normal,0,0
A008,2025-01-08 09:00:00,A008-HYD,Hydraulic System,77.993,3.71,71.07,57.1,1786.671,152.459,23.603,80.839,461,67.56,29.442,Normal,0,0
A008,2025-01-08 11:00:00,A008-HYD,Hydraulic System,78.083,3.807,71.594,52.373,1680.601,154.104,23.862,78.519,488,73.465,30.633,Normal,0,0
A008,2025-01-08 13:00:00,A008-HYD,Hydraulic System,79.061,3.348,76.503,54.931,1773.137,151.313,23.757,80.044,378,66.598,28.027,Normal,0,0
A008,2025-01-08 14:00:00,A008-HYD,Hydraulic System,78.673,3.59,76.273,54.383,1790.537,147.65,23.852,80.325,558,70.839,31.323,Normal,0,0
A008,2025-01-08 16:00:00,A008-HYD,Hydraulic System,78.923,3.216,72.041,49.836,1892.67,155.487,23.297,81.95,484,68.342,26.988,Normal,0,1
A008,2025-01-08 21:00:00,A008-HYD,Hydraulic System,90.517,5.098,63.066,50.694,1838.765,138.067,23.378,82.004,434,74.864,29.118,Warning,1,1
A008,2025-01-08 23:00:00,A008-HYD,Hydraulic System,80.38,3.785,70.707,53.767,1866.999,144.005,24.211,81.85,682,66.994,28.826,Warning,1,0
A008,2025-01-09 01:00:00,A008-HYD,Hydraulic System,99.091,5.516,63.634,54.881,1674.912,130.341,23.207,80.444,559,67.549,24.364,Warning,1,0
A008,2025-01-09 04:00:00,A008-HYD,Hydraulic System,76.651,3.8,75.637,54.397,1971.364,154.645,23.294,79.379,586,74.409,26.879,Normal,0,1
A008,2025-01-09 05:00:00,A008-HYD,Hydraulic System,76.689,3.516,68.791,55.042,1574.802,153.072,23.261,76.542,338,70.096,30.084,Normal,0,1
A008,2025-01-09 11:00:00,A008-HYD,Hydraulic System,79.14,3.65,69.648,52.197,1926.721,150.53,23.284,78.414,364,78.193,34.382,Warning,1,1
A008,2025-01-09 13:00:00,A008-HYD,Hydraulic System,76.505,2.972,72.993,53.318,1717.741,146.152,23.993,82.688,538,69.867,34.081,Normal,0,0
A008,2025-01-09 15:00:00,A008-HYD,Hydraulic System,82.323,3.403,72.972,50.381,1641.716,149.28,23.837,77.712,701,70.973,32.194,Warning,1,1
A008,2025-01-09 16:00:00,A008-HYD,Hydraulic System,80.815,3.508,69.079,53.378,1764.188,146.022,23.187,80.145,381,63.968,30.06,Warning,1,1
A008,2025-01-09 18:00:00,A008-HYD,Hydraulic System,79.125,3.56,73.977,55.537,1680.783,142.277,23.72,79.675,335,53.439,26.35,Normal,0,0
A008,2025-01-09 19:00:00,A008-HYD,Hydraulic System,78.312,3.807,72.188,50.844,1771.247,149.341,23.381,81.033,623,66.403,32.774,Normal,0,0
A008,2025-01-09 21:00:00,A008-HYD,Hydraulic System,78.53,3.822,72.506,50.789,1709.705,138.791,23.679,81.702,528,62.517,33.248,Normal,0,0
A008,2025-01-10 07:00:00,A008-HYD,Hydraulic System,80.646,3.756,70.986,52.465,1785.91,150.602,22.927,82.032,423,63.816,33.01,Warning,1,0
A008,2025-01-10 08:00:00,A008-HYD,Hydraulic System,83.42,3.563,73.613,51.678,1797.745,148.413,23.223,82.034,441,74.553,27.1,Warning,1,0
A008,2025-01-10 10:00:00,A008-HYD,Hydraulic System,77.325,4.047,75.534,52.359,1698.98,150.593,23.529,84.399,568,89.168,19.866,Warning,1,0
A008,2025-01-10 15:00:00,A008-HYD,Hydraulic System,82.878,4.013,72.733,54.331,1754.966,145.725,23.466,80.049,438,75.955,25.922,Warning,1,1
A008,2025-01-10 20:00:00,A008-HYD,Hydraulic System,87.164,5.756,58.41,48.528,1699.815,132.464,22.672,82.841,653,74.159,33.391,Warning,1,0
A008,2025-01-11 02:00:00,A008-HYD,Hydraulic System,78.868,3.64,65.141,52.635,1863.242,149.297,23.186,80.947,731,69.062,28.509,Warning,1,0
A008,2025-01-11 03:00:00,A008-HYD,Hydraulic System,77.646,3.826,70.036,50.652,1874.011,146.558,22.992,82.751,368,69.934,21.881,Warning,1,1
A008,2025-01-11 14:00:00,A008-HYD,Hydraulic System,81.71,3.773,72.376,50.627,1857.299,141.993,23.427,83.55,598,76.187,18.371,Warning,1,1
A008,2025-01-11 20:00:00,A008-HYD,Hydraulic System,84.603,4.22,70.573,55.916,1914.055,149.537,23.492,80.311,361,88.791,28.774,Warning,1,1
A008,2025-01-12 00:00:00,A008-HYD,Hydraulic System,96.56,6.441,68.518,52.223,1736.675,127.437,23.178,82.724,693,55.823,30.739,Warning,1,0
A008,2025-01-12 02:00:00,A008-HYD,Hydraulic System,80.81,4.14,71.393,51.361,1743.433,145.987,23.238,82.376,553,74.525,28.257,Warning,1,0
A008,2025-01-12 03:00:00,A008-HYD,Hydraulic System,81.772,3.65,66.949,50.991,2020.139,140.061,23.294,82.36,719,82.704,31.834,Warning,1,0
A008,2025-01-12 10:00:00,A008-HYD,Hydraulic System,78.657,3.98,68.759,52.373,1972.988,140.965,23.385,84.106,376,69.571,26.661,Warning,1,0
A008,2025-01-12 11:00:00,A008-HYD,Hydraulic System,84.786,3.593,72.517,55.74,1838.795,148.664,22.967,76.629,572,79.788,33.982,Warning,1,0
A008,2025-01-12 17:00:00,A008-HYD,Hydraulic System,86.562,3.128,67.923,51.807,1885.418,146.709,23.616,81.36,675,75.046,28.357,Warning,1,1
A008,2025-01-12 18:00:00,A008-HYD,Hydraulic System,80.32,3.947,67.203,56.529,1807.261,148.125,23.316,82.01,760,76.513,30.424,Warning,1,1
A008,2025-01-12 20:00:00,A008-HYD,Hydraulic System,80.919,4.288,68.252,51.467,1778.133,146.038,23.317,83.961,585,82.509,42.149,Warning,1,1
A008,2025-01-13 01:00:00,A008-HYD,Hydraulic System,85.767,4.07,69.177,52.251,1816.214,154.836,23.278,83.561,731,94.108,31.389,Warning,1,1
A008,2025-01-13 04:00:00,A008-HYD,Hydraulic System,83.055,3.647,72.84,56.581,1800.534,148.512,23.464,82.517,753,69.141,27.953,Warning,1,0
A008,2025-01-13 07:00:00,A008-HYD,Hydraulic System,81.241,4.235,70.696,51.64,1805.982,148.496,22.912,82.121,637,83.527,26.496,Warning,1,0
A008,2025-01-13 10:00:00,A008-HYD,Hydraulic System,83.362,4.3,70.817,52.451,1862.409,146.131,23.17,84.902,665,67.191,25.684,Warning,1,0
A008,2025-01-14 11:00:00,A008-HYD,Hydraulic System,85.501,3.537,68.145,51.702,1925.906,136.226,23.847,81.463,506,77.115,32.067,Warning,1,1
A008,2025-01-14 13:00:00,A008-HYD,Hydraulic System,87.184,4.328,69.632,49.515,1689.372,146.207,23.171,80.69,788,83.511,21.238,Warning,1,1
A008,2025-01-14 14:00:00,A008-HYD,Hydraulic System,87.891,3.353,65.379,54.077,1760.338,151.39,23.283,84.983,604,71.714,32.219,Warning,1,1
A008,2025-01-14 17:00:00,A008-HYD,Hydraulic System,86.524,3.75,67.139,55.782,1702.518,146.045,23.604,83.473,667,76.129,35.799,Warning,1,0
A008,2025-01-14 18:00:00,A008-HYD,Hydraulic System,77.842,4.052,67.179,52.111,1810.166,143.173,23.09,84.021,800,80.167,30.557,Warning,1,1
A008,2025-01-14 22:00:00,A008-HYD,Hydraulic System,85.237,3.412,71.858,54.375,1789.319,139.203,22.714,83.475,585,69.105,24.761,Warning,1,0
A008,2025-01-15 02:00:00,A008-HYD,Hydraulic System,84.78,3.757,75.753,55.183,1898.362,143.656,22.651,83.026,589,79.953,22.758,Warning,1,1
A008,2025-01-15 11:00:00,A008-HYD,Hydraulic System,90.506,3.549,65.216,53.757,1704.666,152.831,23.916,83.193,677,82.078,20.877,Warning,1,1
A008,2025-01-15 13:00:00,A008-HYD,Hydraulic System,84.687,3.826,70.142,51.536,1770.346,149.911,23.294,83.131,456,86.71,23.609,Warning,1,1
A008,2025-01-15 16:00:00,A008-HYD,Hydraulic System,95.792,7.767,56.39,55.953,1700.773,118.895,22.403,80.173,528,70.317,23.367,Warning,1,1
A008,2025-01-15 21:00:00,A008-HYD,Hydraulic System,86.592,3.957,70.207,50.319,1768.858,141.855,23.173,82.104,847,96.706,27.49,Warning,1,1
A008,2025-01-16 00:00:00,A008-HYD,Hydraulic System,85.64,4.204,68.763,51.513,1795.672,140.939,23.135,81.129,501,73.884,33.409,Warning,1,1
A008,2025-01-16 01:00:00,A008-HYD,Hydraulic System,99.015,6.869,55.615,51.259,1642.44,121.019,22.768,84.243,520,71.166,26.208,Warning,1,1
A008,2025-01-16 09:00:00,A008-HYD,Hydraulic System,83.838,3.82,70.5,50.786,1895.44,146.241,22.408,84.277,591,81.352,22.909,Warning,1,0
A008,2025-01-16 10:00:00,A008-HYD,Hydraulic System,88.116,4.912,68.297,53.333,1745.439,152.912,22.578,87.928,693,94.727,26.076,Warning,1,1
A008,2025-01-16 11:00:00,A008-HYD,Hydraulic System,85.095,4.173,69.177,55.206,1851.41,142.283,23.147,80.78,678,78.009,28.548,Warning,1,1
A008,2025-01-16 15:00:00,A008-HYD,Hydraulic System,87.019,4.277,63.973,55.12,1856.322,145.94,23.245,84.279,711,88.407,20.619,Warning,1,0
A008,2025-01-16 16:00:00,A008-HYD,Hydraulic System,86.083,3.804,67.628,51.684,1697.479,146.733,23.423,81.557,524,85.336,27.898,Warning,1,1
A008,2025-01-16 18:00:00,A008-HYD,Hydraulic System,83.065,3.977,70.442,55.141,1975.874,147.382,22.954,85.348,635,96.968,32.603,Warning,1,0
A008,2025-01-16 21:00:00,A008-HYD,Hydraulic System,79.439,3.944,64.326,51.368,1756.084,147.051,22.769,81.142,577,84.499,42.099,Warning,1,1
A008,2025-01-16 23:00:00,A008-HYD,Hydraulic System,85.049,4.308,67.047,52.495,1803.177,142.629,23.051,87.638,598,84.929,30.52,Warning,1,1
A008,2025-01-17 05:00:00,A008-HYD,Hydraulic System,85.978,3.129,69.766,50.517,1731.955,144.65,23.05,89.509,731,69.803,25.752,Warning,1,1
A008,2025-01-17 06:00:00,A008-HYD,Hydraulic System,88.095,4.093,70.108,51.578,1849.04,141.296,23.508,81.351,678,76.627,22.898,Warning,1,1
A008,2025-01-17 11:00:00,A008-HYD,Hydraulic System,85.277,4.303,69.142,52.455,1810.858,142.636,22.624,84.531,668,74.913,24.61,Warning,1,1
A008,2025-01-17 13:00:00,A008-HYD,Hydraulic System,86.587,4.102,71.116,50.946,1736.549,140.352,22.588,90.259,617,70.034,23.324,Warning,1,0
A008,2025-01-17 14:00:00,A008-HYD,Hydraulic System,105.071,7.15,50.397,51.117,1788.777,131.905,22.731,86.131,786,77.094,25.364,Warning,1,1
A009,2025-01-01 01:00:00,A009-HYD,Hydraulic System,76.07,2.564,76.661,55.155,1858.975,152.154,23.607,75.459,381,60.242,37.309,Normal,0,0
A009,2025-01-01 02:00:00,A009-HYD,Hydraulic System,74.158,2.211,76.308,55.623,1712.689,155.77,23.454,76.125,125,36.552,28.725,Normal,0,0
A009,2025-01-01 09:00:00,A009-HYD,Hydraulic System,70.237,2.43,76.275,55.54,1871.049,156.219,23.821,77.515,124,58.555,23.463,Normal,0,0
A009,2025-01-01 11:00:00,A009-HYD,Hydraulic System,75.382,2.41,72.401,55.248,1740.899,147.751,24.045,74.405,463,58.995,42.564,Normal,0,0
A009,2025-01-01 12:00:00,A009-HYD,Hydraulic System,74.171,2.808,77.335,56.636,1805.343,144.617,23.45,76.222,395,47.595,33.432,Normal,0,0
A009,2025-01-01 19:00:00,A009-HYD,Hydraulic System,75.616,3.102,74.209,56.037,1827.496,151.499,23.641,73.398,387,61.355,34.364,Normal,0,0
A009,2025-01-01 22:00:00,A009-HYD,Hydraulic System,73.399,2.8,78.523,54.288,1882.983,142.935,23.722,76.54,392,73.015,25.173,Normal,0,0
A009,2025-01-01 23:00:00,A009-HYD,Hydraulic System,72.512,2.239,74.637,55.87,1770.012,154.397,23.883,76.778,283,59.52,27.982,Normal,0,0
A009,2025-01-02 11:00:00,A009-HYD,Hydraulic System,71.94,2.206,73.433,53.292,1706.891,152.62,24.539,77.526,486,53.519,31.051,Normal,0,0
A009,2025-01-03 00:00:00,A009-HYD,Hydraulic System,74.096,2.788,74.869,57.113,1844.34,149.167,23.883,73.822,416,40.987,27.343,Normal,0,0
A009,2025-01-03 02:00:00,A009-HYD,Hydraulic System,75.79,2.699,77.635,51.276,1743.376,155.742,23.615,76.094,259,70.082,29.37,Normal,0,0
A009,2025-01-03 07:00:00,A009-HYD,Hydraulic System,74.852,2.299,79.402,54.781,1988.344,147.57,23.628,77.557,187,57.217,34.865,Normal,0,0
A009,2025-01-03 11:00:00,A009-HYD,Hydraulic System,75.076,3.42,74.944,57.323,1810.031,149.446,23.699,75.953,241,66.659,26.347,Normal,0,0
A009,2025-01-03 15:00:00,A009-HYD,Hydraulic System,75.99,3.518,73.809,50.552,1825.019,147.033,23.431,75.98,451,53.524,26.576,Normal,0,0
A009,2025-01-03 16:00:00,A009-HYD,Hydraulic System,79.532,2.715,72.027,51.867,1792.8,142.631,23.398,75.837,368,68.91,36.459,Normal,0,0
A009,2025-01-03 21:00:00,A009-HYD,Hydraulic System,79.109,3.245,73.303,53.465,1761.446,145.272,24.411,76.81,511,63.843,23.345,Normal,0,1
A009,2025-01-03 23:00:00,A009-HYD,Hydraulic System,73.584,2.315,70.658,55.066,1581.857,152.017,23.964,76.17,478,68.504,28.7,Normal,0,0
A009,2025-01-04 07:00:00,A009-HYD,Hydraulic System,75.483,3.0,67.189,56.463,1685.541,146.14,23.273,75.502,345,58.069,34.447,Normal,0,0
A009,2025-01-04 14:00:00,A009-HYD,Hydraulic System,80.862,3.173,73.222,52.352,1830.48,153.675,23.844,75.248,295,49.736,28.11,Normal,0,0
A009,2025-01-04 20:00:00,A009-HYD,Hydraulic System,73.963,3.274,69.303,55.793,1725.856,153.875,23.239,75.976,539,65.109,33.008,Normal,0,1
A009,2025-01-04 22:00:00,A009-HYD,Hydraulic System,74.471,2.878,75.235,54.123,1638.561,155.675,23.946,77.419,551,62.522,38.419,Normal,0,0
A009,2025-01-05 00:00:00,A009-HYD,Hydraulic System,77.096,3.356,76.037,53.627,1805.009,155.463,23.974,77.704,549,70.977,27.285,Normal,0,0
A009,2025-01-05 02:00:00,A009-HYD,Hydraulic System,76.543,3.202,75.514,54.008,1848.384,146.185,23.929,75.756,538,65.879,32.314,Normal,0,0
A009,2025-01-05 09:00:00,A009-HYD,Hydraulic System,75.226,2.391,72.201,52.724,1826.337,145.427,23.172,75.332,330,65.518,33.437,Normal,0,0
A009,2025-01-05 14:00:00,A009-HYD,Hydraulic System,78.521,3.546,72.085,53.323,1872.589,151.958,24.054,79.779,461,50.472,27.603,Normal,0,0
A009,2025-01-05 17:00:00,A009-HYD,Hydraulic System,78.976,3.777,70.243,54.614,1715.691,154.797,23.468,79.842,612,59.322,32.101,Normal,0,0
A009,2025-01-06 01:00:00,A009-HYD,Hydraulic System,75.082,3.065,74.998,52.504,1789.209,147.164,23.915,77.422,256,49.817,27.763,Normal,0,0
A009,2025-01-06 02:00:00,A009-HYD,Hydraulic System,79.287,2.698,70.768,53.88,1680.888,147.507,23.659,78.659,261,66.2,26.096,Normal,0,0
A009,2025-01-06 03:00:00,A009-HYD,Hydraulic System,78.122,2.628,77.432,55.712,1870.663,145.049,23.723,78.825,367,44.572,30.733,Normal,0,0
A009,2025-01-06 05:00:00,A009-HYD,Hydraulic System,77.569,3.3,72.855,54.149,1877.858,148.659,22.98,78.228,374,64.178,34.503,Normal,0,0
A009,2025-01-06 06:00:00,A009-HYD,Hydraulic System,81.005,3.153,77.341,57.128,1733.081,145.145,23.577,79.379,562,52.517,32.274,Normal,0,0
A009,2025-01-06 07:00:00,A009-HYD,Hydraulic System,78.539,3.781,73.105,54.707,1745.549,149.358,23.4,77.657,375,83.385,30.535,Normal,0,1
A009,2025-01-06 10:00:00,A009-HYD,Hydraulic System,78.797,2.672,77.577,53.232,1930.791,147.532,23.521,79.982,297,66.323,29.666,Normal,0,0
A009,2025-01-07 12:00:00,A009-HYD,Hydraulic System,84.707,3.298,74.758,53.829,1812.364,151.196,23.729,79.598,426,65.733,28.238,Normal,0,0
A009,2025-01-07 18:00:00,A009-HYD,Hydraulic System,75.977,2.728,77.066,55.483,1892.294,149.996,23.973,80.817,610,63.224,24.675,Normal,0,0
A009,2025-01-07 20:00:00,A009-HYD,Hydraulic System,81.69,3.038,74.313,53.39,1866.681,156.06,23.411,79.068,287,62.648,27.07,Normal,0,0
A009,2025-01-07 23:00:00,A009-HYD,Hydraulic System,78.181,3.166,75.467,53.766,1776.434,153.616,23.349,78.233,391,51.28,28.916,Normal,0,0
A009,2025-01-08 05:00:00,A009-HYD,Hydraulic System,78.742,2.766,71.435,54.639,1650.446,144.789,23.366,79.545,365,81.039,33.439,Normal,0,0
A009,2025-01-08 09:00:00,A009-HYD,Hydraulic System,78.661,3.881,69.487,53.663,1804.839,150.361,23.085,78.827,487,62.151,18.74,Normal,0,0
A009,2025-01-08 12:00:00,A009-HYD,Hydraulic System,79.469,3.002,76.133,53.66,1931.726,153.511,23.089,78.519,434,63.766,31.567,Normal,0,1
A009,2025-01-08 17:00:00,A009-HYD,Hydraulic System,80.061,3.335,74.399,55.494,1687.896,147.913,24.227,82.936,394,66.566,33.64,Normal,0,0
A009,2025-01-08 19:00:00,A009-HYD,Hydraulic System,84.156,3.268,72.451,55.343,1724.252,152.2,23.426,76.907,453,63.298,24.524,Normal,0,1
A009,2025-01-09 03:00:00,A009-HYD,Hydraulic System,80.241,3.201,70.454,52.977,1885.962,149.417,23.742,80.088,487,60.845,35.803,Normal,0,0
A009,2025-01-09 06:00:00,A009-HYD,Hydraulic System,79.673,3.666,72.72,51.796,1782.34,143.371,23.75,82.892,573,55.468,31.145,Normal,0,1
A009,2025-01-09 07:00:00,A009-HYD,Hydraulic System,76.235,3.748,72.023,52.567,1810.468,144.03,23.339,76.3,601,49.435,25.15,Normal,0,0
A009,2025-01-09 11:00:00,A009-HYD,Hydraulic System,76.709,3.728,70.486,51.974,1752.124,140.488,23.315,81.314,401,65.073,36.691,Normal,0,1
A009,2025-01-09 18:00:00,A009-HYD,Hydraulic System,83.273,2.954,73.113,56.297,1709.848,142.43,22.854,81.499,466,63.175,32.39,Normal,0,1
A009,2025-01-09 19:00:00,A009-HYD,Hydraulic System,77.939,3.264,74.132,51.28,1906.395,146.362,23.65,79.883,490,64.851,26.563,Normal,0,1
A009,2025-01-09 20:00:00,A009-HYD,Hydraulic System,80.358,3.076,68.179,55.876,1782.564,150.641,24.177,81.638,672,71.803,36.132,Normal,0,0
A009,2025-01-10 01:00:00,A009-HYD,Hydraulic System,78.843,3.273,71.887,58.056,1755.227,152.835,23.809,82.033,389,62.637,30.686,Normal,0,0
A009,2025-01-10 07:00:00,A009-HYD,Hydraulic System,80.038,2.772,73.921,54.122,1813.492,142.515,23.04,79.144,526,65.122,27.549,Normal,0,0
A009,2025-01-10 10:00:00,A009-HYD,Hydraulic System,84.737,4.152,74.597,55.497,1644.417,141.891,23.292,79.334,695,74.986,15.763,Warning,1,1
A009,2025-01-10 14:00:00,A009-HYD,Hydraulic System,80.982,3.47,70.157,55.44,1689.318,143.573,23.199,77.699,725,63.176,35.308,Normal,0,1
A009,2025-01-10 20:00:00,A009-HYD,Hydraulic System,80.388,3.218,73.836,57.013,1823.58,144.318,23.456,81.459,496,88.336,33.711,Warning,1,1
A009,2025-01-11 11:00:00,A009-HYD,Hydraulic System,80.918,3.897,72.977,49.81,1815.249,142.362,23.089,80.678,603,78.38,30.419,Warning,1,1
A009,2025-01-11 15:00:00,A009-HYD,Hydraulic System,78.304,3.831,68.527,55.32,1871.607,147.971,23.233,79.486,438,77.464,27.988,Warning,1,1
A009,2025-01-11 21:00:00,A009-HYD,Hydraulic System,81.913,3.897,72.148,50.181,1787.69,149.46,23.169,82.176,655,68.669,28.077,Warning,1,0
A009,2025-01-11 22:00:00,A009-HYD,Hydraulic System,80.09,3.826,67.574,52.693,1678.17,142.198,22.736,80.239,376,77.187,29.608,Warning,1,0
A009,2025-01-12 01:00:00,A009-HYD,Hydraulic System,78.973,3.163,73.087,55.204,1733.164,142.026,22.898,82.02,754,63.103,36.419,Normal,0,0
A009,2025-01-12 12:00:00,A009-HYD,Hydraulic System,76.566,3.875,73.222,48.911,1806.81,145.041,23.598,81.479,404,77.468,27.874,Warning,1,0
A009,2025-01-12 21:00:00,A009-HYD,Hydraulic System,84.046,3.723,72.021,52.753,1841.004,148.198,22.89,79.974,393,84.484,30.627,Warning,1,1
A009,2025-01-13 02:00:00,A009-HYD,Hydraulic System,82.565,3.825,72.363,54.928,1760.934,148.981,22.806,82.095,439,77.989,34.877,Warning,1,0
A009,2025-01-13 05:00:00,A009-HYD,Hydraulic System,84.795,3.683,68.915,52.75,1888.66,154.911,23.494,81.316,442,72.304,28.873,Warning,1,1
A009,2025-01-13 07:00:00,A009-HYD,Hydraulic System,82.05,3.836,71.247,49.402,1814.949,146.414,22.451,80.759,747,78.225,36.924,Warning,1,1
A009,2025-01-13 08:00:00,A009-HYD,Hydraulic System,85.992,3.605,68.675,53.489,1713.375,148.364,23.069,74.78,728,67.869,30.955,Warning,1,1
A009,2025-01-13 21:00:00,A009-HYD,Hydraulic System,94.314,7.928,55.655,51.344,1800.286,144.4,22.831,79.961,557,64.672,25.697,Warning,1,1
A009,2025-01-13 23:00:00,A009-HYD,Hydraulic System,99.214,6.384,60.015,48.737,1795.6,135.523,23.272,82.14,495,61.604,35.056,Warning,1,1
A009,2025-01-14 04:00:00,A009-HYD,Hydraulic System,89.787,3.507,70.259,51.108,1756.005,141.746,22.516,85.266,522,78.453,30.464,Warning,1,1
A009,2025-01-14 08:00:00,A009-HYD,Hydraulic System,85.232,4.116,69.041,52.54,1950.676,140.061,23.263,84.06,549,73.481,29.908,Warning,1,0
A009,2025-01-14 10:00:00,A009-HYD,Hydraulic System,83.605,3.322,73.297,51.983,1759.055,145.441,23.914,83.933,459,74.725,15.586,Warning,1,0
A009,2025-01-14 16:00:00,A009-HYD,Hydraulic System,80.806,3.665,72.056,53.534,1863.544,135.414,22.332,86.768,817,82.545,31.768,Warning,1,1
A009,2025-01-14 19:00:00,A009-HYD,Hydraulic System,82.221,3.947,70.745,52.712,1773.913,146.116,22.949,83.21,618,88.197,23.989,Warning,1,1
A009,2025-01-14 21:00:00,A009-HYD,Hydraulic System,87.382,3.445,72.672,51.261,1738.464,144.699,22.729,84.177,478,86.479,19.442,Warning,1,1
A009,2025-01-14 23:00:00,A009-HYD,Hydraulic System,88.407,3.511,71.91,54.584,1864.957,153.798,23.329,86.984,460,67.615,33.727,Warning,1,1
A009,2025-01-15 03:00:00,A009-HYD,Hydraulic System,82.518,3.412,69.469,52.528,1779.991,150.522,23.158,83.245,449,76.998,30.403,Warning,1,1
A009,2025-01-15 06:00:00,A009-HYD,Hydraulic System,84.165,3.477,66.679,51.598,1831.079,148.195,22.845,82.662,740,70.48,32.535,Warning,1,0
A009,2025-01-15 14:00:00,A009-HYD,Hydraulic System,82.166,3.905,67.639,51.756,1711.651,144.792,23.112,82.679,843,70.698,27.695,Warning,1,0
A009,2025-01-15 17:00:00,A009-HYD,Hydraulic System,86.523,3.876,66.457,50.707,1721.703,149.282,23.101,83.56,808,74.994,28.806,Warning,1,1
A009,2025-01-15 23:00:00,A009-HYD,Hydraulic System,83.875,4.521,67.106,52.184,1983.864,141.139,23.154,82.553,597,81.505,41.673,Warning,1,1
A009,2025-01-16 00:00:00,A009-HYD,Hydraulic System,100.012,6.738,51.912,48.042,1725.258,134.529,23.312,82.524,615,79.887,21.494,Warning,1,1
A009,2025-01-16 02:00:00,A009-HYD,Hydraulic System,85.539,3.495,69.506,51.079,1729.502,141.71,23.224,83.349,825,77.008,32.135,Warning,1,1
A009,2025-01-16 03:00:00,A009-HYD,Hydraulic System,82.234,3.867,71.785,47.585,1716.941,144.537,23.044,86.515,586,64.963,37.077,Warning,1,1
A009,2025-01-16 10:00:00,A009-HYD,Hydraulic System,88.41,3.319,71.512,55.591,1638.354,143.506,22.593,86.198,815,75.662,27.727,Warning,1,0
A009,2025-01-16 11:00:00,A009-HYD,Hydraulic System,83.571,3.871,70.607,49.555,1798.521,141.612,22.466,80.386,704,74.922,35.394,Warning,1,1
A009,2025-01-16 15:00:00,A009-HYD,Hydraulic System,87.289,3.807,67.759,53.265,1983.058,151.027,22.994,84.501,871,85.544,36.826,Warning,1,1
A009,2025-01-17 02:00:00,A009-HYD,Hydraulic System,90.022,4.254,66.706,53.606,1751.586,142.249,23.021,82.631,587,80.35,33.369,Warning,1,1
A009,2025-01-17 06:00:00,A009-HYD,Hydraulic System,82.428,4.254,72.414,57.136,1843.104,149.06,22.483,82.503,670,88.128,19.821,Warning,1,1
A009,2025-01-17 11:00:00,A009-HYD,Hydraulic System,84.106,4.189,64.053,54.432,1801.769,146.795,22.892,83.54,703,71.884,26.498,Warning,1,1
A009,2025-01-17 12:00:00,A009-HYD,Hydraulic System,81.662,3.848,70.092,54.616,1684.45,153.696,22.476,81.49,855,94.664,24.796,Warning,1,1
A010,2025-01-01 00:00:00,A010-HYD,Hydraulic System,73.868,2.971,79.07,53.702,1785.979,154.451,24.179,77.067,132,66.615,32.769,Normal,0,0
A010,2025-01-01 03:00:00,A010-HYD,Hydraulic System,75.199,2.38,73.24,54.144,1837.072,149.381,24.914,74.803,184,63.436,22.756,Normal,0,1
A010,2025-01-01 05:00:00,A010-HYD,Hydraulic System,77.073,2.708,78.816,53.974,1713.577,150.567,23.442,72.905,286,61.907,31.2,Normal,0,0
A010,2025-01-01 06:00:00,A010-HYD,Hydraulic System,73.04,2.466,78.279,54.641,1778.107,148.355,23.38,74.953,443,61.481,31.158,Normal,0,0
A010,2025-01-01 10:00:00,A010-HYD,Hydraulic System,74.766,2.528,71.842,51.921,1918.185,156.673,24.015,71.703,424,51.69,25.891,Normal,0,0
A010,2025-01-01 11:00:00,A010-HYD,Hydraulic System,75.03,3.247,74.726,55.318,1866.702,153.949,23.535,76.085,447,59.104,31.514,Normal,0,0
A010,2025-01-01 12:00:00,A010-HYD,Hydraulic System,72.066,2.411,74.953,55.497,1758.947,153.875,23.963,75.107,390,47.352,39.105,Normal,0,0
A010,2025-01-02 10:00:00,A010-HYD,Hydraulic System,73.9,3.086,77.846,54.672,1662.563,145.774,23.961,77.011,314,67.407,19.839,Normal,0,0
A010,2025-01-02 13:00:00,A010-HYD,Hydraulic System,79.745,2.677,74.127,50.429,1710.517,146.3,23.735,74.786,197,61.274,33.875,Normal,0,0
A010,2025-01-02 18:00:00,A010-HYD,Hydraulic System,78.757,3.175,75.23,55.105,1825.649,149.868,24.069,76.803,256,58.461,24.157,Normal,0,0
A010,2025-01-02 20:00:00,A010-HYD,Hydraulic System,73.576,2.914,68.048,53.592,1806.133,159.457,23.87,76.183,430,53.325,38.598,Normal,0,0
A010,2025-01-03 02:00:00,A010-HYD,Hydraulic System,77.214,3.536,74.538,50.561,1787.171,148.412,23.991,72.262,221,62.965,27.893,Normal,0,0
A010,2025-01-03 05:00:00,A010-HYD,Hydraulic System,75.697,2.675,76.992,55.774,1711.072,149.358,23.208,76.258,476,63.07,32.239,Normal,0,0
A010,2025-01-03 06:00:00,A010-HYD,Hydraulic System,78.827,2.888,73.444,56.535,1811.618,150.04,24.117,76.157,382,53.151,29.227,Normal,0,0
A010,2025-01-03 18:00:00,A010-HYD,Hydraulic System,74.532,3.26,69.605,53.366,1853.746,151.15,23.725,77.225,463,62.49,22.555,Normal,0,0
A010,2025-01-03 19:00:00,A010-HYD,Hydraulic System,75.928,2.711,71.243,56.003,1857.856,153.111,23.422,76.919,523,55.893,30.232,Normal,0,0
A010,2025-01-04 00:00:00,A010-HYD,Hydraulic System,79.957,3.112,74.966,54.544,1749.069,144.118,24.019,79.353,429,65.166,32.83,Normal,0,0
A010,2025-01-04 04:00:00,A010-HYD,Hydraulic System,79.566,2.785,72.695,52.854,1717.349,147.876,24.082,78.906,571,57.916,28.38,Normal,0,0
A010,2025-01-04 18:00:00,A010-HYD,Hydraulic System,76.118,3.202,77.034,54.265,1902.036,155.074,24.201,75.906,588,47.113,29.376,Normal,0,0
A010,2025-01-05 00:00:00,A010-HYD,Hydraulic System,76.919,2.447,75.255,52.638,1686.401,141.814,23.173,72.861,446,55.043,27.827,Normal,0,0
A010,2025-01-05 04:00:00,A010-HYD,Hydraulic System,92.386,4.541,59.467,56.799,1808.168,134.462,24.155,79.701,342,63.752,30.529,Warning,1,0
A010,2025-01-05 14:00:00,A010-HYD,Hydraulic System,76.014,2.768,78.72,57.161,1773.461,153.346,23.486,77.439,454,55.639,20.784,Normal,0,0
A010,2025-01-05 16:00:00,A010-HYD,Hydraulic System,88.05,6.804,59.934,53.479,1740.628,137.134,23.425,75.242,342,57.783,28.927,Warning,1,0
A010,2025-01-05 18:00:00,A010-HYD,Hydraulic System,74.621,3.387,74.129,54.138,1824.723,148.494,23.813,77.435,243,62.042,21.16,Normal,0,1
A010,2025-01-06 05:00:00,A010-HYD,Hydraulic System,73.883,3.07,69.978,52.348,1803.894,153.527,23.628,75.404,583,50.482,30.6,Normal,0,0
A010,2025-01-06 07:00:00,A010-HYD,Hydraulic System,73.917,3.306,72.594,54.942,1744.292,138.495,23.355,78.869,500,75.975,32.028,Normal,0,0
A010,2025-01-06 09:00:00,A010-HYD,Hydraulic System,78.705,3.113,74.045,55.302,1790.998,146.48,23.901,78.772,603,68.915,32.913,Normal,0,0
A010,2025-01-06 18:00:00,A010-HYD,Hydraulic System,78.307,2.943,74.059,54.373,1763.896,149.834,23.765,79.825,616,58.763,32.156,Normal,0,0
A010,2025-01-06 19:00:00,A010-HYD,Hydraulic System,77.8,2.573,71.017,52.619,1850.272,151.59,23.631,79.06,308,81.252,25.845,Normal,0,0
A010,2025-01-06 20:00:00,A010-HYD,Hydraulic System,73.219,3.632,71.208,53.449,1838.753,143.49,23.288,78.457,303,62.487,23.621,Normal,0,0
A010,2025-01-07 01:00:00,A010-HYD,Hydraulic System,79.961,2.552,74.519,54.799,1931.877,155.084,24.227,78.069,446,70.633,27.598,Normal,0,1
A010,2025-01-07 08:00:00,A010-HYD,Hydraulic System,82.13,3.515,73.565,51.884,1785.394,146.41,23.514,75.907,363,74.38,16.568,Normal,0,0
A010,2025-01-07 13:00:00,A010-HYD,Hydraulic System,80.797,2.884,71.552,51.703,1851.271,145.864,22.674,79.487,565,61.078,29.883,Normal,0,0
A010,2025-01-07 15:00:00,A010-HYD,Hydraulic System,94.212,6.457,67.592,52.043,1883.942,125.395,23.756,80.865,377,73.63,31.352,Warning,1,1
A010,2025-01-07 20:00:00,A010-HYD,Hydraulic System,80.711,3.707,76.088,56.329,1801.492,151.51,23.152,82.314,307,59.876,36.271,Normal,0,0
A010,2025-01-08 00:00:00,A010-HYD,Hydraulic System,81.256,3.587,66.612,50.874,1583.573,146.805,23.378,79.502,374,74.484,29.786,Warning,1,1
A010,2025-01-08 12:00:00,A010-HYD,Hydraulic System,78.175,3.479,70.445,51.299,1871.046,147.197,23.729,79.059,304,63.919,21.284,Normal,0,0
A010,2025-01-08 17:00:00,A010-HYD,Hydraulic System,79.62,3.062,73.195,52.268,1773.388,153.55,23.488,80.853,618,64.629,30.766,Normal,0,1
A010,2025-01-08 20:00:00,A010-HYD,Hydraulic System,92.579,7.31,63.042,50.325,1881.587,136.806,23.053,78.669,362,71.269,27.503,Warning,1,1
A010,2025-01-08 21:00:00,A010-HYD,Hydraulic System,80.86,3.314,74.251,50.726,1911.716,143.985,22.86,78.148,290,66.26,26.325,Normal,0,1
A010,2025-01-08 22:00:00,A010-HYD,Hydraulic System,74.137,3.243,77.232,51.447,1719.032,146.01,23.97,79.031,518,60.932,31.815,Normal,0,0
A010,2025-01-08 23:00:00,A010-HYD,Hydraulic System,78.4,3.763,73.121,55.185,1795.13,151.838,23.53,78.728,402,75.145,25.625,Warning,1,0
A010,2025-01-09 06:00:00,A010-HYD,Hydraulic System,79.033,3.529,71.029,50.481,1765.738,151.635,22.505,82.756,672,74.211,28.828,Warning,1,0
A010,2025-01-09 08:00:00,A010-HYD,Hydraulic System,79.63,3.502,76.477,54.297,1922.244,153.082,23.669,76.312,403,67.826,24.547,Normal,0,1
A010,2025-01-09 11:00:00,A010-HYD,Hydraulic System,81.004,2.817,72.252,53.755,1867.078,145.176,23.829,80.236,431,83.609,33.733,Warning,1,1
A010,2025-01-09 20:00:00,A010-HYD,Hydraulic System,80.859,3.357,73.547,51.337,1811.426,149.754,23.174,77.553,629,56.931,30.777,Normal,0,0
A010,2025-01-10 02:00:00,A010-HYD,Hydraulic System,79.229,3.353,70.932,53.541,1759.381,147.013,23.074,84.814,635,78.943,32.443,Warning,1,1
A010,2025-01-10 04:00:00,A010-HYD,Hydraulic System,81.827,3.519,73.773,51.534,1857.832,151.405,23.698,83.835,342,66.206,27.538,Normal,0,1
A010,2025-01-10 09:00:00,A010-HYD,Hydraulic System,83.818,3.879,73.491,57.353,1883.191,151.814,23.355,79.932,609,80.383,25.095,Warning,1,1
A010,2025-01-10 12:00:00,A010-HYD,Hydraulic System,82.545,3.494,71.466,52.875,1707.068,152.374,23.281,81.423,526,67.503,32.214,Warning,1,0
A010,2025-01-10 20:00:00,A010-HYD,Hydraulic System,81.087,3.372,64.676,53.581,1995.55,148.33,24.329,80.594,530,73.765,29.479,Warning,1,0
A010,2025-01-11 00:00:00,A010-HYD,Hydraulic System,82.977,3.603,69.175,55.041,1735.023,144.357,22.937,80.154,567,69.879,31.467,Warning,1,0
A010,2025-01-11 12:00:00,A010-HYD,Hydraulic System,78.138,3.726,79.176,53.498,1829.948,143.808,22.877,85.412,517,66.551,20.001,Normal,0,0
A010,2025-01-11 13:00:00,A010-HYD,Hydraulic System,85.59,3.731,71.426,54.422,2043.423,155.952,23.13,83.225,411,87.345,33.467,Warning,1,1
A010,2025-01-12 03:00:00,A010-HYD,Hydraulic System,81.013,3.821,69.238,52.367,1879.107,145.885,23.397,82.971,524,73.317,28.252,Warning,1,1
A010,2025-01-12 10:00:00,A010-HYD,Hydraulic System,83.389,3.526,67.359,54.052,1837.147,148.949,23.512,81.352,697,72.967,28.576,Warning,1,1
A010,2025-01-12 11:00:00,A010-HYD,Hydraulic System,80.53,3.325,68.147,53.771,1796.142,144.588,23.407,84.791,434,70.473,24.58,Warning,1,1
A010,2025-01-12 12:00:00,A010-HYD,Hydraulic System,99.784,6.068,61.11,53.251,2092.005,133.83,23.5,81.399,376,78.094,29.02,Warning,1,1
A010,2025-01-12 16:00:00,A010-HYD,Hydraulic System,78.319,3.547,67.701,50.304,1771.942,151.053,23.487,79.436,480,75.037,32.116,Warning,1,1
A010,2025-01-12 17:00:00,A010-HYD,Hydraulic System,80.297,3.475,71.215,47.449,1779.42,139.358,23.156,86.165,526,82.014,23.869,Warning,1,1
A010,2025-01-12 18:00:00,A010-HYD,Hydraulic System,77.037,3.557,68.537,50.539,1949.268,140.21,22.736,85.241,656,74.072,29.122,Warning,1,0
A010,2025-01-12 23:00:00,A010-HYD,Hydraulic System,86.441,3.957,67.101,51.775,1775.647,142.77,23.009,82.501,653,78.842,36.092,Warning,1,0
A010,2025-01-13 06:00:00,A010-HYD,Hydraulic System,84.165,4.037,68.432,51.907,1867.98,146.215,23.49,82.663,561,57.931,30.152,Warning,1,1
A010,2025-01-13 09:00:00,A010-HYD,Hydraulic System,90.532,6.646,60.193,52.301,1604.826,133.632,22.783,83.607,736,79.645,32.615,Warning,1,1
A010,2025-01-13 10:00:00,A010-HYD,Hydraulic System,85.073,3.934,73.907,56.942,1910.759,143.286,23.397,82.67,677,71.37,26.294,Warning,1,0
A010,2025-01-13 20:00:00,A010-HYD,Hydraulic System,81.938,3.978,71.836,53.044,1700.002,143.002,22.942,83.875,666,82.987,31.026,Warning,1,1
A010,2025-01-13 21:00:00,A010-HYD,Hydraulic System,84.095,3.789,70.977,54.187,1705.401,145.698,23.54,83.333,521,75.754,23.911,Warning,1,1
A010,2025-01-13 22:00:00,A010-HYD,Hydraulic System,94.457,5.585,62.173,52.018,1718.036,135.436,23.145,82.055,482,74.11,30.823,Warning,1,1
A010,2025-01-14 02:00:00,A010-HYD,Hydraulic System,98.485,6.863,57.613,50.022,1715.196,124.357,22.301,81.727,708,68.472,29.181,Warning,1,1
A010,2025-01-14 06:00:00,A010-HYD,Hydraulic System,84.835,3.962,69.836,55.034,2075.264,148.055,23.364,83.511,531,82.302,21.878,Warning,1,1
A010,2025-01-14 08:00:00,A010-HYD,Hydraulic System,87.068,3.488,68.678,56.853,1808.918,149.256,22.665,82.508,782,71.574,34.63,Warning,1,0
A010,2025-01-14 13:00:00,A010-HYD,Hydraulic System,84.71,3.353,68.614,49.488,1678.048,150.62,22.879,81.691,613,84.364,38.08,Warning,1,0
A010,2025-01-14 15:00:00,A010-HYD,Hydraulic System,84.433,3.827,69.545,54.036,1819.254,142.456,23.636,84.099,588,68.465,20.921,Warning,1,1
A010,2025-01-14 19:00:00,A010-HYD,Hydraulic System,83.515,3.529,68.383,56.032,1806.466,146.89,23.737,84.946,676,75.626,21.501,Warning,1,1
A010,2025-01-14 23:00:00,A010-HYD,Hydraulic System,85.643,3.817,66.928,44.674,1656.525,144.591,22.893,84.197,611,82.994,41.295,Warning,1,1
A010,2025-01-15 00:00:00,A010-HYD,Hydraulic System,88.353,3.917,71.73,51.354,1754.872,138.943,22.876,83.422,581,85.184,32.805,Warning,1,1
A010,2025-01-15 09:00:00,A010-HYD,Hydraulic System,84.616,4.019,69.659,50.301,1892.057,143.59,23.171,83.211,514,94.173,37.243,Warning,1,1
A010,2025-01-15 11:00:00,A010-HYD,Hydraulic System,85.823,3.938,64.122,53.795,1795.55,141.416,22.725,84.005,679,61.262,32.103,Warning,1,1
A010,2025-01-15 12:00:00,A010-HYD,Hydraulic System,82.571,4.32,69.64,50.719,1842.012,147.396,23.495,86.094,763,73.469,31.703,Warning,1,1
A010,2025-01-15 18:00:00,A010-HYD,Hydraulic System,85.035,4.247,68.519,53.749,1684.271,139.986,22.968,85.219,559,77.154,33.191,Warning,1,1
A010,2025-01-15 20:00:00,A010-HYD,Hydraulic System,82.888,3.88,69.669,51.368,1722.625,142.763,23.419,88.25,734,79.862,33.624,Warning,1,1
A010,2025-01-15 21:00:00,A010-HYD,Hydraulic System,78.882,4.262,67.367,50.167,1834.936,151.307,22.819,84.509,524,83.185,31.2,Warning,1,1
A010,2025-01-16 04:00:00,A010-HYD,Hydraulic System,86.755,4.268,68.041,54.005,1881.559,148.828,22.698,83.451,732,74.859,34.985,Warning,1,0
A010,2025-01-16 05:00:00,A010-HYD,Hydraulic System,81.501,4.33,67.267,51.363,1724.785,145.758,22.882,81.343,828,65.743,28.987,Warning,1,1
A010,2025-01-16 08:00:00,A010-HYD,Hydraulic System,84.564,4.142,68.531,51.816,1829.375,147.448,22.944,83.822,797,71.55,26.982,Warning,1,1
A010,2025-01-16 14:00:00,A010-HYD,Hydraulic System,86.011,4.453,71.145,53.069,1657.182,141.396,22.662,84.275,607,92.611,40.263,Warning,1,1
A010,2025-01-16 16:00:00,A010-HYD,Hydraulic System,83.49,4.767,70.773,52.859,2044.31,150.403,22.721,82.353,622,77.352,29.487,Warning,1,0
A010,2025-01-17 03:00:00,A010-HYD,Hydraulic System,87.287,3.492,71.03,50.975,1970.898,141.977,23.387,88.168,747,77.515,29.048,Warning,1,1
A010,2025-01-17 07:00:00,A010-HYD,Hydraulic System,86.838,4.713,68.558,51.511,1810.721,145.778,22.784,82.61,734,73.846,35.666,Warning,1,1
A010,2025-01-17 08:00:00,A010-HYD,Hydraulic System,84.626,3.721,70.719,50.276,1797.223,146.353,22.277,86.354,776,89.824,31.384,Warning,1,1
A010,2025-01-17 09:00:00,A010-HYD,Hydraulic System,86.005,4.12,66.342,46.454,1898.667,145.076,22.515,89.046,743,85.321,28.97,Warning,1,1
A010,2025-01-17 10:00:00,A010-HYD,Hydraulic System,84.379,4.374,70.39,50.838,1629.46,148.875,23.038,86.534,570,82.238,34.814,Warning,1,1
A010,2025-01-17 13:00:00,A010-HYD,Hydraulic System,82.028,4.505,67.871,51.983,1799.757,146.987,23.345,85.815,848,84.515,27.144,Warning,1,1
A010,2025-01-17 14:00:00,A010-HYD,Hydraulic System,88.77,4.745,65.059,50.787,1860.144,145.03,23.311,84.563,566,98.127,30.28,Warning,1,0
A011,2025-01-01 00:00:00,A011-HYD,Hydraulic System,69.205,2.749,80.061,58.11,1862.044,148.925,24.092,78.573,367,52.705,24.032,Normal,0,0
A011,2025-01-01 02:00:00,A011-HYD,Hydraulic System,71.903,2.169,72.169,57.8,1824.81,152.157,24.147,75.475,338,54.436,29.649,Normal,0,0
A011,2025-01-01 20:00:00,A011-HYD,Hydraulic System,73.534,2.021,75.832,54.315,1769.196,154.15,24.208,77.439,168,46.379,30.388,Normal,0,1
A011,2025-01-01 21:00:00,A011-HYD,Hydraulic System,73.508,2.983,75.891,55.88,1844.015,147.852,23.712,75.462,362,52.346,22.508,Normal,0,0
A011,2025-01-02 00:00:00,A011-HYD,Hydraulic System,78.19,2.451,75.557,54.973,1784.151,145.946,23.923,72.656,373,58.912,31.124,Normal,0,1
A011,2025-01-02 02:00:00,A011-HYD,Hydraulic System,73.016,1.904,74.399,57.578,1881.786,146.828,23.663,77.372,221,40.397,32.968,Normal,0,0
A011,2025-01-02 08:00:00,A011-HYD,Hydraulic System,72.636,2.778,76.3,56.71,1894.826,150.934,24.172,78.047,343,60.795,31.389,Normal,0,0
A011,2025-01-02 12:00:00,A011-HYD,Hydraulic System,73.818,1.935,76.099,58.345,1849.376,144.808,24.056,77.866,213,42.946,28.563,Normal,0,0
A011,2025-01-02 18:00:00,A011-HYD,Hydraulic System,72.191,2.836,72.782,56.727,1781.903,149.991,23.977,75.371,235,64.447,33.249,Normal,0,0
A011,2025-01-02 20:00:00,A011-HYD,Hydraulic System,76.702,2.375,80.29,53.602,1892.078,151.474,23.676,77.067,509,58.266,21.172,Normal,0,0
A011,2025-01-02 21:00:00,A011-HYD,Hydraulic System,74.162,2.982,74.193,52.071,1703.142,157.518,24.925,80.128,221,44.988,23.115,Normal,0,0
A011,2025-01-03 02:00:00,A011-HYD,Hydraulic System,84.657,6.5,67.759,53.639,1763.389,137.922,23.967,79.913,428,60.496,32.979,Warning,1,0
A011,2025-01-03 03:00:00,A011-HYD,Hydraulic System,77.445,2.789,74.843,52.526,1747.449,151.656,24.275,70.827,398,61.784,27.132,Normal,0,0
A011,2025-01-03 04:00:00,A011-HYD,Hydraulic System,72.931,2.668,71.856,55.487,1737.9,155.654,23.97,75.734,359,55.536,31.824,Normal,0,0
A011,2025-01-03 05:00:00,A011-HYD,Hydraulic System,74.749,2.779,79.039,51.751,1886.033,150.795,23.667,77.938,336,54.744,20.938,Normal,0,0
A011,2025-01-03 07:00:00,A011-HYD,Hydraulic System,74.868,2.144,77.781,55.314,1785.87,146.087,24.19,72.747,369,45.5,26.326,Normal,0,0
A011,2025-01-03 14:00:00,A011-HYD,Hydraulic System,79.399,2.431,78.566,54.499,1834.268,148.689,24.241,77.245,532,55.59,27.913,Normal,0,0
A011,2025-01-03 16:00:00,A011-HYD,Hydraulic System,74.771,2.366,75.044,55.016,1826.597,143.361,23.582,72.649,522,63.463,31.014,Normal,0,0
A011,2025-01-03 21:00:00,A011-HYD,Hydraulic System,77.607,2.277,76.074,55.591,1670.895,156.786,24.175,78.926,268,62.08,25.257,Normal,0,0
A011,2025-01-04 13:00:00,A011-HYD,Hydraulic System,75.623,3.302,78.495,53.881,1908.31,149.584,23.488,76.816,543,73.433,33.608,Normal,0,0
A011,2025-01-04 19:00:00,A011-HYD,Hydraulic System,94.443,5.88,66.859,55.001,1661.1,126.165,23.74,75.723,505,62.018,29.552,Warning,1,0
A011,2025-01-04 23:00:00,A011-HYD,Hydraulic System,78.199,2.615,73.924,51.101,1963.25,157.154,23.654,78.902,248,66.03,30.947,Normal,0,0
A011,2025-01-05 07:00:00,A011-HYD,Hydraulic System,76.389,2.882,74.956,54.638,1753.538,156.585,23.414,80.166,243,43.351,28.623,Normal,0,1
A011,2025-01-05 08:00:00,A011-HYD,Hydraulic System,79.75,2.812,72.181,52.288,1757.435,151.597,24.005,75.195,263,54.595,24.672,Normal,0,0
A011,2025-01-05 10:00:00,A011-HYD,Hydraulic System,76.105,2.746,74.458,57.202,1889.338,147.235,23.846,80.104,595,63.901,30.604,Normal,0,0
A011,2025-01-05 11:00:00,A011-HYD,Hydraulic System,71.699,2.276,72.557,55.169,1904.457,150.029,24.286,76.869,391,59.327,20.666,Normal,0,0
A011,2025-01-05 15:00:00,A011-HYD,Hydraulic System,88.185,5.885,69.597,54.827,1777.688,139.471,24.091,80.993,331,62.977,23.63,Warning,1,0
A011,2025-01-05 18:00:00,A011-HYD,Hydraulic System,78.253,2.993,74.937,52.416,1894.398,145.03,23.905,80.448,356,49.377,27.968,Normal,0,0
A011,2025-01-05 21:00:00,A011-HYD,Hydraulic System,74.198,2.72,73.487,57.09,1841.958,151.265,23.586,79.559,222,49.393,27.955,Normal,0,0
A011,2025-01-06 08:00:00,A011-HYD,Hydraulic System,80.043,2.988,73.944,53.567,1799.263,156.042,23.586,77.673,502,62.802,26.618,Normal,0,0
A011,2025-01-06 16:00:00,A011-HYD,Hydraulic System,75.532,2.426,70.796,50.759,1817.542,145.034,23.935,78.881,312,48.313,27.948,Normal,0,0
A011,2025-01-06 22:00:00,A011-HYD,Hydraulic System,79.305,2.904,67.233,52.795,1757.342,148.338,23.743,81.852,577,63.626,24.982,Normal,0,0
A011,2025-01-07 00:00:00,A011-HYD,Hydraulic System,75.192,3.624,72.951,55.136,1865.983,146.781,23.23,80.059,604,52.116,23.651,Normal,0,0
A011,2025-01-07 10:00:00,A011-HYD,Hydraulic System,86.599,4.751,68.058,56.484,1943.966,147.807,24.019,79.327,443,68.6,26.578,Warning,1,0
A011,2025-01-07 13:00:00,A011-HYD,Hydraulic System,77.083,3.381,72.003,50.465,1771.095,146.293,22.964,78.126,537,57.23,29.611,Normal,0,0
A011,2025-01-07 14:00:00,A011-HYD,Hydraulic System,93.842,6.623,66.54,53.427,1676.115,133.219,23.917,79.373,346,60.03,35.316,Warning,1,0
A011,2025-01-07 19:00:00,A011-HYD,Hydraulic System,82.676,2.987,73.996,53.836,1881.307,154.782,23.305,79.981,520,66.094,23.036,Normal,0,0
A011,2025-01-07 22:00:00,A011-HYD,Hydraulic System,76.484,3.952,74.314,58.11,1766.919,150.78,23.053,79.21,268,82.656,26.081,Normal,0,0
A011,2025-01-07 23:00:00,A011-HYD,Hydraulic System,82.916,3.048,73.667,54.381,1703.181,142.718,23.013,72.559,645,64.254,23.496,Normal,0,0
A011,2025-01-08 00:00:00,A011-HYD,Hydraulic System,79.93,2.583,71.762,57.222,1761.496,153.051,24.32,78.362,303,59.67,19.199,Normal,0,1
A011,2025-01-08 03:00:00,A011-HYD,Hydraulic System,76.217,3.154,74.378,56.755,1777.401,145.333,22.908,81.021,455,66.857,25.667,Normal,0,1
A011,2025-01-08 05:00:00,A011-HYD,Hydraulic System,76.774,3.579,73.819,54.336,1891.563,154.36,23.992,80.417,621,63.134,32.175,Normal,0,1
A011,2025-01-08 08:00:00,A011-HYD,Hydraulic System,86.33,5.443,64.354,56.817,1897.991,127.336,23.609,81.312,345,61.534,28.816,Warning,1,1
A011,2025-01-08 18:00:00,A011-HYD,Hydraulic System,78.582,3.055,76.67,53.693,1673.295,149.251,23.402,80.412,298,63.469,27.295,Normal,0,1
A011,2025-01-09 09:00:00,A011-HYD,Hydraulic System,77.259,2.906,73.527,55.718,1873.208,151.938,23.828,79.704,632,82.026,33.781,Normal,0,0
A011,2025-01-09 11:00:00,A011-HYD,Hydraulic System,80.158,3.569,79.529,53.673,1740.697,148.289,23.895,81.077,356,73.845,33.8,Normal,0,0
A011,2025-01-09 13:00:00,A011-HYD,Hydraulic System,78.549,3.558,71.173,53.646,1836.256,148.465,23.456,77.318,638,68.324,25.426,Normal,0,0
A011,2025-01-09 14:00:00,A011-HYD,Hydraulic System,96.292,7.311,59.975,52.64,1783.326,138.358,23.159,80.66,372,82.102,26.382,Warning,1,0
A011,2025-01-09 16:00:00,A011-HYD,Hydraulic System,77.459,3.785,74.742,52.539,1761.275,149.804,23.026,80.841,643,66.147,31.074,Normal,0,1
A011,2025-01-09 17:00:00,A011-HYD,Hydraulic System,82.067,3.244,74.461,50.469,1759.626,148.507,23.351,81.75,336,65.504,28.764,Normal,0,1
A011,2025-01-09 18:00:00,A011-HYD,Hydraulic System,80.628,2.957,76.181,49.741,1773.157,153.882,24.062,80.068,499,76.453,33.876,Normal,0,0
A011,2025-01-09 21:00:00,A011-HYD,Hydraulic System,80.058,2.948,73.021,54.962,1961.988,149.648,23.663,78.149,683,72.114,24.423,Normal,0,0
A011,2025-01-09 22:00:00,A011-HYD,Hydraulic System,81.472,3.897,75.199,52.687,1710.959,145.614,23.402,80.195,441,59.64,36.431,Normal,0,1
A011,2025-01-10 05:00:00,A011-HYD,Hydraulic System,77.08,3.713,74.138,52.652,1725.801,152.958,23.872,83.665,711,57.845,28.952,Normal,0,0
A011,2025-01-10 07:00:00,A011-HYD,Hydraulic System,81.706,3.429,74.642,52.096,1669.669,144.509,23.635,84.316,437,80.519,29.165,Warning,1,0
A011,2025-01-10 12:00:00,A011-HYD,Hydraulic System,75.529,2.677,72.3,54.868,1822.301,154.622,23.303,81.331,681,68.578,26.092,Normal,0,1
A011,2025-01-10 13:00:00,A011-HYD,Hydraulic System,80.929,3.919,73.398,53.936,1935.198,144.277,23.813,78.777,558,66.681,20.818,Normal,0,0
A011,2025-01-11 00:00:00,A011-HYD,Hydraulic System,81.004,3.646,74.433,54.602,1720.239,141.138,23.609,81.81,698,73.442,38.406,Warning,1,1
A011,2025-01-11 01:00:00,A011-HYD,Hydraulic System,82.458,3.406,71.15,50.175,1739.482,148.856,23.401,82.929,485,64.026,33.734,Normal,0,0
A011,2025-01-11 02:00:00,A011-HYD,Hydraulic System,79.247,3.502,73.147,54.758,1935.463,144.437,22.866,83.623,559,59.33,35.168,Normal,0,0
A011,2025-01-11 03:00:00,A011-HYD,Hydraulic System,76.827,3.078,67.792,54.516,1798.957,147.02,23.25,81.04,626,65.828,34.782,Normal,0,0
A011,2025-01-11 05:00:00,A011-HYD,Hydraulic System,80.502,3.07,70.652,55.928,1890.242,149.857,23.488,80.596,407,69.421,22.137,Normal,0,0
A011,2025-01-11 09:00:00,A011-HYD,Hydraulic System,79.118,3.659,70.718,50.975,1738.122,143.112,23.397,83.63,473,68.483,35.148,Warning,1,0
A011,2025-01-11 18:00:00,A011-HYD,Hydraulic System,75.732,3.578,72.079,53.569,1869.263,148.821,23.746,83.809,559,71.089,30.791,Normal,0,0
A011,2025-01-11 20:00:00,A011-HYD,Hydraulic System,78.453,3.295,67.168,48.16,1771.014,140.606,23.827,80.782,544,76.415,31.546,Warning,1,1
A011,2025-01-12 01:00:00,A011-HYD,Hydraulic System,77.082,3.909,62.982,54.242,1722.889,148.527,23.291,81.893,694,75.744,27.52,Warning,1,1
A011,2025-01-12 08:00:00,A011-HYD,Hydraulic System,81.718,3.586,73.142,52.471,1840.288,146.322,23.441,78.725,755,50.662,36.268,Normal,0,0
A011,2025-01-12 19:00:00,A011-HYD,Hydraulic System,94.439,6.621,61.279,51.427,1721.561,137.304,23.225,82.269,413,61.601,32.108,Warning,1,1
A011,2025-01-12 21:00:00,A011-HYD,Hydraulic System,84.643,3.079,71.201,54.061,1838.264,144.434,22.522,79.111,387,66.251,22.949,Warning,1,0
A011,2025-01-13 03:00:00,A011-HYD,Hydraulic System,81.053,3.589,73.591,52.912,1785.702,153.242,23.68,83.672,424,67.675,16.744,Warning,1,1
A011,2025-01-13 06:00:00,A011-HYD,Hydraulic System,83.309,3.467,75.587,51.711,1927.592,140.969,23.215,80.733,479,72.287,33.808,Warning,1,0
A011,2025-01-13 13:00:00,A011-HYD,Hydraulic System,82.524,4.058,66.417,51.523,1782.819,143.571,22.491,84.293,458,64.453,26.628,Warning,1,1
A011,2025-01-13 18:00:00,A011-HYD,Hydraulic System,86.893,3.238,73.734,54.225,1967.383,149.625,22.876,84.821,658,70.714,25.113,Warning,1,0
A011,2025-01-13 19:00:00,A011-HYD,Hydraulic System,85.967,3.108,69.744,52.023,1815.454,142.693,23.476,83.001,709,73.542,26.749,Warning,1,0
A011,2025-01-13 22:00:00,A011-HYD,Hydraulic System,81.211,3.26,65.989,54.752,1851.442,140.72,23.954,80.496,410,79.588,30.019,Warning,1,0
A011,2025-01-14 02:00:00,A011-HYD,Hydraulic System,86.368,4.083,74.399,53.573,1761.866,143.192,22.785,82.505,740,68.631,31.624,Warning,1,0
A011,2025-01-14 11:00:00,A011-HYD,Hydraulic System,80.641,3.332,70.26,49.311,1757.169,153.68,23.005,83.171,650,74.808,31.06,Warning,1,1
A011,2025-01-14 12:00:00,A011-HYD,Hydraulic System,89.465,7.886,57.777,55.771,1731.171,133.985,23.706,80.141,427,56.629,22.768,Warning,1,1
A011,2025-01-14 14:00:00,A011-HYD,Hydraulic System,84.897,4.252,69.598,52.725,1732.37,146.246,22.698,85.994,680,81.96,38.685,Warning,1,1
A011,2025-01-14 15:00:00,A011-HYD,Hydraulic System,82.641,4.173,67.743,52.615,1785.925,147.583,22.864,82.096,776,71.888,28.548,Warning,1,1
A011,2025-01-14 16:00:00,A011-HYD,Hydraulic System,84.921,3.571,69.827,50.367,1804.154,144.334,22.937,84.366,823,80.079,37.1,Warning,1,1
A011,2025-01-14 20:00:00,A011-HYD,Hydraulic System,85.413,3.582,73.556,52.58,1896.563,148.12,22.992,85.299,814,100.0,24.344,Warning,1,1
A011,2025-01-14 21:00:00,A011-HYD,Hydraulic System,83.72,4.435,69.533,54.406,1612.83,146.445,22.697,84.51,479,84.519,27.0,Warning,1,0
A011,2025-01-15 00:00:00,A011-HYD,Hydraulic System,79.239,3.899,70.427,55.006,1797.425,145.463,23.061,82.932,753,78.441,31.132,Warning,1,0
A011,2025-01-15 11:00:00,A011-HYD,Hydraulic System,87.105,4.022,71.962,53.831,1787.655,141.307,22.868,85.923,597,85.102,31.017,Warning,1,1
A011,2025-01-15 14:00:00,A011-HYD,Hydraulic System,81.726,3.353,67.937,50.72,1689.212,151.795,22.611,79.976,668,59.856,32.178,Warning,1,0
A011,2025-01-15 18:00:00,A011-HYD,Hydraulic System,82.033,3.354,68.849,50.702,1584.811,150.181,23.084,81.179,692,83.565,30.634,Warning,1,1
A011,2025-01-15 21:00:00,A011-HYD,Hydraulic System,80.988,3.727,70.631,51.265,1697.923,146.983,23.093,85.153,482,66.896,36.853,Warning,1,0
A011,2025-01-16 01:00:00,A011-HYD,Hydraulic System,96.254,7.381,55.663,46.322,1807.858,128.035,22.937,84.829,746,72.603,35.131,Warning,1,1
A011,2025-01-16 03:00:00,A011-HYD,Hydraulic System,94.644,6.743,63.989,51.923,1878.384,139.204,22.558,84.433,820,80.184,29.331,Warning,1,1
A011,2025-01-16 05:00:00,A011-HYD,Hydraulic System,81.633,3.985,66.989,53.259,1921.596,141.206,22.8,84.987,809,67.564,25.446,Warning,1,1
A011,2025-01-16 10:00:00,A011-HYD,Hydraulic System,83.383,3.281,68.487,53.316,1810.441,138.616,23.251,83.757,542,80.334,35.224,Warning,1,0
A011,2025-01-16 12:00:00,A011-HYD,Hydraulic System,87.787,4.23,69.171,53.493,1936.969,141.343,22.514,85.048,585,67.404,22.239,Warning,1,0
A011,2025-01-16 13:00:00,A011-HYD,Hydraulic System,92.05,6.151,57.976,53.212,1780.881,141.87,23.159,82.742,825,70.789,34.418,Warning,1,1
A011,2025-01-16 16:00:00,A011-HYD,Hydraulic System,80.199,4.062,69.372,51.656,1584.801,138.625,22.952,85.107,726,81.271,29.964,Warning,1,1
A011,2025-01-16 20:00:00,A011-HYD,Hydraulic System,88.488,3.856,67.906,50.587,1858.003,149.57,22.884,84.498,837,95.151,33.4,Warning,1,1
A011,2025-01-16 21:00:00,A011-HYD,Hydraulic System,83.922,4.377,68.39,50.173,1736.084,147.935,22.383,83.539,781,85.086,23.198,Warning,1,0
A011,2025-01-17 02:00:00,A011-HYD,Hydraulic System,86.123,3.356,70.599,51.268,1741.361,138.929,23.623,84.394,686,80.587,24.741,Warning,1,1
A011,2025-01-17 07:00:00,A011-HYD,Hydraulic System,83.891,3.388,65.609,52.973,1825.697,142.679,23.399,87.044,886,78.521,20.957,Warning,1,1
A011,2025-01-17 11:00:00,A011-HYD,Hydraulic System,84.63,4.255,62.065,50.078,1970.502,139.432,22.69,86.1,604,78.82,25.751,Warning,1,1
A011,2025-01-17 13:00:00,A011-HYD,Hydraulic System,90.696,4.088,71.987,51.041,1853.452,146.524,23.292,85.308,563,75.12,35.193,Warning,1,1
A011,2025-01-17 14:00:00,A011-HYD,Hydraulic System,84.29,4.005,67.205,54.255,1899.496,148.348,23.062,81.254,640,80.302,34.289,Warning,1,1
A012,2025-01-01 01:00:00,A012-HYD,Hydraulic System,75.161,2.091,79.482,53.141,1784.436,156.847,24.258,71.121,497,78.083,24.807,Normal,0,0
A012,2025-01-01 03:00:00,A012-HYD,Hydraulic System,73.113,2.487,80.568,49.814,2001.486,146.527,23.682,73.989,343,60.312,40.722,Normal,0,0
A012,2025-01-01 13:00:00,A012-HYD,Hydraulic System,70.185,2.143,74.283,56.672,1729.423,145.061,24.022,73.693,266,65.436,30.206,Normal,0,0
A012,2025-01-01 16:00:00,A012-HYD,Hydraulic System,78.742,5.267,62.704,58.246,1655.952,131.915,23.732,73.267,471,58.231,28.412,Warning,1,0
A012,2025-01-01 17:00:00,A012-HYD,Hydraulic System,71.809,2.692,78.268,55.161,1721.135,149.026,23.81,75.414,239,54.706,28.246,Normal,0,0
A012,2025-01-01 18:00:00,A012-HYD,Hydraulic System,73.155,2.007,77.677,52.643,1797.703,151.637,23.622,77.516,223,67.681,26.75,Normal,0,0
A012,2025-01-01 22:00:00,A012-HYD,Hydraulic System,72.166,2.657,75.674,50.503,1755.871,148.203,24.156,75.846,217,47.491,31.385,Normal,0,0
A012,2025-01-02 00:00:00,A012-HYD,Hydraulic System,70.964,2.865,74.523,56.978,1855.043,150.95,23.726,76.202,206,67.209,28.05,Normal,0,0
A012,2025-01-02 01:00:00,A012-HYD,Hydraulic System,71.94,2.305,71.874,52.39,1830.444,153.567,23.776,77.539,466,60.965,26.146,Normal,0,0
A012,2025-01-02 06:00:00,A012-HYD,Hydraulic System,71.939,2.409,75.804,52.896,1863.356,144.269,23.619,76.367,229,52.12,30.815,Normal,0,0
A012,2025-01-02 07:00:00,A012-HYD,Hydraulic System,76.204,2.168,78.155,53.786,1897.503,153.048,24.347,73.88,204,43.349,20.708,Normal,0,0
A012,2025-01-02 16:00:00,A012-HYD,Hydraulic System,68.934,2.499,77.859,55.008,1720.995,150.107,24.111,78.787,158,52.942,42.285,Normal,0,0
A012,2025-01-02 20:00:00,A012-HYD,Hydraulic System,75.923,2.734,76.965,56.341,1798.08,154.587,23.494,78.176,275,52.098,33.397,Normal,0,0
A012,2025-01-02 23:00:00,A012-HYD,Hydraulic System,72.758,2.213,80.363,55.651,1772.073,147.523,23.512,76.035,511,56.553,18.622,Normal,0,0
A012,2025-01-03 07:00:00,A012-HYD,Hydraulic System,80.449,6.914,62.3,56.783,1788.679,146.202,24.04,76.598,305,48.97,36.495,Warning,1,0
A012,2025-01-03 09:00:00,A012-HYD,Hydraulic System,77.4,2.743,74.414,54.349,1890.705,147.049,23.981,77.518,208,54.912,25.892,Normal,0,0
A012,2025-01-03 10:00:00,A012-HYD,Hydraulic System,72.181,2.919,76.25,56.52,1717.006,150.485,23.658,79.933,346,58.82,25.021,Normal,0,0
A012,2025-01-03 13:00:00,A012-HYD,Hydraulic System,75.476,2.249,76.21,53.633,1846.621,146.993,23.573,78.683,271,58.375,30.141,Normal,0,0
A012,2025-01-03 14:00:00,A012-HYD,Hydraulic System,74.973,1.974,77.036,54.921,1779.341,145.681,24.222,75.057,227,63.406,35.236,Normal,0,1
A012,2025-01-03 15:00:00,A012-HYD,Hydraulic System,75.903,2.295,76.036,54.682,1797.354,150.737,23.528,75.47,439,61.898,27.938,Normal,0,0
A012,2025-01-03 16:00:00,A012-HYD,Hydraulic System,71.769,2.882,75.181,52.353,1781.715,143.614,23.508,79.309,533,47.545,29.283,Normal,0,0
A012,2025-01-03 21:00:00,A012-HYD,Hydraulic System,73.405,2.993,77.782,53.482,1819.173,150.984,23.702,77.71,170,50.159,25.273,Normal,0,0
A012,2025-01-04 03:00:00,A012-HYD,Hydraulic System,78.286,2.349,76.997,53.449,1716.759,153.372,23.593,73.216,276,60.332,26.463,Normal,0,0
A012,2025-01-04 04:00:00,A012-HYD,Hydraulic System,76.919,2.217,79.06,53.835,1671.602,139.232,23.664,75.328,498,50.834,31.672,Normal,0,0
A012,2025-01-04 06:00:00,A012-HYD,Hydraulic System,78.026,2.671,74.832,54.737,1871.221,153.757,23.841,77.409,182,65.067,16.329,Normal,0,0
A012,2025-01-04 07:00:00,A012-HYD,Hydraulic System,75.676,3.119,72.542,52.969,1719.949,146.585,23.283,81.25,393,64.153,26.123,Normal,0,0
A012,2025-01-04 12:00:00,A012-HYD,Hydraulic System,71.816,3.153,72.929,48.793,1827.715,143.547,23.71,74.412,487,52.849,30.347,Normal,0,0
A012,2025-01-04 14:00:00,A012-HYD,Hydraulic System,78.401,2.799,76.368,56.752,1818.334,150.486,23.774,73.642,268,60.917,31.261,Normal,0,0
A012,2025-01-04 16:00:00,A012-HYD,Hydraulic System,77.012,2.294,76.072,56.61,1863.105,150.205,23.77,76.478,337,54.928,22.233,Normal,0,0
A012,2025-01-04 17:00:00,A012-HYD,Hydraulic System,75.128,2.93,70.507,53.318,1793.353,142.06,23.789,73.523,432,63.341,31.129,Normal,0,1
A012,2025-01-04 18:00:00,A012-HYD,Hydraulic System,77.02,2.776,76.972,54.892,1722.6,155.148,24.166,78.107,439,59.078,33.752,Normal,0,0
A012,2025-01-04 21:00:00,A012-HYD,Hydraulic System,74.192,2.341,81.069,54.456,1807.418,143.352,23.905,76.149,586,69.836,32.322,Normal,0,0
A012,2025-01-05 09:00:00,A012-HYD,Hydraulic System,73.919,3.157,74.866,54.439,1839.167,146.141,22.967,79.775,431,59.741,23.615,Normal,0,0
A012,2025-01-06 04:00:00,A012-HYD,Hydraulic System,80.606,3.191,74.214,53.033,1739.321,143.961,24.194,76.588,342,73.766,30.496,Normal,0,0
A012,2025-01-06 05:00:00,A012-HYD,Hydraulic System,74.031,3.033,74.986,54.869,1781.599,146.994,23.809,75.364,530,71.214,30.54,Normal,0,0
A012,2025-01-06 12:00:00,A012-HYD,Hydraulic System,90.019,6.009,68.611,54.398,1716.259,139.27,24.145,74.474,385,63.632,29.543,Warning,1,0
A012,2025-01-06 16:00:00,A012-HYD,Hydraulic System,77.63,3.361,70.008,52.131,1750.264,144.751,23.817,77.188,286,61.397,37.456,Normal,0,0
A012,2025-01-06 20:00:00,A012-HYD,Hydraulic System,74.755,2.887,76.426,52.306,1778.774,146.836,23.917,81.637,596,52.199,30.389,Normal,0,0
A012,2025-01-07 01:00:00,A012-HYD,Hydraulic System,77.678,3.127,76.115,53.858,1839.215,147.436,23.45,78.592,364,65.93,26.765,Normal,0,1
A012,2025-01-07 06:00:00,A012-HYD,Hydraulic System,75.801,3.166,72.528,54.968,1775.887,153.138,23.38,76.528,262,66.575,32.464,Normal,0,1
A012,2025-01-07 08:00:00,A012-HYD,Hydraulic System,82.938,3.373,75.977,52.815,1703.077,147.753,23.0,80.096,336,60.164,29.862,Normal,0,1
A012,2025-01-07 10:00:00,A012-HYD,Hydraulic System,74.227,2.623,73.334,49.082,1710.93,146.746,24.503,77.562,580,67.156,29.01,Normal,0,0
A012,2025-01-07 18:00:00,A012-HYD,Hydraulic System,76.881,2.549,81.527,57.387,1912.232,150.981,23.456,78.763,612,60.612,41.884,Normal,0,0
A012,2025-01-07 19:00:00,A012-HYD,Hydraulic System,96.56,4.756,65.404,48.692,1932.487,130.645,23.23,75.241,280,76.844,29.939,Warning,1,1
A012,2025-01-07 21:00:00,A012-HYD,Hydraulic System,77.106,3.303,80.354,51.354,1914.009,149.469,22.945,78.93,571,61.106,29.992,Normal,0,1
A012,2025-01-07 23:00:00,A012-HYD,Hydraulic System,71.783,3.378,70.783,53.359,1819.417,146.783,23.409,76.273,596,74.007,23.851,Normal,0,1
A012,2025-01-08 00:00:00,A012-HYD,Hydraulic System,79.553,2.83,74.221,53.969,1887.642,145.789,22.911,77.581,479,71.848,31.74,Normal,0,0
A012,2025-01-08 02:00:00,A012-HYD,Hydraulic System,74.464,3.252,71.921,53.428,1881.931,148.418,23.63,82.026,589,74.77,29.718,Normal,0,0
A012,2025-01-08 07:00:00,A012-HYD,Hydraulic System,77.996,3.587,78.738,53.424,1700.247,148.373,23.537,81.747,507,59.638,25.055,Normal,0,0
A012,2025-01-08 15:00:00,A012-HYD,Hydraulic System,78.462,2.912,69.985,51.214,1705.323,137.12,23.602,80.586,403,55.113,36.523,Normal,0,0
A012,2025-01-08 16:00:00,A012-HYD,Hydraulic System,77.601,2.366,74.401,54.673,1741.27,148.343,23.438,77.693,656,62.951,27.454,Normal,0,0
A012,2025-01-08 21:00:00,A012-HYD,Hydraulic System,79.01,2.869,73.54,53.043,1694.319,145.327,23.236,78.962,360,49.639,26.354,Normal,0,1
A012,2025-01-08 23:00:00,A012-HYD,Hydraulic System,75.189,2.508,72.484,54.305,2010.022,147.883,23.634,78.12,422,65.856,30.39,Normal,0,1
A012,2025-01-09 09:00:00,A012-HYD,Hydraulic System,83.088,3.233,74.982,52.14,1773.261,152.179,22.625,81.552,559,62.836,32.08,Normal,0,0
A012,2025-01-09 17:00:00,A012-HYD,Hydraulic System,76.407,3.459,71.703,51.426,1751.232,153.269,22.859,81.538,527,75.068,27.24,Normal,0,0
A012,2025-01-10 02:00:00,A012-HYD,Hydraulic System,75.571,3.059,75.255,53.579,1863.116,144.744,23.202,81.717,664,78.762,28.064,Normal,0,1
A012,2025-01-10 04:00:00,A012-HYD,Hydraulic System,81.778,2.917,72.997,53.476,1675.332,148.579,23.875,80.462,613,63.845,24.208,Normal,0,1
A012,2025-01-10 07:00:00,A012-HYD,Hydraulic System,89.814,6.545,60.685,52.291,1729.928,138.528,23.194,79.226,326,70.834,22.405,Warning,1,1
A012,2025-01-10 09:00:00,A012-HYD,Hydraulic System,79.822,2.774,78.867,54.755,1960.512,148.393,23.319,79.336,602,74.114,37.488,Normal,0,1
A012,2025-01-10 10:00:00,A012-HYD,Hydraulic System,77.644,3.324,75.074,52.779,1796.091,148.03,23.495,80.92,668,68.062,33.18,Normal,0,0
A012,2025-01-10 11:00:00,A012-HYD,Hydraulic System,76.631,3.399,71.216,53.829,1794.848,147.43,23.491,83.055,397,66.304,24.789,Normal,0,0
A012,2025-01-10 12:00:00,A012-HYD,Hydraulic System,77.451,3.252,71.823,53.559,1743.833,150.898,23.334,77.1,616,72.351,33.975,Normal,0,0
A012,2025-01-11 05:00:00,A012-HYD,Hydraulic System,81.485,2.923,70.688,54.842,1607.722,140.511,23.541,81.294,592,51.614,27.802,Normal,0,0
A012,2025-01-11 06:00:00,A012-HYD,Hydraulic System,75.575,3.605,75.272,54.664,1910.907,152.047,22.731,83.153,480,68.522,39.498,Normal,0,0
A012,2025-01-11 17:00:00,A012-HYD,Hydraulic System,96.164,6.085,65.428,50.628,1820.672,129.484,22.948,81.535,402,49.138,28.721,Warning,1,1
A012,2025-01-12 02:00:00,A012-HYD,Hydraulic System,78.977,3.884,72.614,52.253,1751.188,155.084,22.854,83.902,423,62.382,26.886,Normal,0,0
A012,2025-01-12 03:00:00,A012-HYD,Hydraulic System,79.065,3.748,74.805,52.417,1694.223,147.525,23.491,82.038,402,80.18,28.651,Warning,1,1
A012,2025-01-12 08:00:00,A012-HYD,Hydraulic System,80.031,3.3,75.819,54.343,1640.123,150.67,23.492,81.936,754,77.136,36.013,Normal,0,1
A012,2025-01-12 09:00:00,A012-HYD,Hydraulic System,78.568,3.503,69.528,54.901,1731.651,145.744,23.085,78.992,508,77.948,36.426,Warning,1,1
A012,2025-01-12 14:00:00,A012-HYD,Hydraulic System,84.354,2.995,71.364,53.537,1716.049,142.518,23.068,83.742,720,70.28,39.474,Warning,1,0
A012,2025-01-12 17:00:00,A012-HYD,Hydraulic System,76.645,4.032,69.924,54.026,1856.257,142.065,23.318,82.368,772,74.862,36.048,Warning,1,0
A012,2025-01-12 19:00:00,A012-HYD,Hydraulic System,79.434,3.29,71.974,54.358,1875.204,152.459,23.129,82.735,613,57.632,24.646,Normal,0,1
A012,2025-01-12 20:00:00,A012-HYD,Hydraulic System,95.731,7.127,59.228,57.67,1776.312,132.571,22.691,82.347,692,64.603,39.9,Warning,1,1
A012,2025-01-12 23:00:00,A012-HYD,Hydraulic System,84.613,3.449,71.256,52.803,1812.92,146.992,23.606,80.733,563,68.533,30.49,Warning,1,0
A012,2025-01-13 01:00:00,A012-HYD,Hydraulic System,86.116,3.47,73.25,53.604,1792.56,151.354,23.283,84.202,695,67.967,27.297,Warning,1,0
A012,2025-01-13 04:00:00,A012-HYD,Hydraulic System,82.776,4.197,68.455,52.388,1768.576,149.188,22.683,83.635,416,58.956,33.739,Warning,1,0
A012,2025-01-13 07:00:00,A012-HYD,Hydraulic System,80.865,3.542,73.571,52.897,1824.406,147.527,23.903,79.292,410,81.507,32.545,Warning,1,1
A012,2025-01-13 09:00:00,A012-HYD,Hydraulic System,82.056,3.913,73.167,54.877,1798.727,148.826,23.76,81.869,656,74.581,26.87,Warning,1,1
A012,2025-01-13 10:00:00,A012-HYD,Hydraulic System,93.191,5.875,53.22,51.327,1743.033,146.392,23.4,84.337,536,61.425,30.269,Warning,1,1
A012,2025-01-13 12:00:00,A012-HYD,Hydraulic System,88.504,3.452,72.751,54.774,1917.542,148.996,23.505,83.427,726,66.374,35.754,Warning,1,0
A012,2025-01-13 19:00:00,A012-HYD,Hydraulic System,80.553,3.867,69.818,55.752,1748.39,143.873,23.78,80.542,579,71.138,35.058,Warning,1,1
A012,2025-01-14 00:00:00,A012-HYD,Hydraulic System,75.788,4.249,70.078,52.052,1806.213,148.884,23.336,84.858,676,76.349,28.66,Warning,1,1
A012,2025-01-14 04:00:00,A012-HYD,Hydraulic System,81.698,3.833,70.527,52.483,1947.434,150.626,22.81,81.569,681,67.231,24.381,Warning,1,0
A012,2025-01-14 09:00:00,A012-HYD,Hydraulic System,81.058,3.715,68.798,53.854,1765.986,142.376,22.393,80.821,549,70.659,29.538,Warning,1,0
A012,2025-01-14 10:00:00,A012-HYD,Hydraulic System,78.194,3.15,73.856,52.315,1837.978,151.576,23.003,84.907,460,75.216,26.242,Warning,1,1
A012,2025-01-14 16:00:00,A012-HYD,Hydraulic System,97.895,6.191,61.613,53.924,1854.735,137.427,22.561,82.646,520,55.899,25.816,Warning,1,0
A012,2025-01-14 17:00:00,A012-HYD,Hydraulic System,84.648,2.999,72.573,55.225,1598.326,141.188,23.312,82.678,560,83.912,34.286,Warning,1,1
A012,2025-01-15 00:00:00,A012-HYD,Hydraulic System,82.757,3.195,73.788,50.502,1720.71,148.958,23.066,83.785,634,62.372,34.857,Warning,1,0
A012,2025-01-15 07:00:00,A012-HYD,Hydraulic System,86.297,2.818,73.229,57.174,1954.876,148.804,23.399,81.876,804,75.61,29.25,Warning,1,0
A012,2025-01-15 08:00:00,A012-HYD,Hydraulic System,78.101,3.83,70.634,53.806,1763.126,138.809,22.627,81.769,470,65.529,27.187,Warning,1,1
A012,2025-01-15 10:00:00,A012-HYD,Hydraulic System,84.41,3.698,67.585,49.349,1852.942,142.623,22.974,84.826,575,64.255,24.929,Warning,1,1
A012,2025-01-15 16:00:00,A012-HYD,Hydraulic System,83.282,3.556,69.564,55.041,1828.72,151.157,23.111,84.27,734,68.191,30.789,Warning,1,0
A012,2025-01-15 18:00:00,A012-HYD,Hydraulic System,82.275,3.266,73.487,50.796,1792.147,146.983,22.677,81.449,783,75.859,20.339,Warning,1,1
A012,2025-01-15 19:00:00,A012-HYD,Hydraulic System,82.405,3.92,68.441,48.454,1788.897,148.607,23.017,84.681,657,82.091,37.915,Warning,1,0
A012,2025-01-16 00:00:00,A012-HYD,Hydraulic System,80.13,3.855,71.577,49.853,1781.878,147.195,23.384,86.572,706,82.04,27.304,Warning,1,1
A012,2025-01-16 04:00:00,A012-HYD,Hydraulic System,87.996,4.141,65.185,55.313,1816.82,148.018,23.098,83.903,698,71.764,33.528,Warning,1,0
A012,2025-01-16 06:00:00,A012-HYD,Hydraulic System,83.013,3.969,72.916,48.964,1766.088,140.622,22.648,85.45,743,65.522,41.547,Warning,1,0
A012,2025-01-16 07:00:00,A012-HYD,Hydraulic System,80.206,3.247,69.28,54.865,1673.382,150.345,22.834,84.652,604,75.771,33.872,Warning,1,1
A012,2025-01-16 11:00:00,A012-HYD,Hydraulic System,86.017,4.199,75.261,50.821,1863.13,151.188,23.216,83.077,705,69.063,38.165,Warning,1,1
A012,2025-01-16 17:00:00,A012-HYD,Hydraulic System,85.631,4.263,70.519,52.055,1870.884,152.3,22.425,82.135,724,88.107,27.904,Warning,1,1
A012,2025-01-16 21:00:00,A012-HYD,Hydraulic System,79.669,4.755,63.353,51.505,1814.61,143.083,23.206,85.837,829,78.343,30.358,Warning,1,1
A012,2025-01-17 09:00:00,A012-HYD,Hydraulic System,82.858,3.295,67.545,50.152,1796.982,149.555,22.567,84.626,794,78.723,26.029,Warning,1,0
A012,2025-01-17 10:00:00,A012-HYD,Hydraulic System,98.681,5.558,63.913,50.539,1747.201,133.521,22.745,86.916,616,72.171,31.943,Warning,1,1
A013,2025-01-01 09:00:00,A013-HYD,Hydraulic System,77.251,2.326,78.896,56.868,1736.295,153.546,23.751,80.409,446,55.269,32.835,Normal,0,0
A013,2025-01-01 10:00:00,A013-HYD,Hydraulic System,70.868,2.303,75.219,52.617,1683.418,153.992,23.527,71.683,430,49.781,30.251,Normal,0,0
A013,2025-01-01 13:00:00,A013-HYD,Hydraulic System,74.978,2.74,80.685,52.161,1722.044,146.597,24.128,75.773,260,58.767,19.466,Normal,0,0
A013,2025-01-01 22:00:00,A013-HYD,Hydraulic System,76.205,2.274,74.932,54.258,1600.072,151.045,24.253,76.69,345,58.622,35.117,Normal,0,0
A013,2025-01-02 03:00:00,A013-HYD,Hydraulic System,73.072,2.955,78.49,57.944,1852.366,147.548,23.19,74.091,409,51.082,34.963,Normal,0,0
A013,2025-01-02 09:00:00,A013-HYD,Hydraulic System,73.869,2.71,76.504,56.767,1871.34,142.486,23.612,76.611,221,61.665,30.747,Normal,0,0
A013,2025-01-02 11:00:00,A013-HYD,Hydraulic System,72.305,1.895,85.284,53.864,1775.833,147.954,23.901,74.357,224,67.516,29.002,Normal,0,0
A013,2025-01-02 18:00:00,A013-HYD,Hydraulic System,74.454,2.785,73.611,53.646,1873.813,148.352,23.796,73.928,425,57.613,24.604,Normal,0,0
A013,2025-01-02 21:00:00,A013-HYD,Hydraulic System,72.734,2.328,76.681,56.528,1749.147,148.706,24.091,75.483,284,54.702,35.572,Normal,0,0
A013,2025-01-03 01:00:00,A013-HYD,Hydraulic System,71.227,2.687,79.712,55.934,1927.925,147.042,24.073,78.527,221,64.005,34.45,Normal,0,0
A013,2025-01-03 02:00:00,A013-HYD,Hydraulic System,73.928,2.424,77.322,52.65,1761.183,153.144,24.215,77.214,530,52.859,24.442,Normal,0,0
A013,2025-01-03 10:00:00,A013-HYD,Hydraulic System,88.651,5.269,66.48,55.549,1914.187,136.571,23.555,78.146,426,58.518,28.752,Warning,1,0
A013,2025-01-03 16:00:00,A013-HYD,Hydraulic System,71.969,2.709,76.377,56.236,1790.008,141.088,23.896,73.219,316,50.613,23.246,Normal,0,0
A013,2025-01-03 17:00:00,A013-HYD,Hydraulic System,71.859,1.988,75.026,51.857,1918.492,146.469,24.209,76.013,547,60.325,27.353,Normal,0,0
A013,2025-01-03 23:00:00,A013-HYD,Hydraulic System,75.97,2.89,77.761,53.682,1763.219,151.385,23.347,78.401,463,56.568,31.465,Normal,0,0
A013,2025-01-04 08:00:00,A013-HYD,Hydraulic System,73.767,3.256,71.341,54.127,1564.729,152.719,23.224,73.098,301,60.511,35.181,Normal,0,0
A013,2025-01-04 10:00:00,A013-HYD,Hydraulic System,73.746,2.061,71.514,51.479,1625.838,143.533,23.43,78.264,574,60.892,37.542,Normal,0,0
A013,2025-01-04 13:00:00,A013-HYD,Hydraulic System,82.958,2.675,75.357,52.52,1805.975,149.682,22.918,78.349,411,67.602,25.594,Normal,0,0
A013,2025-01-04 15:00:00,A013-HYD,Hydraulic System,67.262,3.366,73.78,53.455,2049.314,146.352,23.675,77.709,435,61.555,26.907,Normal,0,0
A013,2025-01-04 23:00:00,A013-HYD,Hydraulic System,79.162,2.783,77.452,53.975,1773.41,138.217,23.573,76.303,564,63.514,31.249,Normal,0,0
A013,2025-01-05 04:00:00,A013-HYD,Hydraulic System,76.906,3.136,75.952,55.911,1709.954,144.352,23.978,76.548,479,50.267,31.014,Normal,0,0
A013,2025-01-05 15:00:00,A013-HYD,Hydraulic System,78.29,2.391,71.54,57.274,1612.557,153.841,24.213,78.454,325,65.196,22.13,Normal,0,0
A013,2025-01-05 18:00:00,A013-HYD,Hydraulic System,76.287,2.306,75.155,55.857,1828.847,150.55,23.003,75.166,237,59.466,35.667,Normal,0,0
A013,2025-01-05 20:00:00,A013-HYD,Hydraulic System,78.517,3.0,69.514,52.686,1735.787,150.884,22.981,78.459,526,65.751,33.181,Normal,0,0
A013,2025-01-05 21:00:00,A013-HYD,Hydraulic System,79.999,2.679,80.308,55.745,1787.128,149.44,23.78,76.771,409,57.415,39.973,Normal,0,0
A013,2025-01-06 02:00:00,A013-HYD,Hydraulic System,76.514,3.307,74.563,50.702,1912.084,150.347,23.582,78.278,246,73.094,30.5,Normal,0,1
A013,2025-01-06 09:00:00,A013-HYD,Hydraulic System,91.584,6.762,59.819,55.55,1876.634,142.326,23.664,75.066,342,58.357,17.49,Warning,1,1
A013,2025-01-06 10:00:00,A013-HYD,Hydraulic System,77.874,2.995,74.745,53.432,1726.55,151.079,24.226,74.239,249,44.312,23.927,Normal,0,0
A013,2025-01-06 11:00:00,A013-HYD,Hydraulic System,76.915,2.891,77.756,52.166,1881.654,156.303,23.092,74.375,563,63.085,33.234,Normal,0,0
A013,2025-01-06 15:00:00,A013-HYD,Hydraulic System,73.727,3.114,78.114,53.96,1879.181,146.642,24.314,75.223,491,61.043,33.757,Normal,0,0
A013,2025-01-06 16:00:00,A013-HYD,Hydraulic System,76.606,2.871,74.2,50.814,1773.779,146.95,23.677,80.597,377,62.805,32.089,Normal,0,0
A013,2025-01-06 17:00:00,A013-HYD,Hydraulic System,78.908,3.239,73.8,53.055,1698.379,140.523,23.886,79.955,304,61.176,33.549,Normal,0,1
A013,2025-01-06 19:00:00,A013-HYD,Hydraulic System,75.134,2.543,76.019,50.483,1872.413,155.041,24.359,76.308,554,66.827,27.187,Normal,0,0
A013,2025-01-07 00:00:00,A013-HYD,Hydraulic System,75.387,2.894,69.858,52.85,1890.535,151.924,23.577,77.35,585,62.619,32.528,Normal,0,0
A013,2025-01-07 03:00:00,A013-HYD,Hydraulic System,76.693,3.188,77.213,56.015,1856.403,150.164,23.188,79.093,551,53.922,35.085,Normal,0,0
A013,2025-01-07 08:00:00,A013-HYD,Hydraulic System,76.556,2.681,73.165,54.425,1782.408,151.337,23.636,79.18,362,55.97,23.868,Normal,0,0
A013,2025-01-07 09:00:00,A013-HYD,Hydraulic System,77.869,3.089,72.425,53.781,1815.411,143.467,23.265,78.557,635,62.149,22.89,Normal,0,0
A013,2025-01-07 16:00:00,A013-HYD,Hydraulic System,77.612,3.466,70.983,55.584,1824.134,149.506,23.486,83.184,549,57.123,27.208,Normal,0,0
A013,2025-01-07 18:00:00,A013-HYD,Hydraulic System,80.864,3.113,76.42,53.585,1918.324,144.931,22.971,78.292,637,62.835,32.188,Normal,0,0
A013,2025-01-07 21:00:00,A013-HYD,Hydraulic System,82.235,2.255,78.953,52.803,1724.426,147.287,23.324,78.131,615,64.655,20.7,Normal,0,0
A013,2025-01-07 23:00:00,A013-HYD,Hydraulic System,76.397,3.159,70.704,54.288,1636.073,149.152,23.807,78.841,320,68.309,31.226,Normal,0,0
A013,2025-01-08 00:00:00,A013-HYD,Hydraulic System,77.473,2.805,70.785,48.027,1950.622,154.719,23.2,76.319,305,75.553,19.401,Normal,0,0
A013,2025-01-08 01:00:00,A013-HYD,Hydraulic System,81.357,2.852,75.917,53.233,1690.502,156.059,23.245,78.366,398,70.482,36.202,Normal,0,0
A013,2025-01-08 05:00:00,A013-HYD,Hydraulic System,76.822,2.838,75.549,54.21,1838.039,147.85,23.296,78.284,545,73.07,28.256,Normal,0,1
A013,2025-01-08 06:00:00,A013-HYD,Hydraulic System,89.214,6.529,67.814,54.31,1806.721,135.61,23.411,83.875,557,56.62,27.187,Warning,1,1
A013,2025-01-08 10:00:00,A013-HYD,Hydraulic System,79.838,3.786,69.106,56.023,1821.781,151.953,23.261,79.087,379,74.662,29.754,Normal,0,0
A013,2025-01-08 11:00:00,A013-HYD,Hydraulic System,79.448,3.262,75.683,52.976,1799.998,151.639,23.968,77.797,559,74.105,26.157,Normal,0,0
A013,2025-01-08 14:00:00,A013-HYD,Hydraulic System,80.115,3.933,74.645,53.539,1811.307,149.586,23.935,78.699,542,59.1,43.11,Normal,0,0
A013,2025-01-08 19:00:00,A013-HYD,Hydraulic System,78.131,2.832,72.808,53.968,1859.044,153.283,23.658,77.559,393,70.555,28.571,Normal,0,0
A013,2025-01-09 01:00:00,A013-HYD,Hydraulic System,79.021,3.675,71.175,55.473,1913.9,148.291,22.991,82.439,472,72.803,32.742,Normal,0,1
A013,2025-01-09 09:00:00,A013-HYD,Hydraulic System,80.032,2.688,73.376,54.208,1836.667,147.012,24.003,79.304,530,69.829,28.426,Normal,0,0
A013,2025-01-09 12:00:00,A013-HYD,Hydraulic System,83.905,3.095,73.089,51.64,2032.456,149.314,23.38,81.941,377,69.003,29.139,Normal,0,0
A013,2025-01-09 19:00:00,A013-HYD,Hydraulic System,77.889,3.486,70.234,56.75,1754.737,146.256,23.63,78.822,327,57.406,35.764,Normal,0,0
A013,2025-01-09 21:00:00,A013-HYD,Hydraulic System,80.872,3.066,72.411,54.473,1614.861,152.692,23.343,74.689,627,68.077,27.834,Normal,0,1
A013,2025-01-10 05:00:00,A013-HYD,Hydraulic System,79.814,3.577,73.382,49.961,1784.485,148.788,23.433,79.416,652,63.305,26.675,Normal,0,0
A013,2025-01-10 08:00:00,A013-HYD,Hydraulic System,80.027,3.354,76.837,53.825,1810.761,145.781,23.516,81.492,645,64.201,34.711,Normal,0,1
A013,2025-01-10 16:00:00,A013-HYD,Hydraulic System,92.941,4.913,59.257,57.328,1843.626,142.157,23.423,79.336,483,65.476,21.289,Warning,1,1
A013,2025-01-10 20:00:00,A013-HYD,Hydraulic System,83.124,2.909,73.632,53.499,1814.863,146.155,23.348,75.048,490,78.116,23.319,Normal,0,1
A013,2025-01-10 23:00:00,A013-HYD,Hydraulic System,83.452,3.056,75.997,50.523,1665.309,145.668,23.422,81.759,392,78.694,26.15,Normal,0,0
A013,2025-01-11 01:00:00,A013-HYD,Hydraulic System,77.735,2.816,72.284,50.846,1830.405,142.176,24.311,83.143,628,62.611,26.144,Normal,0,1
A013,2025-01-11 07:00:00,A013-HYD,Hydraulic System,81.188,3.425,70.997,53.111,1691.558,150.867,23.213,79.8,594,66.198,33.532,Normal,0,1
A013,2025-01-11 16:00:00,A013-HYD,Hydraulic System,81.544,3.82,71.851,55.106,1695.071,148.393,23.353,86.115,656,64.052,23.995,Warning,1,0
A013,2025-01-12 00:00:00,A013-HYD,Hydraulic System,82.024,3.546,70.365,53.534,1715.192,152.228,23.499,79.702,749,80.928,30.973,Warning,1,1
A013,2025-01-12 07:00:00,A013-HYD,Hydraulic System,74.574,3.277,68.749,53.586,1766.308,148.493,23.356,79.764,531,67.436,27.234,Normal,0,0
A013,2025-01-12 09:00:00,A013-HYD,Hydraulic System,80.582,3.473,73.388,55.49,1836.056,147.489,22.985,81.178,756,69.283,33.506,Warning,1,0
A013,2025-01-12 10:00:00,A013-HYD,Hydraulic System,80.602,3.422,73.636,54.731,1831.131,154.061,22.522,83.781,699,62.543,29.916,Normal,0,0
A013,2025-01-12 22:00:00,A013-HYD,Hydraulic System,79.743,3.691,74.417,52.368,1837.756,144.263,22.825,83.073,735,79.057,34.06,Warning,1,0
A013,2025-01-13 02:00:00,A013-HYD,Hydraulic System,77.549,4.216,72.47,52.674,1815.638,143.227,23.65,82.738,664,72.59,35.34,Warning,1,1
A013,2025-01-13 09:00:00,A013-HYD,Hydraulic System,79.908,3.038,71.938,50.978,1827.035,149.412,22.774,82.928,454,51.023,22.537,Normal,0,0
A013,2025-01-13 11:00:00,A013-HYD,Hydraulic System,79.721,3.535,72.183,51.374,1735.86,141.344,23.811,81.541,617,62.292,21.159,Warning,1,0
A013,2025-01-14 01:00:00,A013-HYD,Hydraulic System,79.741,3.375,68.006,52.827,1808.166,150.656,23.365,82.017,784,71.431,26.755,Warning,1,0
A013,2025-01-14 04:00:00,A013-HYD,Hydraulic System,97.716,6.116,61.645,53.612,1744.537,129.755,23.422,83.144,672,83.366,25.445,Warning,1,1
A013,2025-01-14 07:00:00,A013-HYD,Hydraulic System,82.555,3.012,70.272,54.873,1672.103,142.572,23.081,79.667,805,87.938,32.919,Warning,1,1
A013,2025-01-14 08:00:00,A013-HYD,Hydraulic System,92.662,5.803,52.645,52.535,1942.389,146.531,22.974,82.447,595,60.969,35.311,Warning,1,1
A013,2025-01-14 11:00:00,A013-HYD,Hydraulic System,78.252,3.945,72.365,52.685,1832.88,139.158,23.214,83.902,578,77.139,32.194,Warning,1,1
A013,2025-01-15 03:00:00,A013-HYD,Hydraulic System,81.974,3.852,69.851,52.738,1784.705,152.683,23.448,83.707,647,68.045,27.198,Warning,1,1
A013,2025-01-15 04:00:00,A013-HYD,Hydraulic System,81.52,3.662,73.349,53.556,1806.194,145.293,22.911,85.362,721,77.046,28.717,Warning,1,1
A013,2025-01-15 07:00:00,A013-HYD,Hydraulic System,90.884,3.572,74.849,53.019,1765.157,145.683,23.287,82.838,739,59.171,34.199,Warning,1,1
A013,2025-01-15 08:00:00,A013-HYD,Hydraulic System,84.141,4.191,68.074,52.984,1999.211,149.495,22.97,83.408,523,71.171,30.413,Warning,1,0
A013,2025-01-15 12:00:00,A013-HYD,Hydraulic System,81.797,4.35,70.851,52.497,1826.865,145.113,23.688,87.805,838,84.954,35.555,Warning,1,1
A013,2025-01-15 13:00:00,A013-HYD,Hydraulic System,82.459,3.25,71.727,52.388,1878.417,148.673,23.383,82.402,615,61.68,40.231,Warning,1,1
A013,2025-01-15 23:00:00,A013-HYD,Hydraulic System,82.511,4.035,70.003,53.487,1817.803,145.587,22.316,82.833,568,90.967,29.799,Warning,1,1
A013,2025-01-16 00:00:00,A013-HYD,Hydraulic System,82.615,3.891,71.426,53.15,1943.321,143.123,22.422,83.439,763,72.021,31.321,Warning,1,0
A013,2025-01-16 01:00:00,A013-HYD,Hydraulic System,86.04,3.825,70.679,56.008,1659.481,146.522,22.903,84.271,720,81.218,26.206,Warning,1,1
A013,2025-01-16 03:00:00,A013-HYD,Hydraulic System,81.601,3.709,66.473,53.753,1810.126,141.907,22.867,85.62,747,77.04,26.892,Warning,1,1
A013,2025-01-16 05:00:00,A013-HYD,Hydraulic System,99.214,5.544,56.799,56.437,1893.135,133.363,23.456,86.129,630,82.526,27.427,Warning,1,1
A013,2025-01-16 06:00:00,A013-HYD,Hydraulic System,85.265,4.378,67.284,52.439,1873.522,151.36,23.606,81.353,828,71.024,29.955,Warning,1,1
A013,2025-01-16 08:00:00,A013-HYD,Hydraulic System,83.692,3.92,70.87,54.594,1802.576,147.073,22.401,82.559,717,71.027,32.887,Warning,1,0
A013,2025-01-16 09:00:00,A013-HYD,Hydraulic System,84.032,4.157,70.375,51.851,1841.641,152.088,22.932,81.777,673,65.953,28.598,Warning,1,1
A013,2025-01-16 20:00:00,A013-HYD,Hydraulic System,84.171,3.549,69.872,56.003,1893.732,146.914,22.546,82.134,780,75.208,26.963,Warning,1,0
A013,2025-01-16 23:00:00,A013-HYD,Hydraulic System,81.584,4.158,69.598,56.604,1826.303,146.742,22.687,86.959,757,73.923,38.644,Warning,1,1
A013,2025-01-17 03:00:00,A013-HYD,Hydraulic System,88.158,3.619,66.841,53.814,1780.373,150.002,22.741,85.965,763,65.26,25.326,Warning,1,1
A013,2025-01-17 07:00:00,A013-HYD,Hydraulic System,78.352,4.221,73.022,48.278,1772.51,141.367,22.913,87.448,855,75.987,27.469,Warning,1,0
A014,2025-01-01 00:00:00,A014-HYD,Hydraulic System,71.867,2.06,79.695,54.535,1785.222,139.579,23.618,76.015,352,36.809,25.093,Normal,0,0
A014,2025-01-01 02:00:00,A014-HYD,Hydraulic System,71.072,2.184,75.887,56.965,1747.958,149.562,24.518,80.862,417,52.008,21.292,Normal,0,0
A014,2025-01-01 16:00:00,A014-HYD,Hydraulic System,75.726,2.148,78.45,53.124,1771.89,150.061,24.333,75.933,120,57.897,18.576,Normal,0,0
A014,2025-01-01 17:00:00,A014-HYD,Hydraulic System,68.202,2.5,70.843,55.004,1885.287,146.422,23.962,77.278,399,55.075,22.202,Normal,0,0
A014,2025-01-01 19:00:00,A014-HYD,Hydraulic System,73.29,1.844,77.435,52.644,1825.607,157.012,24.072,75.272,248,47.746,27.1,Normal,0,0
A014,2025-01-01 20:00:00,A014-HYD,Hydraulic System,74.367,1.938,76.914,55.655,1746.158,158.721,23.857,76.766,364,37.032,26.919,Normal,0,0
A014,2025-01-02 01:00:00,A014-HYD,Hydraulic System,69.766,2.107,82.249,52.004,1647.524,150.775,23.676,73.642,412,54.898,30.456,Normal,0,0
A014,2025-01-02 04:00:00,A014-HYD,Hydraulic System,73.311,1.869,77.679,57.174,1812.029,148.651,24.114,76.332,216,66.564,30.204,Normal,0,0
A014,2025-01-02 11:00:00,A014-HYD,Hydraulic System,67.995,1.622,82.959,54.421,1678.269,159.312,23.624,76.927,504,44.059,33.969,Normal,0,0
A014,2025-01-02 12:00:00,A014-HYD,Hydraulic System,70.353,1.951,73.83,56.199,1900.46,146.827,23.163,76.626,503,51.63,24.998,Normal,0,0
A014,2025-01-02 20:00:00,A014-HYD,Hydraulic System,68.827,2.277,77.24,54.449,1779.405,153.864,24.293,75.124,539,40.292,25.146,Normal,0,0
A014,2025-01-03 01:00:00,A014-HYD,Hydraulic System,76.299,2.468,75.849,56.624,1745.004,151.281,23.581,73.568,319,45.122,16.487,Normal,0,0
A014,2025-01-03 07:00:00,A014-HYD,Hydraulic System,74.991,2.255,75.915,50.056,1718.112,146.519,23.947,77.186,239,63.086,24.048,Normal,0,1
A014,2025-01-03 09:00:00,A014-HYD,Hydraulic System,72.02,2.411,80.233,53.975,1691.76,153.064,23.696,79.988,221,59.77,32.646,Normal,0,0
A014,2025-01-03 15:00:00,A014-HYD,Hydraulic System,70.124,2.474,79.784,57.1,1795.541,146.484,23.777,78.518,189,65.055,35.886,Normal,0,0
A014,2025-01-03 19:00:00,A014-HYD,Hydraulic System,72.619,1.514,77.537,52.494,1772.99,151.916,24.435,73.858,169,50.414,30.085,Normal,0,0
A014,2025-01-03 22:00:00,A014-HYD,Hydraulic System,72.851,2.154,75.658,55.633,1601.154,150.63,23.287,77.1,273,63.222,25.58,Normal,0,0
A014,2025-01-04 01:00:00,A014-HYD,Hydraulic System,74.049,2.356,76.231,51.708,1741.369,146.159,23.286,77.26,463,46.789,30.202,Normal,0,0
A014,2025-01-04 04:00:00,A014-HYD,Hydraulic System,73.677,3.044,79.728,54.062,1733.746,151.63,23.934,76.47,537,31.001,25.208,Normal,0,0
A014,2025-01-04 06:00:00,A014-HYD,Hydraulic System,75.369,3.035,79.183,52.905,1830.904,154.446,23.241,79.145,470,56.942,39.45,Normal,0,0
A014,2025-01-04 14:00:00,A014-HYD,Hydraulic System,72.492,2.331,76.224,57.305,1817.248,142.288,23.513,76.226,218,56.901,39.011,Normal,0,0
A014,2025-01-04 15:00:00,A014-HYD,Hydraulic System,71.529,2.991,76.472,51.506,1832.189,143.97,23.97,76.387,560,51.13,16.272,Normal,0,0
A014,2025-01-04 20:00:00,A014-HYD,Hydraulic System,71.424,2.789,78.233,57.79,1839.241,141.759,23.188,76.865,324,60.36,31.604,Normal,0,0
A014,2025-01-05 03:00:00,A014-HYD,Hydraulic System,74.011,2.384,78.541,55.124,1801.678,151.436,23.676,77.499,502,59.378,34.005,Normal,0,0
A014,2025-01-05 04:00:00,A014-HYD,Hydraulic System,74.155,2.68,81.513,53.829,1801.982,146.499,23.633,76.145,330,45.804,20.222,Normal,0,0
A014,2025-01-05 06:00:00,A014-HYD,Hydraulic System,75.488,2.018,78.123,51.691,1849.89,136.242,23.059,77.656,525,55.076,28.737,Normal,0,0
A014,2025-01-05 09:00:00,A014-HYD,Hydraulic System,72.282,1.758,78.215,53.594,1905.724,152.539,23.34,80.671,242,39.626,32.324,Normal,0,0
A014,2025-01-05 22:00:00,A014-HYD,Hydraulic System,71.697,2.728,75.424,55.697,1748.165,146.824,24.034,75.895,578,43.868,25.326,Normal,0,0
A014,2025-01-06 03:00:00,A014-HYD,Hydraulic System,75.82,2.83,79.022,55.464,1849.09,145.831,23.552,75.62,391,51.827,32.135,Normal,0,0
A014,2025-01-06 07:00:00,A014-HYD,Hydraulic System,77.377,3.427,74.193,55.214,1812.469,151.011,24.081,81.019,386,52.088,21.707,Normal,0,0
A014,2025-01-06 09:00:00,A014-HYD,Hydraulic System,77.884,2.744,77.766,53.752,1819.799,148.736,23.627,80.229,431,55.8,26.855,Normal,0,1
A014,2025-01-06 11:00:00,A014-HYD,Hydraulic System,76.963,2.818,73.789,53.342,1727.129,145.706,23.574,79.208,619,50.494,26.828,Normal,0,1
A014,2025-01-06 12:00:00,A014-HYD,Hydraulic System,80.502,2.478,71.751,51.53,1620.621,154.948,23.579,76.218,452,60.877,38.561,Normal,0,0
A014,2025-01-06 21:00:00,A014-HYD,Hydraulic System,73.507,1.985,73.612,53.177,1841.369,153.409,23.91,78.881,388,50.335,19.978,Normal,0,0
A014,2025-01-07 03:00:00,A014-HYD,Hydraulic System,77.116,3.224,70.315,54.143,1885.797,152.87,23.401,79.455,349,63.209,36.272,Normal,0,0
A014,2025-01-07 11:00:00,A014-HYD,Hydraulic System,72.477,2.214,74.382,54.434,1718.686,144.985,23.251,77.525,458,62.547,28.126,Normal,0,0
A014,2025-01-07 17:00:00,A014-HYD,Hydraulic System,78.249,2.529,77.633,54.55,1841.377,151.313,23.197,77.075,596,67.265,28.323,Normal,0,0
A014,2025-01-07 18:00:00,A014-HYD,Hydraulic System,76.48,2.635,80.023,51.966,1624.042,142.05,23.251,79.972,472,56.499,31.655,Normal,0,0
A014,2025-01-07 20:00:00,A014-HYD,Hydraulic System,74.447,2.572,73.683,55.009,1948.055,156.967,23.827,79.045,625,66.19,31.65,Normal,0,0
A014,2025-01-08 02:00:00,A014-HYD,Hydraulic System,71.772,2.105,74.46,53.446,1699.457,142.401,23.641,78.626,277,65.232,23.12,Normal,0,0
A014,2025-01-08 04:00:00,A014-HYD,Hydraulic System,79.677,2.452,77.732,53.622,1684.265,144.153,23.341,81.416,571,50.614,20.997,Normal,0,0
A014,2025-01-08 05:00:00,A014-HYD,Hydraulic System,76.878,3.065,74.511,51.267,1918.095,145.478,23.708,78.589,481,64.211,31.51,Normal,0,0
A014,2025-01-08 13:00:00,A014-HYD,Hydraulic System,76.175,2.722,73.378,56.522,1792.5,147.065,23.367,77.989,630,74.072,28.116,Normal,0,0
A014,2025-01-08 16:00:00,A014-HYD,Hydraulic System,75.544,2.915,78.041,52.461,1674.258,145.921,23.757,79.677,650,64.807,23.287,Normal,0,1
A014,2025-01-08 17:00:00,A014-HYD,Hydraulic System,74.235,2.45,74.77,53.465,1687.681,147.296,22.927,78.295,361,48.961,29.317,Normal,0,0
A014,2025-01-08 22:00:00,A014-HYD,Hydraulic System,76.566,3.363,75.522,53.225,1786.642,147.781,23.565,77.862,524,68.682,36.238,Normal,0,0
A014,2025-01-09 04:00:00,A014-HYD,Hydraulic System,77.141,3.064,73.987,54.819,1737.551,143.866,23.234,82.749,594,55.78,27.346,Normal,0,0
A014,2025-01-09 10:00:00,A014-HYD,Hydraulic System,78.91,3.001,73.66,51.566,1820.577,145.135,23.525,78.046,491,51.932,35.376,Normal,0,1
A014,2025-01-09 11:00:00,A014-HYD,Hydraulic System,79.032,2.865,76.839,52.571,1704.386,144.556,23.539,78.099,506,75.319,23.196,Normal,0,0
A014,2025-01-09 13:00:00,A014-HYD,Hydraulic System,74.867,2.146,80.074,52.166,1784.192,151.891,23.503,77.264,518,51.632,34.401,Normal,0,0
A014,2025-01-09 15:00:00,A014-HYD,Hydraulic System,75.903,3.117,77.395,51.952,1810.399,148.667,23.282,81.201,447,47.975,31.719,Normal,0,0
A014,2025-01-09 16:00:00,A014-HYD,Hydraulic System,86.42,4.926,70.25,53.627,1688.927,142.562,23.076,79.051,483,68.313,28.807,Warning,1,1
A014,2025-01-10 02:00:00,A014-HYD,Hydraulic System,74.728,2.756,74.777,53.448,1672.09,150.323,23.85,83.177,627,56.217,34.25,Normal,0,0
A014,2025-01-10 03:00:00,A014-HYD,Hydraulic System,80.968,2.834,73.276,56.354,1790.917,135.26,23.497,78.872,321,59.551,32.966,Normal,0,0
A014,2025-01-10 04:00:00,A014-HYD,Hydraulic System,75.789,3.104,71.478,50.896,1830.149,149.367,23.278,81.739,340,94.115,22.551,Normal,0,0
A014,2025-01-10 07:00:00,A014-HYD,Hydraulic System,76.493,2.93,73.734,50.636,1877.418,142.757,23.614,77.914,482,63.461,24.878,Normal,0,0
A014,2025-01-10 14:00:00,A014-HYD,Hydraulic System,80.607,3.035,72.958,51.732,1950.561,146.388,23.361,81.594,360,40.414,25.421,Normal,0,0
A014,2025-01-10 16:00:00,A014-HYD,Hydraulic System,77.414,3.161,77.47,53.51,1818.81,149.36,22.683,77.939,541,64.381,25.219,Normal,0,0
A014,2025-01-10 20:00:00,A014-HYD,Hydraulic System,81.324,3.24,72.883,52.759,2051.8,141.275,22.635,78.417,436,65.321,35.685,Normal,0,0
A014,2025-01-10 23:00:00,A014-HYD,Hydraulic System,77.637,3.145,73.528,53.931,1732.393,142.535,23.108,79.139,604,61.453,33.909,Normal,0,1
A014,2025-01-11 01:00:00,A014-HYD,Hydraulic System,77.928,3.054,71.952,48.472,1929.874,149.402,23.666,81.495,473,72.471,22.283,Normal,0,0
A014,2025-01-11 06:00:00,A014-HYD,Hydraulic System,78.703,2.582,73.052,49.955,1828.459,142.089,23.113,80.64,732,52.407,29.72,Normal,0,0
A014,2025-01-11 11:00:00,A014-HYD,Hydraulic System,79.093,3.031,75.793,52.14,1693.498,146.033,23.335,82.496,561,62.335,34.215,Normal,0,1
A014,2025-01-11 16:00:00,A014-HYD,Hydraulic System,78.695,2.8,79.038,52.849,1885.211,144.317,23.414,82.089,614,64.136,40.145,Normal,0,1
A014,2025-01-12 02:00:00,A014-HYD,Hydraulic System,76.572,3.249,77.249,48.11,1707.726,148.256,23.044,81.975,655,67.781,27.941,Normal,0,0
A014,2025-01-12 03:00:00,A014-HYD,Hydraulic System,81.373,3.906,77.232,51.619,1770.465,139.732,23.0,80.596,404,68.486,24.319,Normal,0,0
A014,2025-01-12 11:00:00,A014-HYD,Hydraulic System,78.881,2.947,70.232,51.31,1752.59,148.99,22.979,82.095,377,66.934,27.296,Normal,0,0
A014,2025-01-12 17:00:00,A014-HYD,Hydraulic System,78.795,2.887,76.487,56.273,1739.484,147.678,23.311,78.538,711,65.351,21.294,Normal,0,0
A014,2025-01-12 19:00:00,A014-HYD,Hydraulic System,82.343,3.061,75.866,57.211,1802.671,146.937,23.389,77.744,515,54.897,27.246,Normal,0,1
A014,2025-01-12 20:00:00,A014-HYD,Hydraulic System,76.133,3.636,74.107,52.99,1844.149,143.989,23.065,79.935,687,48.256,28.818,Normal,0,0
A014,2025-01-13 05:00:00,A014-HYD,Hydraulic System,79.911,3.083,74.637,57.206,1971.739,145.6,22.385,81.23,526,67.619,31.426,Normal,0,0
A014,2025-01-13 07:00:00,A014-HYD,Hydraulic System,78.33,3.555,71.675,54.705,1866.773,145.867,22.956,84.927,637,73.215,38.212,Normal,0,0
A014,2025-01-13 08:00:00,A014-HYD,Hydraulic System,81.206,2.945,71.014,52.862,1631.19,138.254,23.072,87.708,402,67.546,28.117,Normal,0,0
A014,2025-01-13 17:00:00,A014-HYD,Hydraulic System,80.727,3.636,71.78,55.221,1723.482,144.322,23.398,84.057,670,70.851,35.55,Warning,1,1
A014,2025-01-13 18:00:00,A014-HYD,Hydraulic System,85.041,3.157,72.302,53.124,1860.044,148.803,22.134,86.184,760,80.142,36.262,Warning,1,1
A014,2025-01-13 19:00:00,A014-HYD,Hydraulic System,93.424,5.286,66.273,54.746,1606.345,136.464,22.652,84.537,725,60.027,28.585,Warning,1,0
A014,2025-01-13 22:00:00,A014-HYD,Hydraulic System,79.499,3.253,72.032,53.41,1783.364,149.107,23.474,81.509,537,69.147,21.832,Normal,0,0
A014,2025-01-13 23:00:00,A014-HYD,Hydraulic System,80.104,3.514,74.547,48.416,1816.47,144.853,22.898,85.567,513,53.521,29.734,Normal,0,0
A014,2025-01-14 06:00:00,A014-HYD,Hydraulic System,79.363,4.08,70.335,53.843,1779.572,141.481,23.323,81.943,438,64.443,35.415,Warning,1,0
A014,2025-01-14 08:00:00,A014-HYD,Hydraulic System,85.31,3.582,71.859,56.335,1636.334,149.2,22.151,86.012,764,59.917,28.469,Warning,1,0
A014,2025-01-14 15:00:00,A014-HYD,Hydraulic System,81.232,2.911,72.531,51.411,1839.851,147.51,22.793,80.559,585,64.91,37.749,Normal,0,0
A014,2025-01-14 16:00:00,A014-HYD,Hydraulic System,79.507,3.102,73.879,52.484,1754.694,147.786,23.585,85.679,598,69.666,13.099,Normal,0,0
A014,2025-01-14 17:00:00,A014-HYD,Hydraulic System,91.989,5.395,69.066,52.077,1775.589,139.582,22.643,82.55,710,57.738,33.113,Warning,1,1
A014,2025-01-14 18:00:00,A014-HYD,Hydraulic System,81.119,3.5,71.549,48.155,1752.073,146.392,22.69,83.194,801,77.409,27.131,Warning,1,1
A014,2025-01-15 02:00:00,A014-HYD,Hydraulic System,84.194,4.009,70.703,52.165,1924.469,148.716,22.78,81.076,577,63.85,34.115,Warning,1,0
A014,2025-01-15 07:00:00,A014-HYD,Hydraulic System,80.544,3.267,75.554,54.12,1657.244,147.813,22.949,81.024,726,62.961,28.92,Normal,0,0
A014,2025-01-15 10:00:00,A014-HYD,Hydraulic System,82.85,4.089,69.505,51.8,1891.172,141.477,23.368,83.719,681,63.374,21.42,Warning,1,1
A014,2025-01-15 22:00:00,A014-HYD,Hydraulic System,83.238,3.333,69.858,51.644,1964.249,149.047,23.59,81.345,571,73.634,28.138,Warning,1,1
A014,2025-01-16 01:00:00,A014-HYD,Hydraulic System,78.447,4.049,74.455,55.458,1786.161,141.577,22.852,87.901,780,63.992,29.133,Warning,1,0
A014,2025-01-16 05:00:00,A014-HYD,Hydraulic System,82.728,3.659,71.243,49.711,1842.551,148.789,23.719,82.937,526,62.572,24.163,Warning,1,0
A014,2025-01-16 07:00:00,A014-HYD,Hydraulic System,83.895,3.374,71.491,50.164,1707.422,137.68,22.678,86.733,719,82.411,32.837,Warning,1,0
A014,2025-01-16 11:00:00,A014-HYD,Hydraulic System,80.052,3.659,73.12,55.859,1776.974,139.221,23.052,80.796,628,84.139,33.79,Warning,1,1
A014,2025-01-16 17:00:00,A014-HYD,Hydraulic System,86.849,3.326,70.786,49.597,1861.766,138.132,22.627,81.83,763,69.13,39.278,Warning,1,1
A014,2025-01-17 04:00:00,A014-HYD,Hydraulic System,96.053,5.731,64.92,50.89,1776.898,139.415,22.7,85.863,548,71.75,35.092,Warning,1,1
A014,2025-01-17 07:00:00,A014-HYD,Hydraulic System,86.09,4.017,70.177,45.212,1890.603,137.829,23.013,83.318,544,76.417,24.963,Warning,1,0
A014,2025-01-17 08:00:00,A014-HYD,Hydraulic System,82.795,3.889,69.918,52.626,1764.31,146.914,22.961,86.559,540,63.256,29.543,Warning,1,0
A014,2025-01-17 15:00:00,A014-HYD,Hydraulic System,94.645,7.396,62.543,51.483,1869.74,134.806,23.226,83.653,848,66.301,28.056,Warning,1,1
A015,2025-01-01 00:00:00,A015-HYD,Hydraulic System,74.618,2.79,78.265,58.522,1880.088,144.298,24.255,75.677,400,57.902,22.5,Normal,0,0
A015,2025-01-01 01:00:00,A015-HYD,Hydraulic System,74.43,2.478,82.208,55.742,1862.447,152.303,24.024,75.26,404,52.536,18.067,Normal,0,0
A015,2025-01-01 02:00:00,A015-HYD,Hydraulic System,72.923,2.383,74.482,52.481,1746.541,150.788,24.125,74.02,336,42.62,26.667,Normal,0,0
A015,2025-01-01 03:00:00,A015-HYD,Hydraulic System,76.762,2.153,82.597,53.568,1779.938,151.895,23.975,71.684,335,55.114,30.389,Normal,0,0
A015,2025-01-01 06:00:00,A015-HYD,Hydraulic System,73.497,2.505,73.631,53.581,1798.8,149.128,23.585,75.835,381,57.854,28.097,Normal,0,0
A015,2025-01-01 08:00:00,A015-HYD,Hydraulic System,75.882,2.349,78.172,54.425,1691.133,143.231,24.388,76.799,437,56.644,34.991,Normal,0,0
A015,2025-01-01 16:00:00,A015-HYD,Hydraulic System,70.491,2.437,77.373,57.498,1799.09,151.957,23.186,74.605,379,59.515,39.442,Normal,0,0
A015,2025-01-01 19:00:00,A015-HYD,Hydraulic System,70.861,2.668,81.212,55.578,1700.422,151.898,23.887,75.749,445,46.383,26.19,Normal,0,0
A015,2025-01-01 20:00:00,A015-HYD,Hydraulic System,71.532,3.071,78.188,56.366,1787.486,141.729,24.234,75.281,315,57.507,29.644,Normal,0,0
A015,2025-01-02 02:00:00,A015-HYD,Hydraulic System,74.916,2.391,77.824,54.273,1806.925,154.836,24.242,78.516,396,57.303,20.951,Normal,0,0
A015,2025-01-02 04:00:00,A015-HYD,Hydraulic System,83.869,4.169,62.608,54.023,1909.135,143.403,23.644,74.982,216,52.835,31.569,Warning,1,1
A015,2025-01-02 07:00:00,A015-HYD,Hydraulic System,73.411,2.465,75.864,55.878,1855.529,148.637,23.706,74.821,151,60.076,25.988,Normal,0,0
A015,2025-01-02 17:00:00,A015-HYD,Hydraulic System,73.036,3.093,73.841,54.134,1875.516,147.469,24.151,74.817,460,55.188,33.355,Normal,0,0
A015,2025-01-02 20:00:00,A015-HYD,Hydraulic System,72.792,2.488,78.227,54.62,1960.934,151.971,23.621,77.004,367,56.884,36.983,Normal,0,0
A015,2025-01-03 06:00:00,A015-HYD,Hydraulic System,75.115,1.834,78.013,50.64,1963.433,148.548,23.536,76.76,494,49.09,17.854,Normal,0,0
A015,2025-01-03 07:00:00,A015-HYD,Hydraulic System,73.878,2.338,73.466,56.046,1846.111,149.139,24.193,76.226,461,65.303,37.38,Normal,0,0
A015,2025-01-03 08:00:00,A015-HYD,Hydraulic System,75.43,2.467,78.039,57.811,1791.886,144.821,24.077,76.383,513,68.715,30.271,Normal,0,0
A015,2025-01-03 15:00:00,A015-HYD,Hydraulic System,72.637,3.176,73.684,53.354,1684.44,147.302,24.173,73.728,200,60.637,25.615,Normal,0,0
A015,2025-01-03 22:00:00,A015-HYD,Hydraulic System,72.476,2.681,80.771,58.6,1984.071,148.604,24.041,77.004,476,50.735,20.979,Normal,0,0
A015,2025-01-04 03:00:00,A015-HYD,Hydraulic System,73.739,2.575,76.039,52.433,1803.406,148.905,24.158,79.209,249,58.58,28.136,Normal,0,1
A015,2025-01-04 06:00:00,A015-HYD,Hydraulic System,75.987,2.688,76.203,56.182,1846.484,155.277,23.265,81.133,559,65.321,27.788,Normal,0,0
A015,2025-01-04 13:00:00,A015-HYD,Hydraulic System,77.294,2.923,74.46,56.313,1775.658,145.793,23.678,76.386,340,46.365,16.817,Normal,0,0
A015,2025-01-04 17:00:00,A015-HYD,Hydraulic System,69.107,2.971,78.274,55.204,2010.121,147.449,23.42,79.593,554,68.455,35.491,Normal,0,0
A015,2025-01-04 19:00:00,A015-HYD,Hydraulic System,74.848,2.124,79.646,55.478,1834.904,140.381,23.678,80.36,191,68.977,28.912,Normal,0,0
A015,2025-01-04 20:00:00,A015-HYD,Hydraulic System,78.697,3.213,77.616,56.181,1721.413,151.99,23.68,75.492,587,70.84,29.411,Normal,0,0
A015,2025-01-05 08:00:00,A015-HYD,Hydraulic System,77.043,2.386,74.488,54.697,1805.031,144.374,23.393,77.337,323,65.397,40.501,Normal,0,0
A015,2025-01-05 19:00:00,A015-HYD,Hydraulic System,74.905,2.943,74.39,55.825,1781.439,147.901,23.622,81.378,287,57.179,42.823,Normal,0,0
A015,2025-01-06 05:00:00,A015-HYD,Hydraulic System,77.235,3.126,78.27,54.725,1792.551,150.586,23.596,79.178,564,60.26,36.594,Normal,0,0
A015,2025-01-06 06:00:00,A015-HYD,Hydraulic System,77.243,3.086,78.745,58.35,1917.164,150.237,23.533,79.029,478,66.581,32.701,Normal,0,0
A015,2025-01-06 09:00:00,A015-HYD,Hydraulic System,74.361,2.618,74.614,56.065,1878.056,146.32,23.916,81.271,530,54.381,33.835,Normal,0,0
A015,2025-01-06 10:00:00,A015-HYD,Hydraulic System,78.652,2.48,74.842,53.358,1804.797,147.764,23.358,82.085,385,40.368,33.013,Normal,0,0
A015,2025-01-06 17:00:00,A015-HYD,Hydraulic System,71.427,2.841,70.271,52.985,1793.397,157.505,23.854,76.366,406,63.092,32.11,Normal,0,0
A015,2025-01-06 23:00:00,A015-HYD,Hydraulic System,77.794,3.335,77.483,53.014,1822.481,152.759,23.649,76.928,629,73.417,30.126,Normal,0,0
A015,2025-01-07 03:00:00,A015-HYD,Hydraulic System,76.325,2.46,72.704,54.808,1922.903,148.341,23.385,79.935,359,71.532,35.614,Normal,0,0
A015,2025-01-07 04:00:00,A015-HYD,Hydraulic System,77.688,2.119,74.467,57.339,1742.414,140.89,23.323,77.297,270,70.989,43.168,Normal,0,0
A015,2025-01-07 09:00:00,A015-HYD,Hydraulic System,76.132,2.681,77.026,53.404,1827.586,144.397,23.124,80.825,317,63.046,30.784,Normal,0,0
A015,2025-01-07 18:00:00,A015-HYD,Hydraulic System,80.496,3.012,74.289,56.526,1829.327,150.374,24.254,79.463,526,46.241,30.863,Normal,0,0
A015,2025-01-07 20:00:00,A015-HYD,Hydraulic System,77.926,2.726,74.908,53.671,1686.278,150.16,23.457,79.736,320,64.742,35.009,Normal,0,0
A015,2025-01-07 21:00:00,A015-HYD,Hydraulic System,76.497,2.118,70.304,55.851,1747.395,152.02,23.186,78.599,271,63.424,37.109,Normal,0,0
A015,2025-01-08 00:00:00,A015-HYD,Hydraulic System,85.219,6.383,65.984,53.99,1780.365,124.123,23.102,78.351,610,74.039,20.589,Warning,1,0
A015,2025-01-08 03:00:00,A015-HYD,Hydraulic System,79.453,2.586,71.383,50.866,1951.572,146.754,23.99,79.127,630,77.962,36.162,Normal,0,0
A015,2025-01-08 07:00:00,A015-HYD,Hydraulic System,76.206,2.987,78.012,52.314,1922.881,149.209,23.599,76.035,598,67.263,29.677,Normal,0,0
A015,2025-01-08 11:00:00,A015-HYD,Hydraulic System,86.36,5.176,52.517,58.205,1807.275,122.154,24.324,74.668,287,46.057,25.518,Warning,1,0
A015,2025-01-08 14:00:00,A015-HYD,Hydraulic System,78.277,3.686,73.011,50.883,1897.356,148.319,23.444,78.736,301,71.662,27.25,Normal,0,1
A015,2025-01-08 18:00:00,A015-HYD,Hydraulic System,83.161,2.823,76.348,52.365,1651.005,145.925,23.203,79.881,534,62.128,25.007,Normal,0,0
A015,2025-01-08 21:00:00,A015-HYD,Hydraulic System,77.633,3.931,71.467,51.207,1751.354,149.166,23.764,81.311,414,62.025,35.616,Normal,0,1
A015,2025-01-08 22:00:00,A015-HYD,Hydraulic System,73.304,2.965,71.669,57.814,1716.089,138.619,23.786,74.002,686,62.009,34.071,Normal,0,1
A015,2025-01-09 04:00:00,A015-HYD,Hydraulic System,77.063,3.415,76.187,53.192,1863.677,147.111,23.429,80.809,495,67.715,31.195,Normal,0,0
A015,2025-01-09 10:00:00,A015-HYD,Hydraulic System,73.138,2.911,70.06,55.855,1713.395,143.487,23.167,81.72,656,72.582,25.974,Normal,0,0
A015,2025-01-09 14:00:00,A015-HYD,Hydraulic System,81.78,3.399,73.168,53.636,1733.794,142.645,23.036,78.229,595,64.247,33.915,Normal,0,0
A015,2025-01-09 17:00:00,A015-HYD,Hydraulic System,80.498,3.113,72.806,54.166,1729.406,150.26,23.288,79.87,481,66.692,34.156,Normal,0,0
A015,2025-01-10 01:00:00,A015-HYD,Hydraulic System,79.81,3.815,72.794,54.341,1806.899,151.617,23.572,80.325,517,74.177,33.052,Normal,0,1
A015,2025-01-10 07:00:00,A015-HYD,Hydraulic System,76.155,2.774,74.763,52.926,1765.652,151.533,23.137,77.444,530,73.267,29.697,Normal,0,0
A015,2025-01-10 08:00:00,A015-HYD,Hydraulic System,74.488,2.912,72.381,51.191,1885.998,146.943,23.244,82.549,703,62.258,31.928,Normal,0,0
A015,2025-01-10 10:00:00,A015-HYD,Hydraulic System,76.231,3.076,70.424,50.971,1689.331,143.256,23.502,80.085,716,67.938,28.975,Normal,0,1
A015,2025-01-10 11:00:00,A015-HYD,Hydraulic System,78.987,3.261,69.869,51.893,1866.154,144.951,23.23,81.868,600,68.991,30.02,Normal,0,1
A015,2025-01-10 13:00:00,A015-HYD,Hydraulic System,75.613,3.435,73.856,52.873,1852.118,142.382,23.034,78.605,555,61.934,35.154,Normal,0,0
A015,2025-01-10 16:00:00,A015-HYD,Hydraulic System,84.702,3.518,80.461,54.016,1657.653,149.859,23.411,81.799,532,66.633,34.391,Normal,0,1
A015,2025-01-10 17:00:00,A015-HYD,Hydraulic System,79.894,3.182,75.49,56.006,1973.956,147.609,23.381,81.404,648,61.179,34.434,Normal,0,1
A015,2025-01-10 22:00:00,A015-HYD,Hydraulic System,79.233,2.928,75.0,52.334,1825.156,150.078,22.912,79.316,438,56.352,28.257,Normal,0,1
A015,2025-01-11 00:00:00,A015-HYD,Hydraulic System,79.376,2.974,72.729,54.589,1828.162,141.108,22.697,78.435,557,76.129,40.944,Normal,0,0
A015,2025-01-11 04:00:00,A015-HYD,Hydraulic System,84.566,3.014,68.085,52.426,1727.09,139.535,23.411,78.462,427,56.791,34.101,Normal,0,0
A015,2025-01-11 05:00:00,A015-HYD,Hydraulic System,80.974,2.851,72.637,52.849,1607.221,149.05,23.264,82.334,592,58.155,40.573,Normal,0,1
A015,2025-01-11 06:00:00,A015-HYD,Hydraulic System,79.987,3.032,75.163,52.853,1886.94,146.458,24.022,81.038,677,63.187,31.623,Normal,0,0
A015,2025-01-11 09:00:00,A015-HYD,Hydraulic System,77.49,3.024,73.352,51.16,1685.046,145.249,23.908,77.851,422,73.873,31.642,Normal,0,0
A015,2025-01-11 13:00:00,A015-HYD,Hydraulic System,87.999,3.135,75.189,55.887,1918.317,147.815,23.491,79.422,508,82.937,24.605,Warning,1,1
A015,2025-01-11 14:00:00,A015-HYD,Hydraulic System,81.348,3.265,70.106,50.854,1906.928,148.937,22.783,82.627,528,66.239,22.111,Normal,0,0
A015,2025-01-11 22:00:00,A015-HYD,Hydraulic System,78.269,3.76,70.408,54.874,1762.233,141.681,23.363,80.587,557,77.942,36.533,Warning,1,0
A015,2025-01-12 00:00:00,A015-HYD,Hydraulic System,75.861,3.269,73.476,54.309,1757.341,146.557,23.615,84.412,439,72.071,34.444,Normal,0,1
A015,2025-01-12 03:00:00,A015-HYD,Hydraulic System,84.011,3.404,72.986,52.13,1852.304,143.077,23.449,84.847,567,62.954,36.944,Normal,0,0
A015,2025-01-12 04:00:00,A015-HYD,Hydraulic System,79.256,3.38,72.265,52.354,1909.496,145.863,23.334,86.094,569,68.925,27.957,Normal,0,0
A015,2025-01-12 14:00:00,A015-HYD,Hydraulic System,81.797,3.201,74.203,50.496,1827.116,141.642,23.016,83.229,713,61.17,32.344,Normal,0,0
A015,2025-01-12 17:00:00,A015-HYD,Hydraulic System,83.604,3.624,72.059,53.248,1909.274,154.559,23.186,82.191,455,73.665,37.265,Warning,1,1
A015,2025-01-12 21:00:00,A015-HYD,Hydraulic System,82.631,2.681,70.95,52.569,1909.085,146.108,23.644,85.768,399,75.435,30.97,Warning,1,0
A015,2025-01-12 22:00:00,A015-HYD,Hydraulic System,84.749,2.989,70.005,54.757,1956.926,149.414,23.598,82.573,509,84.699,31.414,Warning,1,0
A015,2025-01-13 03:00:00,A015-HYD,Hydraulic System,81.815,3.836,70.913,53.682,1819.558,145.086,22.682,80.384,671,79.431,21.921,Warning,1,0
A015,2025-01-13 04:00:00,A015-HYD,Hydraulic System,80.048,2.729,67.253,53.009,1659.094,140.29,23.143,82.446,718,75.155,31.151,Warning,1,1
A015,2025-01-13 08:00:00,A015-HYD,Hydraulic System,84.418,3.446,71.701,50.9,1776.48,155.992,23.739,82.963,582,56.205,32.616,Warning,1,0
A015,2025-01-13 13:00:00,A015-HYD,Hydraulic System,81.694,3.088,71.433,51.227,1730.524,141.162,23.09,82.02,679,69.638,29.357,Warning,1,1
A015,2025-01-13 18:00:00,A015-HYD,Hydraulic System,84.094,3.6,75.094,52.122,1679.417,143.23,22.763,84.753,478,87.431,32.452,Warning,1,0
A015,2025-01-13 19:00:00,A015-HYD,Hydraulic System,81.35,2.988,72.421,52.365,1873.778,149.13,22.885,84.705,617,62.641,43.177,Normal,0,0
A015,2025-01-14 09:00:00,A015-HYD,Hydraulic System,79.198,2.997,64.879,52.079,1738.623,142.98,22.632,81.898,489,64.2,30.459,Warning,1,0
A015,2025-01-14 10:00:00,A015-HYD,Hydraulic System,80.359,2.954,74.323,48.495,1749.555,149.108,23.468,82.725,640,68.461,40.499,Warning,1,0
A015,2025-01-14 15:00:00,A015-HYD,Hydraulic System,82.812,3.717,69.632,52.553,1818.542,149.1,23.273,85.735,694,67.449,30.902,Warning,1,1
A015,2025-01-14 20:00:00,A015-HYD,Hydraulic System,80.495,3.587,70.309,52.405,1745.567,141.603,22.384,85.158,777,73.83,35.101,Warning,1,1
A015,2025-01-14 21:00:00,A015-HYD,Hydraulic System,81.701,3.753,69.928,54.417,1924.433,151.029,23.54,81.028,784,83.334,30.434,Warning,1,0
A015,2025-01-15 06:00:00,A015-HYD,Hydraulic System,79.868,3.76,64.685,51.617,1747.14,142.501,23.022,81.47,502,61.621,32.423,Warning,1,1
A015,2025-01-15 07:00:00,A015-HYD,Hydraulic System,100.275,6.159,66.744,55.804,1829.331,128.309,23.008,79.779,521,73.239,36.696,Warning,1,1
A015,2025-01-15 11:00:00,A015-HYD,Hydraulic System,82.979,4.043,70.069,52.794,1945.619,140.836,22.63,84.273,553,60.89,32.549,Warning,1,1
A015,2025-01-15 16:00:00,A015-HYD,Hydraulic System,81.946,4.09,71.283,53.225,1833.36,138.583,22.865,85.604,558,56.576,19.745,Warning,1,1
A015,2025-01-15 19:00:00,A015-HYD,Hydraulic System,78.491,4.154,66.393,48.476,1786.08,148.948,22.855,85.186,490,76.799,32.875,Warning,1,1
A015,2025-01-16 03:00:00,A015-HYD,Hydraulic System,80.526,3.987,71.341,52.242,1696.544,147.356,23.361,86.823,593,79.517,34.202,Warning,1,0
A015,2025-01-16 10:00:00,A015-HYD,Hydraulic System,83.306,3.738,70.935,52.596,1757.655,155.977,23.012,83.367,750,73.042,33.606,Warning,1,1
A015,2025-01-16 11:00:00,A015-HYD,Hydraulic System,82.808,3.311,72.536,50.045,1867.531,142.973,23.188,86.841,804,70.086,25.798,Warning,1,0
A015,2025-01-16 14:00:00,A015-HYD,Hydraulic System,85.142,3.724,68.97,46.223,1764.73,145.862,22.664,83.297,579,56.443,23.048,Warning,1,0
A015,2025-01-16 15:00:00,A015-HYD,Hydraulic System,83.417,3.797,70.886,51.328,1874.226,152.45,22.382,81.879,653,79.042,32.93,Warning,1,0
A015,2025-01-16 17:00:00,A015-HYD,Hydraulic System,84.779,3.834,67.611,52.925,1811.085,143.201,23.764,82.048,794,80.489,32.938,Warning,1,0
A015,2025-01-16 20:00:00,A015-HYD,Hydraulic System,84.993,3.631,71.854,54.446,1735.716,144.074,22.863,82.96,507,72.713,27.529,Warning,1,0
A015,2025-01-16 21:00:00,A015-HYD,Hydraulic System,80.393,4.194,70.197,51.528,1877.92,140.343,22.967,84.149,872,77.013,30.25,Warning,1,1
A015,2025-01-17 00:00:00,A015-HYD,Hydraulic System,81.764,3.861,66.229,54.292,1773.879,147.14,22.044,79.563,763,91.023,47.283,Warning,1,0
A015,2025-01-17 04:00:00,A015-HYD,Hydraulic System,82.81,3.505,65.346,51.11,1727.455,139.286,23.176,82.923,702,80.635,25.553,Warning,1,1
A015,2025-01-17 07:00:00,A015-HYD,Hydraulic System,83.637,3.797,68.297,51.674,1929.372,154.408,22.995,84.079,879,69.953,26.193,Warning,1,1
A015,2025-01-17 08:00:00,A015-HYD,Hydraulic System,85.235,3.701,71.856,51.254,1729.243,142.22,23.422,84.646,683,85.911,31.585,Warning,1,1
A015,2025-01-17 13:00:00,A015-HYD,Hydraulic System,82.282,4.138,67.105,52.433,1840.122,150.321,22.089,88.137,650,87.465,32.659,Warning,1,1
A016,2025-01-01 00:00:00,A016-HYD,Hydraulic System,79.085,2.547,72.772,54.278,1686.977,158.594,23.755,77.527,241,61.025,24.233,Normal,0,0
A016,2025-01-01 01:00:00,A016-HYD,Hydraulic System,72.847,2.506,69.921,54.854,1903.335,142.955,24.283,74.591,287,44.27,31.732,Normal,0,0
A016,2025-01-01 12:00:00,A016-HYD,Hydraulic System,70.22,2.698,79.419,55.256,1839.336,155.331,23.784,73.416,253,52.04,30.875,Normal,0,0
A016,2025-01-01 16:00:00,A016-HYD,Hydraulic System,73.324,2.255,73.339,55.501,1737.925,143.405,24.054,81.145,208,62.443,29.807,Normal,0,0
A016,2025-01-01 23:00:00,A016-HYD,Hydraulic System,74.285,2.79,75.229,54.709,1916.814,148.753,24.373,75.401,467,58.117,34.45,Normal,0,0
A016,2025-01-02 02:00:00,A016-HYD,Hydraulic System,72.328,2.257,80.354,50.612,1972.647,151.997,23.026,74.368,194,58.501,26.596,Normal,0,0
A016,2025-01-02 08:00:00,A016-HYD,Hydraulic System,68.203,2.38,79.013,52.964,2017.655,151.511,24.687,73.596,342,45.624,28.804,Normal,0,0
A016,2025-01-02 11:00:00,A016-HYD,Hydraulic System,74.524,2.201,79.292,53.789,1854.442,146.889,23.225,78.958,280,60.126,28.041,Normal,0,0
A016,2025-01-02 15:00:00,A016-HYD,Hydraulic System,70.795,2.436,74.082,55.172,1810.461,155.061,23.27,78.235,439,64.819,27.293,Normal,0,0
A016,2025-01-02 16:00:00,A016-HYD,Hydraulic System,68.828,2.43,77.512,54.832,1801.99,142.971,23.705,75.214,448,48.665,35.539,Normal,0,0
A016,2025-01-02 17:00:00,A016-HYD,Hydraulic System,75.115,2.653,76.081,53.343,1724.466,144.793,23.76,72.993,477,63.067,26.63,Normal,0,1
A016,2025-01-02 19:00:00,A016-HYD,Hydraulic System,73.398,2.491,73.981,55.469,1905.4,149.168,23.554,73.836,323,75.357,27.791,Normal,0,1
A016,2025-01-02 20:00:00,A016-HYD,Hydraulic System,76.779,2.299,74.282,55.384,1740.494,151.618,23.636,75.892,277,61.237,27.693,Normal,0,0
A016,2025-01-03 01:00:00,A016-HYD,Hydraulic System,76.123,2.54,73.147,51.214,1823.78,148.097,23.908,81.275,175,62.741,29.769,Normal,0,0
A016,2025-01-03 05:00:00,A016-HYD,Hydraulic System,73.097,2.281,73.314,53.452,1744.619,146.281,24.147,75.739,536,55.969,33.737,Normal,0,0
A016,2025-01-03 09:00:00,A016-HYD,Hydraulic System,92.453,4.925,63.85,56.556,1844.383,136.67,23.607,76.932,288,60.43,31.84,Warning,1,0
A016,2025-01-03 10:00:00,A016-HYD,Hydraulic System,72.401,2.461,74.891,51.804,1812.745,145.781,23.456,80.799,209,66.348,40.406,Normal,0,0
A016,2025-01-03 11:00:00,A016-HYD,Hydraulic System,92.977,5.479,66.033,55.866,1662.902,133.241,23.739,78.153,247,66.063,33.169,Warning,1,0
A016,2025-01-03 14:00:00,A016-HYD,Hydraulic System,72.708,2.932,78.109,54.035,1739.974,154.571,23.359,74.924,368,48.603,26.622,Normal,0,0
A016,2025-01-04 03:00:00,A016-HYD,Hydraulic System,72.903,1.998,70.761,54.763,1842.107,149.765,23.626,77.508,291,43.21,19.933,Normal,0,0
A016,2025-01-04 13:00:00,A016-HYD,Hydraulic System,72.18,3.718,77.103,54.64,1963.132,142.212,23.659,75.892,197,54.672,30.154,Normal,0,0
A016,2025-01-04 15:00:00,A016-HYD,Hydraulic System,79.787,2.471,75.173,54.411,1914.778,147.769,24.21,77.742,403,52.355,24.105,Normal,0,0
A016,2025-01-04 18:00:00,A016-HYD,Hydraulic System,73.762,2.87,77.543,55.577,1628.871,150.42,23.244,79.346,317,67.489,23.154,Normal,0,0
A016,2025-01-04 20:00:00,A016-HYD,Hydraulic System,77.111,2.407,78.595,55.467,1707.807,151.672,23.545,78.958,539,68.21,32.599,Normal,0,1
A016,2025-01-05 00:00:00,A016-HYD,Hydraulic System,74.358,3.16,78.565,54.297,1881.797,145.894,23.828,79.519,292,72.153,24.258,Normal,0,0
A016,2025-01-05 01:00:00,A016-HYD,Hydraulic System,71.759,3.383,74.408,53.968,1913.158,145.534,23.83,74.854,239,66.984,34.735,Normal,0,0
A016,2025-01-05 02:00:00,A016-HYD,Hydraulic System,75.506,2.816,77.677,50.874,1973.226,149.886,24.526,78.133,551,60.233,33.581,Normal,0,0
A016,2025-01-05 03:00:00,A016-HYD,Hydraulic System,92.836,5.942,68.566,57.34,1567.122,146.93,23.591,79.018,448,69.801,23.864,Warning,1,1
A016,2025-01-05 04:00:00,A016-HYD,Hydraulic System,75.829,3.053,77.33,52.406,1798.806,150.004,22.977,79.394,416,58.159,30.49,Normal,0,0
A016,2025-01-05 07:00:00,A016-HYD,Hydraulic System,76.446,3.008,74.262,54.687,2009.396,146.766,23.303,81.78,227,61.764,36.072,Normal,0,0
A016,2025-01-05 10:00:00,A016-HYD,Hydraulic System,72.021,2.716,72.629,52.642,1851.908,151.339,23.483,78.211,474,56.305,28.262,Normal,0,1
A016,2025-01-05 11:00:00,A016-HYD,Hydraulic System,81.263,3.268,81.235,56.477,1828.515,139.952,24.046,80.396,575,50.989,32.861,Normal,0,0
A016,2025-01-05 14:00:00,A016-HYD,Hydraulic System,76.948,3.426,72.661,56.249,1881.467,143.66,24.152,75.29,591,48.533,25.798,Normal,0,0
A016,2025-01-05 19:00:00,A016-HYD,Hydraulic System,73.239,2.719,72.342,54.681,1682.349,152.255,23.468,78.898,217,54.565,34.039,Normal,0,0
A016,2025-01-05 22:00:00,A016-HYD,Hydraulic System,73.358,3.32,79.195,52.688,1855.687,151.287,23.888,76.688,406,57.58,34.021,Normal,0,0
A016,2025-01-06 00:00:00,A016-HYD,Hydraulic System,76.702,3.215,76.284,56.743,1759.5,145.034,23.191,78.224,498,62.999,42.242,Normal,0,0
A016,2025-01-06 18:00:00,A016-HYD,Hydraulic System,79.411,2.975,69.415,56.686,1838.378,151.961,23.482,78.424,452,70.447,32.176,Normal,0,0
A016,2025-01-07 01:00:00,A016-HYD,Hydraulic System,81.585,3.298,80.481,54.116,1768.672,144.747,23.725,77.73,460,54.689,36.621,Normal,0,0
A016,2025-01-07 07:00:00,A016-HYD,Hydraulic System,74.788,3.346,73.325,53.144,1649.719,141.513,23.84,76.302,644,76.892,39.971,Normal,0,0
A016,2025-01-07 10:00:00,A016-HYD,Hydraulic System,77.028,3.003,74.861,55.723,2008.06,147.021,23.389,79.062,529,68.57,35.486,Normal,0,0
A016,2025-01-07 12:00:00,A016-HYD,Hydraulic System,77.435,2.518,70.067,52.148,1925.277,153.633,23.969,79.642,277,67.231,27.946,Normal,0,1
A016,2025-01-07 14:00:00,A016-HYD,Hydraulic System,77.534,3.308,74.264,53.992,1756.125,142.733,23.588,77.09,315,70.788,34.201,Normal,0,0
A016,2025-01-08 00:00:00,A016-HYD,Hydraulic System,77.957,3.935,75.829,51.382,1867.507,145.635,23.407,77.191,479,58.576,33.625,Normal,0,1
A016,2025-01-08 02:00:00,A016-HYD,Hydraulic System,76.351,2.575,75.767,54.941,1718.268,146.142,23.184,80.223,455,55.913,25.721,Normal,0,0
A016,2025-01-08 09:00:00,A016-HYD,Hydraulic System,73.794,2.887,73.0,55.424,1800.665,145.584,23.497,80.293,515,63.078,38.128,Normal,0,0
A016,2025-01-08 12:00:00,A016-HYD,Hydraulic System,79.531,2.723,74.778,52.665,1779.129,151.172,23.263,78.269,428,72.243,25.906,Normal,0,0
A016,2025-01-08 15:00:00,A016-HYD,Hydraulic System,79.556,3.254,74.737,50.488,1838.053,141.305,23.357,83.453,564,69.277,31.633,Normal,0,0
A016,2025-01-08 17:00:00,A016-HYD,Hydraulic System,83.465,4.354,72.276,56.409,1880.712,150.765,23.179,77.734,532,61.045,27.872,Normal,0,0
A016,2025-01-09 01:00:00,A016-HYD,Hydraulic System,77.308,2.969,72.777,52.159,1864.513,142.742,22.786,79.518,377,76.0,27.34,Normal,0,0
A016,2025-01-09 02:00:00,A016-HYD,Hydraulic System,80.933,2.959,72.824,51.963,1967.335,141.409,23.074,81.619,500,79.019,29.899,Normal,0,0
A016,2025-01-09 07:00:00,A016-HYD,Hydraulic System,78.166,2.887,69.312,55.016,1696.667,149.328,24.203,78.096,555,69.472,27.968,Normal,0,0
A016,2025-01-09 08:00:00,A016-HYD,Hydraulic System,79.03,4.037,68.123,52.533,1841.11,151.022,23.357,82.529,496,66.32,30.679,Normal,0,1
A016,2025-01-09 10:00:00,A016-HYD,Hydraulic System,81.266,3.815,70.269,51.972,1899.816,143.429,23.961,79.03,614,64.773,28.141,Normal,0,0
A016,2025-01-09 13:00:00,A016-HYD,Hydraulic System,77.983,3.378,71.882,51.283,1831.009,140.773,22.815,78.486,345,69.279,25.643,Normal,0,0
A016,2025-01-09 14:00:00,A016-HYD,Hydraulic System,83.27,3.273,76.673,54.704,1764.706,143.583,23.439,77.553,528,64.449,29.27,Normal,0,0
A016,2025-01-09 15:00:00,A016-HYD,Hydraulic System,76.549,3.523,76.878,51.788,1812.954,157.773,23.12,77.267,376,68.052,24.672,Normal,0,0
A016,2025-01-09 23:00:00,A016-HYD,Hydraulic System,81.422,3.712,75.7,56.398,1781.824,142.689,23.317,86.226,622,66.395,20.936,Normal,0,0
A016,2025-01-10 00:00:00,A016-HYD,Hydraulic System,76.479,3.326,74.962,54.871,1887.294,141.606,22.964,80.516,425,76.424,28.179,Normal,0,1
A016,2025-01-10 03:00:00,A016-HYD,Hydraulic System,80.094,3.135,72.211,54.553,1720.76,142.356,23.726,81.556,458,59.379,30.566,Normal,0,1
A016,2025-01-10 05:00:00,A016-HYD,Hydraulic System,79.38,3.159,70.946,52.071,1822.742,146.148,23.205,78.169,504,85.414,30.73,Warning,1,0
A016,2025-01-10 06:00:00,A016-HYD,Hydraulic System,80.699,3.233,73.094,53.809,1780.562,146.825,23.696,78.61,687,81.137,32.924,Normal,0,1
A016,2025-01-10 07:00:00,A016-HYD,Hydraulic System,80.295,3.245,68.726,51.958,1807.581,149.219,23.362,81.44,395,65.423,33.3,Normal,0,0
A016,2025-01-10 09:00:00,A016-HYD,Hydraulic System,76.322,3.344,73.285,55.354,1788.899,145.498,23.12,79.425,607,60.869,24.121,Normal,0,0
A016,2025-01-11 00:00:00,A016-HYD,Hydraulic System,84.434,3.285,74.169,53.326,1914.278,147.816,23.07,83.079,633,64.34,31.567,Normal,0,0
A016,2025-01-11 05:00:00,A016-HYD,Hydraulic System,84.836,3.427,74.814,56.549,1767.258,152.18,22.869,79.397,486,60.751,19.253,Normal,0,0
A016,2025-01-11 08:00:00,A016-HYD,Hydraulic System,83.333,3.481,78.381,52.86,1728.66,144.0,23.004,79.573,664,80.963,28.72,Warning,1,0
A016,2025-01-11 11:00:00,A016-HYD,Hydraulic System,77.588,3.895,77.023,50.516,1674.197,149.125,23.808,82.813,674,62.889,38.077,Normal,0,0
A016,2025-01-11 16:00:00,A016-HYD,Hydraulic System,75.261,3.068,73.457,51.183,1713.532,150.132,22.998,82.151,358,67.331,31.783,Normal,0,0
A016,2025-01-11 18:00:00,A016-HYD,Hydraulic System,78.886,3.148,68.616,54.697,1816.537,152.453,23.289,80.336,700,69.041,28.915,Normal,0,1
A016,2025-01-11 20:00:00,A016-HYD,Hydraulic System,82.735,3.595,71.287,55.894,1793.931,143.842,23.071,82.272,561,77.531,33.332,Warning,1,0
A016,2025-01-12 02:00:00,A016-HYD,Hydraulic System,77.472,3.508,73.512,52.337,1839.017,144.226,23.629,78.123,730,67.849,32.843,Normal,0,1
A016,2025-01-12 06:00:00,A016-HYD,Hydraulic System,76.564,4.19,69.527,54.099,1826.358,147.166,23.036,79.012,612,81.969,25.283,Warning,1,1
A016,2025-01-12 08:00:00,A016-HYD,Hydraulic System,79.41,3.572,70.897,54.984,1731.012,142.415,23.223,81.655,526,82.393,29.871,Warning,1,0
A016,2025-01-12 09:00:00,A016-HYD,Hydraulic System,78.103,3.401,69.479,53.98,1790.2,151.188,22.83,81.901,499,71.357,29.233,Warning,1,0
A016,2025-01-12 11:00:00,A016-HYD,Hydraulic System,80.429,3.29,70.76,53.993,1807.92,145.609,22.758,81.061,696,57.51,26.104,Normal,0,0
A016,2025-01-12 18:00:00,A016-HYD,Hydraulic System,98.209,7.539,57.612,51.314,1805.726,132.377,22.794,83.615,708,64.168,29.26,Warning,1,1
A016,2025-01-13 01:00:00,A016-HYD,Hydraulic System,80.212,2.962,71.124,53.155,1837.939,150.438,23.308,82.882,644,75.912,27.163,Warning,1,0
A016,2025-01-13 05:00:00,A016-HYD,Hydraulic System,84.31,3.103,68.5,50.462,1660.581,148.558,23.179,79.777,681,56.733,25.571,Warning,1,0
A016,2025-01-13 08:00:00,A016-HYD,Hydraulic System,75.348,3.184,65.796,56.349,1735.447,147.956,22.672,81.14,652,67.216,31.417,Warning,1,0
A016,2025-01-13 12:00:00,A016-HYD,Hydraulic System,78.935,3.721,70.579,52.906,1817.819,143.06,23.131,79.684,594,89.78,27.443,Warning,1,1
A016,2025-01-13 17:00:00,A016-HYD,Hydraulic System,80.054,3.11,71.543,54.536,1757.372,147.736,22.882,82.307,744,67.513,31.484,Warning,1,0
A016,2025-01-13 18:00:00,A016-HYD,Hydraulic System,81.408,3.984,70.258,53.709,1754.534,147.75,23.291,85.257,802,66.315,32.443,Warning,1,1
A016,2025-01-13 19:00:00,A016-HYD,Hydraulic System,80.107,3.744,68.903,52.88,1801.159,148.756,22.912,79.715,741,79.903,27.193,Warning,1,0
A016,2025-01-13 20:00:00,A016-HYD,Hydraulic System,83.53,3.823,70.883,51.821,1795.969,138.929,23.42,80.981,508,68.452,28.011,Warning,1,0
A016,2025-01-14 01:00:00,A016-HYD,Hydraulic System,82.633,2.948,72.267,51.223,1799.899,141.523,23.518,81.033,638,66.966,35.701,Warning,1,0
A016,2025-01-14 04:00:00,A016-HYD,Hydraulic System,82.201,3.199,71.847,50.101,1858.725,143.945,22.654,88.444,486,73.901,35.286,Warning,1,1
A016,2025-01-14 07:00:00,A016-HYD,Hydraulic System,82.151,3.853,70.932,52.292,1624.179,149.091,23.363,82.015,815,80.719,31.253,Warning,1,0
A016,2025-01-14 08:00:00,A016-HYD,Hydraulic System,87.611,3.331,63.27,47.359,1840.077,136.941,22.818,85.24,550,53.207,28.796,Warning,1,0
A016,2025-01-14 10:00:00,A016-HYD,Hydraulic System,83.955,4.155,70.502,49.625,1719.809,146.809,22.904,80.594,693,73.088,26.303,Warning,1,1
A016,2025-01-14 16:00:00,A016-HYD,Hydraulic System,84.11,3.758,71.377,52.097,1765.805,142.507,23.557,84.738,699,76.147,29.648,Warning,1,0
A016,2025-01-14 20:00:00,A016-HYD,Hydraulic System,77.261,4.327,71.258,53.487,1769.07,147.163,22.76,83.276,731,59.72,20.635,Warning,1,1
A016,2025-01-15 01:00:00,A016-HYD,Hydraulic System,86.118,3.833,72.029,52.907,1801.786,149.481,23.615,79.248,444,66.3,30.3,Warning,1,0
A016,2025-01-15 02:00:00,A016-HYD,Hydraulic System,81.933,3.974,68.976,53.033,1738.806,147.73,23.209,78.067,778,88.821,39.538,Warning,1,1
A016,2025-01-15 05:00:00,A016-HYD,Hydraulic System,84.112,3.863,68.277,53.764,1777.114,153.181,22.976,83.162,740,84.839,30.421,Warning,1,0
A016,2025-01-15 18:00:00,A016-HYD,Hydraulic System,85.914,4.054,66.094,51.152,1780.458,146.103,22.582,81.079,639,67.003,26.208,Warning,1,1
A016,2025-01-16 01:00:00,A016-HYD,Hydraulic System,82.433,3.609,71.866,57.059,1723.484,140.76,23.196,85.664,780,68.058,28.514,Warning,1,1
A016,2025-01-16 10:00:00,A016-HYD,Hydraulic System,82.198,3.645,70.185,52.472,1795.405,146.912,22.573,87.278,529,74.032,38.404,Warning,1,1
A016,2025-01-16 11:00:00,A016-HYD,Hydraulic System,86.401,3.916,69.542,52.788,1798.106,153.212,22.707,86.824,709,70.571,28.53,Warning,1,1
A016,2025-01-16 12:00:00,A016-HYD,Hydraulic System,83.493,4.029,70.111,53.398,1906.434,140.779,22.514,83.198,750,73.034,31.05,Warning,1,0
A016,2025-01-16 13:00:00,A016-HYD,Hydraulic System,84.513,3.573,64.48,50.391,1899.757,134.98,23.278,83.191,582,83.429,24.894,Warning,1,1
A016,2025-01-16 17:00:00,A016-HYD,Hydraulic System,85.98,4.033,71.272,52.366,1695.436,143.669,22.706,84.483,516,73.685,39.031,Warning,1,0
A016,2025-01-16 18:00:00,A016-HYD,Hydraulic System,99.492,6.278,59.429,51.363,1707.937,128.682,23.584,84.141,679,69.471,34.968,Warning,1,0
A016,2025-01-16 20:00:00,A016-HYD,Hydraulic System,84.664,3.533,68.017,51.006,1759.087,144.905,22.602,83.106,491,84.195,30.022,Warning,1,1
A016,2025-01-16 21:00:00,A016-HYD,Hydraulic System,84.484,4.068,71.629,52.987,1702.609,142.974,23.256,83.896,585,76.424,33.388,Warning,1,0
A016,2025-01-17 02:00:00,A016-HYD,Hydraulic System,85.046,4.311,66.64,50.668,1856.441,141.969,22.188,85.942,811,71.262,34.399,Warning,1,1
A016,2025-01-17 03:00:00,A016-HYD,Hydraulic System,82.633,3.465,68.91,52.209,1742.271,139.991,22.759,87.748,881,79.476,26.763,Warning,1,0
A016,2025-01-17 04:00:00,A016-HYD,Hydraulic System,83.765,3.846,68.468,49.624,1859.517,136.726,22.605,83.247,670,73.082,37.299,Warning,1,0
A016,2025-01-17 08:00:00,A016-HYD,Hydraulic System,84.09,3.784,71.536,57.617,1654.087,140.64,22.487,84.151,815,70.007,33.06,Warning,1,1
A016,2025-01-17 11:00:00,A016-HYD,Hydraulic System,99.333,7.824,64.915,52.903,1818.38,139.172,22.272,84.681,808,70.581,37.526,Warning,1,1
A016,2025-01-17 13:00:00,A016-HYD,Hydraulic System,84.294,3.73,70.322,52.319,1719.485,143.105,22.436,85.385,585,69.98,30.477,Warning,1,0
A016,2025-01-17 14:00:00,A016-HYD,Hydraulic System,85.548,3.557,67.104,50.272,1794.142,149.389,22.562,84.332,564,87.783,23.148,Warning,1,1
A017,2025-01-01 00:00:00,A017-HYD,Hydraulic System,74.765,2.43,76.037,56.563,1854.127,141.801,24.064,76.097,339,55.582,32.627,Normal,0,0
A017,2025-01-01 04:00:00,A017-HYD,Hydraulic System,72.668,2.518,78.547,54.108,1696.419,141.229,23.721,72.903,209,44.595,24.633,Normal,0,0
A017,2025-01-01 05:00:00,A017-HYD,Hydraulic System,69.77,2.82,77.493,56.192,1795.703,154.999,23.985,74.703,191,65.876,29.131,Normal,0,0
A017,2025-01-01 09:00:00,A017-HYD,Hydraulic System,74.602,2.368,74.359,52.678,1956.783,144.493,23.514,70.66,194,61.745,25.265,Normal,0,0
A017,2025-01-01 10:00:00,A017-HYD,Hydraulic System,71.919,2.657,78.833,57.355,1897.769,152.092,23.961,76.418,164,46.383,28.113,Normal,0,0
A017,2025-01-01 18:00:00,A017-HYD,Hydraulic System,73.215,2.45,76.179,56.853,1970.383,145.757,24.23,75.53,405,57.698,33.252,Normal,0,0
A017,2025-01-01 20:00:00,A017-HYD,Hydraulic System,76.691,3.28,76.223,57.476,1768.424,151.857,24.276,77.016,375,60.545,30.222,Normal,0,0
A017,2025-01-02 04:00:00,A017-HYD,Hydraulic System,89.695,6.731,59.961,56.133,1875.795,133.395,24.346,77.579,380,64.679,23.643,Warning,1,0
A017,2025-01-02 05:00:00,A017-HYD,Hydraulic System,75.118,2.869,75.092,57.449,1837.273,150.37,23.992,74.903,240,50.508,30.043,Normal,0,0
A017,2025-01-02 10:00:00,A017-HYD,Hydraulic System,74.244,2.641,77.547,54.452,1730.615,149.569,23.562,75.72,206,66.118,23.917,Normal,0,1
A017,2025-01-02 17:00:00,A017-HYD,Hydraulic System,75.989,2.843,75.117,53.506,1733.984,142.615,24.381,76.63,410,50.843,32.702,Normal,0,0
A017,2025-01-03 01:00:00,A017-HYD,Hydraulic System,74.33,3.49,71.422,53.172,1828.722,150.963,23.887,76.761,443,54.172,28.287,Normal,0,0
A017,2025-01-03 02:00:00,A017-HYD,Hydraulic System,73.227,2.308,77.443,53.438,2016.854,147.51,23.689,78.881,486,67.179,29.016,Normal,0,0
A017,2025-01-03 05:00:00,A017-HYD,Hydraulic System,72.66,3.045,75.034,60.519,1752.302,143.19,23.771,80.877,318,62.458,29.654,Normal,0,0
A017,2025-01-03 07:00:00,A017-HYD,Hydraulic System,70.899,2.915,70.917,53.85,1857.758,157.59,23.488,74.714,409,46.201,26.383,Normal,0,0
A017,2025-01-03 09:00:00,A017-HYD,Hydraulic System,76.161,2.78,73.028,52.812,1805.906,152.315,23.972,76.023,346,70.947,37.815,Normal,0,0
A017,2025-01-03 11:00:00,A017-HYD,Hydraulic System,71.352,2.258,77.16,53.267,1636.447,151.378,23.862,80.353,444,50.118,25.041,Normal,0,0
A017,2025-01-03 13:00:00,A017-HYD,Hydraulic System,76.849,2.555,76.903,53.136,1825.141,148.16,23.707,79.614,428,52.502,32.168,Normal,0,0
A017,2025-01-03 15:00:00,A017-HYD,Hydraulic System,70.387,3.549,74.232,49.739,1825.973,142.472,24.256,78.995,373,58.246,24.424,Normal,0,0
A017,2025-01-04 03:00:00,A017-HYD,Hydraulic System,75.158,3.327,74.682,56.772,1784.601,150.712,23.551,78.863,311,60.5,30.635,Normal,0,0
A017,2025-01-04 05:00:00,A017-HYD,Hydraulic System,76.969,3.617,77.671,53.786,1857.596,153.969,23.199,74.929,532,68.499,22.635,Normal,0,1
A017,2025-01-04 06:00:00,A017-HYD,Hydraulic System,75.849,3.373,76.782,58.827,1699.226,146.919,23.743,79.553,524,67.05,27.973,Normal,0,0
A017,2025-01-04 09:00:00,A017-HYD,Hydraulic System,76.991,3.089,75.11,53.268,1726.976,150.512,23.977,78.981,377,60.111,30.398,Normal,0,0
A017,2025-01-04 10:00:00,A017-HYD,Hydraulic System,77.679,3.262,77.108,51.662,1661.028,145.299,23.384,81.274,563,64.32,23.672,Normal,0,1
A017,2025-01-04 15:00:00,A017-HYD,Hydraulic System,76.157,2.703,72.478,51.269,1703.217,138.434,23.759,80.052,225,63.099,29.932,Normal,0,0
A017,2025-01-04 18:00:00,A017-HYD,Hydraulic System,81.163,3.095,75.087,51.462,1799.835,146.541,23.396,76.819,586,79.995,33.491,Normal,0,1
A017,2025-01-04 20:00:00,A017-HYD,Hydraulic System,76.41,2.895,74.199,54.274,1944.325,147.927,24.16,77.171,528,56.221,28.595,Normal,0,0
A017,2025-01-04 23:00:00,A017-HYD,Hydraulic System,93.54,6.556,65.41,53.032,1836.049,143.355,23.294,82.218,236,75.205,30.732,Warning,1,1
A017,2025-01-05 02:00:00,A017-HYD,Hydraulic System,76.436,2.951,71.646,53.222,1795.386,152.452,23.572,75.643,294,74.21,33.466,Normal,0,0
A017,2025-01-05 11:00:00,A017-HYD,Hydraulic System,82.894,2.225,69.822,50.684,1775.119,140.884,22.892,76.278,289,57.046,28.445,Normal,0,0
A017,2025-01-05 16:00:00,A017-HYD,Hydraulic System,74.946,3.665,75.76,55.35,1854.808,151.047,23.516,77.633,318,66.064,27.574,Normal,0,0
A017,2025-01-05 18:00:00,A017-HYD,Hydraulic System,75.17,3.092,75.651,50.68,1726.728,156.222,23.735,75.573,403,64.508,20.634,Normal,0,0
A017,2025-01-05 20:00:00,A017-HYD,Hydraulic System,79.545,2.725,73.817,55.759,1959.177,152.772,23.47,78.807,302,61.605,26.253,Normal,0,0
A017,2025-01-06 04:00:00,A017-HYD,Hydraulic System,78.244,2.606,76.195,58.678,1719.539,149.857,23.733,75.03,287,44.597,23.221,Normal,0,0
A017,2025-01-06 05:00:00,A017-HYD,Hydraulic System,75.284,2.755,72.043,50.304,1720.347,150.281,23.546,77.309,421,70.718,24.366,Normal,0,1
A017,2025-01-06 08:00:00,A017-HYD,Hydraulic System,69.726,3.363,76.525,57.641,1914.644,150.004,23.888,77.488,612,59.815,32.188,Normal,0,0
A017,2025-01-06 17:00:00,A017-HYD,Hydraulic System,79.414,3.19,68.806,57.852,1851.222,147.253,23.765,77.802,275,73.533,36.746,Normal,0,0
A017,2025-01-06 18:00:00,A017-HYD,Hydraulic System,80.472,3.712,72.844,56.879,1750.614,145.136,23.716,76.979,367,49.689,29.053,Normal,0,1
A017,2025-01-06 23:00:00,A017-HYD,Hydraulic System,74.599,3.227,71.5,56.423,1810.897,152.037,23.61,75.364,256,61.058,38.68,Normal,0,1
A017,2025-01-07 00:00:00,A017-HYD,Hydraulic System,76.565,2.683,76.193,56.03,1804.011,142.412,23.382,78.95,474,71.484,25.052,Normal,0,0
A017,2025-01-07 03:00:00,A017-HYD,Hydraulic System,77.008,3.149,71.858,53.133,1858.511,148.515,23.535,78.666,617,63.588,34.953,Normal,0,1
A017,2025-01-07 04:00:00,A017-HYD,Hydraulic System,94.323,5.068,69.623,55.928,1818.962,140.626,23.939,82.619,440,53.573,27.627,Warning,1,1
A017,2025-01-07 14:00:00,A017-HYD,Hydraulic System,71.656,3.352,76.045,55.954,1869.107,151.312,23.418,75.789,633,57.495,28.474,Normal,0,0
A017,2025-01-07 21:00:00,A017-HYD,Hydraulic System,81.08,3.554,75.252,56.455,1628.989,151.28,23.533,79.398,565,62.507,27.898,Normal,0,1
A017,2025-01-07 23:00:00,A017-HYD,Hydraulic System,77.354,3.346,73.022,51.892,1765.51,148.786,22.65,79.262,486,59.431,28.698,Normal,0,0
A017,2025-01-08 00:00:00,A017-HYD,Hydraulic System,76.235,2.995,71.953,49.471,1642.775,150.062,23.285,82.773,427,59.139,39.234,Normal,0,0
A017,2025-01-08 08:00:00,A017-HYD,Hydraulic System,83.673,3.734,71.103,53.364,1904.135,150.493,23.521,77.461,386,60.3,30.526,Normal,0,0
A017,2025-01-08 14:00:00,A017-HYD,Hydraulic System,79.071,2.994,75.844,51.304,1830.486,147.745,23.364,83.533,677,72.634,35.54,Normal,0,0
A017,2025-01-09 00:00:00,A017-HYD,Hydraulic System,81.574,3.276,70.622,57.172,1842.163,142.03,23.475,81.191,482,77.101,40.694,Warning,1,0
A017,2025-01-09 01:00:00,A017-HYD,Hydraulic System,82.795,3.079,72.909,52.587,1771.624,146.669,23.501,79.549,473,55.388,36.139,Normal,0,0
A017,2025-01-09 09:00:00,A017-HYD,Hydraulic System,88.862,3.647,73.484,55.547,1905.028,148.827,23.378,78.868,548,70.55,35.721,Warning,1,1
A017,2025-01-09 10:00:00,A017-HYD,Hydraulic System,78.43,3.317,69.224,55.635,1846.668,146.378,23.247,78.111,548,69.519,37.48,Normal,0,0
A017,2025-01-09 17:00:00,A017-HYD,Hydraulic System,79.521,3.074,74.028,52.95,1679.715,147.688,22.671,80.37,443,70.265,27.772,Normal,0,1
A017,2025-01-10 06:00:00,A017-HYD,Hydraulic System,79.184,2.623,71.546,52.908,1894.59,143.809,23.697,80.131,646,75.225,33.859,Normal,0,1
A017,2025-01-10 08:00:00,A017-HYD,Hydraulic System,82.558,3.401,72.431,53.635,1887.165,145.241,23.99,82.872,519,67.62,30.384,Warning,1,0
A017,2025-01-10 09:00:00,A017-HYD,Hydraulic System,82.596,3.663,70.502,53.523,1712.453,154.133,23.603,80.501,707,71.869,34.163,Warning,1,0
A017,2025-01-10 10:00:00,A017-HYD,Hydraulic System,77.54,3.643,77.998,50.019,1882.584,142.297,22.84,79.869,426,74.62,32.847,Normal,0,1
A017,2025-01-10 15:00:00,A017-HYD,Hydraulic System,80.362,3.172,67.718,53.713,1750.383,147.773,23.626,79.413,417,87.621,29.443,Warning,1,1
A017,2025-01-10 16:00:00,A017-HYD,Hydraulic System,78.449,3.699,77.84,51.085,1590.587,144.658,23.408,80.98,505,67.359,35.372,Normal,0,1
A017,2025-01-10 19:00:00,A017-HYD,Hydraulic System,82.607,3.835,76.699,54.671,1803.218,145.417,23.049,80.049,553,72.642,35.828,Warning,1,0
A017,2025-01-10 21:00:00,A017-HYD,Hydraulic System,81.72,2.891,69.182,53.034,1945.395,152.34,23.043,82.869,658,63.904,16.905,Normal,0,1
A017,2025-01-11 01:00:00,A017-HYD,Hydraulic System,79.763,3.678,72.022,50.232,1882.172,144.288,23.053,83.174,405,72.689,29.212,Warning,1,0
A017,2025-01-11 08:00:00,A017-HYD,Hydraulic System,83.498,3.808,71.038,52.687,1738.695,145.589,23.219,81.858,505,72.642,25.981,Warning,1,0
A017,2025-01-11 14:00:00,A017-HYD,Hydraulic System,89.405,6.761,68.258,55.622,1693.52,130.206,22.926,77.474,677,67.225,32.408,Warning,1,1
A017,2025-01-11 15:00:00,A017-HYD,Hydraulic System,82.656,3.46,73.494,50.359,1871.398,149.004,23.305,81.563,707,85.631,35.415,Warning,1,0
A017,2025-01-11 18:00:00,A017-HYD,Hydraulic System,83.456,3.239,73.302,53.764,1689.705,146.575,23.263,81.596,704,86.755,24.693,Warning,1,1
A017,2025-01-11 19:00:00,A017-HYD,Hydraulic System,83.566,3.879,70.983,51.583,1692.549,149.021,22.935,78.128,556,80.726,28.173,Warning,1,0
A017,2025-01-11 20:00:00,A017-HYD,Hydraulic System,80.956,4.225,70.437,46.989,1778.381,146.779,23.68,81.403,456,68.935,29.244,Warning,1,0
A017,2025-01-11 23:00:00,A017-HYD,Hydraulic System,81.187,3.929,73.164,52.003,1647.902,149.223,22.749,81.34,748,76.928,39.773,Warning,1,1
A017,2025-01-12 00:00:00,A017-HYD,Hydraulic System,78.647,3.527,70.014,53.26,1812.413,141.577,23.433,79.631,428,74.093,39.712,Warning,1,1
A017,2025-01-12 22:00:00,A017-HYD,Hydraulic System,93.702,5.845,63.276,49.249,1709.575,133.884,23.294,82.879,644,79.302,28.273,Warning,1,1
A017,2025-01-13 14:00:00,A017-HYD,Hydraulic System,85.27,3.841,66.415,48.254,1754.378,142.779,23.065,80.206,801,65.792,19.713,Warning,1,1
A017,2025-01-13 18:00:00,A017-HYD,Hydraulic System,81.866,3.842,72.555,51.118,1804.568,141.351,23.25,82.753,584,80.413,35.024,Warning,1,1
A017,2025-01-13 19:00:00,A017-HYD,Hydraulic System,81.337,3.401,73.934,51.858,1761.822,145.144,23.256,81.723,411,69.161,30.763,Warning,1,0
A017,2025-01-13 21:00:00,A017-HYD,Hydraulic System,82.621,3.812,69.45,53.209,1820.066,150.88,23.098,82.059,486,78.752,21.103,Warning,1,1
A017,2025-01-14 02:00:00,A017-HYD,Hydraulic System,79.316,4.245,68.001,50.278,1788.354,154.282,22.816,81.5,810,83.447,31.157,Warning,1,1
A017,2025-01-14 07:00:00,A017-HYD,Hydraulic System,87.722,3.936,69.364,50.264,1708.46,140.823,23.438,85.33,792,67.25,36.085,Warning,1,0
A017,2025-01-14 13:00:00,A017-HYD,Hydraulic System,83.58,4.137,73.589,57.109,1724.075,148.733,23.36,82.954,822,71.446,35.88,Warning,1,1
A017,2025-01-14 17:00:00,A017-HYD,Hydraulic System,82.346,4.218,67.618,50.776,1786.831,144.678,22.397,82.192,778,81.27,28.071,Warning,1,1
A017,2025-01-14 18:00:00,A017-HYD,Hydraulic System,84.868,4.328,68.845,52.003,1856.988,145.257,23.23,84.71,804,68.3,24.413,Warning,1,1
A017,2025-01-14 20:00:00,A017-HYD,Hydraulic System,84.071,4.287,69.155,52.519,1771.865,140.898,23.25,83.462,810,87.063,39.731,Warning,1,1
A017,2025-01-15 01:00:00,A017-HYD,Hydraulic System,88.54,4.5,73.833,51.586,1893.425,154.381,22.853,83.002,791,73.84,31.111,Warning,1,1
A017,2025-01-15 02:00:00,A017-HYD,Hydraulic System,83.647,4.282,62.425,53.243,1779.782,143.18,22.371,84.685,742,75.013,32.287,Warning,1,0
A017,2025-01-15 03:00:00,A017-HYD,Hydraulic System,83.354,3.235,69.836,55.791,1575.6,142.92,22.922,83.087,670,87.906,27.864,Warning,1,0
A017,2025-01-15 04:00:00,A017-HYD,Hydraulic System,88.058,3.875,73.284,52.639,1686.265,150.204,22.972,86.36,597,84.082,34.662,Warning,1,0
A017,2025-01-15 05:00:00,A017-HYD,Hydraulic System,80.582,3.499,67.557,49.99,1790.248,145.823,22.793,81.028,622,70.894,31.137,Warning,1,1
A017,2025-01-15 06:00:00,A017-HYD,Hydraulic System,85.045,4.154,66.142,51.517,1650.752,149.007,23.752,85.354,643,76.421,30.783,Warning,1,1
A017,2025-01-15 10:00:00,A017-HYD,Hydraulic System,89.195,4.23,71.606,52.671,1930.385,147.133,23.361,83.008,562,83.42,32.144,Warning,1,0
A017,2025-01-15 12:00:00,A017-HYD,Hydraulic System,87.474,3.958,73.188,55.235,1813.884,143.206,22.831,83.876,510,75.51,25.112,Warning,1,1
A017,2025-01-15 19:00:00,A017-HYD,Hydraulic System,89.223,4.428,65.467,50.038,1929.133,145.182,22.419,85.785,743,90.75,37.458,Warning,1,0
A017,2025-01-15 23:00:00,A017-HYD,Hydraulic System,85.559,4.001,71.21,53.654,1811.483,151.099,23.525,86.542,652,84.808,30.583,Warning,1,1
A017,2025-01-16 01:00:00,A017-HYD,Hydraulic System,86.494,4.281,64.995,54.217,1780.847,140.009,22.973,83.254,644,85.622,33.069,Warning,1,1
A017,2025-01-16 02:00:00,A017-HYD,Hydraulic System,94.294,6.245,67.022,53.381,1725.345,137.034,23.058,86.372,841,78.004,33.378,Warning,1,1
A017,2025-01-16 08:00:00,A017-HYD,Hydraulic System,85.59,3.784,65.33,51.945,1861.624,145.313,22.68,85.337,678,77.731,25.647,Warning,1,1
A017,2025-01-16 19:00:00,A017-HYD,Hydraulic System,82.204,4.186,71.225,52.1,1779.034,145.305,22.538,84.064,780,93.575,29.367,Warning,1,0
A017,2025-01-16 23:00:00,A017-HYD,Hydraulic System,85.322,3.635,69.086,47.715,1860.54,148.306,22.584,84.689,798,76.656,28.009,Warning,1,1
A017,2025-01-17 02:00:00,A017-HYD,Hydraulic System,104.011,7.653,51.727,54.295,1852.158,126.996,23.41,84.094,741,71.879,23.617,Warning,1,1
A017,2025-01-17 07:00:00,A017-HYD,Hydraulic System,88.176,3.774,67.802,51.914,1788.415,147.466,23.26,83.602,669,76.959,31.493,Warning,1,1
A017,2025-01-17 09:00:00,A017-HYD,Hydraulic System,86.734,3.962,67.578,52.178,1845.461,148.219,23.071,84.17,540,82.523,23.684,Warning,1,1
A017,2025-01-17 15:00:00,A017-HYD,Hydraulic System,83.076,4.33,67.684,51.125,1546.782,146.073,23.212,82.605,558,83.433,32.498,Warning,1,1
A018,2025-01-01 11:00:00,A018-HYD,Hydraulic System,69.991,1.801,78.153,50.517,1815.899,152.152,24.429,75.827,212,39.206,26.538,Normal,0,0
A018,2025-01-01 14:00:00,A018-HYD,Hydraulic System,72.95,1.519,78.177,57.692,1866.24,148.432,24.107,76.942,354,62.522,27.826,Normal,0,0
A018,2025-01-01 17:00:00,A018-HYD,Hydraulic System,69.803,2.074,80.122,55.533,2081.522,145.91,23.979,74.894,399,52.15,34.338,Normal,0,1
A018,2025-01-02 08:00:00,A018-HYD,Hydraulic System,76.307,1.851,75.896,56.379,1810.115,152.304,23.782,77.57,208,39.182,39.803,Normal,0,0
A018,2025-01-02 20:00:00,A018-HYD,Hydraulic System,69.642,1.592,76.962,54.649,1790.958,149.516,23.123,76.496,325,62.527,26.021,Normal,0,0
A018,2025-01-03 04:00:00,A018-HYD,Hydraulic System,70.721,2.316,80.039,57.791,1717.647,150.129,23.876,75.747,370,58.887,41.401,Normal,0,0
A018,2025-01-03 05:00:00,A018-HYD,Hydraulic System,72.255,2.665,77.572,55.121,1975.886,151.93,23.861,73.635,192,57.296,32.791,Normal,0,0
A018,2025-01-03 07:00:00,A018-HYD,Hydraulic System,73.374,2.453,76.19,55.538,1790.545,155.419,24.146,77.413,317,49.534,28.22,Normal,0,0
A018,2025-01-03 08:00:00,A018-HYD,Hydraulic System,68.863,2.17,81.147,53.439,1723.843,153.572,24.008,76.842,467,55.926,28.579,Normal,0,0
A018,2025-01-03 13:00:00,A018-HYD,Hydraulic System,73.093,2.288,76.504,57.748,1746.784,156.646,23.701,74.853,532,54.781,31.229,Normal,0,0
A018,2025-01-03 14:00:00,A018-HYD,Hydraulic System,77.244,1.871,78.648,55.62,1886.688,143.483,23.997,74.41,549,53.427,20.316,Normal,0,0
A018,2025-01-03 15:00:00,A018-HYD,Hydraulic System,72.97,2.588,78.741,51.33,1690.154,147.595,23.851,75.627,250,52.261,35.045,Normal,0,1
A018,2025-01-03 21:00:00,A018-HYD,Hydraulic System,72.488,2.083,74.496,55.318,1727.443,146.958,23.496,75.083,440,50.477,23.658,Normal,0,0
A018,2025-01-03 22:00:00,A018-HYD,Hydraulic System,74.273,2.602,76.435,52.959,1904.605,150.645,23.961,79.211,432,60.096,34.292,Normal,0,0
A018,2025-01-04 10:00:00,A018-HYD,Hydraulic System,73.109,1.878,82.651,56.865,1702.832,154.222,23.834,78.498,466,45.93,33.097,Normal,0,0
A018,2025-01-04 14:00:00,A018-HYD,Hydraulic System,76.907,2.856,77.585,52.489,1710.396,151.099,23.836,77.034,436,48.677,30.064,Normal,0,0
A018,2025-01-04 16:00:00,A018-HYD,Hydraulic System,71.172,2.125,75.094,53.867,1849.536,137.4,23.407,75.393,568,40.783,35.536,Normal,0,0
A018,2025-01-05 03:00:00,A018-HYD,Hydraulic System,73.81,3.281,70.465,52.939,1833.592,142.339,23.687,74.117,263,53.637,30.172,Normal,0,0
A018,2025-01-05 16:00:00,A018-HYD,Hydraulic System,72.751,2.844,78.118,55.387,1903.084,144.004,24.219,79.567,548,43.305,33.734,Normal,0,0
A018,2025-01-05 23:00:00,A018-HYD,Hydraulic System,75.142,2.227,77.834,49.084,1735.661,143.489,23.505,77.356,442,51.331,29.795,Normal,0,0
A018,2025-01-06 11:00:00,A018-HYD,Hydraulic System,73.859,1.757,78.727,51.551,1732.557,150.242,23.894,78.199,248,58.205,34.486,Normal,0,0
A018,2025-01-06 22:00:00,A018-HYD,Hydraulic System,77.123,2.979,75.235,57.29,1784.559,150.061,24.546,77.522,317,62.171,22.439,Normal,0,0
A018,2025-01-07 04:00:00,A018-HYD,Hydraulic System,75.8,3.141,77.774,49.907,1766.083,148.652,23.41,81.042,253,60.369,20.457,Normal,0,0
A018,2025-01-07 10:00:00,A018-HYD,Hydraulic System,77.015,2.068,73.427,55.441,1679.467,143.894,23.648,80.733,262,63.7,21.792,Normal,0,1
A018,2025-01-07 15:00:00,A018-HYD,Hydraulic System,74.927,2.581,78.574,52.431,1755.672,154.713,23.214,82.262,311,58.722,29.915,Normal,0,1
A018,2025-01-07 22:00:00,A018-HYD,Hydraulic System,76.737,3.259,82.638,52.318,1752.345,143.868,23.446,75.518,465,68.323,32.467,Normal,0,0
A018,2025-01-08 01:00:00,A018-HYD,Hydraulic System,75.718,3.027,73.515,53.46,1933.837,155.849,23.728,76.99,487,43.383,33.349,Normal,0,0
A018,2025-01-08 03:00:00,A018-HYD,Hydraulic System,72.95,2.729,76.398,54.509,1715.3,142.886,23.231,79.489,390,54.538,34.382,Normal,0,0
A018,2025-01-08 07:00:00,A018-HYD,Hydraulic System,74.435,2.478,76.223,53.965,1844.47,156.258,23.687,77.987,476,68.79,28.894,Normal,0,0
A018,2025-01-08 09:00:00,A018-HYD,Hydraulic System,77.332,2.689,78.673,51.167,1903.899,153.454,23.851,77.699,611,61.017,35.843,Normal,0,0
A018,2025-01-08 11:00:00,A018-HYD,Hydraulic System,76.773,3.252,74.756,53.232,1833.776,155.4,23.65,79.042,435,65.723,29.287,Normal,0,1
A018,2025-01-08 12:00:00,A018-HYD,Hydraulic System,74.794,3.37,76.471,54.082,1808.754,146.841,23.497,78.871,533,61.313,25.027,Normal,0,0
A018,2025-01-08 13:00:00,A018-HYD,Hydraulic System,75.689,2.696,78.175,53.409,1733.651,139.961,23.27,81.977,582,62.946,25.898,Normal,0,0
A018,2025-01-08 15:00:00,A018-HYD,Hydraulic System,75.535,2.657,71.112,51.471,1752.36,146.884,23.565,79.115,628,53.884,31.928,Normal,0,0
A018,2025-01-08 20:00:00,A018-HYD,Hydraulic System,74.341,2.245,74.757,55.755,2091.819,148.743,24.021,79.827,515,60.388,29.524,Normal,0,1
A018,2025-01-08 21:00:00,A018-HYD,Hydraulic System,89.696,6.975,65.857,54.923,1892.562,125.046,23.807,81.593,539,62.609,38.075,Warning,1,1
A018,2025-01-08 22:00:00,A018-HYD,Hydraulic System,76.134,3.734,78.906,58.068,1915.577,148.709,22.754,80.564,632,50.865,22.418,Normal,0,0
A018,2025-01-09 00:00:00,A018-HYD,Hydraulic System,77.779,2.613,74.833,56.932,1738.495,147.898,23.606,79.017,377,54.032,29.116,Normal,0,0
A018,2025-01-09 01:00:00,A018-HYD,Hydraulic System,79.964,1.688,75.751,47.549,1932.941,145.224,23.425,77.802,541,75.419,40.418,Normal,0,0
A018,2025-01-09 02:00:00,A018-HYD,Hydraulic System,78.823,2.727,72.628,56.549,1775.667,146.261,23.46,76.885,567,54.602,24.932,Normal,0,0
A018,2025-01-09 10:00:00,A018-HYD,Hydraulic System,74.107,3.285,67.887,52.315,1883.131,148.247,23.341,81.893,451,58.389,27.271,Normal,0,0
A018,2025-01-09 15:00:00,A018-HYD,Hydraulic System,75.086,3.199,76.442,51.828,1719.443,148.553,23.331,81.33,656,65.075,34.571,Normal,0,0
A018,2025-01-09 21:00:00,A018-HYD,Hydraulic System,76.481,3.555,76.157,55.701,1672.905,141.0,23.216,82.28,480,73.593,26.184,Normal,0,1
A018,2025-01-09 22:00:00,A018-HYD,Hydraulic System,75.14,2.9,71.679,58.463,1704.545,145.497,23.486,80.834,550,65.857,24.937,Normal,0,0
A018,2025-01-10 00:00:00,A018-HYD,Hydraulic System,79.125,3.136,77.224,54.737,1733.936,149.871,23.09,81.864,370,57.77,23.542,Normal,0,0
A018,2025-01-10 15:00:00,A018-HYD,Hydraulic System,77.707,2.784,70.812,50.513,1788.758,152.311,22.978,86.925,661,60.589,24.987,Normal,0,0
A018,2025-01-10 22:00:00,A018-HYD,Hydraulic System,76.973,2.566,73.468,52.086,1780.095,140.737,23.049,81.79,665,61.847,29.069,Normal,0,0
A018,2025-01-11 06:00:00,A018-HYD,Hydraulic System,77.71,3.512,79.715,49.672,1801.7,139.8,23.007,81.624,359,53.42,27.757,Normal,0,0
A018,2025-01-11 07:00:00,A018-HYD,Hydraulic System,81.186,3.039,72.016,49.999,1722.262,146.075,23.432,82.586,703,70.218,32.75,Normal,0,1
A018,2025-01-11 13:00:00,A018-HYD,Hydraulic System,81.454,2.821,74.491,52.271,1857.07,151.927,23.054,79.342,572,57.3,34.574,Normal,0,1
A018,2025-01-11 18:00:00,A018-HYD,Hydraulic System,73.532,3.031,75.035,51.933,1822.614,146.346,23.381,82.158,545,56.834,22.864,Normal,0,1
A018,2025-01-11 20:00:00,A018-HYD,Hydraulic System,76.242,2.668,76.95,51.785,1801.243,154.244,22.942,81.729,442,64.665,30.237,Normal,0,0
A018,2025-01-12 00:00:00,A018-HYD,Hydraulic System,79.724,2.646,72.32,54.511,1757.508,151.15,23.527,83.607,735,69.267,23.645,Normal,0,0
A018,2025-01-12 06:00:00,A018-HYD,Hydraulic System,81.106,2.851,78.242,50.414,1712.42,143.762,23.381,80.998,659,54.387,32.517,Normal,0,0
A018,2025-01-12 07:00:00,A018-HYD,Hydraulic System,80.736,3.343,72.169,50.86,1927.546,142.956,23.362,83.586,499,53.068,28.84,Normal,0,0
A018,2025-01-12 13:00:00,A018-HYD,Hydraulic System,80.78,2.51,72.65,55.786,1946.375,143.505,22.832,77.66,380,60.874,32.448,Normal,0,0
A018,2025-01-12 23:00:00,A018-HYD,Hydraulic System,84.398,2.897,72.893,47.779,1829.74,142.556,23.096,80.558,514,63.527,30.307,Normal,0,1
A018,2025-01-13 01:00:00,A018-HYD,Hydraulic System,79.983,2.623,74.316,51.675,1690.539,153.163,22.806,83.557,407,68.687,21.449,Normal,0,1
A018,2025-01-13 02:00:00,A018-HYD,Hydraulic System,81.285,3.744,70.741,57.313,1875.512,152.594,23.155,81.554,732,58.404,35.892,Normal,0,1
A018,2025-01-13 08:00:00,A018-HYD,Hydraulic System,77.177,3.001,71.515,53.944,1873.851,144.633,23.667,81.371,721,75.368,28.156,Normal,0,0
A018,2025-01-13 19:00:00,A018-HYD,Hydraulic System,82.165,3.14,68.569,52.582,1781.837,152.437,23.234,82.214,544,57.118,29.776,Normal,0,1
A018,2025-01-13 20:00:00,A018-HYD,Hydraulic System,73.905,3.612,73.225,52.737,1815.573,146.954,22.986,81.71,426,55.573,28.152,Normal,0,0
A018,2025-01-13 23:00:00,A018-HYD,Hydraulic System,78.799,2.977,71.785,51.295,1643.293,148.542,23.188,84.565,686,63.717,29.53,Normal,0,0
A018,2025-01-14 16:00:00,A018-HYD,Hydraulic System,84.378,3.425,72.826,52.41,1977.767,145.048,22.869,85.565,707,69.335,37.03,Warning,1,0
A018,2025-01-14 20:00:00,A018-HYD,Hydraulic System,82.609,3.018,72.035,53.833,1852.739,145.767,22.947,85.088,680,77.459,29.967,Warning,1,0
A018,2025-01-14 22:00:00,A018-HYD,Hydraulic System,81.514,3.139,72.642,52.244,1938.066,155.91,23.095,84.848,625,83.72,32.395,Warning,1,0
A018,2025-01-15 01:00:00,A018-HYD,Hydraulic System,80.292,2.436,78.537,49.331,1979.636,141.126,22.55,83.585,562,68.079,40.921,Normal,0,0
A018,2025-01-15 02:00:00,A018-HYD,Hydraulic System,78.777,3.6,72.206,54.836,1781.065,151.74,23.119,81.048,703,54.493,39.188,Normal,0,0
A018,2025-01-15 13:00:00,A018-HYD,Hydraulic System,95.496,5.788,61.689,53.265,1822.132,139.158,23.319,84.926,633,74.263,24.737,Warning,1,1
A018,2025-01-15 14:00:00,A018-HYD,Hydraulic System,81.256,3.5,72.323,53.666,1981.676,151.351,22.793,82.499,510,65.143,26.79,Warning,1,0
A018,2025-01-15 15:00:00,A018-HYD,Hydraulic System,81.301,3.275,72.269,51.041,1742.201,153.585,22.517,90.008,469,58.604,25.832,Normal,0,1
A018,2025-01-15 20:00:00,A018-HYD,Hydraulic System,84.443,3.51,68.715,51.775,1824.187,148.79,23.086,86.505,570,64.434,26.669,Warning,1,0
A018,2025-01-16 01:00:00,A018-HYD,Hydraulic System,79.778,3.181,71.052,54.084,1694.31,142.213,22.459,85.237,664,64.511,29.516,Normal,0,0
A018,2025-01-16 03:00:00,A018-HYD,Hydraulic System,78.032,3.311,70.297,51.487,1758.57,152.325,22.775,81.408,520,70.376,28.094,Warning,1,0
A018,2025-01-16 04:00:00,A018-HYD,Hydraulic System,81.844,3.568,70.537,52.17,1718.731,143.695,23.018,84.871,671,72.047,26.944,Warning,1,0
A018,2025-01-16 06:00:00,A018-HYD,Hydraulic System,80.164,3.755,73.516,54.329,1674.459,146.929,22.522,84.268,500,77.286,21.434,Warning,1,1
A018,2025-01-16 08:00:00,A018-HYD,Hydraulic System,81.228,3.943,72.585,50.259,1893.121,144.069,23.056,82.636,551,78.456,28.352,Warning,1,1
A018,2025-01-16 18:00:00,A018-HYD,Hydraulic System,84.115,4.171,66.792,50.82,1803.514,151.695,22.698,80.997,739,61.733,28.563,Warning,1,1
A018,2025-01-16 20:00:00,A018-HYD,Hydraulic System,89.953,7.483,59.736,51.642,1924.058,132.645,23.088,83.496,650,82.018,27.554,Warning,1,0
A018,2025-01-17 04:00:00,A018-HYD,Hydraulic System,81.603,3.918,72.005,53.091,1873.333,144.115,22.455,82.613,736,78.397,37.026,Warning,1,1
A018,2025-01-17 10:00:00,A018-HYD,Hydraulic System,82.184,3.122,73.995,50.615,1578.826,144.087,22.899,86.457,497,72.652,29.657,Warning,1,0
A019,2025-01-01 02:00:00,A019-HYD,Hydraulic System,69.408,2.251,76.086,52.738,1859.115,145.184,24.402,76.078,114,48.825,27.335,Normal,0,0
A019,2025-01-01 03:00:00,A019-HYD,Hydraulic System,69.115,2.838,76.821,56.217,1928.156,150.733,23.615,74.649,331,69.603,27.348,Normal,0,0
A019,2025-01-01 05:00:00,A019-HYD,Hydraulic System,75.635,1.829,72.813,55.545,1718.859,147.049,24.07,74.393,496,61.345,34.963,Normal,0,0
A019,2025-01-01 06:00:00,A019-HYD,Hydraulic System,75.045,2.436,79.203,54.82,1942.083,151.0,23.448,76.283,216,52.079,19.885,Normal,0,0
A019,2025-01-01 08:00:00,A019-HYD,Hydraulic System,67.954,2.834,79.222,56.65,1912.154,154.546,24.401,76.001,135,57.809,30.775,Normal,0,0
A019,2025-01-01 10:00:00,A019-HYD,Hydraulic System,71.904,2.087,76.856,54.536,1780.105,151.221,22.988,72.992,229,55.733,29.591,Normal,0,0
A019,2025-01-01 13:00:00,A019-HYD,Hydraulic System,77.294,2.452,77.288,51.564,1848.753,152.253,24.761,76.939,501,62.653,20.905,Normal,0,0
A019,2025-01-01 15:00:00,A019-HYD,Hydraulic System,72.918,2.934,77.634,52.912,1664.897,153.571,24.321,74.766,445,50.018,30.273,Normal,0,0
A019,2025-01-01 16:00:00,A019-HYD,Hydraulic System,75.987,2.849,74.108,55.935,1830.255,144.683,23.821,76.394,475,43.777,27.033,Normal,0,1
A019,2025-01-01 18:00:00,A019-HYD,Hydraulic System,66.722,2.382,73.884,54.082,1720.304,152.975,24.488,75.303,329,45.968,28.215,Normal,0,0
A019,2025-01-02 00:00:00,A019-HYD,Hydraulic System,78.088,2.669,74.464,51.107,1835.897,149.633,24.01,76.672,423,46.847,28.91,Normal,0,0
A019,2025-01-02 07:00:00,A019-HYD,Hydraulic System,75.635,2.395,79.842,54.211,1737.518,153.046,24.154,72.174,431,68.698,27.256,Normal,0,0
A019,2025-01-02 08:00:00,A019-HYD,Hydraulic System,69.685,2.706,74.716,54.115,1887.597,151.363,23.897,79.703,161,46.605,30.249,Normal,0,0
A019,2025-01-02 10:00:00,A019-HYD,Hydraulic System,78.175,3.065,78.045,55.269,1735.846,147.592,24.2,75.56,515,73.132,21.262,Normal,0,0
A019,2025-01-02 11:00:00,A019-HYD,Hydraulic System,76.556,2.166,72.912,53.19,1849.424,151.309,23.324,76.463,308,57.556,29.706,Normal,0,0
A019,2025-01-02 12:00:00,A019-HYD,Hydraulic System,77.03,3.155,75.221,54.603,1860.482,148.796,24.136,76.159,291,62.561,33.356,Normal,0,1
A019,2025-01-03 00:00:00,A019-HYD,Hydraulic System,70.598,2.971,75.152,53.733,1705.556,151.316,23.912,77.94,469,44.954,35.387,Normal,0,0
A019,2025-01-03 04:00:00,A019-HYD,Hydraulic System,73.387,2.334,72.36,57.1,1757.959,162.03,24.342,78.901,180,41.013,29.374,Normal,0,0
A019,2025-01-03 06:00:00,A019-HYD,Hydraulic System,73.907,2.844,72.311,56.182,1776.361,148.761,23.831,76.702,460,37.918,29.5,Normal,0,0
A019,2025-01-03 07:00:00,A019-HYD,Hydraulic System,73.441,2.421,76.647,52.227,1907.433,157.087,23.351,77.623,309,69.51,27.638,Normal,0,0
A019,2025-01-03 13:00:00,A019-HYD,Hydraulic System,70.029,2.954,72.292,52.745,1677.211,146.362,24.842,75.85,175,57.726,24.914,Normal,0,0
A019,2025-01-03 17:00:00,A019-HYD,Hydraulic System,73.386,2.861,73.646,54.479,1746.572,147.302,24.126,78.447,221,56.811,36.316,Normal,0,0
A019,2025-01-03 20:00:00,A019-HYD,Hydraulic System,81.117,2.69,76.425,51.829,1732.111,142.675,23.691,80.064,469,51.477,26.86,Normal,0,1
A019,2025-01-04 11:00:00,A019-HYD,Hydraulic System,71.768,2.345,75.36,47.71,1982.917,150.481,23.709,78.019,435,64.511,31.638,Normal,0,0
A019,2025-01-04 16:00:00,A019-HYD,Hydraulic System,75.525,3.256,77.871,56.061,1782.727,146.172,23.775,74.836,195,66.102,27.893,Normal,0,0
A019,2025-01-04 22:00:00,A019-HYD,Hydraulic System,78.087,2.729,69.148,51.836,1714.501,143.117,24.217,78.949,413,69.899,25.516,Normal,0,1
A019,2025-01-05 00:00:00,A019-HYD,Hydraulic System,77.348,2.894,73.053,55.939,1807.855,149.214,23.908,77.456,441,63.198,30.979,Normal,0,0
A019,2025-01-05 01:00:00,A019-HYD,Hydraulic System,77.416,2.492,77.902,50.608,1752.188,150.394,23.661,76.001,568,68.946,23.415,Normal,0,1
A019,2025-01-05 09:00:00,A019-HYD,Hydraulic System,80.649,3.398,74.104,54.071,1732.45,147.427,23.678,79.1,298,46.968,31.893,Normal,0,0
A019,2025-01-05 18:00:00,A019-HYD,Hydraulic System,76.81,2.146,76.668,51.005,1757.38,153.517,23.249,78.844,215,55.418,18.699,Normal,0,0
A019,2025-01-05 20:00:00,A019-HYD,Hydraulic System,77.816,3.064,74.015,56.384,1809.065,139.755,23.426,83.487,603,61.729,29.588,Normal,0,0
A019,2025-01-06 05:00:00,A019-HYD,Hydraulic System,75.121,3.44,74.677,53.678,1803.376,145.493,23.181,79.927,528,54.136,40.969,Normal,0,1
A019,2025-01-06 08:00:00,A019-HYD,Hydraulic System,77.886,2.469,76.969,56.821,1835.327,150.149,23.85,78.863,568,62.133,28.95,Normal,0,0
A019,2025-01-06 10:00:00,A019-HYD,Hydraulic System,76.014,3.006,71.147,53.764,1929.146,145.987,23.259,80.356,338,63.598,29.601,Normal,0,1
A019,2025-01-06 14:00:00,A019-HYD,Hydraulic System,77.247,2.967,73.174,50.926,1829.655,149.922,23.776,77.466,305,52.79,25.697,Normal,0,0
A019,2025-01-06 19:00:00,A019-HYD,Hydraulic System,75.788,3.398,77.656,56.234,1863.531,144.336,23.553,82.631,413,61.01,31.925,Normal,0,0
A019,2025-01-06 20:00:00,A019-HYD,Hydraulic System,76.554,2.043,74.018,55.732,1883.886,146.652,23.847,80.413,567,56.656,34.815,Normal,0,0
A019,2025-01-07 02:00:00,A019-HYD,Hydraulic System,75.559,2.921,74.463,53.015,1797.783,142.481,23.985,75.886,282,65.683,24.895,Normal,0,0
A019,2025-01-07 06:00:00,A019-HYD,Hydraulic System,81.64,3.288,76.836,54.092,1720.907,143.172,23.414,75.278,580,60.699,28.387,Normal,0,0
A019,2025-01-07 09:00:00,A019-HYD,Hydraulic System,76.371,2.533,71.965,50.113,1778.205,149.914,23.285,74.293,568,70.549,31.048,Normal,0,0
A019,2025-01-07 10:00:00,A019-HYD,Hydraulic System,78.742,3.309,70.099,54.932,1705.306,142.405,23.527,79.815,280,63.995,30.395,Normal,0,1
A019,2025-01-07 12:00:00,A019-HYD,Hydraulic System,78.766,3.386,67.478,55.178,1790.491,150.036,23.88,79.342,358,64.967,24.192,Normal,0,0
A019,2025-01-07 14:00:00,A019-HYD,Hydraulic System,78.824,3.485,73.274,54.92,1970.806,153.605,23.697,79.63,394,63.691,32.802,Normal,0,1
A019,2025-01-07 18:00:00,A019-HYD,Hydraulic System,75.947,2.598,76.694,55.201,1786.351,150.027,23.822,78.2,624,61.53,38.679,Normal,0,0
A019,2025-01-07 20:00:00,A019-HYD,Hydraulic System,78.938,3.277,71.189,51.615,1768.132,152.411,23.657,81.191,496,73.343,33.739,Normal,0,0
A019,2025-01-07 21:00:00,A019-HYD,Hydraulic System,83.845,2.845,73.57,57.318,1847.767,149.824,23.359,79.692,409,66.008,32.059,Normal,0,0
A019,2025-01-07 23:00:00,A019-HYD,Hydraulic System,76.259,3.475,78.43,50.32,1747.919,152.033,23.862,78.877,313,71.943,32.362,Normal,0,0
A019,2025-01-08 06:00:00,A019-HYD,Hydraulic System,76.807,3.425,76.967,54.055,1657.965,148.317,23.625,77.271,353,77.392,32.788,Normal,0,1
A019,2025-01-08 10:00:00,A019-HYD,Hydraulic System,78.96,3.205,72.795,55.202,1775.963,144.862,23.745,76.917,515,59.629,25.782,Normal,0,0
A019,2025-01-08 12:00:00,A019-HYD,Hydraulic System,95.242,6.279,64.455,56.273,1805.191,125.619,23.126,80.477,314,74.338,33.344,Warning,1,1
A019,2025-01-08 17:00:00,A019-HYD,Hydraulic System,81.429,2.78,76.6,50.178,1815.399,145.109,23.427,81.021,376,72.917,36.243,Normal,0,0
A019,2025-01-08 18:00:00,A019-HYD,Hydraulic System,76.642,3.319,75.143,49.817,1698.349,146.855,23.425,82.733,508,55.545,27.069,Normal,0,0
A019,2025-01-09 06:00:00,A019-HYD,Hydraulic System,76.971,3.62,70.837,51.076,1894.703,145.419,23.488,77.027,553,65.216,28.393,Normal,0,0
A019,2025-01-09 11:00:00,A019-HYD,Hydraulic System,78.568,3.133,69.555,51.436,1715.626,149.357,24.357,80.556,639,73.049,34.28,Normal,0,1
A019,2025-01-09 15:00:00,A019-HYD,Hydraulic System,78.011,3.254,70.106,55.626,1683.93,150.758,23.355,79.69,593,68.331,28.893,Normal,0,0
A019,2025-01-09 18:00:00,A019-HYD,Hydraulic System,78.465,2.635,74.202,56.769,1824.863,143.271,24.109,80.193,385,73.382,28.04,Normal,0,0
A019,2025-01-09 19:00:00,A019-HYD,Hydraulic System,78.274,3.234,75.915,50.6,1895.437,150.451,23.572,81.671,329,58.242,22.976,Normal,0,0
A019,2025-01-09 21:00:00,A019-HYD,Hydraulic System,81.347,2.889,76.929,55.254,1737.857,143.033,23.407,77.509,623,65.949,29.846,Normal,0,0
A019,2025-01-09 22:00:00,A019-HYD,Hydraulic System,81.842,3.417,73.061,52.055,1621.679,147.857,22.929,80.564,703,49.351,23.882,Normal,0,0
A019,2025-01-10 07:00:00,A019-HYD,Hydraulic System,82.12,3.652,69.672,53.044,1619.538,149.323,24.077,79.395,456,65.515,26.484,Normal,0,0
A019,2025-01-10 11:00:00,A019-HYD,Hydraulic System,81.077,3.723,73.574,54.598,1667.155,143.873,23.266,82.394,467,67.9,28.635,Normal,0,0
A019,2025-01-10 22:00:00,A019-HYD,Hydraulic System,82.835,2.921,73.601,53.234,2013.155,149.903,23.289,83.007,386,73.638,33.806,Normal,0,0
A019,2025-01-10 23:00:00,A019-HYD,Hydraulic System,81.964,3.165,72.64,54.23,1749.357,148.84,23.296,80.233,710,75.295,23.754,Warning,1,1
A019,2025-01-11 00:00:00,A019-HYD,Hydraulic System,83.483,3.273,68.705,52.903,1961.196,143.509,23.067,82.131,342,80.417,25.057,Warning,1,1
A019,2025-01-11 07:00:00,A019-HYD,Hydraulic System,83.61,3.442,71.078,55.462,1760.494,149.147,23.396,82.986,513,75.994,33.327,Warning,1,1
A019,2025-01-11 08:00:00,A019-HYD,Hydraulic System,81.071,4.282,72.902,53.329,1749.448,142.84,22.73,79.063,462,67.322,34.855,Warning,1,1
A019,2025-01-11 12:00:00,A019-HYD,Hydraulic System,78.56,3.371,70.849,52.55,1782.183,148.004,23.02,80.205,652,76.951,35.963,Warning,1,0
A019,2025-01-11 14:00:00,A019-HYD,Hydraulic System,81.299,2.675,71.708,54.571,1905.188,152.948,22.93,80.538,604,64.438,34.281,Normal,0,0
A019,2025-01-12 01:00:00,A019-HYD,Hydraulic System,84.093,3.112,70.766,54.6,1864.725,143.991,22.899,82.65,539,82.13,34.509,Warning,1,1
A019,2025-01-12 02:00:00,A019-HYD,Hydraulic System,84.555,3.461,70.879,53.553,1842.573,145.102,23.301,81.852,460,83.855,30.176,Warning,1,0
A019,2025-01-12 14:00:00,A019-HYD,Hydraulic System,95.851,6.867,59.637,53.58,1860.269,138.49,23.285,79.597,758,58.592,27.668,Warning,1,1
A019,2025-01-12 15:00:00,A019-HYD,Hydraulic System,84.133,3.601,72.018,55.758,1756.129,147.842,23.197,82.254,760,77.151,31.696,Warning,1,1
A019,2025-01-12 19:00:00,A019-HYD,Hydraulic System,79.62,3.864,75.73,55.162,1787.334,141.937,23.604,81.766,415,83.563,35.845,Warning,1,0
A019,2025-01-12 21:00:00,A019-HYD,Hydraulic System,84.248,4.102,69.545,51.636,1893.16,142.966,22.774,80.437,594,68.781,34.019,Warning,1,1
A019,2025-01-13 09:00:00,A019-HYD,Hydraulic System,81.176,3.089,66.903,52.297,1901.907,146.706,22.735,81.884,508,69.684,25.404,Warning,1,1
A019,2025-01-13 15:00:00,A019-HYD,Hydraulic System,82.154,3.912,71.158,49.608,1840.173,149.956,23.216,79.335,623,75.084,27.501,Warning,1,1
A019,2025-01-13 21:00:00,A019-HYD,Hydraulic System,78.727,3.538,73.511,54.418,1786.369,142.972,23.063,83.167,617,79.168,29.17,Warning,1,1
A019,2025-01-14 06:00:00,A019-HYD,Hydraulic System,83.361,3.867,73.125,52.815,1786.094,148.896,23.082,79.958,653,75.844,33.257,Warning,1,1
A019,2025-01-14 09:00:00,A019-HYD,Hydraulic System,98.71,5.152,62.481,54.15,1772.471,127.569,23.36,81.577,561,61.473,27.545,Warning,1,1
A019,2025-01-14 10:00:00,A019-HYD,Hydraulic System,84.0,3.954,71.156,52.774,1581.76,148.839,23.515,81.485,644,67.295,24.526,Warning,1,0
A019,2025-01-14 12:00:00,A019-HYD,Hydraulic System,83.281,3.476,67.233,57.469,1830.895,146.072,23.142,87.951,483,72.611,30.243,Warning,1,0
A019,2025-01-14 15:00:00,A019-HYD,Hydraulic System,78.81,3.819,67.513,53.239,1670.721,150.503,23.437,82.21,824,75.826,23.56,Warning,1,1
A019,2025-01-14 16:00:00,A019-HYD,Hydraulic System,86.905,3.756,73.464,52.133,1735.038,146.204,23.341,81.8,485,76.463,26.929,Warning,1,1
A019,2025-01-14 17:00:00,A019-HYD,Hydraulic System,82.846,3.61,70.554,51.188,1842.252,143.991,23.29,80.392,788,75.11,32.295,Warning,1,1
A019,2025-01-14 20:00:00,A019-HYD,Hydraulic System,97.439,6.715,63.857,55.463,1654.956,125.196,22.969,83.152,488,74.023,26.246,Warning,1,1
A019,2025-01-14 23:00:00,A019-HYD,Hydraulic System,84.539,3.713,68.675,51.556,1823.435,141.106,23.361,86.505,763,63.033,32.78,Warning,1,1
A019,2025-01-15 01:00:00,A019-HYD,Hydraulic System,80.67,3.339,71.392,56.285,1815.582,145.358,23.177,83.274,661,72.466,30.966,Warning,1,1
A019,2025-01-15 05:00:00,A019-HYD,Hydraulic System,76.887,3.778,66.779,51.908,1682.082,144.167,23.649,85.999,527,75.019,28.453,Warning,1,0
A019,2025-01-15 12:00:00,A019-HYD,Hydraulic System,84.281,3.507,64.854,49.147,1693.253,144.773,22.845,80.374,570,73.897,38.333,Warning,1,1
A019,2025-01-15 15:00:00,A019-HYD,Hydraulic System,83.408,3.978,71.657,53.405,1715.725,144.743,22.564,85.714,845,75.399,31.758,Warning,1,1
A019,2025-01-15 23:00:00,A019-HYD,Hydraulic System,85.712,3.713,69.203,52.534,1761.425,138.547,22.579,82.004,681,74.943,23.899,Warning,1,1
A019,2025-01-16 07:00:00,A019-HYD,Hydraulic System,85.773,3.956,68.477,52.859,1787.641,149.109,22.931,83.41,772,87.005,24.657,Warning,1,1
A019,2025-01-16 08:00:00,A019-HYD,Hydraulic System,80.232,3.782,69.755,51.712,1845.324,143.529,22.232,85.694,699,76.438,33.486,Warning,1,1
A019,2025-01-16 12:00:00,A019-HYD,Hydraulic System,79.723,3.751,64.534,54.83,1803.77,147.827,22.763,83.115,527,76.68,39.74,Warning,1,1
A019,2025-01-16 17:00:00,A019-HYD,Hydraulic System,82.836,3.936,70.211,51.599,1980.735,142.659,22.96,84.67,487,82.545,31.065,Warning,1,0
A019,2025-01-16 22:00:00,A019-HYD,Hydraulic System,82.602,4.002,70.112,51.653,1754.689,154.666,22.825,90.218,741,90.242,26.654,Warning,1,1
A019,2025-01-17 01:00:00,A019-HYD,Hydraulic System,83.181,3.291,68.304,54.678,1777.114,144.44,23.037,83.431,621,69.424,33.503,Warning,1,0
A019,2025-01-17 05:00:00,A019-HYD,Hydraulic System,83.074,4.402,68.617,49.298,1738.636,146.757,22.302,86.901,813,90.043,25.775,Warning,1,0
A019,2025-01-17 06:00:00,A019-HYD,Hydraulic System,83.679,3.851,70.091,54.988,1775.828,138.991,22.207,83.187,569,76.074,35.901,Warning,1,1
A019,2025-01-17 09:00:00,A019-HYD,Hydraulic System,87.113,3.809,66.481,51.988,1764.071,145.034,22.969,85.399,512,81.7,30.29,Warning,1,1
A019,2025-01-17 11:00:00,A019-HYD,Hydraulic System,83.284,4.21,72.676,51.504,1786.33,139.37,23.975,84.311,608,89.639,26.155,Warning,1,1
A019,2025-01-17 12:00:00,A019-HYD,Hydraulic System,85.099,3.726,67.812,52.238,1725.814,143.025,22.42,86.413,519,68.074,28.327,Warning,1,1
A020,2025-01-01 00:00:00,A020-HYD,Hydraulic System,70.944,1.767,77.612,51.406,1812.78,153.219,24.018,75.832,461,49.581,32.455,Normal,0,0
A020,2025-01-01 02:00:00,A020-HYD,Hydraulic System,70.738,2.406,74.962,59.767,1961.668,146.66,24.554,72.75,424,42.918,30.048,Normal,0,0
A020,2025-01-01 03:00:00,A020-HYD,Hydraulic System,67.603,2.223,76.403,55.527,1826.836,147.414,23.934,75.281,230,42.897,21.628,Normal,0,0
A020,2025-01-01 04:00:00,A020-HYD,Hydraulic System,68.699,2.103,74.782,59.142,1680.425,154.957,23.716,75.705,493,46.378,28.072,Normal,0,0
A020,2025-01-01 06:00:00,A020-HYD,Hydraulic System,73.387,2.916,81.476,54.039,1733.719,145.701,23.591,75.938,132,34.34,30.806,Normal,0,0
A020,2025-01-01 09:00:00,A020-HYD,Hydraulic System,69.967,2.426,78.14,52.335,1938.365,150.58,24.013,72.336,405,45.743,26.082,Normal,0,0
A020,2025-01-01 15:00:00,A020-HYD,Hydraulic System,70.963,1.789,80.707,53.002,1858.774,149.95,24.338,74.004,268,38.91,24.942,Normal,0,0
A020,2025-01-01 17:00:00,A020-HYD,Hydraulic System,88.301,5.658,65.515,55.05,1702.707,120.616,24.239,77.443,119,39.661,23.415,Warning,1,0
A020,2025-01-01 18:00:00,A020-HYD,Hydraulic System,70.128,1.895,74.7,53.565,1849.821,142.967,23.893,73.17,271,38.245,34.426,Normal,0,0
A020,2025-01-01 20:00:00,A020-HYD,Hydraulic System,67.621,1.877,78.969,55.395,1825.804,152.963,23.834,75.793,184,53.394,34.525,Normal,0,0
A020,2025-01-01 22:00:00,A020-HYD,Hydraulic System,71.429,2.211,81.976,50.584,1850.135,150.363,24.3,74.431,220,35.665,39.467,Normal,0,0
A020,2025-01-01 23:00:00,A020-HYD,Hydraulic System,74.598,2.527,81.537,54.172,1921.951,151.834,23.297,78.308,369,54.275,28.532,Normal,0,0
A020,2025-01-02 04:00:00,A020-HYD,Hydraulic System,69.991,2.499,74.582,56.155,1780.943,145.128,23.522,76.799,137,50.932,31.033,Normal,0,0
A020,2025-01-02 07:00:00,A020-HYD,Hydraulic System,74.241,2.572,74.568,56.023,1956.025,148.899,24.029,77.857,234,38.418,19.826,Normal,0,0
A020,2025-01-02 08:00:00,A020-HYD,Hydraulic System,74.176,2.746,78.19,57.005,1808.424,151.206,24.654,73.292,422,64.084,20.616,Normal,0,0
A020,2025-01-02 09:00:00,A020-HYD,Hydraulic System,72.77,2.423,79.831,54.355,1738.937,150.344,23.789,75.884,372,47.773,31.003,Normal,0,0
A020,2025-01-02 11:00:00,A020-HYD,Hydraulic System,68.884,2.648,78.977,56.073,1858.649,142.8,24.313,74.375,235,58.193,23.751,Normal,0,0
A020,2025-01-02 13:00:00,A020-HYD,Hydraulic System,70.436,2.52,80.263,50.898,1732.564,151.282,23.955,75.601,328,48.969,31.928,Normal,0,0
A020,2025-01-02 16:00:00,A020-HYD,Hydraulic System,72.923,2.56,79.404,57.051,1859.353,142.968,23.746,77.991,358,37.63,30.343,Normal,0,0
A020,2025-01-02 17:00:00,A020-HYD,Hydraulic System,70.329,3.065,77.583,56.842,1951.006,150.804,23.906,77.561,531,63.993,31.629,Normal,0,0
A020,2025-01-02 18:00:00,A020-HYD,Hydraulic System,69.802,2.651,81.254,55.851,1794.793,151.945,23.884,75.528,490,47.311,30.584,Normal,0,0
A020,2025-01-02 19:00:00,A020-HYD,Hydraulic System,69.045,2.507,78.322,55.251,1778.052,149.624,24.449,75.352,320,45.813,26.521,Normal,0,0
A020,2025-01-03 00:00:00,A020-HYD,Hydraulic System,75.505,1.863,81.917,52.194,2066.815,148.82,23.647,77.203,395,44.167,22.945,Normal,0,0
A020,2025-01-03 04:00:00,A020-HYD,Hydraulic System,73.703,3.03,78.165,55.759,1810.487,146.079,23.769,74.121,316,58.22,34.646,Normal,0,0
A020,2025-01-03 07:00:00,A020-HYD,Hydraulic System,75.99,3.246,77.979,54.587,1666.788,145.175,24.106,80.172,204,62.523,26.761,Normal,0,0
A020,2025-01-03 08:00:00,A020-HYD,Hydraulic System,77.539,2.188,76.145,54.002,1771.725,149.472,22.937,74.347,297,48.251,31.158,Normal,0,0
A020,2025-01-03 09:00:00,A020-HYD,Hydraulic System,74.778,2.483,78.182,56.125,1849.344,146.886,23.536,79.065,460,67.134,35.763,Normal,0,0
A020,2025-01-03 18:00:00,A020-HYD,Hydraulic System,74.593,2.239,79.371,57.493,1792.817,155.371,23.709,73.088,289,58.882,29.495,Normal,0,0
A020,2025-01-03 19:00:00,A020-HYD,Hydraulic System,76.429,2.524,81.342,53.243,2012.548,158.27,24.063,76.982,195,55.841,35.223,Normal,0,0
A020,2025-01-04 04:00:00,A020-HYD,Hydraulic System,75.407,2.975,78.809,54.826,1982.769,145.916,23.208,74.978,204,49.278,34.583,Normal,0,0
A020,2025-01-04 05:00:00,A020-HYD,Hydraulic System,72.269,2.475,77.413,55.155,1715.22,144.753,23.465,77.013,300,43.24,25.496,Normal,0,0
A020,2025-01-04 11:00:00,A020-HYD,Hydraulic System,76.738,2.785,80.699,58.917,1885.606,149.986,23.559,76.016,563,53.582,29.756,Normal,0,0
A020,2025-01-04 19:00:00,A020-HYD,Hydraulic System,75.667,2.945,78.608,54.261,1868.223,153.171,23.958,78.475,298,76.271,27.353,Normal,0,0
A020,2025-01-05 06:00:00,A020-HYD,Hydraulic System,72.689,1.734,72.016,52.26,1920.165,148.639,23.848,76.54,479,51.919,33.325,Normal,0,0
A020,2025-01-05 17:00:00,A020-HYD,Hydraulic System,72.017,2.722,77.1,57.19,1908.465,143.53,23.3,72.244,362,56.798,26.169,Normal,0,0
A020,2025-01-05 19:00:00,A020-HYD,Hydraulic System,76.155,2.504,78.274,54.281,1756.721,152.221,24.171,80.388,282,41.75,30.314,Normal,0,0
A020,2025-01-06 00:00:00,A020-HYD,Hydraulic System,75.519,2.928,77.023,56.196,1899.804,143.755,22.962,80.057,279,56.323,37.052,Normal,0,1
A020,2025-01-06 06:00:00,A020-HYD,Hydraulic System,76.272,2.566,73.637,51.613,1779.872,152.636,23.417,77.133,367,50.482,23.984,Normal,0,0
A020,2025-01-06 09:00:00,A020-HYD,Hydraulic System,73.437,2.658,77.286,50.827,1808.924,147.84,23.351,78.705,369,48.642,22.195,Normal,0,0
A020,2025-01-06 10:00:00,A020-HYD,Hydraulic System,75.002,2.767,74.794,55.207,1826.954,144.705,23.267,80.671,527,51.974,38.605,Normal,0,1
A020,2025-01-06 16:00:00,A020-HYD,Hydraulic System,73.542,2.641,73.27,54.235,1706.294,147.364,23.686,77.57,547,56.086,33.201,Normal,0,0
A020,2025-01-06 19:00:00,A020-HYD,Hydraulic System,73.005,3.001,75.49,51.068,1826.611,144.806,23.221,78.129,349,69.037,18.706,Normal,0,0
A020,2025-01-06 22:00:00,A020-HYD,Hydraulic System,76.911,2.652,70.826,50.672,1823.139,150.738,23.955,77.466,308,51.737,32.638,Normal,0,0
A020,2025-01-06 23:00:00,A020-HYD,Hydraulic System,75.971,2.889,76.298,51.875,1765.54,148.43,24.006,79.902,615,58.269,33.121,Normal,0,0
A020,2025-01-07 06:00:00,A020-HYD,Hydraulic System,76.872,3.047,76.044,52.72,1943.743,149.755,23.275,76.457,620,60.539,28.309,Normal,0,0
A020,2025-01-07 07:00:00,A020-HYD,Hydraulic System,75.785,2.828,73.778,54.529,1730.769,147.935,22.998,78.922,603,66.027,22.426,Normal,0,1
A020,2025-01-07 08:00:00,A020-HYD,Hydraulic System,79.926,2.767,77.232,54.58,1885.83,147.17,23.775,77.378,420,66.603,24.665,Normal,0,0
A020,2025-01-07 15:00:00,A020-HYD,Hydraulic System,76.328,3.013,78.302,53.022,1824.457,150.708,23.304,79.266,354,60.23,20.67,Normal,0,0
A020,2025-01-07 23:00:00,A020-HYD,Hydraulic System,74.271,2.572,75.598,52.233,1929.157,150.848,23.502,83.413,421,57.795,32.588,Normal,0,0
A020,2025-01-08 04:00:00,A020-HYD,Hydraulic System,73.696,2.852,75.11,55.042,1844.113,150.606,23.436,78.614,372,49.314,31.042,Normal,0,0
A020,2025-01-08 08:00:00,A020-HYD,Hydraulic System,76.555,2.846,81.236,52.959,1872.379,151.132,23.692,79.414,459,79.429,25.759,Normal,0,0
A020,2025-01-08 10:00:00,A020-HYD,Hydraulic System,79.853,2.58,72.594,56.759,1782.058,148.666,23.082,81.896,518,59.552,33.894,Normal,0,0
A020,2025-01-08 12:00:00,A020-HYD,Hydraulic System,76.61,2.625,73.479,53.554,1559.076,152.968,24.055,78.965,382,70.903,27.399,Normal,0,0
A020,2025-01-08 14:00:00,A020-HYD,Hydraulic System,74.931,3.19,76.662,50.056,1783.114,157.854,23.75,77.34,585,55.785,34.139,Normal,0,0
A020,2025-01-09 00:00:00,A020-HYD,Hydraulic System,78.694,2.322,73.441,53.307,1763.059,147.307,23.82,79.259,488,52.21,37.695,Normal,0,0
A020,2025-01-09 02:00:00,A020-HYD,Hydraulic System,78.925,2.806,70.336,50.82,1916.792,143.309,23.456,82.413,455,61.755,41.528,Normal,0,1
A020,2025-01-09 06:00:00,A020-HYD,Hydraulic System,74.919,2.639,79.016,54.115,1844.672,143.401,23.04,83.469,306,63.232,29.859,Normal,0,1
A020,2025-01-09 11:00:00,A020-HYD,Hydraulic System,78.13,2.302,73.968,52.92,1694.075,143.8,24.0,81.623,559,50.915,33.094,Normal,0,1
A020,2025-01-09 12:00:00,A020-HYD,Hydraulic System,75.939,2.287,73.662,51.248,1742.261,149.391,23.558,80.817,690,63.235,24.6,Normal,0,0
A020,2025-01-09 17:00:00,A020-HYD,Hydraulic System,73.158,3.472,73.246,54.404,1695.47,140.739,23.608,81.523,439,68.058,31.791,Normal,0,0
A020,2025-01-09 23:00:00,A020-HYD,Hydraulic System,74.428,2.701,76.196,52.945,1662.975,148.678,23.741,80.019,678,60.957,37.353,Normal,0,0
A020,2025-01-10 02:00:00,A020-HYD,Hydraulic System,78.237,2.444,73.729,51.848,1821.188,144.543,23.357,80.346,669,62.053,35.34,Normal,0,1
A020,2025-01-10 11:00:00,A020-HYD,Hydraulic System,77.86,3.51,76.626,52.746,1906.616,153.167,24.06,82.941,530,53.816,25.208,Normal,0,0
A020,2025-01-10 17:00:00,A020-HYD,Hydraulic System,79.43,3.024,73.618,54.732,1984.717,146.977,22.836,80.277,342,67.854,28.232,Normal,0,0
A020,2025-01-10 22:00:00,A020-HYD,Hydraulic System,72.737,3.139,75.265,54.058,1736.997,141.309,23.673,80.199,549,59.191,26.856,Normal,0,1
A020,2025-01-10 23:00:00,A020-HYD,Hydraulic System,79.087,2.928,72.992,52.382,1832.963,144.716,23.47,82.179,670,68.279,27.848,Normal,0,0
A020,2025-01-11 01:00:00,A020-HYD,Hydraulic System,79.913,3.023,71.415,53.165,1909.63,144.284,23.029,80.539,504,67.754,24.499,Normal,0,1
A020,2025-01-11 03:00:00,A020-HYD,Hydraulic System,74.898,3.048,69.001,52.869,1662.953,147.578,23.404,80.76,523,60.528,26.424,Normal,0,1
A020,2025-01-11 12:00:00,A020-HYD,Hydraulic System,78.212,2.868,72.872,53.452,1893.077,137.482,23.376,78.889,470,59.664,28.837,Normal,0,0
A020,2025-01-11 14:00:00,A020-HYD,Hydraulic System,82.198,2.641,78.288,52.79,1776.382,136.603,22.764,79.362,600,54.837,32.93,Normal,0,1
A020,2025-01-11 22:00:00,A020-HYD,Hydraulic System,81.033,2.88,73.831,54.236,1848.829,148.878,23.235,83.271,666,70.797,31.775,Normal,0,1
A020,2025-01-12 07:00:00,A020-HYD,Hydraulic System,82.379,2.991,76.287,53.74,1887.653,142.21,22.925,79.202,600,65.052,34.999,Normal,0,1
A020,2025-01-12 16:00:00,A020-HYD,Hydraulic System,78.785,3.0,75.241,51.738,1980.031,143.113,22.642,82.364,463,71.73,25.03,Normal,0,1
A020,2025-01-13 03:00:00,A020-HYD,Hydraulic System,74.979,2.488,74.214,54.172,1841.555,147.546,22.886,83.061,559,73.427,27.562,Normal,0,0
A020,2025-01-13 08:00:00,A020-HYD,Hydraulic System,77.372,3.806,71.047,53.384,1704.227,142.991,23.614,85.808,518,74.11,27.507,Warning,1,0
A020,2025-01-13 09:00:00,A020-HYD,Hydraulic System,85.796,6.139,61.93,50.842,1789.801,124.671,23.269,82.357,444,61.054,23.008,Warning,1,1
A020,2025-01-13 12:00:00,A020-HYD,Hydraulic System,79.346,3.92,70.115,53.275,1740.482,144.371,23.241,83.677,724,63.071,34.354,Normal,0,0
A020,2025-01-13 13:00:00,A020-HYD,Hydraulic System,83.837,2.949,73.36,52.03,1831.508,150.694,22.642,82.537,619,62.626,35.984,Normal,0,0
A020,2025-01-13 17:00:00,A020-HYD,Hydraulic System,79.24,3.315,68.036,54.069,1828.703,146.456,22.211,82.688,509,61.747,26.773,Normal,0,1
A020,2025-01-14 00:00:00,A020-HYD,Hydraulic System,76.921,3.234,72.753,51.963,1793.57,152.537,22.673,82.382,602,78.923,38.609,Normal,0,0
A020,2025-01-14 02:00:00,A020-HYD,Hydraulic System,76.01,3.777,77.855,51.982,1769.086,144.716,22.96,85.074,502,71.891,24.655,Normal,0,1
A020,2025-01-14 05:00:00,A020-HYD,Hydraulic System,79.583,3.491,70.155,51.652,1746.695,148.583,22.466,81.798,683,80.143,35.577,Warning,1,0
A020,2025-01-14 08:00:00,A020-HYD,Hydraulic System,82.068,2.936,70.786,53.257,1770.215,144.209,22.682,85.781,605,68.924,34.853,Normal,0,0
A020,2025-01-14 09:00:00,A020-HYD,Hydraulic System,79.997,3.439,77.456,56.218,1793.551,147.667,22.826,83.105,666,68.072,31.609,Normal,0,1
A020,2025-01-14 11:00:00,A020-HYD,Hydraulic System,93.176,6.585,63.315,58.172,1843.069,137.485,23.571,84.235,480,78.994,22.989,Warning,1,0
A020,2025-01-14 12:00:00,A020-HYD,Hydraulic System,77.532,3.194,73.367,52.387,1893.607,150.534,22.661,82.94,574,64.282,36.362,Normal,0,0
A020,2025-01-14 14:00:00,A020-HYD,Hydraulic System,79.469,3.296,73.745,51.555,1801.33,150.453,23.072,80.254,654,74.104,27.891,Normal,0,1
A020,2025-01-14 19:00:00,A020-HYD,Hydraulic System,83.372,3.416,75.288,54.197,1734.073,145.789,22.976,85.098,520,69.633,29.816,Warning,1,0
A020,2025-01-14 21:00:00,A020-HYD,Hydraulic System,80.752,3.523,69.778,51.85,1850.832,148.617,23.275,81.348,604,87.175,22.457,Warning,1,1
A020,2025-01-15 01:00:00,A020-HYD,Hydraulic System,79.971,3.457,72.048,50.354,1699.72,145.465,22.816,82.87,449,67.681,36.999,Warning,1,0
A020,2025-01-15 11:00:00,A020-HYD,Hydraulic System,85.037,3.123,71.099,51.978,1759.236,146.625,23.048,81.894,843,85.022,24.427,Warning,1,0
A020,2025-01-15 19:00:00,A020-HYD,Hydraulic System,85.042,3.47,72.327,54.389,1775.753,147.065,23.07,87.257,812,86.756,29.718,Warning,1,1
A020,2025-01-15 21:00:00,A020-HYD,Hydraulic System,82.033,3.584,71.767,57.027,1654.873,138.327,22.622,83.89,754,67.318,22.928,Warning,1,0
A020,2025-01-16 04:00:00,A020-HYD,Hydraulic System,84.443,3.768,74.048,50.205,1751.067,145.473,22.815,82.223,543,80.958,24.295,Warning,1,0
A020,2025-01-16 08:00:00,A020-HYD,Hydraulic System,81.456,3.708,73.744,53.468,1779.462,150.536,22.555,82.866,714,83.854,33.496,Warning,1,1
A020,2025-01-16 13:00:00,A020-HYD,Hydraulic System,88.913,5.782,55.525,53.99,1793.819,136.146,22.434,82.714,619,82.466,29.505,Warning,1,0
A020,2025-01-16 21:00:00,A020-HYD,Hydraulic System,80.543,3.548,70.16,53.81,1801.287,142.864,23.191,90.24,831,75.676,27.318,Warning,1,0
A020,2025-01-16 22:00:00,A020-HYD,Hydraulic System,83.769,4.188,69.136,50.957,1864.047,142.284,22.239,86.917,843,60.801,29.491,Warning,1,1
A020,2025-01-17 03:00:00,A020-HYD,Hydraulic System,79.502,4.032,74.395,49.193,1909.815,143.513,23.083,86.595,636,79.872,28.995,Warning,1,1
A021,2025-01-01 00:00:00,A021-HYD,Hydraulic System,72.925,2.112,81.974,52.267,1793.115,143.422,24.362,76.652,175,38.302,28.84,Normal,0,0
A021,2025-01-01 04:00:00,A021-HYD,Hydraulic System,67.906,2.459,73.775,52.39,1827.137,149.762,24.187,73.274,296,42.743,29.012,Normal,0,0
A021,2025-01-01 09:00:00,A021-HYD,Hydraulic System,64.016,2.12,81.242,56.803,1755.542,155.74,24.057,77.181,227,43.848,37.21,Normal,0,0
A021,2025-01-01 10:00:00,A021-HYD,Hydraulic System,67.487,2.628,78.629,52.494,1724.475,153.052,24.537,73.453,277,50.132,27.504,Normal,0,0
A021,2025-01-01 12:00:00,A021-HYD,Hydraulic System,75.276,2.362,82.374,54.427,1990.838,145.529,24.605,75.028,300,35.94,33.164,Normal,0,0
A021,2025-01-02 02:00:00,A021-HYD,Hydraulic System,70.207,2.574,79.766,57.463,1590.284,149.822,24.374,73.231,312,35.776,22.84,Normal,0,0
A021,2025-01-02 17:00:00,A021-HYD,Hydraulic System,68.27,2.535,78.985,55.267,1788.166,147.268,24.064,74.924,176,46.436,30.257,Normal,0,0
A021,2025-01-02 21:00:00,A021-HYD,Hydraulic System,69.508,3.028,77.437,56.889,1650.654,149.666,23.501,75.702,196,56.201,28.56,Normal,0,0
A021,2025-01-03 01:00:00,A021-HYD,Hydraulic System,70.149,2.579,77.393,50.201,1807.185,147.641,23.479,76.248,214,50.443,28.464,Normal,0,1
A021,2025-01-03 05:00:00,A021-HYD,Hydraulic System,69.26,1.926,78.539,54.715,1790.768,145.024,24.181,76.941,256,51.435,30.168,Normal,0,0
A021,2025-01-03 06:00:00,A021-HYD,Hydraulic System,70.292,2.048,80.312,54.219,1858.49,146.698,23.721,76.075,400,34.854,26.075,Normal,0,0
A021,2025-01-03 16:00:00,A021-HYD,Hydraulic System,71.03,1.642,79.384,56.145,1834.3,157.067,24.001,74.844,343,59.682,40.292,Normal,0,0
A021,2025-01-03 19:00:00,A021-HYD,Hydraulic System,72.219,2.572,82.041,54.901,1730.374,150.081,24.002,77.238,324,58.602,26.617,Normal,0,1
A021,2025-01-03 21:00:00,A021-HYD,Hydraulic System,86.905,4.772,65.538,53.143,2015.985,138.097,23.59,73.351,228,44.363,33.794,Warning,1,0
A021,2025-01-03 22:00:00,A021-HYD,Hydraulic System,70.038,2.998,78.501,54.379,1857.108,140.46,23.89,77.126,422,64.895,41.479,Normal,0,1
A021,2025-01-03 23:00:00,A021-HYD,Hydraulic System,72.348,2.18,80.763,57.229,1910.358,154.325,23.961,78.323,276,56.117,22.605,Normal,0,0
A021,2025-01-04 01:00:00,A021-HYD,Hydraulic System,71.644,1.712,76.55,54.663,1676.424,150.29,23.297,74.882,342,41.889,32.999,Normal,0,0
A021,2025-01-04 02:00:00,A021-HYD,Hydraulic System,72.309,1.901,74.983,55.635,1720.681,149.235,23.45,78.583,291,54.663,34.939,Normal,0,0
A021,2025-01-04 07:00:00,A021-HYD,Hydraulic System,71.402,2.033,79.92,54.841,1796.658,146.32,23.97,75.659,181,45.203,33.594,Normal,0,0
A021,2025-01-04 13:00:00,A021-HYD,Hydraulic System,69.949,1.981,75.777,53.301,1760.94,146.566,23.844,74.928,349,54.788,26.178,Normal,0,0
A021,2025-01-04 16:00:00,A021-HYD,Hydraulic System,72.567,2.719,80.978,52.452,1871.711,147.981,23.45,77.848,233,52.157,23.283,Normal,0,1
A021,2025-01-04 18:00:00,A021-HYD,Hydraulic System,74.22,2.863,80.254,55.589,1895.839,147.03,23.676,74.543,383,57.815,27.059,Normal,0,0
A021,2025-01-04 20:00:00,A021-HYD,Hydraulic System,74.899,2.026,80.207,52.774,1855.366,151.871,24.483,80.867,226,57.789,28.627,Normal,0,0
A021,2025-01-05 06:00:00,A021-HYD,Hydraulic System,71.658,2.748,75.991,53.999,1848.888,148.932,24.049,79.656,400,44.838,31.813,Normal,0,0
A021,2025-01-05 07:00:00,A021-HYD,Hydraulic System,75.12,2.172,82.593,53.536,1717.56,146.589,24.192,75.019,524,49.601,28.715,Normal,0,0
A021,2025-01-05 08:00:00,A021-HYD,Hydraulic System,71.265,2.694,79.589,54.501,1695.552,145.084,24.064,82.241,576,59.863,32.329,Normal,0,0
A021,2025-01-05 11:00:00,A021-HYD,Hydraulic System,70.957,2.573,77.341,52.616,1929.2,148.981,23.397,77.412,603,54.356,38.346,Normal,0,0
A021,2025-01-05 13:00:00,A021-HYD,Hydraulic System,78.963,2.347,76.296,57.216,1923.634,154.644,23.598,77.282,225,43.898,31.295,Normal,0,0
A021,2025-01-05 16:00:00,A021-HYD,Hydraulic System,78.245,2.689,78.705,55.769,1930.121,160.272,23.782,78.423,322,56.193,32.169,Normal,0,0
A021,2025-01-05 17:00:00,A021-HYD,Hydraulic System,76.356,3.604,78.376,56.001,1916.527,144.653,23.958,78.797,419,41.462,29.407,Normal,0,0
A021,2025-01-05 19:00:00,A021-HYD,Hydraulic System,75.448,2.939,75.528,53.279,1658.341,150.096,24.368,76.81,378,51.202,32.387,Normal,0,0
A021,2025-01-05 23:00:00,A021-HYD,Hydraulic System,72.417,2.622,77.239,53.092,1874.795,145.808,24.024,79.403,278,42.36,34.015,Normal,0,0
A021,2025-01-06 05:00:00,A021-HYD,Hydraulic System,72.87,2.54,80.383,54.367,1810.25,157.087,24.095,82.623,547,49.442,34.719,Normal,0,0
A021,2025-01-06 09:00:00,A021-HYD,Hydraulic System,74.719,2.355,74.632,55.321,1797.458,150.975,24.279,79.16,564,57.819,26.43,Normal,0,1
A021,2025-01-06 10:00:00,A021-HYD,Hydraulic System,74.946,2.433,75.619,54.276,1750.28,147.355,23.712,77.313,560,46.519,36.249,Normal,0,0
A021,2025-01-06 17:00:00,A021-HYD,Hydraulic System,70.604,2.117,76.444,55.347,1774.631,146.115,23.365,78.01,299,51.757,27.706,Normal,0,0
A021,2025-01-07 09:00:00,A021-HYD,Hydraulic System,72.49,2.515,74.594,52.583,1844.183,152.443,23.962,78.832,538,40.582,23.002,Normal,0,0
A021,2025-01-07 10:00:00,A021-HYD,Hydraulic System,75.164,3.144,73.818,53.154,1803.331,142.11,23.809,81.178,476,60.729,33.295,Normal,0,0
A021,2025-01-07 11:00:00,A021-HYD,Hydraulic System,93.514,5.989,65.128,54.604,1720.527,125.162,23.997,82.193,563,50.738,35.623,Warning,1,1
A021,2025-01-07 14:00:00,A021-HYD,Hydraulic System,72.029,2.702,77.713,51.621,1836.379,140.244,23.543,81.351,430,49.076,29.725,Normal,0,0
A021,2025-01-07 23:00:00,A021-HYD,Hydraulic System,74.494,2.649,71.708,53.671,1897.979,148.134,23.856,78.318,378,58.162,31.701,Normal,0,0
A021,2025-01-08 07:00:00,A021-HYD,Hydraulic System,77.413,3.041,75.61,52.567,1716.07,154.046,23.748,78.598,539,57.295,35.119,Normal,0,0
A021,2025-01-08 08:00:00,A021-HYD,Hydraulic System,78.774,2.602,77.9,51.707,1701.074,142.902,23.815,80.693,585,67.619,33.166,Normal,0,1
A021,2025-01-08 11:00:00,A021-HYD,Hydraulic System,79.489,2.511,76.273,56.797,1698.327,146.112,23.604,78.775,591,43.65,24.225,Normal,0,0
A021,2025-01-08 13:00:00,A021-HYD,Hydraulic System,72.964,2.725,73.1,52.354,1876.838,146.613,23.193,81.091,449,43.368,22.707,Normal,0,0
A021,2025-01-08 17:00:00,A021-HYD,Hydraulic System,78.194,3.048,72.476,51.163,1754.518,143.983,23.322,79.021,638,56.721,36.354,Normal,0,0
A021,2025-01-09 06:00:00,A021-HYD,Hydraulic System,75.349,2.72,73.164,49.658,1872.751,149.141,23.512,79.661,373,53.776,30.47,Normal,0,1
A021,2025-01-09 07:00:00,A021-HYD,Hydraulic System,78.689,2.815,75.786,52.4,1758.396,148.337,22.936,79.149,409,54.094,28.965,Normal,0,0
A021,2025-01-09 10:00:00,A021-HYD,Hydraulic System,79.974,2.68,73.748,51.677,1969.58,154.908,23.38,80.294,414,56.604,24.444,Normal,0,1
A021,2025-01-09 20:00:00,A021-HYD,Hydraulic System,77.573,2.684,75.27,53.411,1756.205,148.974,23.18,83.192,500,63.0,23.324,Normal,0,0
A021,2025-01-09 21:00:00,A021-HYD,Hydraulic System,80.506,2.493,75.704,54.168,1801.51,150.468,23.666,80.703,368,51.608,30.504,Normal,0,0
A021,2025-01-10 00:00:00,A021-HYD,Hydraulic System,79.505,3.149,75.476,52.474,1779.387,148.821,23.595,78.172,562,65.156,35.394,Normal,0,1
A021,2025-01-10 05:00:00,A021-HYD,Hydraulic System,73.557,3.118,71.747,56.771,1668.061,153.315,23.656,77.333,352,60.041,22.917,Normal,0,0
A021,2025-01-10 08:00:00,A021-HYD,Hydraulic System,77.355,3.053,75.853,51.25,1794.64,151.325,23.271,78.773,517,60.611,32.378,Normal,0,1
A021,2025-01-10 14:00:00,A021-HYD,Hydraulic System,78.967,3.101,71.481,55.009,1814.703,153.446,23.664,82.974,357,59.692,23.44,Normal,0,0
A021,2025-01-10 15:00:00,A021-HYD,Hydraulic System,76.061,3.04,75.215,51.997,1652.387,145.816,23.032,83.303,505,63.3,27.576,Normal,0,0
A021,2025-01-10 16:00:00,A021-HYD,Hydraulic System,92.897,4.839,70.385,53.0,1909.252,140.453,23.203,83.463,711,56.137,28.026,Warning,1,0
A021,2025-01-10 17:00:00,A021-HYD,Hydraulic System,77.652,2.633,74.683,50.727,1828.973,146.789,22.974,79.932,580,70.418,30.703,Normal,0,0
A021,2025-01-11 00:00:00,A021-HYD,Hydraulic System,78.771,3.294,75.371,56.398,1825.9,141.204,23.351,79.543,470,58.553,30.051,Normal,0,0
A021,2025-01-11 04:00:00,A021-HYD,Hydraulic System,74.111,2.776,72.652,55.527,1849.336,144.715,23.27,81.485,612,52.05,24.752,Normal,0,0
A021,2025-01-11 06:00:00,A021-HYD,Hydraulic System,78.045,3.373,79.511,54.881,1830.728,149.251,22.603,80.29,589,40.654,29.715,Normal,0,0
A021,2025-01-11 08:00:00,A021-HYD,Hydraulic System,77.955,3.195,74.287,51.251,1762.973,149.111,23.545,83.093,505,69.403,24.737,Normal,0,0
A021,2025-01-11 16:00:00,A021-HYD,Hydraulic System,74.398,2.763,72.99,54.755,1761.486,149.313,23.189,83.102,682,64.507,32.202,Normal,0,0
A021,2025-01-11 18:00:00,A021-HYD,Hydraulic System,74.407,3.069,79.1,53.77,1818.014,147.64,23.194,83.195,360,72.166,28.999,Normal,0,0
A021,2025-01-12 01:00:00,A021-HYD,Hydraulic System,80.181,2.652,79.691,54.939,1711.708,144.836,22.668,78.328,645,65.682,18.734,Normal,0,0
A021,2025-01-12 04:00:00,A021-HYD,Hydraulic System,76.894,3.225,77.16,54.662,1960.14,157.875,22.673,79.39,374,51.155,39.646,Normal,0,1
A021,2025-01-12 07:00:00,A021-HYD,Hydraulic System,81.958,3.688,72.143,52.581,1822.929,142.34,23.405,84.599,514,52.992,36.754,Normal,0,0
A021,2025-01-12 09:00:00,A021-HYD,Hydraulic System,82.422,2.709,76.761,52.321,1723.06,151.146,23.288,81.965,731,64.506,33.452,Normal,0,0
A021,2025-01-12 11:00:00,A021-HYD,Hydraulic System,79.645,3.278,77.526,51.806,1703.581,143.33,23.242,81.804,537,61.658,27.123,Normal,0,0
A021,2025-01-12 20:00:00,A021-HYD,Hydraulic System,81.229,2.864,73.945,54.493,1827.367,156.764,23.385,81.459,705,52.243,35.931,Normal,0,0
A021,2025-01-12 22:00:00,A021-HYD,Hydraulic System,72.71,2.88,74.258,52.413,1723.49,147.175,23.4,79.232,656,67.701,35.336,Normal,0,0
A021,2025-01-13 02:00:00,A021-HYD,Hydraulic System,81.199,2.423,71.778,52.305,1751.614,142.697,22.85,82.432,587,59.913,28.423,Normal,0,0
A021,2025-01-13 05:00:00,A021-HYD,Hydraulic System,81.14,2.88,78.075,52.707,1684.486,155.339,23.36,80.253,754,66.35,35.071,Normal,0,0
A021,2025-01-13 06:00:00,A021-HYD,Hydraulic System,79.247,2.596,73.143,49.767,1832.281,144.032,23.181,82.347,399,65.95,27.565,Normal,0,0
A021,2025-01-13 07:00:00,A021-HYD,Hydraulic System,79.861,3.406,75.614,52.742,1855.88,148.162,22.52,83.606,657,72.755,32.143,Normal,0,0
A021,2025-01-13 09:00:00,A021-HYD,Hydraulic System,77.347,3.145,72.491,52.927,1798.937,144.106,22.982,81.872,407,62.016,20.11,Normal,0,1
A021,2025-01-13 13:00:00,A021-HYD,Hydraulic System,77.725,3.567,75.009,53.711,1892.338,150.53,23.206,78.828,477,75.766,27.51,Normal,0,1
A021,2025-01-13 14:00:00,A021-HYD,Hydraulic System,78.533,3.244,81.169,54.555,1718.283,151.025,23.61,82.071,431,65.328,32.61,Normal,0,0
A021,2025-01-13 17:00:00,A021-HYD,Hydraulic System,82.558,3.333,71.529,50.908,1849.282,150.226,22.578,82.525,734,66.905,30.54,Normal,0,1
A021,2025-01-13 18:00:00,A021-HYD,Hydraulic System,81.458,2.702,73.977,53.55,1699.785,143.703,22.78,82.727,450,56.244,21.53,Normal,0,1
A021,2025-01-13 19:00:00,A021-HYD,Hydraulic System,74.625,2.79,72.264,53.058,1729.481,147.058,22.771,84.992,752,52.861,28.817,Normal,0,0
A021,2025-01-13 21:00:00,A021-HYD,Hydraulic System,84.794,2.971,74.083,51.065,1845.871,151.311,22.588,83.381,666,51.878,27.063,Normal,0,0
A021,2025-01-13 22:00:00,A021-HYD,Hydraulic System,76.546,2.95,73.903,49.706,2015.883,143.277,22.759,80.077,429,69.315,27.259,Normal,0,0
A021,2025-01-14 02:00:00,A021-HYD,Hydraulic System,74.604,3.481,71.605,52.231,1781.286,144.022,22.674,79.732,489,85.398,29.217,Normal,0,0
A021,2025-01-14 05:00:00,A021-HYD,Hydraulic System,79.407,3.486,74.948,53.569,1743.089,143.091,23.369,81.9,566,60.169,29.461,Normal,0,1
A021,2025-01-14 07:00:00,A021-HYD,Hydraulic System,76.625,3.604,74.022,53.364,1949.575,147.832,23.024,85.949,816,48.693,36.388,Normal,0,1
A021,2025-01-14 15:00:00,A021-HYD,Hydraulic System,83.029,3.612,68.957,51.066,1734.379,145.337,22.925,89.435,748,62.72,30.424,Normal,0,0
A021,2025-01-14 16:00:00,A021-HYD,Hydraulic System,81.557,3.207,72.514,54.568,1924.056,148.503,22.856,82.164,485,71.821,38.411,Normal,0,0
A021,2025-01-14 18:00:00,A021-HYD,Hydraulic System,83.57,3.211,72.467,49.027,1766.916,149.03,22.759,81.351,632,64.855,30.783,Normal,0,0
A021,2025-01-14 19:00:00,A021-HYD,Hydraulic System,77.04,3.101,75.642,50.31,1860.275,155.304,23.345,84.029,564,77.541,32.193,Normal,0,1
A021,2025-01-14 21:00:00,A021-HYD,Hydraulic System,76.185,2.99,76.116,53.865,1801.174,139.797,22.635,82.817,605,69.871,26.877,Normal,0,0
A021,2025-01-14 23:00:00,A021-HYD,Hydraulic System,83.92,3.678,70.517,51.175,1956.517,155.458,23.167,90.45,584,65.274,36.288,Warning,1,1
A021,2025-01-15 04:00:00,A021-HYD,Hydraulic System,80.037,3.597,71.224,53.739,1805.645,148.947,22.522,77.98,707,56.865,30.366,Normal,0,1
A021,2025-01-15 05:00:00,A021-HYD,Hydraulic System,81.466,3.848,74.846,48.38,1809.655,143.216,22.663,83.632,790,70.337,21.297,Warning,1,1
A021,2025-01-15 15:00:00,A021-HYD,Hydraulic System,81.488,3.648,70.512,46.429,1736.956,142.964,23.033,83.952,607,63.141,20.532,Warning,1,1
A021,2025-01-15 17:00:00,A021-HYD,Hydraulic System,79.16,3.682,70.117,52.869,1720.888,144.188,22.935,85.019,633,68.096,27.193,Warning,1,1
A021,2025-01-16 00:00:00,A021-HYD,Hydraulic System,79.057,3.048,71.361,50.32,1833.221,144.477,23.272,89.137,678,66.132,23.286,Normal,0,1
A021,2025-01-16 06:00:00,A021-HYD,Hydraulic System,81.653,3.66,72.049,53.623,1819.251,145.504,22.45,82.166,641,69.633,32.953,Warning,1,1
A021,2025-01-16 07:00:00,A021-HYD,Hydraulic System,83.784,3.356,74.769,53.667,1869.446,146.353,23.08,84.574,561,56.72,37.256,Normal,0,0
A021,2025-01-16 12:00:00,A021-HYD,Hydraulic System,82.038,3.37,71.49,52.506,1719.918,152.844,22.63,86.22,855,75.077,19.702,Warning,1,1
A021,2025-01-16 23:00:00,A021-HYD,Hydraulic System,85.185,3.146,76.832,51.851,1784.9,148.838,22.899,83.645,880,67.237,31.056,Warning,1,0
A021,2025-01-17 00:00:00,A021-HYD,Hydraulic System,80.732,3.343,67.059,51.56,1837.85,151.901,23.38,84.632,805,69.864,26.598,Warning,1,1
A021,2025-01-17 09:00:00,A021-HYD,Hydraulic System,79.558,3.575,74.331,53.963,1986.329,144.638,22.631,84.696,822,55.887,29.905,Normal,0,0
A021,2025-01-17 11:00:00,A021-HYD,Hydraulic System,88.661,3.364,70.209,53.286,1703.47,147.51,23.033,84.188,626,82.202,22.04,Warning,1,1
A022,2025-01-01 02:00:00,A022-HYD,Hydraulic System,71.503,2.174,78.234,54.726,1835.691,156.541,23.85,72.93,158,58.248,31.886,Normal,0,0
A022,2025-01-01 08:00:00,A022-HYD,Hydraulic System,72.054,2.488,77.49,54.542,1779.783,152.754,23.907,75.128,205,53.158,33.941,Normal,0,0
A022,2025-01-01 18:00:00,A022-HYD,Hydraulic System,71.64,2.162,79.838,52.719,1653.563,145.915,24.069,78.359,293,66.77,28.724,Normal,0,0
A022,2025-01-01 19:00:00,A022-HYD,Hydraulic System,68.258,1.739,74.441,57.303,1777.001,147.585,24.119,77.628,323,46.043,30.662,Normal,0,1
A022,2025-01-02 00:00:00,A022-HYD,Hydraulic System,73.479,3.063,81.868,56.663,1827.108,148.821,23.838,74.978,258,53.755,27.674,Normal,0,0
A022,2025-01-02 01:00:00,A022-HYD,Hydraulic System,72.458,2.49,78.907,60.681,1911.379,154.242,24.386,76.626,294,39.657,32.637,Normal,0,0
A022,2025-01-02 02:00:00,A022-HYD,Hydraulic System,69.239,2.341,78.242,54.86,1761.55,151.684,24.172,76.728,344,57.148,33.868,Normal,0,0
A022,2025-01-02 03:00:00,A022-HYD,Hydraulic System,77.347,2.81,78.234,54.401,1605.493,145.062,23.752,76.419,138,49.436,37.367,Normal,0,0
A022,2025-01-02 20:00:00,A022-HYD,Hydraulic System,73.366,2.918,77.492,49.063,2025.077,147.118,23.288,78.273,258,60.522,28.378,Normal,0,0
A022,2025-01-02 22:00:00,A022-HYD,Hydraulic System,80.271,2.11,79.426,55.335,1771.38,150.831,24.275,75.573,390,61.97,31.503,Normal,0,0
A022,2025-01-02 23:00:00,A022-HYD,Hydraulic System,75.114,2.878,78.26,54.098,1822.455,143.972,23.555,77.896,395,49.332,24.583,Normal,0,0
A022,2025-01-03 00:00:00,A022-HYD,Hydraulic System,78.114,2.452,76.024,52.566,1728.947,147.767,23.336,78.142,321,51.416,32.764,Normal,0,0
A022,2025-01-03 02:00:00,A022-HYD,Hydraulic System,70.395,2.538,79.494,54.81,1723.606,151.695,23.676,75.578,473,37.607,34.971,Normal,0,0
A022,2025-01-03 03:00:00,A022-HYD,Hydraulic System,70.703,2.675,77.505,58.479,1857.107,145.819,23.51,76.846,520,59.505,35.647,Normal,0,0
A022,2025-01-03 05:00:00,A022-HYD,Hydraulic System,75.924,1.804,77.673,52.334,1778.344,151.595,23.716,75.883,165,60.743,23.65,Normal,0,0
A022,2025-01-03 08:00:00,A022-HYD,Hydraulic System,74.762,2.579,79.501,53.79,1725.238,152.415,23.857,78.525,244,54.736,30.73,Normal,0,0
A022,2025-01-03 12:00:00,A022-HYD,Hydraulic System,78.008,2.395,77.443,54.429,1856.288,147.251,23.314,78.638,482,57.428,34.929,Normal,0,0
A022,2025-01-03 22:00:00,A022-HYD,Hydraulic System,72.123,2.094,74.882,52.5,1862.617,141.581,24.252,78.09,181,57.375,24.725,Normal,0,0
A022,2025-01-03 23:00:00,A022-HYD,Hydraulic System,70.42,2.896,76.771,57.711,1937.889,150.275,24.093,80.169,220,43.718,28.919,Normal,0,1
A022,2025-01-04 02:00:00,A022-HYD,Hydraulic System,72.085,1.96,75.399,52.248,2064.076,148.437,24.114,77.148,368,37.982,35.218,Normal,0,0
A022,2025-01-04 08:00:00,A022-HYD,Hydraulic System,80.013,2.675,78.09,54.042,1869.243,148.589,24.463,79.967,472,57.348,28.356,Normal,0,1
A022,2025-01-04 11:00:00,A022-HYD,Hydraulic System,73.5,2.613,81.15,53.517,1927.295,148.966,23.942,78.999,468,75.47,26.2,Normal,0,0
A022,2025-01-04 12:00:00,A022-HYD,Hydraulic System,70.514,2.016,71.293,52.977,1865.791,146.658,23.664,76.303,411,63.207,33.452,Normal,0,1
A022,2025-01-04 13:00:00,A022-HYD,Hydraulic System,76.006,2.488,73.549,55.419,1802.353,148.132,23.844,77.512,457,55.001,20.303,Normal,0,0
A022,2025-01-04 18:00:00,A022-HYD,Hydraulic System,75.271,2.932,75.932,52.643,1584.091,154.15,23.959,75.321,302,54.576,39.678,Normal,0,0
A022,2025-01-04 22:00:00,A022-HYD,Hydraulic System,75.671,2.379,75.08,55.94,1766.852,148.259,24.09,81.641,418,65.121,30.138,Normal,0,0
A022,2025-01-05 00:00:00,A022-HYD,Hydraulic System,77.167,2.435,73.208,56.487,1990.851,147.115,23.927,74.645,521,71.867,28.663,Normal,0,0
A022,2025-01-05 01:00:00,A022-HYD,Hydraulic System,71.058,2.377,76.15,55.037,1894.486,149.068,24.539,78.52,408,62.41,26.487,Normal,0,0
A022,2025-01-05 03:00:00,A022-HYD,Hydraulic System,76.451,2.611,75.788,53.631,1836.562,154.262,23.426,77.561,201,63.398,32.016,Normal,0,0
A022,2025-01-05 05:00:00,A022-HYD,Hydraulic System,77.819,3.181,74.411,56.717,1821.95,147.89,23.519,77.048,562,56.001,23.052,Normal,0,0
A022,2025-01-05 10:00:00,A022-HYD,Hydraulic System,74.147,2.442,77.025,55.812,1873.234,152.07,24.456,79.684,472,45.838,26.654,Normal,0,0
A022,2025-01-05 18:00:00,A022-HYD,Hydraulic System,75.484,3.35,78.833,60.376,1817.608,153.997,23.584,79.039,318,56.602,41.265,Normal,0,0
A022,2025-01-05 20:00:00,A022-HYD,Hydraulic System,74.403,2.224,72.546,53.576,1778.265,154.515,23.473,75.031,225,48.389,29.761,Normal,0,0
A022,2025-01-05 22:00:00,A022-HYD,Hydraulic System,74.189,2.652,75.39,53.459,1946.424,147.182,22.998,77.514,307,56.523,28.858,Normal,0,0
A022,2025-01-06 09:00:00,A022-HYD,Hydraulic System,75.005,3.141,75.558,55.769,1658.799,154.893,23.719,77.954,589,64.895,37.997,Normal,0,0
A022,2025-01-06 11:00:00,A022-HYD,Hydraulic System,74.711,2.694,74.554,56.337,1834.334,146.853,23.323,78.514,317,62.04,31.18,Normal,0,0
A022,2025-01-06 18:00:00,A022-HYD,Hydraulic System,76.899,2.321,76.372,53.217,2007.263,150.602,24.112,79.015,335,70.923,33.396,Normal,0,0
A022,2025-01-06 23:00:00,A022-HYD,Hydraulic System,71.861,3.236,76.87,54.639,1886.741,155.217,23.363,85.221,473,49.558,28.419,Normal,0,1
A022,2025-01-07 14:00:00,A022-HYD,Hydraulic System,77.563,3.019,76.278,54.14,1897.801,143.06,23.759,78.012,355,61.224,41.268,Normal,0,0
A022,2025-01-07 16:00:00,A022-HYD,Hydraulic System,71.386,2.75,75.673,51.679,2017.955,148.626,23.463,81.006,542,48.486,37.176,Normal,0,0
A022,2025-01-07 19:00:00,A022-HYD,Hydraulic System,80.194,2.794,73.769,52.648,1764.833,145.154,23.118,80.295,284,56.0,34.947,Normal,0,0
A022,2025-01-08 06:00:00,A022-HYD,Hydraulic System,80.405,3.592,74.954,55.225,1767.307,143.306,23.614,77.151,310,56.139,29.866,Normal,0,1
A022,2025-01-08 09:00:00,A022-HYD,Hydraulic System,77.339,3.233,74.839,50.796,1722.498,143.566,23.151,77.942,392,56.62,41.409,Normal,0,0
A022,2025-01-08 13:00:00,A022-HYD,Hydraulic System,75.778,3.077,76.504,52.459,1818.459,144.832,24.191,81.618,487,77.438,34.397,Normal,0,0
A022,2025-01-08 15:00:00,A022-HYD,Hydraulic System,78.107,3.274,74.92,57.431,1769.569,144.121,23.544,76.043,494,78.104,38.343,Normal,0,0
A022,2025-01-09 10:00:00,A022-HYD,Hydraulic System,76.097,3.439,73.504,51.369,1695.769,150.406,23.596,83.365,667,43.288,30.514,Normal,0,0
A022,2025-01-09 16:00:00,A022-HYD,Hydraulic System,75.417,3.534,75.253,52.14,1756.746,147.633,23.686,78.401,464,57.296,32.796,Normal,0,0
A022,2025-01-09 19:00:00,A022-HYD,Hydraulic System,80.593,3.281,73.547,58.526,1698.424,142.338,23.879,82.099,565,73.211,37.241,Normal,0,0
A022,2025-01-09 20:00:00,A022-HYD,Hydraulic System,80.099,2.643,72.069,56.999,1695.476,149.396,23.386,81.235,692,54.222,32.52,Normal,0,0
A022,2025-01-09 22:00:00,A022-HYD,Hydraulic System,80.894,3.375,77.336,54.999,1796.963,148.404,23.44,81.725,567,52.91,27.076,Normal,0,0
A022,2025-01-09 23:00:00,A022-HYD,Hydraulic System,72.516,3.546,74.127,50.381,1739.823,140.896,23.477,79.618,395,60.384,41.347,Normal,0,0
A022,2025-01-10 02:00:00,A022-HYD,Hydraulic System,80.71,2.779,75.648,54.798,1616.417,141.141,23.675,80.47,631,73.62,39.823,Normal,0,1
A022,2025-01-10 03:00:00,A022-HYD,Hydraulic System,78.299,3.341,76.737,49.963,1812.918,151.044,23.796,83.053,536,50.96,21.373,Normal,0,0
A022,2025-01-10 06:00:00,A022-HYD,Hydraulic System,87.565,5.657,66.932,57.871,1779.535,126.375,23.572,82.885,641,67.37,29.695,Warning,1,1
A022,2025-01-10 10:00:00,A022-HYD,Hydraulic System,75.276,3.307,70.925,52.284,1808.576,144.698,23.326,82.358,457,67.417,27.659,Normal,0,1
A022,2025-01-10 12:00:00,A022-HYD,Hydraulic System,79.441,3.165,69.97,50.641,1843.96,152.156,22.878,75.989,421,68.411,32.856,Normal,0,0
A022,2025-01-10 13:00:00,A022-HYD,Hydraulic System,83.697,2.948,76.379,56.954,1809.495,146.303,23.108,78.075,394,40.704,35.702,Normal,0,0
A022,2025-01-10 14:00:00,A022-HYD,Hydraulic System,78.457,3.557,71.841,57.051,1780.488,147.568,23.663,82.501,451,72.405,42.815,Normal,0,1
A022,2025-01-11 02:00:00,A022-HYD,Hydraulic System,77.767,3.179,73.022,56.75,1715.164,141.132,23.583,81.318,450,73.421,18.581,Normal,0,0
A022,2025-01-11 07:00:00,A022-HYD,Hydraulic System,81.077,3.125,72.059,53.769,1710.984,148.049,23.638,82.119,559,67.476,24.632,Normal,0,0
A022,2025-01-11 09:00:00,A022-HYD,Hydraulic System,73.682,2.762,74.715,53.228,1798.766,146.272,22.52,79.289,505,66.072,36.552,Normal,0,0
A022,2025-01-11 20:00:00,A022-HYD,Hydraulic System,80.959,3.243,68.263,50.66,1827.873,156.313,23.535,82.795,427,79.161,26.987,Warning,1,1
A022,2025-01-12 05:00:00,A022-HYD,Hydraulic System,80.846,2.792,73.278,52.651,1844.085,146.389,23.269,82.841,755,77.528,30.225,Normal,0,0
A022,2025-01-12 16:00:00,A022-HYD,Hydraulic System,80.022,3.415,75.095,53.277,1642.028,146.579,23.397,85.886,391,61.412,38.245,Normal,0,0
A022,2025-01-12 18:00:00,A022-HYD,Hydraulic System,80.951,3.149,75.157,54.478,1748.318,142.968,22.735,80.349,530,72.596,27.793,Normal,0,1
A022,2025-01-12 19:00:00,A022-HYD,Hydraulic System,79.115,3.546,73.105,53.05,1748.721,151.525,23.308,81.678,515,62.481,25.847,Normal,0,0
A022,2025-01-12 20:00:00,A022-HYD,Hydraulic System,81.072,3.564,66.642,53.988,1882.867,152.157,22.281,78.71,557,73.033,30.932,Warning,1,1
A022,2025-01-13 02:00:00,A022-HYD,Hydraulic System,81.14,3.508,74.764,55.156,1741.995,150.557,22.761,82.783,490,78.433,36.546,Warning,1,0
A022,2025-01-13 04:00:00,A022-HYD,Hydraulic System,83.066,3.242,71.904,52.224,1715.717,153.601,23.199,83.161,487,83.774,29.122,Warning,1,0
A022,2025-01-13 06:00:00,A022-HYD,Hydraulic System,96.72,5.594,57.327,58.047,1909.9,131.082,23.071,81.391,763,74.644,32.868,Warning,1,1
A022,2025-01-13 08:00:00,A022-HYD,Hydraulic System,82.76,3.355,72.388,49.593,1697.134,146.348,22.413,85.709,764,68.097,31.675,Warning,1,1
A022,2025-01-13 11:00:00,A022-HYD,Hydraulic System,75.748,3.252,73.082,52.882,1700.478,148.98,23.993,82.66,436,78.23,31.576,Normal,0,0
A022,2025-01-14 00:00:00,A022-HYD,Hydraulic System,82.06,3.596,72.32,51.277,1743.794,149.355,23.242,84.348,508,72.167,23.275,Warning,1,0
A022,2025-01-14 03:00:00,A022-HYD,Hydraulic System,83.966,3.711,70.224,55.157,1776.002,145.744,23.059,84.145,494,84.564,25.93,Warning,1,0
A022,2025-01-14 08:00:00,A022-HYD,Hydraulic System,79.753,3.383,72.768,50.625,1690.619,144.245,23.073,82.505,665,83.777,38.253,Warning,1,0
A022,2025-01-14 09:00:00,A022-HYD,Hydraulic System,80.526,2.541,76.101,50.283,1981.471,145.928,23.494,86.115,504,78.331,31.635,Normal,0,0
A022,2025-01-14 11:00:00,A022-HYD,Hydraulic System,78.872,3.476,67.672,52.774,1641.049,143.745,22.9,81.538,573,66.279,27.058,Warning,1,1
A022,2025-01-14 12:00:00,A022-HYD,Hydraulic System,84.173,4.011,74.26,52.443,1771.826,153.132,23.039,80.872,445,75.401,38.338,Warning,1,0
A022,2025-01-14 15:00:00,A022-HYD,Hydraulic System,79.529,3.859,69.531,55.59,1718.755,146.033,23.244,85.49,554,72.79,40.435,Warning,1,1
A022,2025-01-14 20:00:00,A022-HYD,Hydraulic System,77.689,3.086,72.146,54.108,1902.341,145.684,23.02,82.338,440,68.489,33.3,Normal,0,1
A022,2025-01-14 21:00:00,A022-HYD,Hydraulic System,81.85,3.533,74.162,53.562,1830.557,148.618,22.847,85.49,591,80.316,27.626,Warning,1,1
A022,2025-01-14 23:00:00,A022-HYD,Hydraulic System,80.963,3.758,71.784,53.453,2053.667,145.107,22.544,81.849,697,71.242,22.878,Warning,1,1
A022,2025-01-15 02:00:00,A022-HYD,Hydraulic System,81.431,4.456,70.062,50.916,1861.495,147.113,23.191,82.663,541,67.147,25.358,Warning,1,0
A022,2025-01-15 05:00:00,A022-HYD,Hydraulic System,83.363,3.693,70.395,51.265,1702.228,147.209,22.67,87.677,776,70.341,31.339,Warning,1,1
A022,2025-01-15 07:00:00,A022-HYD,Hydraulic System,84.434,3.138,70.737,50.78,1857.86,149.539,22.861,83.338,663,68.243,24.681,Warning,1,1
A022,2025-01-15 12:00:00,A022-HYD,Hydraulic System,83.28,3.528,72.602,50.531,1846.038,139.152,23.511,81.592,756,63.505,37.331,Warning,1,1
A022,2025-01-15 20:00:00,A022-HYD,Hydraulic System,80.086,3.481,73.258,52.806,2037.22,153.297,22.849,84.275,759,65.701,26.161,Warning,1,1
A022,2025-01-16 09:00:00,A022-HYD,Hydraulic System,84.524,3.466,69.861,51.27,1784.869,145.929,22.805,85.434,652,86.917,36.329,Warning,1,0
A022,2025-01-16 13:00:00,A022-HYD,Hydraulic System,85.069,3.54,70.957,51.243,1850.205,147.387,22.2,86.891,671,80.114,33.421,Warning,1,1
A022,2025-01-16 16:00:00,A022-HYD,Hydraulic System,99.173,5.948,61.754,55.291,1734.332,125.71,22.882,86.108,484,81.092,24.387,Warning,1,1
A022,2025-01-17 04:00:00,A022-HYD,Hydraulic System,85.681,2.685,71.682,51.454,1942.607,144.505,22.777,86.833,805,66.614,29.663,Warning,1,0
A022,2025-01-17 08:00:00,A022-HYD,Hydraulic System,82.548,3.952,67.406,53.228,1814.736,146.731,22.831,86.227,809,68.363,16.928,Warning,1,0
A022,2025-01-17 10:00:00,A022-HYD,Hydraulic System,81.827,4.155,74.483,53.046,1830.306,145.022,23.467,86.858,707,88.778,22.647,Warning,1,0
A022,2025-01-17 15:00:00,A022-HYD,Hydraulic System,82.236,3.408,67.407,50.681,1787.086,141.257,23.212,87.5,663,74.983,20.097,Warning,1,1
A023,2025-01-01 03:00:00,A023-HYD,Hydraulic System,70.298,2.359,81.377,56.0,1788.745,148.391,23.845,75.395,275,51.451,35.506,Normal,0,0
A023,2025-01-01 06:00:00,A023-HYD,Hydraulic System,73.926,2.428,77.571,55.334,1867.335,147.087,24.164,75.874,371,60.158,19.874,Normal,0,0
A023,2025-01-01 07:00:00,A023-HYD,Hydraulic System,71.114,2.121,76.745,56.395,1753.075,156.227,23.619,71.331,473,43.596,29.042,Normal,0,0
A023,2025-01-01 18:00:00,A023-HYD,Hydraulic System,72.425,2.584,72.512,54.918,1667.662,152.788,23.839,73.511,377,42.514,32.99,Normal,0,1
A023,2025-01-01 23:00:00,A023-HYD,Hydraulic System,70.297,2.024,71.527,52.893,1687.172,149.586,23.85,72.857,364,59.552,23.278,Normal,0,0
A023,2025-01-02 00:00:00,A023-HYD,Hydraulic System,71.099,2.186,80.469,52.485,1904.54,148.406,23.636,75.821,157,56.589,24.457,Normal,0,0
A023,2025-01-02 02:00:00,A023-HYD,Hydraulic System,73.313,2.874,76.356,58.019,1967.395,152.975,23.776,72.927,417,54.822,33.444,Normal,0,0
A023,2025-01-02 06:00:00,A023-HYD,Hydraulic System,74.825,3.227,80.74,54.718,1721.266,147.345,24.086,74.604,158,50.678,29.69,Normal,0,0
A023,2025-01-02 07:00:00,A023-HYD,Hydraulic System,69.928,2.373,78.176,53.662,1746.833,155.812,24.738,73.969,316,46.847,24.44,Normal,0,0
A023,2025-01-02 17:00:00,A023-HYD,Hydraulic System,77.297,3.155,78.54,53.253,1840.923,150.03,24.02,73.289,208,40.96,36.168,Normal,0,0
A023,2025-01-02 18:00:00,A023-HYD,Hydraulic System,69.814,3.051,73.786,51.371,1916.011,160.765,23.487,76.933,159,78.735,21.524,Normal,0,1
A023,2025-01-02 19:00:00,A023-HYD,Hydraulic System,76.803,2.733,74.24,52.117,1741.299,147.597,23.889,79.957,518,50.003,30.604,Normal,0,0
A023,2025-01-03 01:00:00,A023-HYD,Hydraulic System,74.183,2.967,81.503,57.248,1753.112,154.092,23.648,78.394,481,65.049,34.141,Normal,0,0
A023,2025-01-03 04:00:00,A023-HYD,Hydraulic System,74.277,3.033,76.454,52.213,1934.285,148.57,23.258,70.328,315,42.818,26.698,Normal,0,0
A023,2025-01-03 08:00:00,A023-HYD,Hydraulic System,74.143,2.367,72.336,52.696,1777.837,148.564,24.355,79.475,497,60.523,39.855,Normal,0,0
A023,2025-01-03 09:00:00,A023-HYD,Hydraulic System,74.978,2.24,76.848,53.73,1701.771,151.332,23.226,78.91,228,55.68,24.29,Normal,0,1
A023,2025-01-03 15:00:00,A023-HYD,Hydraulic System,70.549,2.703,75.892,55.409,1796.367,153.26,23.016,77.055,229,62.491,31.023,Normal,0,0
A023,2025-01-03 20:00:00,A023-HYD,Hydraulic System,72.468,2.107,78.025,53.073,1848.45,142.987,23.549,77.219,485,52.792,32.006,Normal,0,0
A023,2025-01-03 22:00:00,A023-HYD,Hydraulic System,78.032,2.713,69.418,51.956,1677.347,154.055,23.4,73.06,230,70.206,27.62,Normal,0,1
A023,2025-01-04 04:00:00,A023-HYD,Hydraulic System,73.464,2.422,78.007,49.555,1868.363,152.262,24.161,77.933,472,63.356,30.054,Normal,0,0
A023,2025-01-04 09:00:00,A023-HYD,Hydraulic System,73.937,2.669,78.597,53.952,1738.062,148.52,24.106,78.39,384,59.305,30.123,Normal,0,0
A023,2025-01-04 11:00:00,A023-HYD,Hydraulic System,76.077,2.142,72.549,54.346,1933.799,149.176,23.209,76.12,223,46.388,31.612,Normal,0,0
A023,2025-01-04 13:00:00,A023-HYD,Hydraulic System,72.726,3.158,74.081,52.033,1779.41,146.63,23.581,75.189,271,57.997,28.611,Normal,0,0
A023,2025-01-04 16:00:00,A023-HYD,Hydraulic System,77.028,2.435,72.126,52.61,1748.854,149.818,23.393,76.873,566,57.479,28.641,Normal,0,1
A023,2025-01-04 17:00:00,A023-HYD,Hydraulic System,77.718,2.846,69.996,56.917,1703.898,149.048,23.375,77.778,408,49.394,29.961,Normal,0,0
A023,2025-01-04 19:00:00,A023-HYD,Hydraulic System,75.109,2.538,70.814,59.334,1704.94,149.037,23.707,77.83,276,87.698,31.202,Normal,0,0
A023,2025-01-04 22:00:00,A023-HYD,Hydraulic System,74.068,2.814,74.036,52.753,1605.109,153.05,23.832,78.962,203,49.206,31.357,Normal,0,0
A023,2025-01-05 01:00:00,A023-HYD,Hydraulic System,74.557,2.744,79.58,58.232,1973.723,144.189,24.206,77.886,202,53.164,28.609,Normal,0,1
A023,2025-01-05 02:00:00,A023-HYD,Hydraulic System,72.279,2.431,75.183,57.428,1599.379,151.045,23.821,78.512,448,40.407,26.038,Normal,0,0
A023,2025-01-05 03:00:00,A023-HYD,Hydraulic System,76.832,3.059,77.682,51.05,1654.696,153.156,23.299,78.229,443,49.325,25.617,Normal,0,0
A023,2025-01-05 05:00:00,A023-HYD,Hydraulic System,80.561,2.876,74.429,53.668,1744.245,142.545,22.405,75.673,246,40.682,24.813,Normal,0,0
A023,2025-01-05 16:00:00,A023-HYD,Hydraulic System,75.711,2.638,73.786,52.693,1875.088,144.683,23.441,79.313,304,55.227,26.4,Normal,0,0
A023,2025-01-05 19:00:00,A023-HYD,Hydraulic System,72.895,2.002,72.217,50.429,1927.118,145.397,23.807,76.675,353,72.004,27.238,Normal,0,1
A023,2025-01-05 20:00:00,A023-HYD,Hydraulic System,75.203,2.981,71.572,55.001,1806.087,141.868,22.926,80.554,240,62.745,32.489,Normal,0,0
A023,2025-01-06 05:00:00,A023-HYD,Hydraulic System,77.161,2.623,76.125,51.622,1908.373,139.544,23.244,79.456,389,64.171,33.064,Normal,0,0
A023,2025-01-06 06:00:00,A023-HYD,Hydraulic System,76.022,3.036,73.066,53.985,1654.926,147.247,23.923,73.876,521,76.941,23.148,Normal,0,0
A023,2025-01-06 08:00:00,A023-HYD,Hydraulic System,77.738,2.707,73.995,53.037,1716.493,146.291,23.582,78.637,574,66.399,30.981,Normal,0,0
A023,2025-01-06 17:00:00,A023-HYD,Hydraulic System,77.089,2.969,78.188,52.749,1776.194,138.744,23.756,76.441,533,61.552,22.017,Normal,0,1
A023,2025-01-06 18:00:00,A023-HYD,Hydraulic System,75.766,2.654,78.627,52.012,1955.658,147.228,24.109,78.65,415,66.846,24.362,Normal,0,1
A023,2025-01-07 02:00:00,A023-HYD,Hydraulic System,79.635,2.601,74.084,56.51,1820.265,142.306,23.947,77.908,576,52.07,33.485,Normal,0,1
A023,2025-01-07 07:00:00,A023-HYD,Hydraulic System,72.685,3.067,71.27,54.652,1919.819,148.752,24.3,75.998,541,67.888,28.493,Normal,0,0
A023,2025-01-07 12:00:00,A023-HYD,Hydraulic System,72.029,2.78,76.303,57.243,1818.691,142.917,22.944,79.061,517,60.018,31.815,Normal,0,0
A023,2025-01-07 18:00:00,A023-HYD,Hydraulic System,73.719,3.031,76.174,52.381,1830.565,142.559,23.672,78.13,343,54.011,28.187,Normal,0,0
A023,2025-01-08 06:00:00,A023-HYD,Hydraulic System,77.493,3.34,74.954,52.513,1758.194,146.888,23.636,76.132,629,58.167,29.608,Normal,0,0
A023,2025-01-08 09:00:00,A023-HYD,Hydraulic System,75.531,3.064,71.713,54.647,1748.864,153.368,23.943,82.756,645,53.795,28.64,Normal,0,0
A023,2025-01-08 10:00:00,A023-HYD,Hydraulic System,79.206,3.089,75.006,51.573,1763.682,151.745,23.804,79.942,414,72.805,34.602,Normal,0,0
A023,2025-01-08 17:00:00,A023-HYD,Hydraulic System,85.727,5.946,67.752,58.606,1705.552,136.014,24.237,80.415,396,63.859,28.248,Warning,1,0
A023,2025-01-09 03:00:00,A023-HYD,Hydraulic System,81.41,2.696,71.367,51.517,1771.157,151.229,22.894,80.464,617,77.172,25.527,Normal,0,1
A023,2025-01-09 05:00:00,A023-HYD,Hydraulic System,77.954,2.822,74.798,53.893,1846.363,145.045,22.894,77.614,686,69.739,25.825,Normal,0,0
A023,2025-01-09 15:00:00,A023-HYD,Hydraulic System,74.104,2.826,73.301,52.336,1581.377,146.373,23.354,81.545,641,73.481,33.353,Normal,0,1
A023,2025-01-09 18:00:00,A023-HYD,Hydraulic System,78.494,2.989,80.395,53.988,1777.593,141.271,23.233,79.108,499,64.034,39.536,Normal,0,0
A023,2025-01-09 19:00:00,A023-HYD,Hydraulic System,77.631,3.256,75.067,54.707,1878.715,150.99,22.898,80.836,369,74.249,27.431,Normal,0,1
A023,2025-01-10 02:00:00,A023-HYD,Hydraulic System,81.41,3.002,71.643,53.34,1774.547,142.447,22.898,77.714,627,61.212,24.635,Normal,0,0
A023,2025-01-10 04:00:00,A023-HYD,Hydraulic System,80.358,2.901,71.876,54.947,1873.132,145.694,23.203,82.728,361,71.904,32.036,Normal,0,0
A023,2025-01-10 13:00:00,A023-HYD,Hydraulic System,80.342,3.058,75.765,55.69,1792.281,145.068,23.617,82.895,472,55.948,34.809,Normal,0,0
A023,2025-01-10 15:00:00,A023-HYD,Hydraulic System,80.819,2.768,72.952,53.409,1784.623,144.229,23.429,79.597,702,67.042,29.732,Normal,0,1
A023,2025-01-10 17:00:00,A023-HYD,Hydraulic System,82.012,3.397,70.353,50.973,1759.987,143.563,22.491,78.74,377,75.135,24.586,Normal,0,0
A023,2025-01-10 20:00:00,A023-HYD,Hydraulic System,82.293,2.844,72.497,58.916,1721.786,146.718,23.617,81.678,581,62.455,34.781,Normal,0,0
A023,2025-01-11 01:00:00,A023-HYD,Hydraulic System,78.166,3.033,75.749,53.703,1856.935,148.647,23.268,80.658,585,80.358,23.553,Normal,0,1
A023,2025-01-11 03:00:00,A023-HYD,Hydraulic System,77.681,2.778,71.918,49.781,2046.415,144.802,23.406,82.25,350,54.433,32.783,Normal,0,0
A023,2025-01-11 12:00:00,A023-HYD,Hydraulic System,77.171,3.534,65.941,49.94,1646.766,142.107,23.128,82.662,405,65.395,34.795,Normal,0,0
A023,2025-01-11 16:00:00,A023-HYD,Hydraulic System,80.615,3.476,72.675,52.294,1714.569,144.314,23.611,79.928,403,64.687,33.291,Normal,0,0
A023,2025-01-11 17:00:00,A023-HYD,Hydraulic System,85.178,3.199,74.162,57.448,1677.45,146.312,23.02,80.75,442,67.988,37.041,Normal,0,1
A023,2025-01-11 22:00:00,A023-HYD,Hydraulic System,82.704,3.168,71.39,52.891,1830.227,148.646,23.272,81.862,681,58.758,32.476,Normal,0,0
A023,2025-01-12 02:00:00,A023-HYD,Hydraulic System,74.779,3.274,71.084,52.51,1760.641,148.155,23.348,80.841,433,64.061,32.044,Normal,0,0
A023,2025-01-12 04:00:00,A023-HYD,Hydraulic System,76.087,3.691,69.171,52.08,1924.345,144.163,22.92,82.112,686,78.828,38.17,Warning,1,0
A023,2025-01-12 06:00:00,A023-HYD,Hydraulic System,80.537,3.274,74.328,52.484,1735.203,139.866,23.389,83.07,535,82.719,32.157,Warning,1,1
A023,2025-01-12 07:00:00,A023-HYD,Hydraulic System,83.173,3.78,78.346,52.633,1906.565,152.556,23.45,80.785,573,65.444,33.959,Normal,0,0
A023,2025-01-12 09:00:00,A023-HYD,Hydraulic System,76.151,3.461,73.745,51.833,1761.4,144.527,22.963,84.264,617,63.553,25.918,Normal,0,0
A023,2025-01-12 10:00:00,A023-HYD,Hydraulic System,78.216,3.899,69.137,49.821,1660.549,140.37,22.899,81.508,391,65.463,33.937,Warning,1,1
A023,2025-01-12 12:00:00,A023-HYD,Hydraulic System,83.541,3.893,73.831,53.392,1929.972,147.528,22.668,79.803,590,69.062,32.997,Warning,1,0
A023,2025-01-12 13:00:00,A023-HYD,Hydraulic System,82.978,3.263,71.21,51.96,1803.687,149.543,24.283,81.059,625,63.741,33.225,Normal,0,1
A023,2025-01-12 15:00:00,A023-HYD,Hydraulic System,81.492,3.134,70.173,51.032,1809.42,151.325,23.229,82.623,536,67.399,27.718,Normal,0,0
A023,2025-01-12 19:00:00,A023-HYD,Hydraulic System,83.23,3.408,70.381,52.399,1870.78,143.843,23.887,80.702,501,73.37,31.463,Warning,1,1
A023,2025-01-13 02:00:00,A023-HYD,Hydraulic System,80.723,3.34,69.548,54.722,1691.054,150.025,23.072,84.507,768,72.735,30.667,Warning,1,0
A023,2025-01-13 03:00:00,A023-HYD,Hydraulic System,75.759,3.335,73.532,52.612,1879.453,143.145,22.773,82.515,460,64.948,32.815,Normal,0,0
A023,2025-01-13 04:00:00,A023-HYD,Hydraulic System,80.167,3.34,67.586,53.267,1788.299,142.996,23.574,80.309,452,77.133,29.455,Warning,1,0
A023,2025-01-13 13:00:00,A023-HYD,Hydraulic System,79.97,3.867,71.755,50.069,1773.671,144.495,23.019,83.977,589,74.572,35.167,Warning,1,1
A023,2025-01-13 14:00:00,A023-HYD,Hydraulic System,81.09,2.793,70.933,56.221,1827.224,146.447,22.882,81.556,684,71.567,34.065,Normal,0,0
A023,2025-01-13 17:00:00,A023-HYD,Hydraulic System,80.252,3.779,70.922,53.297,1778.455,139.585,22.874,82.448,611,70.122,34.282,Warning,1,0
A023,2025-01-13 20:00:00,A023-HYD,Hydraulic System,82.59,3.072,74.093,52.004,1632.483,141.529,22.999,84.045,466,67.874,31.327,Warning,1,1
A023,2025-01-14 00:00:00,A023-HYD,Hydraulic System,81.76,3.012,72.018,54.667,1838.713,147.648,22.773,86.106,660,81.474,36.66,Warning,1,1
A023,2025-01-14 01:00:00,A023-HYD,Hydraulic System,84.603,3.358,68.027,47.761,1896.163,150.569,23.84,83.263,805,72.005,19.891,Warning,1,0
A023,2025-01-14 09:00:00,A023-HYD,Hydraulic System,77.939,3.961,68.443,54.654,1569.92,153.168,23.06,85.351,663,73.162,37.692,Warning,1,0
A023,2025-01-14 13:00:00,A023-HYD,Hydraulic System,80.632,3.252,71.853,50.229,1764.987,150.827,23.033,81.636,506,62.586,31.691,Warning,1,1
A023,2025-01-14 17:00:00,A023-HYD,Hydraulic System,86.487,3.476,76.767,50.594,1896.394,141.088,22.617,87.69,519,65.34,31.242,Warning,1,1
A023,2025-01-14 19:00:00,A023-HYD,Hydraulic System,93.225,5.715,57.512,53.22,1817.979,124.27,23.1,87.355,799,79.904,28.024,Warning,1,0
A023,2025-01-14 20:00:00,A023-HYD,Hydraulic System,82.184,3.675,69.049,55.53,1669.112,145.657,23.012,82.537,821,72.906,25.055,Warning,1,1
A023,2025-01-14 21:00:00,A023-HYD,Hydraulic System,85.748,3.786,67.967,51.992,1797.504,143.183,22.842,85.911,625,58.877,32.121,Warning,1,1
A023,2025-01-15 01:00:00,A023-HYD,Hydraulic System,80.229,3.145,72.921,48.879,1709.625,142.734,22.689,84.892,656,81.927,35.013,Warning,1,1
A023,2025-01-15 02:00:00,A023-HYD,Hydraulic System,82.96,3.686,74.82,53.472,1952.074,142.295,23.286,85.729,828,77.11,25.887,Warning,1,0
A023,2025-01-15 07:00:00,A023-HYD,Hydraulic System,82.074,3.4,72.22,51.253,1789.382,147.229,23.309,83.684,589,59.082,36.889,Warning,1,1
A023,2025-01-15 08:00:00,A023-HYD,Hydraulic System,80.183,3.46,72.667,52.801,1829.102,147.426,23.458,84.927,580,73.319,28.32,Warning,1,1
A023,2025-01-15 13:00:00,A023-HYD,Hydraulic System,81.793,4.084,74.586,51.41,1836.285,140.066,23.28,82.174,572,70.111,33.283,Warning,1,1
A023,2025-01-16 02:00:00,A023-HYD,Hydraulic System,84.589,3.495,73.554,54.263,1860.943,152.521,22.851,88.037,734,78.341,34.071,Warning,1,0
A023,2025-01-16 05:00:00,A023-HYD,Hydraulic System,84.864,4.113,69.894,53.029,1715.752,143.221,23.068,84.516,647,77.569,32.424,Warning,1,1
A023,2025-01-16 16:00:00,A023-HYD,Hydraulic System,80.445,3.406,70.038,51.478,1860.895,137.86,23.036,85.922,828,57.4,38.36,Warning,1,0
A023,2025-01-16 18:00:00,A023-HYD,Hydraulic System,83.798,3.728,69.347,52.56,1715.65,144.41,22.895,80.886,538,85.525,40.4,Warning,1,1
A023,2025-01-17 01:00:00,A023-HYD,Hydraulic System,77.967,3.632,68.941,51.913,1769.154,145.467,22.511,87.813,774,74.731,40.876,Warning,1,1
A023,2025-01-17 02:00:00,A023-HYD,Hydraulic System,80.073,4.225,70.439,52.369,1918.104,143.338,22.644,83.832,761,73.258,23.743,Warning,1,1
A023,2025-01-17 03:00:00,A023-HYD,Hydraulic System,82.934,3.737,69.623,53.707,1827.971,147.042,22.78,85.655,798,91.562,35.888,Warning,1,1
A023,2025-01-17 08:00:00,A023-HYD,Hydraulic System,86.964,4.335,66.28,49.818,1815.131,143.555,22.306,85.574,697,67.312,33.312,Warning,1,0
A023,2025-01-17 10:00:00,A023-HYD,Hydraulic System,80.491,3.833,71.972,49.81,1763.259,144.499,22.581,86.278,674,83.219,25.837,Warning,1,1
A024,2025-01-01 00:00:00,A024-HYD,Hydraulic System,69.109,3.058,80.326,56.122,1888.76,152.373,24.333,73.808,143,47.077,30.152,Normal,0,0
A024,2025-01-01 01:00:00,A024-HYD,Hydraulic System,71.22,2.57,72.868,55.879,1767.705,142.898,23.626,72.88,404,43.224,25.865,Normal,0,0
A024,2025-01-01 04:00:00,A024-HYD,Hydraulic System,68.858,2.3,80.868,55.677,1878.863,150.541,23.978,76.275,174,61.82,22.312,Normal,0,0
A024,2025-01-01 11:00:00,A024-HYD,Hydraulic System,67.68,1.609,77.698,59.637,1763.191,156.529,23.924,75.44,297,48.937,26.839,Normal,0,0
A024,2025-01-01 18:00:00,A024-HYD,Hydraulic System,70.841,2.617,73.215,50.653,1742.707,153.362,24.055,75.426,167,58.509,25.934,Normal,0,0
A024,2025-01-02 00:00:00,A024-HYD,Hydraulic System,66.967,2.259,76.837,54.318,1702.795,160.421,24.182,75.161,432,42.64,33.487,Normal,0,0
A024,2025-01-02 03:00:00,A024-HYD,Hydraulic System,68.725,1.804,84.285,53.539,1837.156,152.782,24.144,74.675,157,45.491,33.357,Normal,0,0
A024,2025-01-02 15:00:00,A024-HYD,Hydraulic System,71.094,2.614,79.878,52.544,1764.832,155.564,23.327,76.227,468,48.13,28.051,Normal,0,1
A024,2025-01-02 17:00:00,A024-HYD,Hydraulic System,69.64,1.952,76.254,54.017,1807.29,146.557,23.576,75.3,260,47.191,31.349,Normal,0,0
A024,2025-01-02 18:00:00,A024-HYD,Hydraulic System,68.313,2.321,78.334,58.047,1758.739,149.657,23.899,77.248,186,58.525,31.333,Normal,0,0
A024,2025-01-02 19:00:00,A024-HYD,Hydraulic System,72.371,2.288,75.628,55.852,1779.927,149.356,23.866,77.164,347,58.52,29.061,Normal,0,0
A024,2025-01-03 00:00:00,A024-HYD,Hydraulic System,66.568,2.113,79.187,55.337,1757.71,144.131,23.924,74.68,350,28.236,30.554,Normal,0,0
A024,2025-01-03 01:00:00,A024-HYD,Hydraulic System,73.102,2.307,82.209,58.307,1878.976,147.593,24.002,77.831,414,30.431,24.105,Normal,0,0
A024,2025-01-03 09:00:00,A024-HYD,Hydraulic System,78.42,2.161,79.545,51.96,1624.243,153.675,23.648,77.708,161,54.074,33.745,Normal,0,0
A024,2025-01-03 12:00:00,A024-HYD,Hydraulic System,71.932,2.24,76.216,53.896,1742.927,146.473,24.023,75.684,508,54.84,30.411,Normal,0,0
A024,2025-01-03 18:00:00,A024-HYD,Hydraulic System,70.938,2.647,79.094,55.993,1688.389,144.235,24.058,74.347,363,53.106,22.002,Normal,0,0
A024,2025-01-03 19:00:00,A024-HYD,Hydraulic System,68.337,2.645,78.435,56.212,1729.696,152.384,23.596,79.521,209,37.553,21.911,Normal,0,0
A024,2025-01-03 23:00:00,A024-HYD,Hydraulic System,76.644,2.355,79.508,54.409,1592.041,144.063,23.61,75.901,489,47.787,26.304,Normal,0,0
A024,2025-01-04 00:00:00,A024-HYD,Hydraulic System,71.056,2.109,80.89,55.521,1761.631,152.07,23.621,76.335,429,48.735,35.725,Normal,0,0
A024,2025-01-04 05:00:00,A024-HYD,Hydraulic System,72.812,2.84,74.112,54.62,1694.942,142.39,23.509,74.668,569,55.81,20.391,Normal,0,0
A024,2025-01-04 08:00:00,A024-HYD,Hydraulic System,74.141,2.641,80.019,59.085,1743.306,144.245,24.507,76.414,198,49.812,34.339,Normal,0,0
A024,2025-01-04 14:00:00,A024-HYD,Hydraulic System,72.891,2.667,78.093,52.658,1979.874,147.156,23.758,77.053,308,68.329,29.377,Normal,0,0
A024,2025-01-04 16:00:00,A024-HYD,Hydraulic System,73.564,2.787,79.783,54.067,1738.424,149.764,24.167,75.178,467,50.822,29.747,Normal,0,0
A024,2025-01-04 17:00:00,A024-HYD,Hydraulic System,71.523,2.429,79.893,57.405,1906.103,146.734,23.413,81.034,515,42.007,38.668,Normal,0,0
A024,2025-01-04 19:00:00,A024-HYD,Hydraulic System,76.677,2.606,78.048,58.675,1825.264,156.967,24.002,75.305,314,56.423,38.379,Normal,0,0
A024,2025-01-05 01:00:00,A024-HYD,Hydraulic System,73.553,2.533,78.683,52.055,1701.207,152.408,23.487,76.859,484,53.638,33.474,Normal,0,0
A024,2025-01-05 03:00:00,A024-HYD,Hydraulic System,80.542,2.783,77.741,54.821,1862.718,154.346,23.651,74.078,475,59.389,35.527,Normal,0,0
A024,2025-01-05 11:00:00,A024-HYD,Hydraulic System,74.686,2.582,79.182,54.895,1719.209,153.362,23.424,74.462,428,55.699,26.425,Normal,0,0
A024,2025-01-05 13:00:00,A024-HYD,Hydraulic System,71.407,3.094,77.303,53.337,1912.423,148.006,23.504,77.326,574,82.957,16.428,Normal,0,0
A024,2025-01-06 01:00:00,A024-HYD,Hydraulic System,75.63,2.398,80.646,54.297,1825.895,151.736,23.608,80.141,253,56.766,28.103,Normal,0,0
A024,2025-01-06 11:00:00,A024-HYD,Hydraulic System,77.983,2.854,75.237,53.413,1836.081,143.927,23.608,79.11,332,46.111,34.156,Normal,0,0
A024,2025-01-06 18:00:00,A024-HYD,Hydraulic System,76.971,2.158,76.621,49.296,1805.15,142.917,22.97,76.381,548,41.29,28.933,Normal,0,0
A024,2025-01-06 20:00:00,A024-HYD,Hydraulic System,74.809,2.976,76.08,55.845,1788.682,149.197,23.483,77.643,421,54.336,25.352,Normal,0,1
A024,2025-01-06 22:00:00,A024-HYD,Hydraulic System,76.154,3.006,73.888,51.952,1912.841,147.559,23.768,77.53,529,69.726,30.034,Normal,0,1
A024,2025-01-07 05:00:00,A024-HYD,Hydraulic System,75.204,3.453,77.856,53.763,1666.759,147.753,23.121,79.313,530,39.062,32.875,Normal,0,0
A024,2025-01-07 14:00:00,A024-HYD,Hydraulic System,76.541,2.7,76.39,53.305,1772.988,147.234,23.534,78.443,273,41.298,24.506,Normal,0,0
A024,2025-01-07 20:00:00,A024-HYD,Hydraulic System,75.09,2.436,80.459,52.354,1693.355,145.801,23.716,78.446,310,69.308,22.965,Normal,0,0
A024,2025-01-07 22:00:00,A024-HYD,Hydraulic System,75.291,2.297,78.542,55.089,1926.252,148.617,23.345,80.033,272,50.421,34.338,Normal,0,0
A024,2025-01-08 05:00:00,A024-HYD,Hydraulic System,72.806,2.723,71.689,51.933,1784.112,148.771,22.677,76.655,499,61.565,33.504,Normal,0,0
A024,2025-01-08 08:00:00,A024-HYD,Hydraulic System,75.263,3.073,73.498,57.883,1683.879,144.802,23.86,80.757,336,60.872,29.805,Normal,0,0
A024,2025-01-08 12:00:00,A024-HYD,Hydraulic System,79.044,2.658,76.616,55.6,1817.201,143.595,23.203,79.663,528,64.449,29.188,Normal,0,0
A024,2025-01-08 19:00:00,A024-HYD,Hydraulic System,73.524,2.267,72.317,52.083,1772.774,145.673,23.504,79.122,476,65.6,45.389,Normal,0,1
A024,2025-01-08 20:00:00,A024-HYD,Hydraulic System,72.029,2.568,76.057,53.382,1955.638,149.497,23.855,78.858,546,45.703,33.997,Normal,0,0
A024,2025-01-09 06:00:00,A024-HYD,Hydraulic System,76.054,3.547,76.883,52.606,1768.287,154.43,23.532,77.812,356,56.97,29.873,Normal,0,0
A024,2025-01-09 07:00:00,A024-HYD,Hydraulic System,80.578,2.412,76.286,55.994,1787.091,144.222,23.456,80.771,396,69.737,24.03,Normal,0,0
A024,2025-01-09 11:00:00,A024-HYD,Hydraulic System,78.638,2.312,72.568,52.261,1684.38,148.548,23.383,78.059,337,63.427,33.922,Normal,0,0
A024,2025-01-09 17:00:00,A024-HYD,Hydraulic System,83.351,5.722,58.122,54.448,1888.331,122.728,23.795,78.522,508,52.873,24.189,Warning,1,1
A024,2025-01-09 22:00:00,A024-HYD,Hydraulic System,75.813,3.024,75.411,52.714,1893.056,152.617,23.413,79.392,513,59.701,31.28,Normal,0,0
A024,2025-01-10 01:00:00,A024-HYD,Hydraulic System,79.58,2.985,71.443,47.389,1812.766,152.764,23.076,81.646,555,74.25,23.462,Normal,0,0
A024,2025-01-10 03:00:00,A024-HYD,Hydraulic System,73.486,2.339,75.192,54.061,1669.468,146.177,23.575,81.439,590,56.813,26.532,Normal,0,1
A024,2025-01-10 08:00:00,A024-HYD,Hydraulic System,77.039,2.66,77.156,51.228,1857.658,149.66,24.1,82.297,340,45.497,25.218,Normal,0,0
A024,2025-01-10 11:00:00,A024-HYD,Hydraulic System,80.667,3.346,77.126,53.576,1742.045,150.893,23.787,79.824,617,57.094,32.114,Normal,0,0
A024,2025-01-10 18:00:00,A024-HYD,Hydraulic System,77.895,3.577,76.089,55.473,1865.851,147.932,23.16,80.055,733,59.654,35.31,Normal,0,0
A024,2025-01-10 19:00:00,A024-HYD,Hydraulic System,77.774,2.821,69.909,56.095,1850.042,149.478,23.121,82.22,495,52.112,31.617,Normal,0,0
A024,2025-01-11 00:00:00,A024-HYD,Hydraulic System,77.2,3.077,79.567,55.379,1773.235,144.896,23.432,77.948,593,44.481,30.749,Normal,0,0
A024,2025-01-11 04:00:00,A024-HYD,Hydraulic System,78.288,2.225,75.482,55.719,1744.734,143.361,23.516,78.591,433,41.876,30.767,Normal,0,0
A024,2025-01-11 05:00:00,A024-HYD,Hydraulic System,79.449,3.04,76.688,59.426,1761.524,146.143,22.871,80.602,659,61.713,27.932,Normal,0,0
A024,2025-01-11 07:00:00,A024-HYD,Hydraulic System,75.177,2.919,72.151,54.253,1618.255,147.896,23.207,79.699,716,60.267,31.749,Normal,0,0
A024,2025-01-11 12:00:00,A024-HYD,Hydraulic System,77.427,2.629,71.3,50.122,1844.596,148.139,23.452,83.065,698,63.553,25.268,Normal,0,1
A024,2025-01-12 01:00:00,A024-HYD,Hydraulic System,78.935,3.748,75.096,53.154,1912.907,149.429,23.64,79.949,555,51.526,38.619,Normal,0,0
A024,2025-01-12 02:00:00,A024-HYD,Hydraulic System,77.424,3.737,71.123,56.717,1747.069,146.644,23.209,81.949,551,50.999,42.47,Normal,0,0
A024,2025-01-12 07:00:00,A024-HYD,Hydraulic System,78.018,2.664,72.694,51.09,1943.57,147.482,23.71,82.357,566,75.003,23.143,Normal,0,0
A024,2025-01-12 10:00:00,A024-HYD,Hydraulic System,80.051,3.209,75.992,54.111,1753.479,148.808,23.222,81.326,551,60.491,35.29,Normal,0,0
A024,2025-01-12 13:00:00,A024-HYD,Hydraulic System,78.398,3.461,80.442,52.439,1854.812,143.037,23.052,80.456,397,55.818,25.089,Normal,0,0
A024,2025-01-12 15:00:00,A024-HYD,Hydraulic System,77.977,3.594,72.361,51.545,1882.479,153.033,22.829,78.221,596,61.101,36.563,Normal,0,0
A024,2025-01-12 17:00:00,A024-HYD,Hydraulic System,78.838,3.584,74.937,55.471,1782.479,147.806,22.984,77.764,730,54.156,27.01,Normal,0,0
A024,2025-01-12 23:00:00,A024-HYD,Hydraulic System,81.504,3.412,71.211,53.122,1638.368,142.597,23.703,82.351,542,75.543,31.603,Normal,0,1
A024,2025-01-13 08:00:00,A024-HYD,Hydraulic System,77.055,3.574,73.498,50.913,1744.115,143.019,22.762,85.605,403,74.971,24.757,Normal,0,1
A024,2025-01-13 19:00:00,A024-HYD,Hydraulic System,81.832,2.993,75.771,51.593,1922.074,140.685,22.985,82.128,445,71.177,30.049,Normal,0,1
A024,2025-01-14 03:00:00,A024-HYD,Hydraulic System,77.105,3.265,71.59,50.432,1775.147,147.673,23.286,83.849,637,60.58,25.431,Normal,0,0
A024,2025-01-14 13:00:00,A024-HYD,Hydraulic System,76.355,2.673,75.877,52.229,1923.571,145.859,23.439,80.887,655,72.191,22.835,Normal,0,0
A024,2025-01-14 23:00:00,A024-HYD,Hydraulic System,83.592,3.421,72.248,56.293,1866.377,139.338,23.225,85.661,504,66.06,23.55,Warning,1,0
A024,2025-01-15 06:00:00,A024-HYD,Hydraulic System,81.331,3.535,72.339,52.368,1821.105,151.787,23.36,83.757,836,60.317,33.392,Normal,0,1
A024,2025-01-15 07:00:00,A024-HYD,Hydraulic System,89.157,6.226,61.81,53.517,1772.759,148.531,22.924,85.723,449,81.825,24.974,Warning,1,1
A024,2025-01-15 13:00:00,A024-HYD,Hydraulic System,81.537,3.676,74.888,53.743,1752.724,145.98,22.944,86.838,511,60.511,27.438,Normal,0,0
A024,2025-01-15 19:00:00,A024-HYD,Hydraulic System,87.162,6.861,69.664,56.145,1879.867,140.356,22.786,82.868,792,72.722,31.095,Warning,1,1
A024,2025-01-15 23:00:00,A024-HYD,Hydraulic System,80.389,4.213,76.193,52.547,1771.581,147.421,23.619,84.663,825,77.516,25.937,Warning,1,0
A024,2025-01-16 01:00:00,A024-HYD,Hydraulic System,83.371,4.052,76.803,52.161,1688.256,143.016,22.596,82.504,773,70.97,25.932,Warning,1,1
A024,2025-01-16 02:00:00,A024-HYD,Hydraulic System,83.209,3.071,73.62,52.319,1775.949,144.287,23.39,82.278,756,70.688,27.71,Warning,1,0
A024,2025-01-16 03:00:00,A024-HYD,Hydraulic System,81.61,3.756,71.03,53.788,1797.713,142.553,22.868,84.078,703,73.014,18.1,Warning,1,0
A024,2025-01-16 05:00:00,A024-HYD,Hydraulic System,79.636,3.95,69.329,53.701,1722.404,143.891,22.274,83.553,496,66.849,28.076,Warning,1,0
A024,2025-01-16 12:00:00,A024-HYD,Hydraulic System,82.255,3.571,69.134,51.855,1936.077,140.869,22.996,84.35,736,62.491,33.61,Warning,1,0
A024,2025-01-16 20:00:00,A024-HYD,Hydraulic System,81.908,3.511,73.908,46.521,1854.448,140.381,23.164,81.979,571,71.089,20.184,Warning,1,0
A024,2025-01-16 21:00:00,A024-HYD,Hydraulic System,83.1,3.268,73.388,52.747,1785.53,136.568,22.912,85.924,735,74.29,25.725,Warning,1,0
A024,2025-01-17 03:00:00,A024-HYD,Hydraulic System,78.648,3.478,70.748,53.224,1789.999,138.901,22.686,81.989,761,78.059,34.875,Warning,1,0
A024,2025-01-17 05:00:00,A024-HYD,Hydraulic System,81.42,3.135,72.971,52.931,1631.43,144.411,23.377,85.145,666,83.169,31.617,Warning,1,0
A024,2025-01-17 06:00:00,A024-HYD,Hydraulic System,80.023,3.888,71.184,51.133,1952.033,152.81,22.896,81.651,645,70.039,25.336,Warning,1,0
A024,2025-01-17 14:00:00,A024-HYD,Hydraulic System,87.844,4.239,72.411,53.623,1890.938,143.976,23.119,84.044,669,61.35,33.577,Warning,1,1
A025,2025-01-01 01:00:00,A025-HYD,Hydraulic System,76.305,3.451,76.223,56.836,1715.722,150.752,23.941,73.302,167,58.234,24.331,Normal,0,0
A025,2025-01-01 02:00:00,A025-HYD,Hydraulic System,75.347,3.024,77.717,53.599,1800.893,154.237,23.632,75.216,366,60.11,25.087,Normal,0,0
A025,2025-01-01 03:00:00,A025-HYD,Hydraulic System,72.243,1.923,73.772,55.825,1755.155,150.375,23.982,73.29,483,81.95,29.468,Normal,0,0
A025,2025-01-01 04:00:00,A025-HYD,Hydraulic System,75.235,2.586,72.143,56.892,1804.711,145.026,24.698,75.23,298,70.428,37.15,Normal,0,0
A025,2025-01-01 10:00:00,A025-HYD,Hydraulic System,76.612,2.648,74.476,52.82,1853.908,144.124,23.862,74.19,381,73.749,20.464,Normal,0,0
A025,2025-01-01 12:00:00,A025-HYD,Hydraulic System,74.82,3.394,71.263,53.182,1734.565,148.745,23.907,77.083,451,78.321,33.202,Normal,0,0
A025,2025-01-01 16:00:00,A025-HYD,Hydraulic System,73.278,2.789,75.324,55.509,1689.692,155.408,23.854,77.774,344,66.643,33.141,Normal,0,0
A025,2025-01-01 18:00:00,A025-HYD,Hydraulic System,75.914,2.977,71.967,55.891,1836.33,147.398,24.117,74.96,487,64.667,36.07,Normal,0,0
A025,2025-01-01 22:00:00,A025-HYD,Hydraulic System,75.339,3.046,72.398,56.457,1822.286,147.459,24.227,69.401,503,61.022,27.869,Normal,0,0
A025,2025-01-02 02:00:00,A025-HYD,Hydraulic System,78.428,3.193,74.541,51.593,1755.534,156.541,23.575,76.765,315,60.868,28.273,Normal,0,0
A025,2025-01-02 04:00:00,A025-HYD,Hydraulic System,76.068,2.622,77.776,54.564,1687.315,149.636,24.234,75.75,437,56.103,33.035,Normal,0,0
A025,2025-01-02 13:00:00,A025-HYD,Hydraulic System,74.335,2.914,71.289,53.884,1818.796,143.972,23.654,75.96,297,66.855,33.192,Normal,0,0
A025,2025-01-02 16:00:00,A025-HYD,Hydraulic System,74.485,2.817,71.026,53.956,1657.501,152.027,23.957,76.401,525,72.139,29.807,Normal,0,0
A025,2025-01-02 17:00:00,A025-HYD,Hydraulic System,73.99,2.968,72.452,53.004,1804.818,153.668,23.678,78.604,408,60.736,27.644,Normal,0,0
A025,2025-01-03 03:00:00,A025-HYD,Hydraulic System,76.331,2.776,71.04,56.492,1771.214,149.333,24.047,74.325,479,67.605,33.654,Normal,0,1
A025,2025-01-03 09:00:00,A025-HYD,Hydraulic System,77.463,2.946,74.672,58.678,1835.711,153.125,24.21,81.886,481,62.832,32.282,Normal,0,1
A025,2025-01-03 12:00:00,A025-HYD,Hydraulic System,75.088,2.804,69.644,53.426,1826.158,154.009,23.91,77.511,228,55.123,19.873,Normal,0,0
A025,2025-01-03 13:00:00,A025-HYD,Hydraulic System,72.723,2.747,71.669,53.799,1859.071,152.803,24.028,75.189,281,62.597,32.178,Normal,0,0
A025,2025-01-03 14:00:00,A025-HYD,Hydraulic System,77.296,3.133,69.935,51.95,1688.841,152.122,23.488,75.271,376,49.391,33.444,Normal,0,1
A025,2025-01-03 16:00:00,A025-HYD,Hydraulic System,76.383,2.671,76.579,51.801,1756.866,148.062,23.313,78.784,323,57.94,24.875,Normal,0,0
A025,2025-01-03 20:00:00,A025-HYD,Hydraulic System,77.858,2.666,76.515,53.541,1763.21,150.97,24.37,77.371,487,65.906,29.88,Normal,0,0
A025,2025-01-03 21:00:00,A025-HYD,Hydraulic System,73.873,3.212,74.743,53.957,1669.269,150.348,23.578,75.047,191,71.884,28.239,Normal,0,1
A025,2025-01-03 22:00:00,A025-HYD,Hydraulic System,78.466,2.979,72.978,57.123,1841.047,152.43,24.077,76.042,173,63.16,30.192,Normal,0,0
A025,2025-01-04 04:00:00,A025-HYD,Hydraulic System,77.5,3.352,75.704,53.631,1816.052,146.251,23.347,75.667,176,62.286,32.034,Normal,0,1
A025,2025-01-04 18:00:00,A025-HYD,Hydraulic System,77.477,2.811,73.28,54.738,1865.298,154.058,23.8,74.956,567,59.231,25.778,Normal,0,1
A025,2025-01-05 01:00:00,A025-HYD,Hydraulic System,73.388,3.011,69.066,53.76,1827.971,147.633,23.437,78.767,382,65.305,29.254,Normal,0,0
A025,2025-01-05 06:00:00,A025-HYD,Hydraulic System,77.801,3.281,70.341,54.284,1946.136,148.974,23.58,79.192,424,72.098,18.4,Normal,0,0
A025,2025-01-05 14:00:00,A025-HYD,Hydraulic System,77.84,3.198,67.233,51.522,1777.396,146.64,23.986,80.787,246,61.313,25.557,Normal,0,0
A025,2025-01-05 15:00:00,A025-HYD,Hydraulic System,80.764,3.558,74.471,54.053,1702.649,149.317,23.456,81.236,480,75.086,29.254,Normal,0,0
A025,2025-01-05 17:00:00,A025-HYD,Hydraulic System,79.698,2.78,70.773,55.468,1843.598,147.356,22.835,77.75,237,68.018,30.544,Normal,0,0
A025,2025-01-05 20:00:00,A025-HYD,Hydraulic System,79.143,4.38,67.845,53.353,1677.565,151.44,23.202,76.331,369,61.738,30.894,Normal,0,0
A025,2025-01-05 21:00:00,A025-HYD,Hydraulic System,79.296,3.129,68.041,56.341,1733.702,149.13,23.327,83.555,346,79.614,27.57,Normal,0,0
A025,2025-01-06 07:00:00,A025-HYD,Hydraulic System,80.422,3.028,73.295,55.04,1830.171,146.777,23.855,76.517,312,59.128,26.689,Normal,0,1
A025,2025-01-06 18:00:00,A025-HYD,Hydraulic System,80.998,3.704,71.47,52.605,1795.55,147.686,23.466,76.302,589,83.344,31.072,Warning,1,1
A025,2025-01-06 22:00:00,A025-HYD,Hydraulic System,79.613,3.14,67.657,55.601,1770.598,147.755,24.141,78.072,293,71.137,25.836,Normal,0,1
A025,2025-01-07 02:00:00,A025-HYD,Hydraulic System,77.498,3.047,67.492,53.903,1658.096,156.428,23.37,77.86,597,61.154,30.086,Normal,0,1
A025,2025-01-07 03:00:00,A025-HYD,Hydraulic System,79.903,2.779,73.234,51.306,1751.689,145.828,23.091,76.355,440,85.845,20.961,Normal,0,1
A025,2025-01-07 08:00:00,A025-HYD,Hydraulic System,81.271,3.291,69.844,50.468,1818.943,141.214,24.141,81.002,552,80.265,28.767,Warning,1,0
A025,2025-01-07 13:00:00,A025-HYD,Hydraulic System,75.867,3.271,70.509,51.095,1700.612,141.361,23.582,76.298,269,59.198,29.215,Normal,0,1
A025,2025-01-07 18:00:00,A025-HYD,Hydraulic System,79.54,2.973,72.07,53.797,1631.191,140.273,24.016,79.757,612,64.247,28.111,Normal,0,0
A025,2025-01-07 20:00:00,A025-HYD,Hydraulic System,81.887,3.149,77.845,51.038,1796.21,146.701,24.055,80.322,409,75.193,33.033,Normal,0,1
A025,2025-01-08 00:00:00,A025-HYD,Hydraulic System,83.172,3.323,73.337,53.495,1872.463,142.605,23.04,80.325,638,80.211,32.09,Warning,1,0
A025,2025-01-08 02:00:00,A025-HYD,Hydraulic System,79.149,2.094,72.233,55.128,1845.179,149.87,23.347,77.657,529,74.39,30.114,Normal,0,0
A025,2025-01-08 04:00:00,A025-HYD,Hydraulic System,72.496,4.048,70.215,55.927,1832.136,152.521,23.17,83.482,595,61.679,30.883,Normal,0,1
A025,2025-01-08 12:00:00,A025-HYD,Hydraulic System,79.582,3.601,72.173,54.15,1614.838,135.968,23.508,81.561,368,73.916,32.908,Warning,1,1
A025,2025-01-08 13:00:00,A025-HYD,Hydraulic System,79.125,3.755,71.013,53.573,1920.962,148.427,23.625,81.407,584,51.036,32.011,Normal,0,0
A025,2025-01-08 22:00:00,A025-HYD,Hydraulic System,79.565,3.276,68.559,55.327,1870.843,153.632,23.216,80.186,519,70.015,27.38,Warning,1,0
A025,2025-01-08 23:00:00,A025-HYD,Hydraulic System,82.987,3.725,71.416,55.331,1766.074,142.1,23.324,78.611,531,90.565,33.988,Warning,1,1
A025,2025-01-09 03:00:00,A025-HYD,Hydraulic System,83.046,3.589,68.918,53.87,1841.741,140.73,23.173,80.419,478,61.437,22.036,Warning,1,0
A025,2025-01-09 04:00:00,A025-HYD,Hydraulic System,80.307,3.323,73.578,52.578,1926.737,149.166,23.676,81.164,592,66.297,36.098,Normal,0,0
A025,2025-01-09 07:00:00,A025-HYD,Hydraulic System,80.271,2.697,72.121,53.268,1808.092,144.31,23.114,80.343,544,69.71,28.687,Normal,0,1
A025,2025-01-09 13:00:00,A025-HYD,Hydraulic System,77.51,3.292,70.903,52.875,1760.268,154.254,23.196,78.753,513,72.337,27.885,Warning,1,0
A025,2025-01-09 18:00:00,A025-HYD,Hydraulic System,83.081,3.855,72.165,54.479,1846.16,152.738,23.458,79.932,351,66.492,28.723,Warning,1,1
A025,2025-01-09 21:00:00,A025-HYD,Hydraulic System,94.31,6.614,62.319,52.774,1874.696,145.397,22.889,81.224,683,72.316,31.913,Warning,1,1
A025,2025-01-09 22:00:00,A025-HYD,Hydraulic System,81.915,3.915,69.919,50.684,1794.225,148.375,23.784,79.512,592,80.97,23.515,Warning,1,0
A025,2025-01-10 05:00:00,A025-HYD,Hydraulic System,79.529,4.177,72.873,53.258,1804.192,140.382,23.106,83.534,349,68.405,29.228,Warning,1,1
A025,2025-01-10 07:00:00,A025-HYD,Hydraulic System,80.941,3.22,70.929,52.384,1807.419,145.594,23.877,80.107,323,78.259,29.275,Warning,1,1
A025,2025-01-10 08:00:00,A025-HYD,Hydraulic System,81.424,2.854,71.465,51.699,1760.733,150.45,23.308,79.486,543,74.874,26.718,Warning,1,0
A025,2025-01-10 09:00:00,A025-HYD,Hydraulic System,78.447,3.747,65.746,53.107,1831.919,143.177,23.472,80.562,362,70.029,30.587,Warning,1,1
A025,2025-01-10 13:00:00,A025-HYD,Hydraulic System,80.756,3.631,69.128,53.219,1759.8,149.673,23.246,80.165,446,72.377,27.127,Warning,1,0
A025,2025-01-10 19:00:00,A025-HYD,Hydraulic System,80.542,4.088,68.299,56.448,1799.63,152.449,23.562,86.27,432,80.352,39.768,Warning,1,0
A025,2025-01-10 20:00:00,A025-HYD,Hydraulic System,82.191,3.69,70.546,53.931,1872.743,141.964,23.244,80.067,706,75.981,29.673,Warning,1,0
A025,2025-01-11 00:00:00,A025-HYD,Hydraulic System,81.595,3.806,66.995,51.599,1745.171,144.931,23.089,80.971,426,69.797,33.312,Warning,1,1
A025,2025-01-11 07:00:00,A025-HYD,Hydraulic System,84.928,3.736,70.151,50.347,1878.362,147.255,23.178,82.818,454,80.924,28.11,Warning,1,1
A025,2025-01-11 08:00:00,A025-HYD,Hydraulic System,92.525,7.533,64.703,52.369,1753.589,141.386,22.792,81.674,448,76.287,32.6,Warning,1,1
A025,2025-01-11 14:00:00,A025-HYD,Hydraulic System,86.68,3.867,65.667,53.315,1821.999,141.385,22.5,77.755,610,77.045,28.681,Warning,1,1
A025,2025-01-11 21:00:00,A025-HYD,Hydraulic System,80.28,4.2,72.817,51.948,1997.899,143.077,22.835,80.476,706,76.848,33.612,Warning,1,1
A025,2025-01-12 01:00:00,A025-HYD,Hydraulic System,95.822,7.524,66.752,51.733,1788.939,133.296,23.496,82.718,643,68.275,21.603,Warning,1,1
A025,2025-01-12 02:00:00,A025-HYD,Hydraulic System,81.005,3.393,70.752,53.627,1752.783,149.466,23.322,79.657,733,74.134,35.461,Warning,1,0
A025,2025-01-12 03:00:00,A025-HYD,Hydraulic System,83.66,3.882,69.135,52.633,1845.272,144.249,23.45,83.146,730,64.773,22.506,Warning,1,0
A025,2025-01-12 07:00:00,A025-HYD,Hydraulic System,84.777,3.775,74.752,54.065,1660.565,145.054,23.214,79.833,492,78.239,27.464,Warning,1,0
A025,2025-01-12 14:00:00,A025-HYD,Hydraulic System,82.598,3.764,66.873,52.843,1738.212,146.124,23.196,85.439,496,72.031,26.188,Warning,1,0
A025,2025-01-12 17:00:00,A025-HYD,Hydraulic System,85.668,4.011,75.111,51.565,1871.092,143.875,23.297,84.193,437,72.936,42.149,Warning,1,1
A025,2025-01-12 20:00:00,A025-HYD,Hydraulic System,84.382,4.001,71.54,52.352,1957.963,148.961,22.892,82.812,701,68.842,34.034,Warning,1,0
A025,2025-01-12 23:00:00,A025-HYD,Hydraulic System,88.186,3.889,65.073,52.503,1996.7,144.305,22.436,82.01,634,94.992,27.718,Warning,1,1
A025,2025-01-13 03:00:00,A025-HYD,Hydraulic System,81.674,4.509,68.512,53.184,1682.295,148.293,23.477,80.534,776,76.596,25.101,Warning,1,0
A025,2025-01-13 05:00:00,A025-HYD,Hydraulic System,87.835,4.355,68.225,49.726,1878.99,153.207,22.586,85.852,561,70.997,36.891,Warning,1,0
A025,2025-01-13 11:00:00,A025-HYD,Hydraulic System,83.41,3.485,62.627,52.866,1781.3,145.571,22.954,81.51,535,82.122,24.522,Warning,1,0
A025,2025-01-13 15:00:00,A025-HYD,Hydraulic System,80.856,3.736,68.082,53.187,1697.288,149.912,23.554,81.988,572,82.807,40.481,Warning,1,0
A025,2025-01-13 21:00:00,A025-HYD,Hydraulic System,85.938,3.717,70.301,53.362,1659.935,145.822,23.186,86.035,586,79.438,38.512,Warning,1,1
A025,2025-01-13 22:00:00,A025-HYD,Hydraulic System,83.968,3.795,67.654,51.658,1715.145,142.551,23.078,84.015,463,89.807,31.941,Warning,1,0
A025,2025-01-14 01:00:00,A025-HYD,Hydraulic System,82.217,4.052,72.988,53.557,1709.091,143.328,23.131,81.525,468,81.623,32.765,Warning,1,0
A025,2025-01-14 02:00:00,A025-HYD,Hydraulic System,86.703,4.088,72.85,54.199,1756.02,143.873,22.965,82.073,463,80.601,24.269,Warning,1,1
A025,2025-01-14 06:00:00,A025-HYD,Hydraulic System,83.526,3.907,70.772,50.236,1911.073,146.514,23.178,82.777,505,79.329,25.533,Warning,1,1
A025,2025-01-14 07:00:00,A025-HYD,Hydraulic System,87.453,3.911,69.802,53.426,1812.546,148.94,23.515,83.245,605,73.937,36.028,Warning,1,1
A025,2025-01-14 10:00:00,A025-HYD,Hydraulic System,80.364,3.866,65.822,53.637,1961.101,143.146,22.438,81.103,769,69.867,17.481,Warning,1,1
A025,2025-01-14 12:00:00,A025-HYD,Hydraulic System,77.803,4.591,73.957,52.002,1759.29,145.417,23.439,79.966,796,77.96,31.735,Warning,1,0
A025,2025-01-14 18:00:00,A025-HYD,Hydraulic System,88.879,3.952,70.847,50.674,1912.85,145.038,22.91,79.598,689,75.251,23.329,Warning,1,1
A025,2025-01-14 22:00:00,A025-HYD,Hydraulic System,86.085,3.837,67.614,53.132,1828.312,147.627,22.685,83.212,555,87.929,26.948,Warning,1,1
A025,2025-01-15 02:00:00,A025-HYD,Hydraulic System,85.883,3.687,69.689,49.308,1735.34,137.012,22.626,82.498,805,91.012,37.134,Warning,1,0
A025,2025-01-15 03:00:00,A025-HYD,Hydraulic System,83.378,3.95,66.684,54.569,1761.024,150.176,22.49,86.509,503,74.53,27.758,Warning,1,0
A025,2025-01-15 06:00:00,A025-HYD,Hydraulic System,80.052,3.79,71.319,53.033,1880.305,145.39,23.847,87.178,791,76.305,17.363,Warning,1,0
A025,2025-01-15 10:00:00,A025-HYD,Hydraulic System,83.831,3.52,70.299,55.725,1752.611,148.155,23.314,83.442,820,84.801,25.878,Warning,1,1
A025,2025-01-15 17:00:00,A025-HYD,Hydraulic System,83.372,4.32,68.69,51.923,1862.6,145.608,23.074,86.095,815,78.0,27.634,Warning,1,1
A025,2025-01-15 18:00:00,A025-HYD,Hydraulic System,90.477,4.621,65.777,53.668,1637.025,146.844,22.85,84.75,661,81.121,27.659,Warning,1,1
A025,2025-01-15 20:00:00,A025-HYD,Hydraulic System,85.972,4.126,66.478,54.491,1779.493,147.625,22.57,83.381,511,73.92,30.128,Warning,1,1
A025,2025-01-15 23:00:00,A025-HYD,Hydraulic System,81.743,3.549,69.578,52.56,1859.046,143.73,22.672,83.016,664,75.444,35.304,Warning,1,1
A025,2025-01-16 02:00:00,A025-HYD,Hydraulic System,83.861,4.36,68.559,51.495,1798.121,144.617,22.511,80.892,487,80.48,33.188,Warning,1,1
A025,2025-01-16 03:00:00,A025-HYD,Hydraulic System,82.324,4.378,64.0,56.611,1752.448,149.838,22.944,82.108,637,65.504,31.364,Warning,1,1
A025,2025-01-16 08:00:00,A025-HYD,Hydraulic System,85.709,3.855,67.801,54.511,1707.924,148.018,23.66,84.259,633,69.23,31.656,Warning,1,1
A025,2025-01-16 09:00:00,A025-HYD,Hydraulic System,85.248,4.042,67.331,50.913,1795.985,148.324,22.875,85.438,552,90.424,28.021,Warning,1,1
A025,2025-01-16 15:00:00,A025-HYD,Hydraulic System,86.954,3.823,67.784,51.637,1872.12,151.528,22.661,85.072,743,83.665,32.054,Warning,1,1
A025,2025-01-16 18:00:00,A025-HYD,Hydraulic System,86.702,4.228,69.18,53.918,1679.471,148.953,22.739,88.821,819,65.463,28.777,Warning,1,1
A025,2025-01-16 19:00:00,A025-HYD,Hydraulic System,84.969,3.595,66.55,53.699,1835.363,144.631,22.623,83.034,640,75.383,27.622,Warning,1,1
A025,2025-01-17 02:00:00,A025-HYD,Hydraulic System,88.931,4.39,67.336,52.584,1821.894,146.215,22.976,84.986,578,86.256,34.99,Warning,1,1
A025,2025-01-17 04:00:00,A025-HYD,Hydraulic System,98.157,6.632,59.685,48.668,1929.083,131.656,23.049,85.065,777,77.293,25.339,Warning,1,1
A025,2025-01-17 07:00:00,A025-HYD,Hydraulic System,88.716,3.968,65.655,50.067,2036.628,151.633,22.977,85.24,710,95.233,26.339,Warning,1,1
A025,2025-01-17 12:00:00,A025-HYD,Hydraulic System,80.425,4.431,68.975,53.31,1981.059,146.884,22.843,85.253,575,79.355,40.431,Warning,1,0
A026,2025-01-01 01:00:00,A026-HYD,Hydraulic System,72.881,2.902,73.631,57.62,1559.335,149.877,24.186,74.01,422,62.037,26.924,Normal,0,0
A026,2025-01-01 03:00:00,A026-HYD,Hydraulic System,72.971,2.987,81.654,54.668,1826.714,148.587,23.644,76.464,279,56.236,36.157,Normal,0,0
A026,2025-01-01 06:00:00,A026-HYD,Hydraulic System,71.021,3.119,74.897,55.332,1643.473,153.339,23.422,72.071,278,57.268,21.979,Normal,0,0
A026,2025-01-01 17:00:00,A026-HYD,Hydraulic System,78.127,2.856,74.895,54.226,1588.774,145.751,24.033,78.352,270,50.416,27.944,Normal,0,1
A026,2025-01-02 09:00:00,A026-HYD,Hydraulic System,74.28,2.255,80.134,53.864,1812.268,150.346,24.168,76.851,530,49.984,22.716,Normal,0,0
A026,2025-01-02 20:00:00,A026-HYD,Hydraulic System,88.331,6.111,68.852,54.192,1764.568,136.876,23.757,75.431,529,70.394,32.5,Warning,1,1
A026,2025-01-02 22:00:00,A026-HYD,Hydraulic System,69.251,1.887,74.631,59.136,1764.742,155.206,23.61,77.663,389,53.431,23.126,Normal,0,0
A026,2025-01-03 00:00:00,A026-HYD,Hydraulic System,74.196,3.004,75.428,52.407,1904.315,141.654,23.611,75.385,261,50.956,25.382,Normal,0,0
A026,2025-01-03 01:00:00,A026-HYD,Hydraulic System,75.196,2.768,77.037,52.699,1619.629,152.282,23.786,77.188,216,37.084,27.027,Normal,0,0
A026,2025-01-03 07:00:00,A026-HYD,Hydraulic System,72.91,2.618,71.631,54.17,1690.134,147.952,23.519,75.923,480,68.184,26.076,Normal,0,0
A026,2025-01-03 13:00:00,A026-HYD,Hydraulic System,75.547,2.53,75.272,56.362,1843.375,146.616,24.136,78.37,404,67.111,34.308,Normal,0,0
A026,2025-01-03 18:00:00,A026-HYD,Hydraulic System,76.901,2.94,77.77,50.833,1790.664,144.327,23.393,72.644,183,61.675,27.021,Normal,0,0
A026,2025-01-03 23:00:00,A026-HYD,Hydraulic System,79.912,2.843,76.138,55.818,1702.252,146.724,23.9,77.112,187,57.59,31.959,Normal,0,0
A026,2025-01-04 01:00:00,A026-HYD,Hydraulic System,74.693,2.782,76.663,53.828,1760.973,148.603,23.863,77.015,491,62.523,29.766,Normal,0,0
A026,2025-01-04 03:00:00,A026-HYD,Hydraulic System,76.032,3.087,76.299,53.454,1758.206,148.031,24.147,76.053,513,55.61,27.121,Normal,0,1
A026,2025-01-04 05:00:00,A026-HYD,Hydraulic System,74.225,2.688,71.668,53.843,1919.304,152.019,23.755,77.715,254,57.477,30.407,Normal,0,0
A026,2025-01-04 07:00:00,A026-HYD,Hydraulic System,80.991,2.996,72.715,56.204,1720.615,156.629,23.479,77.316,578,67.679,30.844,Normal,0,0
A026,2025-01-04 17:00:00,A026-HYD,Hydraulic System,78.092,2.335,72.286,52.885,1681.154,149.376,23.72,77.89,277,62.132,39.746,Normal,0,0
A026,2025-01-04 23:00:00,A026-HYD,Hydraulic System,72.668,2.794,70.465,52.288,1850.05,147.446,23.624,80.31,195,41.501,27.593,Normal,0,0
A026,2025-01-05 00:00:00,A026-HYD,Hydraulic System,77.264,2.776,78.028,55.999,1776.137,148.683,23.811,77.764,467,61.109,28.866,Normal,0,0
A026,2025-01-05 02:00:00,A026-HYD,Hydraulic System,76.236,2.528,72.63,54.531,1805.446,150.144,23.418,73.814,392,62.422,35.267,Normal,0,0
A026,2025-01-05 03:00:00,A026-HYD,Hydraulic System,79.887,3.099,79.091,56.621,1635.192,146.497,23.099,80.055,230,59.849,31.812,Normal,0,0
A026,2025-01-05 07:00:00,A026-HYD,Hydraulic System,77.988,3.02,72.99,53.47,1867.888,152.246,23.157,77.709,232,59.422,23.677,Normal,0,0
A026,2025-01-05 13:00:00,A026-HYD,Hydraulic System,77.745,2.982,73.067,53.921,1766.638,147.765,23.933,76.489,512,68.851,34.832,Normal,0,0
A026,2025-01-05 15:00:00,A026-HYD,Hydraulic System,75.409,3.147,76.405,55.896,1808.951,154.106,23.649,78.495,218,67.366,27.372,Normal,0,0
A026,2025-01-05 18:00:00,A026-HYD,Hydraulic System,76.357,3.343,71.352,52.561,1682.786,149.464,23.995,78.747,358,52.482,31.688,Normal,0,0
A026,2025-01-06 00:00:00,A026-HYD,Hydraulic System,75.037,3.384,72.342,53.099,1806.969,150.878,23.235,79.031,314,60.862,26.942,Normal,0,0
A026,2025-01-06 02:00:00,A026-HYD,Hydraulic System,75.267,2.795,74.012,57.275,1808.32,144.237,22.539,80.357,520,60.138,34.617,Normal,0,0
A026,2025-01-06 05:00:00,A026-HYD,Hydraulic System,90.431,6.441,67.426,52.609,1770.552,138.779,22.858,78.484,298,69.554,32.083,Warning,1,1
A026,2025-01-06 06:00:00,A026-HYD,Hydraulic System,77.6,3.234,80.384,54.645,1800.686,150.168,22.979,80.526,317,81.356,41.692,Normal,0,1
A026,2025-01-06 08:00:00,A026-HYD,Hydraulic System,75.094,2.885,73.255,51.799,1928.621,154.23,23.32,77.653,566,56.268,25.947,Normal,0,0
A026,2025-01-06 09:00:00,A026-HYD,Hydraulic System,70.197,3.652,74.118,55.769,1826.888,149.67,23.334,76.06,605,47.496,39.144,Normal,0,0
A026,2025-01-06 12:00:00,A026-HYD,Hydraulic System,76.416,3.268,71.162,56.036,1723.708,139.774,23.737,80.421,574,75.079,38.869,Normal,0,1
A026,2025-01-06 22:00:00,A026-HYD,Hydraulic System,79.479,2.687,73.484,52.426,1695.451,151.828,23.705,77.854,369,70.087,30.665,Normal,0,0
A026,2025-01-07 02:00:00,A026-HYD,Hydraulic System,78.291,3.039,74.817,55.476,1557.59,157.025,23.662,80.718,304,74.132,25.011,Normal,0,0
A026,2025-01-07 09:00:00,A026-HYD,Hydraulic System,90.876,4.846,56.592,54.427,1744.028,136.379,24.258,82.493,383,73.677,25.928,Warning,1,0
A026,2025-01-07 14:00:00,A026-HYD,Hydraulic System,77.612,3.884,76.137,54.726,1871.555,154.972,23.463,75.076,478,53.589,25.423,Normal,0,0
A026,2025-01-07 17:00:00,A026-HYD,Hydraulic System,76.856,3.251,71.521,53.976,1897.341,145.521,23.165,82.833,577,63.78,33.768,Normal,0,0
A026,2025-01-08 02:00:00,A026-HYD,Hydraulic System,82.462,2.971,68.413,53.603,1706.636,148.945,22.937,75.175,531,60.246,35.148,Normal,0,0
A026,2025-01-08 08:00:00,A026-HYD,Hydraulic System,80.578,3.407,74.416,51.36,1553.794,144.815,23.782,76.963,438,65.598,31.406,Normal,0,0
A026,2025-01-08 14:00:00,A026-HYD,Hydraulic System,77.13,2.74,71.486,53.824,1765.069,149.372,23.415,81.48,367,70.117,17.522,Normal,0,0
A026,2025-01-08 18:00:00,A026-HYD,Hydraulic System,78.592,3.563,68.957,53.306,1688.059,140.088,23.811,76.83,399,79.558,32.325,Warning,1,1
A026,2025-01-08 22:00:00,A026-HYD,Hydraulic System,79.289,2.988,72.517,53.613,1772.792,150.382,24.337,81.385,598,65.773,25.32,Normal,0,0
A026,2025-01-09 04:00:00,A026-HYD,Hydraulic System,78.998,3.005,70.709,53.897,1718.189,137.415,23.2,78.578,384,67.848,32.484,Normal,0,1
A026,2025-01-09 06:00:00,A026-HYD,Hydraulic System,79.184,3.18,71.519,53.352,1910.89,140.156,23.492,82.183,582,69.606,32.338,Normal,0,1
A026,2025-01-09 07:00:00,A026-HYD,Hydraulic System,76.485,3.574,76.506,54.79,1711.074,157.656,23.777,78.396,619,69.321,27.697,Normal,0,1
A026,2025-01-09 08:00:00,A026-HYD,Hydraulic System,76.646,2.847,72.438,55.14,1649.808,147.186,23.403,78.602,665,57.701,30.932,Normal,0,0
A026,2025-01-09 13:00:00,A026-HYD,Hydraulic System,77.407,2.585,71.172,55.383,1729.096,141.217,23.32,83.47,450,81.617,13.629,Normal,0,0
A026,2025-01-09 14:00:00,A026-HYD,Hydraulic System,79.603,3.97,73.292,56.018,1682.019,151.003,23.352,79.459,673,61.817,27.001,Normal,0,0
A026,2025-01-09 15:00:00,A026-HYD,Hydraulic System,74.448,3.671,68.042,51.705,1880.998,151.157,23.523,82.104,330,70.76,29.079,Normal,0,0
A026,2025-01-10 00:00:00,A026-HYD,Hydraulic System,77.223,3.04,73.82,52.623,1846.917,146.765,23.315,78.575,518,64.249,29.639,Normal,0,0
A026,2025-01-10 09:00:00,A026-HYD,Hydraulic System,75.26,3.348,71.975,52.44,1721.335,146.962,23.056,80.525,352,58.596,32.589,Normal,0,0
A026,2025-01-10 12:00:00,A026-HYD,Hydraulic System,83.278,4.051,74.877,56.181,1722.97,150.872,23.399,79.075,580,64.715,35.505,Warning,1,1
A026,2025-01-10 20:00:00,A026-HYD,Hydraulic System,79.985,2.868,70.268,49.633,1837.639,145.271,23.177,80.349,489,77.364,32.362,Warning,1,0
A026,2025-01-11 03:00:00,A026-HYD,Hydraulic System,76.622,3.414,68.34,51.271,1788.73,143.597,23.438,82.98,617,60.527,34.828,Normal,0,0
A026,2025-01-11 11:00:00,A026-HYD,Hydraulic System,78.304,3.426,73.744,52.446,1882.681,141.476,22.617,83.636,439,65.942,29.231,Normal,0,0
A026,2025-01-11 15:00:00,A026-HYD,Hydraulic System,79.325,3.719,76.584,51.535,1821.387,147.143,23.915,80.498,656,85.127,20.812,Warning,1,0
A026,2025-01-11 18:00:00,A026-HYD,Hydraulic System,81.767,2.936,74.134,54.053,1864.511,145.063,23.394,84.384,685,65.63,33.796,Normal,0,0
A026,2025-01-11 22:00:00,A026-HYD,Hydraulic System,78.569,3.393,71.491,53.238,1663.036,150.115,23.015,82.683,643,87.267,29.825,Warning,1,1
A026,2025-01-12 03:00:00,A026-HYD,Hydraulic System,82.799,3.886,76.287,51.636,1769.554,146.19,23.599,78.8,608,81.058,18.717,Warning,1,1
A026,2025-01-12 06:00:00,A026-HYD,Hydraulic System,79.695,3.924,71.791,52.326,1813.662,146.506,22.769,81.24,748,71.083,33.869,Warning,1,0
A026,2025-01-12 07:00:00,A026-HYD,Hydraulic System,80.759,3.879,72.162,54.556,1776.934,140.806,23.13,82.788,635,81.493,25.639,Warning,1,1
A026,2025-01-12 09:00:00,A026-HYD,Hydraulic System,80.957,3.634,72.663,51.599,2029.312,149.93,23.025,90.995,718,68.725,35.258,Warning,1,1
A026,2025-01-12 13:00:00,A026-HYD,Hydraulic System,82.168,4.501,65.949,56.663,1760.564,141.762,24.17,79.4,761,65.06,35.182,Warning,1,0
A026,2025-01-12 16:00:00,A026-HYD,Hydraulic System,84.676,3.518,75.979,53.156,1806.586,145.018,22.927,82.31,666,67.259,27.531,Warning,1,0
A026,2025-01-12 18:00:00,A026-HYD,Hydraulic System,86.617,3.92,72.78,53.579,1827.08,145.385,22.961,77.757,476,73.479,29.319,Warning,1,1
A026,2025-01-12 22:00:00,A026-HYD,Hydraulic System,81.265,3.621,72.903,53.051,1736.808,141.969,23.411,82.44,692,73.486,32.679,Warning,1,1
A026,2025-01-13 01:00:00,A026-HYD,Hydraulic System,99.51,6.578,65.748,50.375,1869.957,132.569,23.069,84.556,576,73.117,33.254,Warning,1,1
A026,2025-01-13 04:00:00,A026-HYD,Hydraulic System,83.779,3.379,73.085,51.94,1742.971,145.181,23.142,84.776,454,77.591,35.734,Warning,1,0
A026,2025-01-13 16:00:00,A026-HYD,Hydraulic System,80.1,3.22,69.626,48.718,1920.8,145.5,23.149,80.712,547,63.286,24.694,Warning,1,1
A026,2025-01-13 20:00:00,A026-HYD,Hydraulic System,85.16,3.904,70.208,51.896,1823.815,146.977,23.392,83.603,589,60.96,32.27,Warning,1,1
A026,2025-01-13 22:00:00,A026-HYD,Hydraulic System,80.047,3.483,67.878,52.419,1891.221,151.333,22.889,82.318,450,77.86,31.125,Warning,1,1
A026,2025-01-14 07:00:00,A026-HYD,Hydraulic System,84.315,3.495,72.883,50.785,1724.239,146.202,23.32,81.5,796,73.906,28.248,Warning,1,1
A026,2025-01-14 08:00:00,A026-HYD,Hydraulic System,75.81,3.163,73.541,55.876,1763.947,144.913,23.055,82.996,816,85.417,35.968,Warning,1,0
A026,2025-01-14 11:00:00,A026-HYD,Hydraulic System,84.348,4.53,73.984,48.423,1845.513,151.807,23.409,84.195,454,87.961,30.726,Warning,1,1
A026,2025-01-14 13:00:00,A026-HYD,Hydraulic System,103.246,6.298,59.077,53.549,1797.785,136.371,23.642,79.599,512,63.815,30.59,Warning,1,0
A026,2025-01-14 17:00:00,A026-HYD,Hydraulic System,87.832,4.01,71.213,55.283,1784.667,140.017,23.022,81.487,685,72.959,26.663,Warning,1,0
A026,2025-01-15 04:00:00,A026-HYD,Hydraulic System,87.313,3.863,67.041,54.117,1700.256,147.888,22.721,84.177,816,62.037,21.381,Warning,1,1
A026,2025-01-15 17:00:00,A026-HYD,Hydraulic System,83.256,3.828,67.728,53.725,1748.24,140.969,23.296,84.053,832,76.042,25.691,Warning,1,1
A026,2025-01-16 03:00:00,A026-HYD,Hydraulic System,82.542,3.671,69.654,51.236,1781.466,137.306,23.15,84.061,669,82.038,26.073,Warning,1,1
A026,2025-01-16 05:00:00,A026-HYD,Hydraulic System,90.893,3.648,68.228,49.589,1702.212,144.471,22.572,82.884,664,76.363,34.096,Warning,1,1
A026,2025-01-16 10:00:00,A026-HYD,Hydraulic System,89.579,4.004,68.883,55.974,1800.068,149.821,23.382,83.377,533,81.844,29.509,Warning,1,0
A026,2025-01-16 13:00:00,A026-HYD,Hydraulic System,87.382,3.964,65.861,53.666,1984.813,142.102,22.886,84.039,842,84.17,29.703,Warning,1,1
A026,2025-01-16 17:00:00,A026-HYD,Hydraulic System,87.286,3.387,68.202,54.068,1655.758,147.711,23.249,82.461,864,81.512,33.52,Warning,1,1
A026,2025-01-16 20:00:00,A026-HYD,Hydraulic System,91.555,4.182,69.325,53.229,1760.678,144.664,22.524,86.498,524,77.68,29.688,Warning,1,1
A026,2025-01-17 02:00:00,A026-HYD,Hydraulic System,99.653,7.215,59.799,54.798,1862.874,138.46,23.325,85.098,579,83.176,31.779,Warning,1,1
A026,2025-01-17 06:00:00,A026-HYD,Hydraulic System,84.916,3.461,68.361,50.524,1858.663,151.716,23.03,83.923,859,78.808,38.026,Warning,1,0
A026,2025-01-17 08:00:00,A026-HYD,Hydraulic System,84.818,4.44,69.158,49.831,1728.074,149.01,23.11,87.228,784,81.953,23.894,Warning,1,1
A026,2025-01-17 09:00:00,A026-HYD,Hydraulic System,82.368,3.752,70.213,51.841,1630.154,142.425,22.505,83.425,594,81.208,21.352,Warning,1,0
A026,2025-01-17 14:00:00,A026-HYD,Hydraulic System,86.898,4.174,71.192,48.719,1895.282,142.774,22.524,83.306,749,72.777,26.457,Warning,1,0
A027,2025-01-01 02:00:00,A027-HYD,Hydraulic System,72.458,2.588,75.334,54.381,1991.185,149.726,24.243,72.635,368,51.211,19.935,Normal,0,0
A027,2025-01-01 07:00:00,A027-HYD,Hydraulic System,71.159,1.946,77.518,51.773,1817.056,151.302,23.681,76.932,237,39.96,24.264,Normal,0,0
A027,2025-01-01 08:00:00,A027-HYD,Hydraulic System,72.491,2.163,76.413,55.46,1777.944,148.143,23.839,79.993,321,56.962,27.263,Normal,0,0
A027,2025-01-01 11:00:00,A027-HYD,Hydraulic System,70.926,2.536,74.877,55.467,1640.907,152.47,23.597,74.142,182,49.24,27.819,Normal,0,0
A027,2025-01-01 22:00:00,A027-HYD,Hydraulic System,75.98,2.029,77.908,57.034,1779.436,149.522,24.071,75.065,156,55.561,27.172,Normal,0,0
A027,2025-01-02 01:00:00,A027-HYD,Hydraulic System,72.815,2.874,78.675,55.0,1905.988,147.946,23.771,74.809,265,43.507,39.218,Normal,0,0
A027,2025-01-02 05:00:00,A027-HYD,Hydraulic System,70.122,2.307,76.072,53.632,1803.998,152.59,24.112,78.825,227,56.48,32.858,Normal,0,0
A027,2025-01-02 06:00:00,A027-HYD,Hydraulic System,70.253,1.815,78.797,55.308,1692.92,150.87,24.009,77.125,351,49.767,26.482,Normal,0,0
A027,2025-01-02 07:00:00,A027-HYD,Hydraulic System,70.79,2.441,76.449,53.645,1836.292,150.186,23.07,76.201,461,64.579,30.113,Normal,0,0
A027,2025-01-02 09:00:00,A027-HYD,Hydraulic System,76.613,2.347,76.591,53.701,1798.002,150.731,23.704,72.571,156,40.441,25.257,Normal,0,0
A027,2025-01-02 12:00:00,A027-HYD,Hydraulic System,71.482,2.41,76.935,56.419,1625.018,145.982,23.772,76.775,160,53.653,28.949,Normal,0,0
A027,2025-01-02 18:00:00,A027-HYD,Hydraulic System,73.066,2.657,76.755,54.126,1687.053,152.881,23.729,77.249,268,57.646,23.156,Normal,0,0
A027,2025-01-03 00:00:00,A027-HYD,Hydraulic System,69.25,2.647,77.105,54.907,1739.855,150.536,23.971,76.158,480,58.329,29.598,Normal,0,0
A027,2025-01-03 04:00:00,A027-HYD,Hydraulic System,73.475,2.824,73.747,54.37,1710.973,144.164,24.018,78.15,191,34.469,35.686,Normal,0,0
A027,2025-01-03 08:00:00,A027-HYD,Hydraulic System,75.516,2.197,79.151,54.739,1817.03,148.244,23.61,74.959,336,58.346,25.312,Normal,0,0
A027,2025-01-03 15:00:00,A027-HYD,Hydraulic System,70.249,3.306,73.072,52.22,1799.523,155.566,23.445,76.219,430,58.131,31.206,Normal,0,0
A027,2025-01-03 16:00:00,A027-HYD,Hydraulic System,75.394,2.702,73.567,55.289,1724.056,148.477,23.921,77.758,355,56.388,24.786,Normal,0,0
A027,2025-01-04 01:00:00,A027-HYD,Hydraulic System,74.06,2.545,76.775,54.552,1728.522,149.612,24.205,77.739,442,48.556,30.176,Normal,0,0
A027,2025-01-04 02:00:00,A027-HYD,Hydraulic System,75.897,2.858,69.146,59.595,1772.601,149.411,23.697,78.22,417,47.859,22.181,Normal,0,0
A027,2025-01-04 04:00:00,A027-HYD,Hydraulic System,77.03,3.57,78.57,50.686,1876.278,153.402,23.517,77.333,374,48.243,37.682,Normal,0,0
A027,2025-01-04 08:00:00,A027-HYD,Hydraulic System,74.839,2.889,72.955,57.713,1751.881,148.131,23.754,75.145,274,50.813,35.612,Normal,0,0
A027,2025-01-04 09:00:00,A027-HYD,Hydraulic System,73.225,2.704,77.141,56.005,1692.265,149.612,24.284,77.387,387,63.301,25.193,Normal,0,0
A027,2025-01-05 03:00:00,A027-HYD,Hydraulic System,77.775,2.855,72.092,53.951,1791.431,147.641,23.615,74.066,509,74.132,28.834,Normal,0,0
A027,2025-01-05 08:00:00,A027-HYD,Hydraulic System,74.345,3.435,74.961,49.337,1805.577,151.963,23.369,75.537,598,54.885,31.326,Normal,0,0
A027,2025-01-05 22:00:00,A027-HYD,Hydraulic System,74.68,3.133,77.06,52.37,1812.737,151.527,23.483,79.385,394,46.854,29.334,Normal,0,0
A027,2025-01-06 08:00:00,A027-HYD,Hydraulic System,76.827,3.104,71.592,50.832,1827.055,149.207,23.718,77.333,564,54.721,39.41,Normal,0,1
A027,2025-01-06 14:00:00,A027-HYD,Hydraulic System,78.867,1.964,78.237,54.869,1735.77,152.551,23.722,79.605,318,51.613,25.264,Normal,0,0
A027,2025-01-06 19:00:00,A027-HYD,Hydraulic System,86.194,6.623,63.777,53.395,1814.445,135.961,23.443,78.449,310,73.905,22.845,Warning,1,0
A027,2025-01-06 21:00:00,A027-HYD,Hydraulic System,81.648,3.198,75.283,55.706,1784.538,152.565,23.546,77.787,510,63.396,27.509,Normal,0,0
A027,2025-01-07 08:00:00,A027-HYD,Hydraulic System,74.972,3.201,71.578,54.159,1778.207,152.575,23.296,74.91,270,65.909,23.949,Normal,0,0
A027,2025-01-07 10:00:00,A027-HYD,Hydraulic System,91.305,7.165,60.819,54.973,1816.66,131.069,23.254,79.486,264,57.472,28.854,Warning,1,1
A027,2025-01-07 13:00:00,A027-HYD,Hydraulic System,78.223,2.873,72.522,54.905,1765.812,147.629,23.683,77.023,324,57.814,33.562,Normal,0,0
A027,2025-01-07 16:00:00,A027-HYD,Hydraulic System,78.119,3.253,76.483,55.53,1665.575,154.481,23.725,83.962,304,59.611,25.704,Normal,0,0
A027,2025-01-08 04:00:00,A027-HYD,Hydraulic System,78.121,2.73,73.703,53.732,1772.777,151.528,22.876,77.778,465,63.22,24.988,Normal,0,0
A027,2025-01-08 07:00:00,A027-HYD,Hydraulic System,74.921,3.416,70.906,54.147,1924.787,150.124,23.507,83.283,406,52.298,30.353,Normal,0,0
A027,2025-01-08 09:00:00,A027-HYD,Hydraulic System,77.949,3.475,74.832,53.384,1895.053,148.396,23.883,78.412,662,75.003,29.83,Normal,0,1
A027,2025-01-08 11:00:00,A027-HYD,Hydraulic System,76.074,3.284,78.037,51.864,2025.669,150.994,23.319,78.001,381,68.972,37.1,Normal,0,1
A027,2025-01-08 19:00:00,A027-HYD,Hydraulic System,75.648,2.56,74.947,51.775,1833.856,142.904,23.916,78.805,636,60.902,35.249,Normal,0,0
A027,2025-01-09 05:00:00,A027-HYD,Hydraulic System,80.021,3.435,69.872,54.631,1745.873,147.409,22.629,81.546,650,69.953,35.262,Normal,0,1
A027,2025-01-09 16:00:00,A027-HYD,Hydraulic System,78.158,2.915,70.855,52.43,1973.102,151.46,24.028,80.474,488,50.744,21.014,Normal,0,0
A027,2025-01-09 18:00:00,A027-HYD,Hydraulic System,75.829,3.075,73.984,54.501,1931.639,143.929,22.967,79.252,700,55.304,25.517,Normal,0,0
A027,2025-01-09 22:00:00,A027-HYD,Hydraulic System,76.9,2.588,76.663,55.622,1776.787,139.89,22.94,81.489,573,63.857,26.456,Normal,0,0
A027,2025-01-10 03:00:00,A027-HYD,Hydraulic System,75.441,3.113,73.246,53.615,1955.228,146.235,22.995,81.33,553,78.684,34.707,Normal,0,0
A027,2025-01-10 04:00:00,A027-HYD,Hydraulic System,87.123,4.864,65.283,56.741,1995.877,142.129,23.258,77.28,479,66.066,26.806,Warning,1,1
A027,2025-01-10 16:00:00,A027-HYD,Hydraulic System,81.138,3.62,75.574,50.892,1734.904,136.517,23.301,83.764,388,65.943,24.349,Normal,0,0
A027,2025-01-10 20:00:00,A027-HYD,Hydraulic System,76.769,2.228,73.619,54.086,1883.699,141.919,22.796,76.713,459,68.651,26.263,Normal,0,0
A027,2025-01-11 00:00:00,A027-HYD,Hydraulic System,81.653,3.679,75.163,53.142,1749.102,152.599,23.465,77.968,629,75.813,30.179,Normal,0,1
A027,2025-01-11 07:00:00,A027-HYD,Hydraulic System,78.484,3.433,73.165,54.641,1726.355,149.037,23.307,81.811,482,62.641,28.22,Normal,0,1
A027,2025-01-11 10:00:00,A027-HYD,Hydraulic System,78.043,3.434,74.388,52.351,1812.65,159.678,22.88,80.744,541,71.273,36.695,Normal,0,1
A027,2025-01-11 15:00:00,A027-HYD,Hydraulic System,78.67,2.987,75.107,54.944,1819.769,145.769,23.439,84.039,504,75.982,29.735,Normal,0,1
A027,2025-01-11 20:00:00,A027-HYD,Hydraulic System,78.051,2.688,71.618,52.743,1906.789,149.259,23.407,80.077,581,76.512,32.245,Normal,0,0
A027,2025-01-12 00:00:00,A027-HYD,Hydraulic System,77.386,3.137,75.44,53.074,1831.789,151.223,23.501,80.545,422,73.932,30.841,Normal,0,0
A027,2025-01-12 01:00:00,A027-HYD,Hydraulic System,96.256,6.038,60.936,51.209,1979.632,138.05,22.567,79.185,514,73.824,26.724,Warning,1,1
A027,2025-01-12 02:00:00,A027-HYD,Hydraulic System,78.475,3.225,70.738,50.952,1797.534,152.428,22.801,82.046,489,76.721,30.733,Normal,0,0
A027,2025-01-12 05:00:00,A027-HYD,Hydraulic System,81.379,2.458,74.632,51.658,1729.518,151.618,23.139,80.798,724,70.145,30.849,Normal,0,1
A027,2025-01-12 13:00:00,A027-HYD,Hydraulic System,77.15,3.111,74.373,54.441,1655.789,152.596,22.89,84.699,384,66.254,34.349,Normal,0,0
A027,2025-01-12 23:00:00,A027-HYD,Hydraulic System,82.507,3.296,73.705,55.691,1729.451,144.973,23.161,80.502,736,81.67,28.749,Warning,1,0
A027,2025-01-13 02:00:00,A027-HYD,Hydraulic System,77.384,3.819,71.361,54.04,1851.071,148.922,23.546,81.789,437,65.76,22.641,Normal,0,0
A027,2025-01-13 03:00:00,A027-HYD,Hydraulic System,79.014,3.126,68.989,55.87,1854.079,152.533,23.441,84.514,443,55.163,26.64,Normal,0,1
A027,2025-01-13 06:00:00,A027-HYD,Hydraulic System,81.083,3.026,74.45,54.616,1933.787,148.353,22.547,82.164,567,68.284,32.206,Normal,0,0
A027,2025-01-13 08:00:00,A027-HYD,Hydraulic System,79.767,3.211,70.415,51.414,1741.047,144.037,23.394,81.788,595,77.936,35.103,Warning,1,1
A027,2025-01-13 16:00:00,A027-HYD,Hydraulic System,83.245,3.717,72.057,54.882,1812.546,151.293,22.819,79.405,463,68.537,29.277,Warning,1,1
A027,2025-01-13 19:00:00,A027-HYD,Hydraulic System,74.302,3.365,70.903,54.006,1878.009,148.183,22.92,83.6,757,66.667,30.582,Normal,0,0
A027,2025-01-13 21:00:00,A027-HYD,Hydraulic System,84.172,3.6,75.83,51.097,1801.083,146.906,23.294,85.048,470,65.087,28.584,Warning,1,1
A027,2025-01-14 00:00:00,A027-HYD,Hydraulic System,79.742,4.145,72.167,48.638,1727.426,145.697,23.292,80.307,789,68.809,25.465,Warning,1,1
A027,2025-01-14 03:00:00,A027-HYD,Hydraulic System,79.942,4.255,71.458,54.088,1779.376,141.107,22.677,83.401,660,76.923,33.058,Warning,1,0
A027,2025-01-14 05:00:00,A027-HYD,Hydraulic System,78.63,4.134,72.061,56.056,1910.782,146.812,22.731,82.053,634,70.575,29.336,Warning,1,0
A027,2025-01-14 07:00:00,A027-HYD,Hydraulic System,82.034,3.646,72.523,54.362,1863.319,145.693,22.51,86.16,527,61.539,31.628,Warning,1,1
A027,2025-01-14 09:00:00,A027-HYD,Hydraulic System,78.475,3.283,75.836,51.385,1824.249,143.664,22.621,81.928,774,77.538,35.294,Warning,1,1
A027,2025-01-14 12:00:00,A027-HYD,Hydraulic System,79.344,3.314,71.479,53.177,1776.333,151.151,23.325,86.659,649,61.873,34.191,Normal,0,1
A027,2025-01-14 22:00:00,A027-HYD,Hydraulic System,84.376,3.787,67.585,54.937,2014.934,151.597,23.456,83.174,654,56.914,29.431,Warning,1,0
A027,2025-01-14 23:00:00,A027-HYD,Hydraulic System,92.528,7.015,61.235,52.066,1790.56,130.599,23.463,84.333,802,77.789,34.758,Warning,1,0
A027,2025-01-15 03:00:00,A027-HYD,Hydraulic System,82.788,3.808,74.361,51.695,1893.656,147.925,22.914,85.09,720,60.619,29.531,Warning,1,0
A027,2025-01-15 06:00:00,A027-HYD,Hydraulic System,78.943,3.681,72.527,50.988,1812.479,148.983,22.693,84.739,689,71.337,32.634,Warning,1,0
A027,2025-01-15 21:00:00,A027-HYD,Hydraulic System,83.945,3.681,67.409,50.018,1836.517,146.396,22.374,82.657,463,60.616,35.553,Warning,1,0
A027,2025-01-15 22:00:00,A027-HYD,Hydraulic System,81.792,3.453,69.659,55.407,1855.222,147.668,22.797,83.022,842,77.182,40.459,Warning,1,1
A027,2025-01-16 00:00:00,A027-HYD,Hydraulic System,78.066,3.671,72.602,55.066,1770.937,149.562,22.987,84.991,849,76.482,21.692,Warning,1,1
A027,2025-01-16 08:00:00,A027-HYD,Hydraulic System,99.944,7.103,59.099,52.827,1931.937,132.412,22.988,81.285,574,65.683,30.736,Warning,1,0
A027,2025-01-16 10:00:00,A027-HYD,Hydraulic System,82.879,3.888,67.398,54.363,1808.512,148.37,23.113,82.992,656,84.218,27.611,Warning,1,1
A027,2025-01-16 18:00:00,A027-HYD,Hydraulic System,84.63,4.026,65.66,50.984,1758.785,146.529,22.754,84.907,517,65.701,22.917,Warning,1,1
A027,2025-01-16 20:00:00,A027-HYD,Hydraulic System,81.038,3.981,69.911,50.394,1827.338,141.638,22.827,83.225,716,80.498,23.682,Warning,1,0
A027,2025-01-16 23:00:00,A027-HYD,Hydraulic System,86.177,3.551,72.823,52.588,1811.549,149.277,22.522,86.795,744,61.97,30.956,Warning,1,0
A027,2025-01-17 00:00:00,A027-HYD,Hydraulic System,87.407,3.507,71.161,51.69,1807.785,148.52,22.907,82.986,652,54.671,36.091,Warning,1,1
A027,2025-01-17 03:00:00,A027-HYD,Hydraulic System,97.869,5.673,56.174,49.842,1604.275,126.454,22.918,87.183,749,55.955,35.238,Warning,1,1
A028,2025-01-01 06:00:00,A028-HYD,Hydraulic System,69.486,2.09,78.791,58.363,1863.01,155.547,22.965,74.686,214,51.666,35.306,Normal,0,0
A028,2025-01-01 07:00:00,A028-HYD,Hydraulic System,70.986,2.329,74.12,52.042,1824.467,148.853,23.786,77.67,381,78.513,27.428,Normal,0,0
A028,2025-01-01 08:00:00,A028-HYD,Hydraulic System,70.223,2.605,79.192,54.848,1793.597,157.224,23.902,77.66,434,55.467,38.027,Normal,0,0
A028,2025-01-01 13:00:00,A028-HYD,Hydraulic System,74.846,2.422,73.687,55.026,1728.15,154.279,23.889,73.242,311,61.742,34.108,Normal,0,0
A028,2025-01-01 14:00:00,A028-HYD,Hydraulic System,73.44,2.591,73.169,52.789,1787.644,149.065,23.571,69.665,181,52.89,28.73,Normal,0,0
A028,2025-01-01 21:00:00,A028-HYD,Hydraulic System,72.483,2.566,77.008,55.603,1628.368,146.69,24.162,79.165,252,46.877,33.258,Normal,0,0
A028,2025-01-01 22:00:00,A028-HYD,Hydraulic System,71.734,2.775,76.756,57.892,1744.0,150.547,23.45,74.103,238,65.984,27.736,Normal,0,0
A028,2025-01-02 04:00:00,A028-HYD,Hydraulic System,70.751,2.885,75.821,56.543,1810.685,147.636,23.559,76.831,340,50.879,19.714,Normal,0,0
A028,2025-01-02 05:00:00,A028-HYD,Hydraulic System,71.765,2.081,76.106,57.367,1714.282,150.243,23.66,74.981,142,64.399,34.389,Normal,0,0
A028,2025-01-02 07:00:00,A028-HYD,Hydraulic System,75.15,2.536,84.029,57.426,1731.795,148.938,24.569,74.824,342,76.836,31.325,Normal,0,0
A028,2025-01-02 10:00:00,A028-HYD,Hydraulic System,72.495,2.643,78.788,56.177,2056.477,148.697,24.575,77.89,459,62.584,31.791,Normal,0,0
A028,2025-01-02 11:00:00,A028-HYD,Hydraulic System,73.925,2.455,76.206,55.411,1695.537,142.456,23.767,74.858,223,49.169,31.016,Normal,0,0
A028,2025-01-02 15:00:00,A028-HYD,Hydraulic System,73.333,2.942,78.417,55.203,1849.213,146.789,24.111,75.635,436,59.525,27.176,Normal,0,0
A028,2025-01-02 19:00:00,A028-HYD,Hydraulic System,73.14,2.519,74.506,56.161,1764.082,139.3,24.225,73.467,350,44.542,22.826,Normal,0,0
A028,2025-01-03 01:00:00,A028-HYD,Hydraulic System,74.286,1.911,72.089,54.262,1630.887,147.317,24.144,77.118,240,50.76,27.913,Normal,0,0
A028,2025-01-03 13:00:00,A028-HYD,Hydraulic System,77.987,2.686,77.937,53.8,1826.028,148.81,24.173,77.975,185,53.752,22.904,Normal,0,1
A028,2025-01-03 17:00:00,A028-HYD,Hydraulic System,70.967,3.019,77.437,57.733,1901.636,141.569,23.395,74.453,265,57.285,34.862,Normal,0,1
A028,2025-01-03 18:00:00,A028-HYD,Hydraulic System,72.619,2.769,78.637,55.552,1738.421,146.147,23.569,76.973,222,69.217,29.067,Normal,0,0
A028,2025-01-03 22:00:00,A028-HYD,Hydraulic System,86.391,6.151,66.067,53.231,1960.036,133.153,23.587,76.237,361,62.689,21.975,Warning,1,0
A028,2025-01-03 23:00:00,A028-HYD,Hydraulic System,78.459,2.989,74.377,52.225,1698.345,145.093,23.946,78.284,543,38.051,28.632,Normal,0,0
A028,2025-01-04 05:00:00,A028-HYD,Hydraulic System,73.575,3.136,73.403,52.014,1838.968,144.528,23.787,75.156,540,51.872,28.786,Normal,0,0
A028,2025-01-04 07:00:00,A028-HYD,Hydraulic System,74.989,2.337,77.758,54.611,1787.965,151.206,23.644,74.025,214,48.777,28.495,Normal,0,0
A028,2025-01-04 09:00:00,A028-HYD,Hydraulic System,75.454,2.445,79.628,51.596,1851.443,151.294,23.645,77.797,275,72.592,29.897,Normal,0,0
A028,2025-01-04 13:00:00,A028-HYD,Hydraulic System,73.679,2.847,76.68,56.765,1750.187,146.492,23.672,75.864,466,60.188,26.014,Normal,0,0
A028,2025-01-04 19:00:00,A028-HYD,Hydraulic System,76.013,3.442,79.089,56.368,1840.343,142.965,22.993,79.233,337,54.316,34.48,Normal,0,0
A028,2025-01-05 01:00:00,A028-HYD,Hydraulic System,72.052,2.534,80.847,55.798,1876.431,146.093,23.39,77.026,406,61.296,26.576,Normal,0,0
A028,2025-01-05 08:00:00,A028-HYD,Hydraulic System,73.403,1.631,77.488,55.351,1817.949,143.665,23.966,76.966,351,69.41,19.243,Normal,0,0
A028,2025-01-05 12:00:00,A028-HYD,Hydraulic System,77.736,2.416,75.817,55.139,1978.183,152.067,24.079,77.539,431,58.98,31.474,Normal,0,0
A028,2025-01-05 13:00:00,A028-HYD,Hydraulic System,76.692,2.329,73.094,52.905,1835.973,153.232,23.237,76.559,243,61.221,31.606,Normal,0,0
A028,2025-01-05 15:00:00,A028-HYD,Hydraulic System,69.527,2.77,74.785,51.976,1825.45,150.473,23.378,79.557,478,46.342,25.677,Normal,0,0
A028,2025-01-06 02:00:00,A028-HYD,Hydraulic System,77.712,2.416,78.417,53.945,1806.023,151.711,23.663,75.034,402,58.01,31.122,Normal,0,0
A028,2025-01-06 03:00:00,A028-HYD,Hydraulic System,72.634,2.785,74.549,52.293,1814.424,140.118,23.504,79.498,512,64.799,36.778,Normal,0,0
A028,2025-01-06 04:00:00,A028-HYD,Hydraulic System,74.835,2.677,78.33,56.03,1709.199,157.698,23.571,76.876,231,55.24,22.802,Normal,0,1
A028,2025-01-06 08:00:00,A028-HYD,Hydraulic System,72.651,3.573,76.017,51.792,1954.203,143.21,23.601,77.511,283,66.044,29.187,Normal,0,0
A028,2025-01-06 17:00:00,A028-HYD,Hydraulic System,78.205,3.345,77.468,52.776,1706.692,146.4,23.375,72.906,358,63.713,23.583,Normal,0,0
A028,2025-01-06 18:00:00,A028-HYD,Hydraulic System,78.273,3.219,77.099,56.081,1779.258,147.335,22.988,77.986,516,47.664,25.106,Normal,0,0
A028,2025-01-06 19:00:00,A028-HYD,Hydraulic System,72.012,3.414,78.491,50.792,1901.401,145.35,23.193,77.666,320,59.742,36.897,Normal,0,0
A028,2025-01-06 20:00:00,A028-HYD,Hydraulic System,74.862,2.534,77.139,58.718,1769.876,144.35,23.533,80.66,523,57.088,25.167,Normal,0,0
A028,2025-01-07 05:00:00,A028-HYD,Hydraulic System,75.366,2.992,74.884,49.754,1825.493,153.783,23.649,77.851,345,59.799,30.56,Normal,0,0
A028,2025-01-07 08:00:00,A028-HYD,Hydraulic System,88.134,5.46,68.369,58.612,1825.257,133.254,23.903,81.798,421,63.313,34.353,Warning,1,1
A028,2025-01-07 11:00:00,A028-HYD,Hydraulic System,76.232,2.643,75.784,50.877,1723.58,148.382,23.52,77.887,429,54.718,25.494,Normal,0,0
A028,2025-01-07 19:00:00,A028-HYD,Hydraulic System,77.108,2.769,76.477,54.372,1769.334,143.177,23.874,80.385,450,45.591,34.135,Normal,0,0
A028,2025-01-07 20:00:00,A028-HYD,Hydraulic System,77.869,3.505,73.75,47.662,1841.261,151.749,23.501,77.836,529,70.234,31.153,Normal,0,0
A028,2025-01-07 21:00:00,A028-HYD,Hydraulic System,77.412,2.663,78.344,49.786,1996.484,157.25,23.252,77.711,282,67.72,36.314,Normal,0,0
A028,2025-01-07 22:00:00,A028-HYD,Hydraulic System,78.974,2.937,73.715,57.266,1774.659,144.516,23.593,80.505,439,54.354,30.916,Normal,0,0
A028,2025-01-08 00:00:00,A028-HYD,Hydraulic System,76.535,3.765,73.767,53.141,1772.484,140.536,23.205,80.72,316,57.151,19.287,Normal,0,1
A028,2025-01-08 01:00:00,A028-HYD,Hydraulic System,82.855,2.511,74.285,52.612,1778.241,141.701,23.181,81.485,585,60.497,35.657,Normal,0,0
A028,2025-01-08 02:00:00,A028-HYD,Hydraulic System,76.891,2.664,74.515,57.245,1814.075,154.26,23.715,79.479,346,54.067,27.606,Normal,0,0
A028,2025-01-08 04:00:00,A028-HYD,Hydraulic System,76.642,2.473,72.344,52.542,1943.27,142.709,23.51,80.626,423,64.422,24.467,Normal,0,1
A028,2025-01-08 05:00:00,A028-HYD,Hydraulic System,78.636,2.636,76.786,53.262,1830.022,147.925,23.337,77.936,321,72.902,29.363,Normal,0,0
A028,2025-01-08 06:00:00,A028-HYD,Hydraulic System,78.003,3.345,75.198,54.038,1835.442,150.506,22.972,78.622,287,51.919,25.957,Normal,0,0
A028,2025-01-08 07:00:00,A028-HYD,Hydraulic System,76.422,2.596,71.824,49.674,1739.302,146.857,23.392,80.914,640,70.207,28.208,Normal,0,0
A028,2025-01-08 08:00:00,A028-HYD,Hydraulic System,76.608,3.113,76.52,54.829,1836.83,147.458,23.323,84.262,461,44.233,28.132,Normal,0,1
A028,2025-01-08 09:00:00,A028-HYD,Hydraulic System,75.833,2.82,75.851,53.412,1763.262,148.996,22.848,78.444,614,56.044,28.142,Normal,0,0
A028,2025-01-08 10:00:00,A028-HYD,Hydraulic System,74.095,2.869,72.94,54.177,1918.434,147.684,23.638,78.031,296,52.321,32.287,Normal,0,0
A028,2025-01-08 18:00:00,A028-HYD,Hydraulic System,81.539,2.644,74.318,51.822,1890.151,148.743,23.17,78.788,376,72.285,29.05,Normal,0,1
A028,2025-01-09 01:00:00,A028-HYD,Hydraulic System,90.693,6.887,64.684,53.433,1855.553,137.501,23.731,79.917,426,63.634,31.379,Warning,1,0
A028,2025-01-09 09:00:00,A028-HYD,Hydraulic System,77.578,2.447,75.612,55.043,1899.437,145.711,23.045,81.918,313,59.758,27.477,Normal,0,0
A028,2025-01-09 10:00:00,A028-HYD,Hydraulic System,78.171,3.572,71.826,52.835,1935.082,147.847,23.506,81.317,698,60.05,36.913,Normal,0,0
A028,2025-01-09 11:00:00,A028-HYD,Hydraulic System,90.104,6.097,63.134,52.713,1890.687,135.068,23.606,79.871,403,71.101,29.604,Warning,1,1
A028,2025-01-09 13:00:00,A028-HYD,Hydraulic System,78.615,3.632,76.112,51.279,1747.774,147.396,22.945,79.171,584,68.678,32.186,Normal,0,0
A028,2025-01-09 22:00:00,A028-HYD,Hydraulic System,82.773,3.777,72.512,56.437,1749.46,142.892,23.696,79.329,418,70.341,32.014,Normal,0,0
A028,2025-01-10 07:00:00,A028-HYD,Hydraulic System,78.804,3.514,69.43,53.619,2003.867,149.086,23.402,83.794,413,48.583,38.27,Normal,0,0
A028,2025-01-10 11:00:00,A028-HYD,Hydraulic System,80.435,3.043,69.378,53.536,1801.035,153.762,23.296,76.453,334,76.925,32.96,Normal,0,0
A028,2025-01-10 12:00:00,A028-HYD,Hydraulic System,82.838,3.297,76.835,51.867,1780.803,145.643,22.887,78.607,526,51.593,33.955,Normal,0,1
A028,2025-01-10 13:00:00,A028-HYD,Hydraulic System,75.586,2.851,74.053,52.278,1687.831,153.241,23.038,83.663,416,61.283,27.332,Normal,0,1
A028,2025-01-10 14:00:00,A028-HYD,Hydraulic System,80.014,3.597,69.835,51.318,1881.322,143.108,23.257,78.193,431,73.343,22.489,Normal,0,1
A028,2025-01-11 00:00:00,A028-HYD,Hydraulic System,79.744,3.738,71.604,52.171,1809.817,151.131,22.993,81.45,645,57.944,35.939,Normal,0,0
A028,2025-01-11 08:00:00,A028-HYD,Hydraulic System,76.654,3.617,73.421,51.139,1775.031,150.784,23.298,80.173,543,69.228,26.915,Normal,0,1
A028,2025-01-11 20:00:00,A028-HYD,Hydraulic System,78.674,3.158,73.39,52.165,1921.811,154.973,22.825,83.095,487,77.427,27.255,Normal,0,0
A028,2025-01-11 21:00:00,A028-HYD,Hydraulic System,78.412,3.275,72.397,52.044,1979.385,147.626,23.026,82.815,648,63.861,26.03,Normal,0,1
A028,2025-01-12 02:00:00,A028-HYD,Hydraulic System,83.923,3.386,74.412,55.275,1638.251,146.549,23.021,80.916,423,63.252,27.667,Normal,0,0
A028,2025-01-12 06:00:00,A028-HYD,Hydraulic System,79.036,3.237,71.719,52.563,1709.171,145.897,22.837,82.315,376,58.38,23.709,Normal,0,0
A028,2025-01-12 19:00:00,A028-HYD,Hydraulic System,79.929,3.032,73.396,53.832,1718.551,142.777,22.823,82.994,723,76.387,19.454,Normal,0,0
A028,2025-01-12 20:00:00,A028-HYD,Hydraulic System,80.92,3.245,74.913,50.459,1667.876,149.341,23.328,80.404,636,74.376,28.646,Warning,1,0
A028,2025-01-12 22:00:00,A028-HYD,Hydraulic System,76.847,3.763,74.479,50.892,1766.491,138.077,23.019,78.445,481,71.503,37.762,Normal,0,0
A028,2025-01-13 08:00:00,A028-HYD,Hydraulic System,78.153,4.168,66.712,52.67,1703.685,146.46,23.181,80.795,609,61.977,27.991,Warning,1,1
A028,2025-01-13 10:00:00,A028-HYD,Hydraulic System,82.421,3.312,70.66,51.344,1876.992,155.705,23.487,84.018,605,65.694,20.811,Warning,1,0
A028,2025-01-13 11:00:00,A028-HYD,Hydraulic System,79.45,3.6,73.194,51.934,1732.644,151.466,23.296,82.659,687,72.367,34.636,Warning,1,1
A028,2025-01-13 13:00:00,A028-HYD,Hydraulic System,80.86,2.837,71.587,56.06,1754.454,144.277,23.509,79.645,780,66.846,33.731,Normal,0,0
A028,2025-01-13 17:00:00,A028-HYD,Hydraulic System,79.635,3.239,70.889,53.202,1778.751,152.943,22.519,84.002,527,64.803,28.216,Normal,0,0
A028,2025-01-13 18:00:00,A028-HYD,Hydraulic System,80.179,3.442,71.616,52.399,1636.402,142.435,23.438,84.435,494,73.043,27.721,Warning,1,0
A028,2025-01-14 10:00:00,A028-HYD,Hydraulic System,82.332,3.593,69.889,54.938,1845.222,144.01,23.419,81.727,745,70.78,21.625,Warning,1,0
A028,2025-01-14 15:00:00,A028-HYD,Hydraulic System,82.134,3.824,70.002,53.863,1776.365,148.408,22.36,82.23,435,63.133,23.38,Warning,1,1
A028,2025-01-14 17:00:00,A028-HYD,Hydraulic System,83.147,3.351,71.918,48.064,1857.238,142.365,23.212,85.696,717,75.524,27.345,Warning,1,1
A028,2025-01-15 04:00:00,A028-HYD,Hydraulic System,83.791,3.929,66.41,50.644,1837.089,151.683,22.855,83.106,637,69.607,31.441,Warning,1,0
A028,2025-01-15 11:00:00,A028-HYD,Hydraulic System,82.715,3.827,65.24,52.773,1907.472,145.309,22.862,81.935,791,56.778,29.609,Warning,1,0
A028,2025-01-15 18:00:00,A028-HYD,Hydraulic System,93.233,7.752,66.066,50.98,1793.291,144.816,22.844,83.366,571,85.167,41.789,Warning,1,1
A028,2025-01-15 20:00:00,A028-HYD,Hydraulic System,87.887,3.606,71.843,53.035,1895.738,145.421,22.626,90.65,757,61.773,26.484,Warning,1,1
A028,2025-01-15 21:00:00,A028-HYD,Hydraulic System,80.362,3.837,73.645,49.638,1847.491,146.875,22.613,81.45,598,76.02,25.573,Warning,1,1
A028,2025-01-16 02:00:00,A028-HYD,Hydraulic System,84.57,3.737,71.971,52.196,1721.047,143.114,23.009,87.433,511,70.507,33.551,Warning,1,1
A028,2025-01-16 12:00:00,A028-HYD,Hydraulic System,80.798,3.652,72.004,51.305,1733.395,137.646,22.31,88.615,681,67.923,26.548,Warning,1,1
A028,2025-01-16 13:00:00,A028-HYD,Hydraulic System,85.869,3.807,66.793,51.039,1885.451,144.043,22.874,84.253,619,85.009,25.72,Warning,1,0
A028,2025-01-17 04:00:00,A028-HYD,Hydraulic System,85.776,3.368,66.379,52.002,1513.885,148.862,23.043,84.438,750,81.375,20.042,Warning,1,1
A028,2025-01-17 05:00:00,A028-HYD,Hydraulic System,84.078,3.67,64.718,51.422,1837.883,136.011,23.018,86.942,832,65.544,22.173,Warning,1,0
A028,2025-01-17 09:00:00,A028-HYD,Hydraulic System,85.292,3.34,70.08,53.604,1712.421,156.814,22.321,85.946,716,76.22,37.098,Warning,1,0
A028,2025-01-17 15:00:00,A028-HYD,Hydraulic System,81.225,4.157,67.518,50.874,1732.599,144.584,22.904,83.999,756,80.953,28.031,Warning,1,1
A029,2025-01-01 03:00:00,A029-HYD,Hydraulic System,76.621,2.297,73.925,57.768,1742.439,152.938,23.659,74.605,128,79.361,22.562,Normal,0,0
A029,2025-01-01 05:00:00,A029-HYD,Hydraulic System,79.236,2.648,74.21,56.996,1858.682,152.628,23.81,72.702,111,62.185,28.439,Normal,0,0
A029,2025-01-01 07:00:00,A029-HYD,Hydraulic System,86.627,4.004,60.057,57.032,1798.683,139.729,23.662,77.121,273,46.077,29.419,Warning,1,0
A029,2025-01-01 12:00:00,A029-HYD,Hydraulic System,75.142,2.454,73.216,51.372,1864.37,148.58,23.787,75.701,423,58.206,25.116,Normal,0,0
A029,2025-01-01 13:00:00,A029-HYD,Hydraulic System,76.937,2.929,76.672,51.721,1944.507,150.406,24.193,78.471,509,60.603,20.61,Normal,0,0
A029,2025-01-01 16:00:00,A029-HYD,Hydraulic System,74.178,2.459,78.922,52.433,1798.49,147.727,23.81,75.001,319,52.647,20.008,Normal,0,0
A029,2025-01-01 19:00:00,A029-HYD,Hydraulic System,75.849,2.528,73.353,54.871,1616.485,147.997,23.892,76.365,260,51.091,29.348,Normal,0,0
A029,2025-01-02 01:00:00,A029-HYD,Hydraulic System,74.536,3.082,71.636,55.607,1945.091,147.329,23.998,73.693,519,73.16,20.275,Normal,0,0
A029,2025-01-02 02:00:00,A029-HYD,Hydraulic System,71.233,2.498,74.249,54.975,1586.388,152.467,23.771,75.859,229,56.241,25.462,Normal,0,0
A029,2025-01-02 19:00:00,A029-HYD,Hydraulic System,73.24,3.315,77.621,54.11,2033.119,147.535,23.313,75.774,418,47.863,32.556,Normal,0,0
A029,2025-01-02 21:00:00,A029-HYD,Hydraulic System,79.263,2.823,73.202,53.116,1874.506,153.795,23.709,76.556,212,64.267,32.293,Normal,0,0
A029,2025-01-02 22:00:00,A029-HYD,Hydraulic System,74.292,2.727,71.191,55.037,1810.771,147.526,23.966,75.283,384,53.656,36.17,Normal,0,0
A029,2025-01-03 04:00:00,A029-HYD,Hydraulic System,80.514,2.854,74.032,56.852,1741.144,148.264,23.728,75.338,330,53.848,34.152,Normal,0,0
A029,2025-01-03 05:00:00,A029-HYD,Hydraulic System,80.951,3.167,75.062,54.226,1813.419,153.328,23.954,78.819,263,54.863,28.911,Normal,0,0
A029,2025-01-03 08:00:00,A029-HYD,Hydraulic System,76.434,2.293,69.346,54.342,1702.826,150.069,23.914,77.395,439,67.743,27.679,Normal,0,0
A029,2025-01-03 09:00:00,A029-HYD,Hydraulic System,75.054,3.325,78.888,56.895,1904.471,149.297,22.842,78.903,295,61.951,34.499,Normal,0,0
A029,2025-01-03 11:00:00,A029-HYD,Hydraulic System,74.911,2.404,76.42,53.174,1671.077,149.321,23.366,73.704,335,67.776,30.076,Normal,0,0
A029,2025-01-03 13:00:00,A029-HYD,Hydraulic System,73.091,2.861,75.707,51.608,1803.542,153.825,23.839,75.373,451,69.78,36.319,Normal,0,0
A029,2025-01-03 17:00:00,A029-HYD,Hydraulic System,79.722,2.646,73.913,58.726,1720.338,151.387,23.38,77.135,367,60.644,33.109,Normal,0,0
A029,2025-01-03 23:00:00,A029-HYD,Hydraulic System,73.353,3.143,77.832,55.085,1860.228,145.16,24.009,75.777,213,47.8,29.194,Normal,0,0
A029,2025-01-04 04:00:00,A029-HYD,Hydraulic System,80.833,3.169,74.88,57.228,1890.176,152.013,23.244,77.673,509,63.248,30.006,Normal,0,0
A029,2025-01-04 05:00:00,A029-HYD,Hydraulic System,76.18,3.2,70.623,54.852,1620.309,154.37,23.855,76.28,508,66.183,29.506,Normal,0,0
A029,2025-01-04 07:00:00,A029-HYD,Hydraulic System,75.105,3.25,78.91,57.597,1936.077,149.551,22.955,77.139,471,58.21,41.564,Normal,0,0
A029,2025-01-04 13:00:00,A029-HYD,Hydraulic System,76.354,2.45,75.78,52.741,1863.103,152.569,24.207,78.216,398,68.798,29.346,Normal,0,0
A029,2025-01-04 14:00:00,A029-HYD,Hydraulic System,78.827,2.719,77.432,55.824,1555.616,154.621,23.693,77.661,357,60.853,33.933,Normal,0,1
A029,2025-01-05 05:00:00,A029-HYD,Hydraulic System,79.766,2.722,69.789,52.222,1678.371,143.08,23.945,78.906,516,58.592,37.229,Normal,0,0
A029,2025-01-05 20:00:00,A029-HYD,Hydraulic System,74.964,3.102,71.055,50.907,1906.167,152.929,23.292,80.155,302,54.877,34.051,Normal,0,1
A029,2025-01-05 22:00:00,A029-HYD,Hydraulic System,75.932,2.784,77.126,56.828,1800.868,150.288,24.171,79.873,346,58.271,31.79,Normal,0,0
A029,2025-01-06 04:00:00,A029-HYD,Hydraulic System,79.342,3.051,72.637,55.071,1724.096,147.975,23.928,78.425,288,72.267,21.276,Normal,0,0
A029,2025-01-06 11:00:00,A029-HYD,Hydraulic System,76.737,3.87,74.968,53.947,1693.472,143.359,23.825,81.198,409,53.985,34.72,Normal,0,0
A029,2025-01-06 14:00:00,A029-HYD,Hydraulic System,78.113,3.266,73.389,55.163,1881.017,142.832,23.729,78.846,431,78.24,30.631,Normal,0,0
A029,2025-01-06 16:00:00,A029-HYD,Hydraulic System,77.902,2.977,73.321,57.241,1769.237,149.036,23.615,78.525,584,63.209,24.506,Normal,0,0
A029,2025-01-06 17:00:00,A029-HYD,Hydraulic System,77.018,3.754,68.885,54.184,1647.775,154.401,23.271,80.254,625,73.733,35.185,Normal,0,1
A029,2025-01-06 19:00:00,A029-HYD,Hydraulic System,74.769,3.257,71.881,54.926,1914.389,146.356,24.058,78.035,550,72.071,33.037,Normal,0,0
A029,2025-01-06 21:00:00,A029-HYD,Hydraulic System,79.909,3.047,69.786,56.586,1808.6,150.26,22.865,78.767,267,56.307,38.601,Normal,0,0
A029,2025-01-06 22:00:00,A029-HYD,Hydraulic System,80.601,3.244,75.541,55.448,1943.78,147.495,23.889,78.608,322,57.203,31.912,Normal,0,0
A029,2025-01-07 01:00:00,A029-HYD,Hydraulic System,76.367,3.841,72.187,50.623,1713.657,147.414,23.464,79.191,337,82.834,28.248,Normal,0,0
A029,2025-01-07 02:00:00,A029-HYD,Hydraulic System,84.922,2.723,67.657,51.64,1685.91,148.982,23.962,79.04,372,71.6,30.513,Normal,0,0
A029,2025-01-07 08:00:00,A029-HYD,Hydraulic System,79.801,2.996,72.583,55.347,1773.032,145.652,23.418,78.231,448,66.35,32.637,Normal,0,1
A029,2025-01-07 14:00:00,A029-HYD,Hydraulic System,79.684,2.713,71.515,52.197,1830.49,148.357,23.6,79.952,541,65.781,37.912,Normal,0,0
A029,2025-01-07 16:00:00,A029-HYD,Hydraulic System,79.192,3.252,74.964,55.972,1753.389,152.514,23.58,76.917,348,61.929,33.95,Normal,0,0
A029,2025-01-07 20:00:00,A029-HYD,Hydraulic System,80.242,3.011,74.537,54.311,1758.281,149.727,23.528,78.294,293,69.653,28.488,Normal,0,1
A029,2025-01-07 21:00:00,A029-HYD,Hydraulic System,77.524,3.444,72.695,54.011,1885.32,147.816,23.309,79.403,510,72.188,33.342,Normal,0,1
A029,2025-01-08 01:00:00,A029-HYD,Hydraulic System,78.023,2.904,73.925,54.803,1825.648,151.214,23.098,78.899,666,75.929,23.192,Normal,0,0
A029,2025-01-08 02:00:00,A029-HYD,Hydraulic System,79.099,2.816,70.547,58.807,1722.831,149.874,23.628,78.085,457,72.097,18.108,Normal,0,0
A029,2025-01-08 04:00:00,A029-HYD,Hydraulic System,75.26,3.413,72.916,54.906,1923.199,142.072,23.526,77.906,373,82.729,29.007,Normal,0,0
A029,2025-01-08 09:00:00,A029-HYD,Hydraulic System,81.673,3.482,74.625,49.448,1642.383,149.331,23.948,75.984,291,55.178,33.679,Normal,0,1
A029,2025-01-08 10:00:00,A029-HYD,Hydraulic System,77.228,3.154,71.895,50.781,1669.786,146.071,24.073,77.191,441,69.895,28.835,Normal,0,0
A029,2025-01-08 14:00:00,A029-HYD,Hydraulic System,77.787,3.414,73.396,50.292,1865.388,143.211,23.75,79.19,299,72.359,34.337,Normal,0,0
A029,2025-01-08 21:00:00,A029-HYD,Hydraulic System,81.196,3.904,72.722,56.675,1547.443,141.112,22.827,81.904,630,73.787,30.135,Warning,1,0
A029,2025-01-08 22:00:00,A029-HYD,Hydraulic System,83.945,2.773,73.933,55.021,1699.787,141.787,23.399,80.388,622,74.846,36.907,Normal,0,0
A029,2025-01-09 03:00:00,A029-HYD,Hydraulic System,80.669,3.162,69.829,53.644,1783.719,150.189,24.035,80.636,488,64.597,23.967,Normal,0,0
A029,2025-01-09 05:00:00,A029-HYD,Hydraulic System,80.919,3.007,71.571,50.443,1854.601,145.868,23.497,78.831,526,71.427,26.095,Normal,0,0
A029,2025-01-09 11:00:00,A029-HYD,Hydraulic System,77.716,3.37,68.823,53.6,1846.359,146.57,22.728,81.642,484,66.547,39.549,Normal,0,1
A029,2025-01-09 12:00:00,A029-HYD,Hydraulic System,78.743,3.641,71.693,50.309,1695.37,147.619,23.349,76.077,691,82.87,29.963,Warning,1,0
A029,2025-01-09 17:00:00,A029-HYD,Hydraulic System,85.512,3.526,70.895,54.522,1829.781,144.109,23.486,80.544,335,84.866,27.92,Warning,1,0
A029,2025-01-09 18:00:00,A029-HYD,Hydraulic System,79.833,3.967,70.835,53.17,1870.505,151.507,23.212,80.845,402,68.154,24.439,Warning,1,1
A029,2025-01-09 23:00:00,A029-HYD,Hydraulic System,81.631,4.046,72.834,54.253,1782.074,150.448,23.225,81.327,418,71.584,24.367,Warning,1,1
A029,2025-01-10 04:00:00,A029-HYD,Hydraulic System,79.238,3.606,66.644,52.219,1805.47,151.435,23.885,81.599,339,85.157,40.381,Warning,1,0
A029,2025-01-10 07:00:00,A029-HYD,Hydraulic System,76.088,3.889,77.412,53.717,1823.348,153.975,23.301,75.563,718,73.636,25.525,Normal,0,0
A029,2025-01-10 13:00:00,A029-HYD,Hydraulic System,80.386,3.16,66.328,52.652,1727.147,145.692,23.709,83.717,372,64.102,25.05,Warning,1,1
A029,2025-01-10 18:00:00,A029-HYD,Hydraulic System,84.087,3.466,66.131,52.676,1856.16,143.915,22.789,80.321,593,87.735,37.036,Warning,1,1
A029,2025-01-11 05:00:00,A029-HYD,Hydraulic System,80.811,3.871,67.808,55.905,1778.327,148.952,23.276,82.255,676,69.061,32.067,Warning,1,0
A029,2025-01-11 13:00:00,A029-HYD,Hydraulic System,87.425,3.212,68.885,52.546,1751.253,141.596,22.914,84.431,614,65.721,33.713,Warning,1,1
A029,2025-01-11 19:00:00,A029-HYD,Hydraulic System,81.322,3.898,68.137,57.139,1832.45,141.226,23.213,80.285,414,77.712,21.562,Warning,1,1
A029,2025-01-11 20:00:00,A029-HYD,Hydraulic System,86.554,3.752,65.985,53.403,1779.524,149.907,23.374,82.271,581,69.936,20.602,Warning,1,1
A029,2025-01-12 04:00:00,A029-HYD,Hydraulic System,84.334,3.811,69.8,57.595,1876.75,144.341,22.913,82.193,495,77.222,28.903,Warning,1,0
A029,2025-01-12 07:00:00,A029-HYD,Hydraulic System,82.005,3.749,72.283,52.531,1758.507,143.16,22.989,86.102,658,73.214,37.807,Warning,1,0
A029,2025-01-12 11:00:00,A029-HYD,Hydraulic System,82.953,3.69,68.808,51.14,1801.395,147.871,22.862,84.289,463,68.943,30.288,Warning,1,1
A029,2025-01-12 17:00:00,A029-HYD,Hydraulic System,94.344,4.906,61.539,51.594,1836.848,133.667,22.86,82.839,382,69.837,24.468,Warning,1,1
A029,2025-01-12 19:00:00,A029-HYD,Hydraulic System,82.594,3.438,73.468,53.783,1795.338,149.814,22.915,81.221,727,68.825,35.75,Warning,1,0
A029,2025-01-13 02:00:00,A029-HYD,Hydraulic System,82.555,3.514,70.248,54.641,1893.928,140.637,23.005,80.075,668,86.336,29.91,Warning,1,1
A029,2025-01-13 04:00:00,A029-HYD,Hydraulic System,82.971,3.979,73.129,49.529,1728.531,139.506,23.731,82.069,685,63.188,30.446,Warning,1,0
A029,2025-01-13 07:00:00,A029-HYD,Hydraulic System,83.886,3.584,68.811,52.168,1811.216,147.042,23.541,84.537,781,74.787,33.286,Warning,1,0
A029,2025-01-13 11:00:00,A029-HYD,Hydraulic System,81.635,4.037,72.603,51.069,1774.322,152.324,23.623,81.457,773,75.337,31.372,Warning,1,1
A029,2025-01-13 14:00:00,A029-HYD,Hydraulic System,86.045,3.693,72.194,54.727,1649.988,149.476,23.414,84.001,406,64.848,27.925,Warning,1,0
A029,2025-01-13 15:00:00,A029-HYD,Hydraulic System,81.653,3.679,65.983,52.568,1963.356,138.598,22.504,81.004,686,76.674,30.435,Warning,1,0
A029,2025-01-13 21:00:00,A029-HYD,Hydraulic System,82.491,3.633,71.221,52.623,1760.117,145.844,22.982,81.809,602,79.796,30.803,Warning,1,1
A029,2025-01-13 22:00:00,A029-HYD,Hydraulic System,79.548,3.527,69.647,52.941,1738.614,145.83,22.807,79.61,756,65.917,32.767,Warning,1,0
A029,2025-01-14 01:00:00,A029-HYD,Hydraulic System,76.84,3.152,66.565,53.236,1728.266,146.356,22.784,80.825,676,80.172,32.52,Warning,1,0
A029,2025-01-14 05:00:00,A029-HYD,Hydraulic System,80.783,3.489,76.3,54.247,1825.917,149.378,22.929,83.206,462,81.074,27.148,Warning,1,0
A029,2025-01-14 09:00:00,A029-HYD,Hydraulic System,82.991,3.464,65.483,52.286,1685.048,148.222,23.041,86.528,701,86.994,29.788,Warning,1,1
A029,2025-01-15 07:00:00,A029-HYD,Hydraulic System,84.889,4.085,70.339,54.425,1828.12,141.654,23.425,87.686,460,70.843,25.572,Warning,1,1
A029,2025-01-15 11:00:00,A029-HYD,Hydraulic System,85.931,4.29,70.054,52.849,1598.473,143.497,23.24,86.031,658,68.957,24.473,Warning,1,1
A029,2025-01-15 14:00:00,A029-HYD,Hydraulic System,96.184,7.334,58.872,52.175,1881.799,140.45,22.959,85.281,817,83.588,40.297,Warning,1,1
A029,2025-01-16 02:00:00,A029-HYD,Hydraulic System,82.746,4.126,65.322,52.147,1702.276,140.856,23.353,81.767,713,62.525,39.178,Warning,1,0
A029,2025-01-16 03:00:00,A029-HYD,Hydraulic System,83.359,3.876,68.172,53.12,1838.428,151.02,23.352,84.214,685,90.968,35.335,Warning,1,1
A029,2025-01-16 04:00:00,A029-HYD,Hydraulic System,83.87,4.054,62.407,53.045,1862.581,146.504,23.068,85.983,782,74.02,25.439,Warning,1,0
A029,2025-01-16 07:00:00,A029-HYD,Hydraulic System,85.521,3.511,67.971,53.197,1875.73,147.154,23.221,85.418,588,66.999,28.894,Warning,1,1
A029,2025-01-16 10:00:00,A029-HYD,Hydraulic System,86.061,4.903,66.794,47.521,1948.247,143.355,22.944,85.883,731,87.782,38.102,Warning,1,1
A029,2025-01-16 13:00:00,A029-HYD,Hydraulic System,86.324,4.65,65.727,54.078,1769.087,150.144,22.949,83.776,519,73.978,32.196,Warning,1,1
A029,2025-01-16 19:00:00,A029-HYD,Hydraulic System,86.721,4.854,70.803,50.123,1833.209,152.342,22.84,83.24,510,89.908,30.243,Warning,1,0
A029,2025-01-17 00:00:00,A029-HYD,Hydraulic System,83.702,3.847,69.827,56.284,1800.618,151.805,22.331,85.521,677,80.544,28.54,Warning,1,1
A029,2025-01-17 07:00:00,A029-HYD,Hydraulic System,83.223,4.255,66.791,48.465,1836.087,144.152,22.372,85.041,722,58.345,25.552,Warning,1,1
A029,2025-01-17 10:00:00,A029-HYD,Hydraulic System,88.068,4.27,67.971,56.799,1796.554,144.526,22.163,89.473,819,72.467,36.58,Warning,1,1
A029,2025-01-17 12:00:00,A029-HYD,Hydraulic System,89.806,3.735,67.633,50.896,1829.252,142.616,22.883,86.886,857,68.517,27.088,Warning,1,0
A030,2025-01-01 05:00:00,A030-HYD,Hydraulic System,73.501,2.126,74.752,57.698,1844.209,145.488,23.659,79.155,473,46.417,29.956,Normal,0,0
A030,2025-01-01 09:00:00,A030-HYD,Hydraulic System,74.6,3.275,77.39,55.293,1923.219,153.691,23.892,72.941,223,44.255,34.056,Normal,0,0
A030,2025-01-01 15:00:00,A030-HYD,Hydraulic System,71.424,2.685,80.354,54.999,1802.424,150.472,23.925,76.667,242,44.613,30.803,Normal,0,0
A030,2025-01-01 20:00:00,A030-HYD,Hydraulic System,70.163,2.33,77.022,52.071,1888.891,149.053,24.51,75.68,408,56.066,30.574,Normal,0,0
A030,2025-01-02 01:00:00,A030-HYD,Hydraulic System,72.969,2.677,77.707,54.654,1711.81,148.042,24.112,76.996,498,71.683,27.879,Normal,0,0
A030,2025-01-02 02:00:00,A030-HYD,Hydraulic System,75.955,2.193,71.791,55.564,1717.154,146.172,23.808,72.012,283,54.985,28.14,Normal,0,0
A030,2025-01-02 05:00:00,A030-HYD,Hydraulic System,71.816,2.778,72.852,55.872,1777.727,148.287,23.724,76.057,383,55.869,28.26,Normal,0,1
A030,2025-01-02 06:00:00,A030-HYD,Hydraulic System,77.109,2.684,75.931,50.701,1851.256,142.564,24.034,74.956,343,55.533,24.6,Normal,0,0
A030,2025-01-02 09:00:00,A030-HYD,Hydraulic System,77.68,3.064,74.002,53.501,1887.276,146.753,23.622,74.21,318,56.104,36.142,Normal,0,0
A030,2025-01-02 15:00:00,A030-HYD,Hydraulic System,81.717,2.416,75.449,56.295,1917.038,151.787,23.367,74.14,475,59.184,27.382,Normal,0,0
A030,2025-01-03 02:00:00,A030-HYD,Hydraulic System,75.611,2.503,74.311,53.677,1846.149,146.392,23.696,74.949,272,52.741,28.08,Normal,0,0
A030,2025-01-03 03:00:00,A030-HYD,Hydraulic System,81.967,3.102,77.307,54.213,1888.882,155.903,23.968,76.36,268,63.306,38.372,Normal,0,1
A030,2025-01-03 04:00:00,A030-HYD,Hydraulic System,73.657,2.676,76.301,53.276,1921.489,152.448,23.369,77.726,191,60.238,32.001,Normal,0,0
A030,2025-01-03 06:00:00,A030-HYD,Hydraulic System,73.072,2.309,77.728,53.997,1646.468,148.295,23.747,81.463,296,55.085,31.266,Normal,0,0
A030,2025-01-03 09:00:00,A030-HYD,Hydraulic System,72.001,2.652,77.711,54.613,1578.477,147.656,23.237,76.054,438,53.882,17.251,Normal,0,0
A030,2025-01-03 11:00:00,A030-HYD,Hydraulic System,74.611,2.575,75.191,52.839,1913.491,150.223,22.844,78.967,222,70.204,29.075,Normal,0,0
A030,2025-01-03 12:00:00,A030-HYD,Hydraulic System,71.197,3.07,78.213,53.318,1720.37,151.859,24.531,79.323,438,65.399,29.47,Normal,0,0
A030,2025-01-03 13:00:00,A030-HYD,Hydraulic System,84.387,5.332,65.878,55.957,1678.12,145.848,23.644,77.518,548,53.467,21.893,Warning,1,0
A030,2025-01-03 15:00:00,A030-HYD,Hydraulic System,77.447,2.883,76.876,55.231,1844.554,148.334,23.549,76.164,402,62.21,19.448,Normal,0,0
A030,2025-01-03 16:00:00,A030-HYD,Hydraulic System,75.354,1.979,76.185,53.834,1817.304,153.745,24.082,74.168,184,52.162,25.843,Normal,0,0
A030,2025-01-03 17:00:00,A030-HYD,Hydraulic System,78.239,2.779,74.471,57.317,1641.213,151.224,23.541,77.066,309,68.53,27.039,Normal,0,0
A030,2025-01-03 18:00:00,A030-HYD,Hydraulic System,77.37,2.611,77.495,54.132,1752.115,149.827,24.221,75.777,411,55.715,35.901,Normal,0,0
A030,2025-01-04 09:00:00,A030-HYD,Hydraulic System,76.903,3.219,74.562,52.828,1805.328,151.795,23.904,79.856,493,67.752,34.833,Normal,0,0
A030,2025-01-04 16:00:00,A030-HYD,Hydraulic System,74.648,2.944,72.673,55.589,1794.897,146.082,24.051,76.779,363,70.252,25.413,Normal,0,0
A030,2025-01-04 18:00:00,A030-HYD,Hydraulic System,80.61,2.402,74.095,53.473,1797.295,151.406,24.725,78.909,406,70.925,34.958,Normal,0,0
A030,2025-01-04 21:00:00,A030-HYD,Hydraulic System,74.118,3.157,72.582,55.989,1865.758,140.115,24.014,78.185,274,64.494,29.93,Normal,0,0
A030,2025-01-04 23:00:00,A030-HYD,Hydraulic System,78.077,2.938,76.499,55.583,1872.984,148.719,23.423,76.733,462,67.457,37.047,Normal,0,0
A030,2025-01-05 03:00:00,A030-HYD,Hydraulic System,75.199,3.208,74.884,55.589,1844.678,152.683,23.158,77.389,454,49.497,39.183,Normal,0,0
A030,2025-01-05 04:00:00,A030-HYD,Hydraulic System,74.923,3.417,73.992,56.536,1736.831,150.621,23.659,77.943,280,55.642,22.305,Normal,0,0
A030,2025-01-05 07:00:00,A030-HYD,Hydraulic System,79.529,3.111,70.645,55.311,1770.139,152.456,23.085,73.583,538,48.801,35.202,Normal,0,0
A030,2025-01-05 13:00:00,A030-HYD,Hydraulic System,83.353,5.055,69.247,57.26,1791.031,140.949,23.662,74.921,348,66.452,28.507,Warning,1,0
A030,2025-01-05 14:00:00,A030-HYD,Hydraulic System,76.851,2.929,72.913,52.146,1728.478,146.413,23.895,76.102,329,77.196,20.145,Normal,0,0
A030,2025-01-05 20:00:00,A030-HYD,Hydraulic System,74.789,3.164,72.223,54.621,1708.793,151.386,24.152,78.85,299,67.004,23.331,Normal,0,0
A030,2025-01-06 00:00:00,A030-HYD,Hydraulic System,78.159,3.01,78.611,54.434,1756.576,150.048,23.102,77.156,362,56.56,19.665,Normal,0,0
A030,2025-01-06 03:00:00,A030-HYD,Hydraulic System,77.535,2.766,78.662,55.733,1522.39,151.336,23.512,77.751,409,70.979,30.043,Normal,0,0
A030,2025-01-06 11:00:00,A030-HYD,Hydraulic System,80.262,2.371,77.008,55.632,1763.301,149.253,23.948,80.793,237,69.321,31.793,Normal,0,0
A030,2025-01-06 16:00:00,A030-HYD,Hydraulic System,79.781,3.046,71.433,56.113,1687.643,150.765,23.317,73.298,446,63.748,29.493,Normal,0,1
A030,2025-01-07 14:00:00,A030-HYD,Hydraulic System,79.614,3.956,76.575,53.114,1798.989,142.77,23.453,79.916,289,65.189,24.15,Normal,0,0
A030,2025-01-07 19:00:00,A030-HYD,Hydraulic System,89.473,4.933,62.02,54.108,1908.594,135.913,23.821,81.549,460,81.431,30.847,Warning,1,1
A030,2025-01-07 21:00:00,A030-HYD,Hydraulic System,73.906,2.971,74.003,52.63,1874.257,148.735,23.327,79.233,549,40.821,33.082,Normal,0,0
A030,2025-01-08 10:00:00,A030-HYD,Hydraulic System,77.43,2.914,70.217,51.192,1918.551,147.269,23.019,80.819,666,60.717,36.965,Normal,0,0
A030,2025-01-08 14:00:00,A030-HYD,Hydraulic System,82.634,3.024,72.269,52.508,1828.751,146.295,23.265,79.059,451,68.686,36.759,Normal,0,0
A030,2025-01-08 17:00:00,A030-HYD,Hydraulic System,75.762,3.074,70.052,56.22,1879.034,143.398,22.975,80.822,588,60.247,33.323,Normal,0,0
A030,2025-01-08 22:00:00,A030-HYD,Hydraulic System,78.245,2.917,76.615,55.12,1792.541,144.962,23.402,79.207,299,64.569,26.211,Normal,0,1
A030,2025-01-09 04:00:00,A030-HYD,Hydraulic System,79.507,3.544,72.2,52.09,1860.218,146.138,23.785,77.457,560,78.934,34.14,Warning,1,0
A030,2025-01-09 07:00:00,A030-HYD,Hydraulic System,79.562,3.382,73.538,57.233,1746.486,147.506,23.476,76.973,359,72.201,27.772,Normal,0,0
A030,2025-01-09 11:00:00,A030-HYD,Hydraulic System,91.482,6.747,57.475,52.671,1854.292,138.198,23.356,81.244,687,54.23,27.414,Warning,1,0
A030,2025-01-09 12:00:00,A030-HYD,Hydraulic System,83.448,3.597,75.667,53.17,1652.568,145.66,23.559,81.628,304,67.83,23.937,Normal,0,0
A030,2025-01-09 14:00:00,A030-HYD,Hydraulic System,89.131,5.711,63.084,52.558,1651.316,128.923,23.6,82.796,375,68.59,38.38,Warning,1,1
A030,2025-01-09 18:00:00,A030-HYD,Hydraulic System,76.429,3.173,72.555,52.308,1809.303,152.89,23.485,80.109,686,73.777,27.396,Normal,0,1
A030,2025-01-09 19:00:00,A030-HYD,Hydraulic System,83.356,3.685,74.828,50.868,1744.966,152.219,23.391,78.423,674,77.154,21.941,Warning,1,0
A030,2025-01-09 23:00:00,A030-HYD,Hydraulic System,81.619,3.604,69.401,54.726,1777.2,140.537,23.776,80.542,626,81.282,25.767,Warning,1,1
A030,2025-01-10 04:00:00,A030-HYD,Hydraulic System,81.708,3.222,70.547,55.906,1742.736,140.58,23.043,80.29,457,75.395,20.179,Warning,1,1
A030,2025-01-10 15:00:00,A030-HYD,Hydraulic System,80.699,3.565,75.091,53.566,1770.561,153.776,23.238,79.737,559,70.136,29.609,Normal,0,0
A030,2025-01-10 16:00:00,A030-HYD,Hydraulic System,76.526,3.294,70.869,53.198,1813.469,145.343,23.234,81.176,662,69.148,26.532,Normal,0,0
A030,2025-01-11 05:00:00,A030-HYD,Hydraulic System,75.788,3.927,70.733,51.683,1837.091,152.585,23.533,80.692,656,73.06,29.443,Warning,1,0
A030,2025-01-11 06:00:00,A030-HYD,Hydraulic System,86.557,3.209,72.043,54.543,1796.818,148.424,23.067,82.077,469,63.386,27.752,Warning,1,0
A030,2025-01-11 08:00:00,A030-HYD,Hydraulic System,80.421,3.542,75.329,55.12,1945.655,144.411,23.613,80.141,533,56.907,26.757,Normal,0,1
A030,2025-01-11 09:00:00,A030-HYD,Hydraulic System,78.067,3.47,68.688,54.653,1788.381,147.232,23.454,79.557,692,78.955,29.271,Warning,1,0
A030,2025-01-11 11:00:00,A030-HYD,Hydraulic System,82.447,3.899,72.611,56.786,1867.204,153.01,23.157,77.571,404,62.774,31.328,Warning,1,0
A030,2025-01-11 12:00:00,A030-HYD,Hydraulic System,78.892,3.701,72.433,50.708,1806.404,154.503,23.234,78.567,657,60.119,34.758,Normal,0,0
A030,2025-01-11 17:00:00,A030-HYD,Hydraulic System,85.239,3.344,69.232,55.684,1724.116,154.969,23.273,85.198,455,56.761,27.869,Warning,1,0
A030,2025-01-11 18:00:00,A030-HYD,Hydraulic System,81.175,3.101,69.916,55.789,1653.721,145.414,23.3,79.912,569,75.477,36.047,Warning,1,0
A030,2025-01-12 05:00:00,A030-HYD,Hydraulic System,78.766,3.892,75.63,55.151,1773.667,151.878,23.338,81.515,673,77.26,36.776,Warning,1,0
A030,2025-01-12 07:00:00,A030-HYD,Hydraulic System,83.126,4.05,74.907,54.098,1691.305,140.814,22.864,85.119,612,75.583,28.379,Warning,1,0
A030,2025-01-12 14:00:00,A030-HYD,Hydraulic System,95.783,7.606,68.675,52.897,1866.802,136.706,23.404,81.865,431,71.991,28.227,Warning,1,1
A030,2025-01-12 16:00:00,A030-HYD,Hydraulic System,82.563,3.206,70.015,52.779,1865.534,148.408,23.047,83.471,562,68.557,28.074,Warning,1,1
A030,2025-01-13 02:00:00,A030-HYD,Hydraulic System,81.22,3.058,68.603,51.186,1865.91,145.426,23.405,85.435,451,57.352,31.016,Warning,1,1
A030,2025-01-13 05:00:00,A030-HYD,Hydraulic System,79.486,3.518,69.236,48.129,1638.018,146.974,22.884,83.816,618,75.164,29.243,Warning,1,0
A030,2025-01-13 11:00:00,A030-HYD,Hydraulic System,80.606,3.941,72.392,53.029,1617.593,142.228,22.973,81.824,632,64.921,29.026,Warning,1,0
A030,2025-01-13 13:00:00,A030-HYD,Hydraulic System,79.875,3.557,71.705,52.348,1826.944,149.089,23.639,81.805,459,73.452,30.848,Warning,1,0
A030,2025-01-13 14:00:00,A030-HYD,Hydraulic System,78.963,4.148,70.939,55.624,1937.423,144.458,23.076,84.083,628,68.154,30.641,Warning,1,1
A030,2025-01-13 15:00:00,A030-HYD,Hydraulic System,82.471,3.427,72.785,55.071,1888.688,144.04,23.243,82.899,696,75.478,32.758,Warning,1,0
A030,2025-01-13 18:00:00,A030-HYD,Hydraulic System,88.618,3.506,72.723,50.036,1824.818,139.944,22.628,84.102,454,73.648,29.648,Warning,1,0
A030,2025-01-13 23:00:00,A030-HYD,Hydraulic System,82.382,4.136,70.876,50.185,1800.996,144.217,22.919,85.865,803,79.375,33.948,Warning,1,0
A030,2025-01-14 08:00:00,A030-HYD,Hydraulic System,81.382,3.858,68.06,51.599,1617.778,152.503,23.277,83.695,786,70.576,20.537,Warning,1,0
A030,2025-01-14 11:00:00,A030-HYD,Hydraulic System,102.82,6.357,59.839,53.031,1850.423,133.293,23.295,85.409,601,69.837,28.339,Warning,1,1
A030,2025-01-14 13:00:00,A030-HYD,Hydraulic System,77.802,3.61,70.513,48.075,1831.072,139.111,22.877,81.823,473,71.062,28.329,Warning,1,0
A030,2025-01-14 19:00:00,A030-HYD,Hydraulic System,85.867,3.625,67.416,50.457,1933.15,147.061,22.909,85.844,453,92.512,26.819,Warning,1,0
A030,2025-01-15 09:00:00,A030-HYD,Hydraulic System,84.382,3.971,70.791,50.827,1777.844,144.571,23.164,82.364,609,67.976,30.026,Warning,1,0
A030,2025-01-15 11:00:00,A030-HYD,Hydraulic System,81.889,4.102,71.327,50.698,1853.688,139.96,23.267,85.087,706,74.289,28.745,Warning,1,1
A030,2025-01-15 15:00:00,A030-HYD,Hydraulic System,87.18,3.924,69.648,49.955,1701.718,140.531,22.965,84.085,751,72.697,25.24,Warning,1,0
A030,2025-01-15 16:00:00,A030-HYD,Hydraulic System,84.434,3.83,67.822,51.804,1923.824,144.134,23.114,83.647,590,81.766,24.023,Warning,1,1
A030,2025-01-15 20:00:00,A030-HYD,Hydraulic System,83.933,4.283,64.205,54.409,1824.645,146.117,22.326,82.391,746,84.342,31.663,Warning,1,1
A030,2025-01-15 23:00:00,A030-HYD,Hydraulic System,85.164,3.759,71.02,55.847,1863.528,151.527,22.633,83.248,858,85.227,32.021,Warning,1,1
A030,2025-01-16 04:00:00,A030-HYD,Hydraulic System,83.906,3.819,70.602,49.589,1784.156,150.519,22.964,83.895,831,90.623,28.348,Warning,1,1
A030,2025-01-16 13:00:00,A030-HYD,Hydraulic System,82.718,4.1,65.583,54.225,1805.619,148.039,22.55,84.158,633,83.336,32.427,Warning,1,1
A030,2025-01-16 15:00:00,A030-HYD,Hydraulic System,82.979,3.985,70.269,51.552,1852.452,148.76,23.131,87.556,706,92.215,32.592,Warning,1,1
A030,2025-01-17 08:00:00,A030-HYD,Hydraulic System,87.918,3.872,69.33,51.889,1937.009,140.604,23.183,82.557,667,77.176,35.177,Warning,1,1
A031,2025-01-01 00:00:00,A031-HYD,Hydraulic System,73.847,2.448,77.922,55.696,1612.756,149.32,23.846,77.537,405,51.633,38.445,Normal,0,0
A031,2025-01-01 05:00:00,A031-HYD,Hydraulic System,72.085,2.716,77.278,56.109,1674.182,151.675,23.487,73.064,322,55.166,27.097,Normal,0,0
A031,2025-01-01 23:00:00,A031-HYD,Hydraulic System,73.424,2.715,78.907,54.559,1862.121,146.148,24.074,71.941,290,57.16,22.804,Normal,0,0
A031,2025-01-02 03:00:00,A031-HYD,Hydraulic System,73.285,2.386,77.143,55.444,1744.823,154.616,23.678,79.245,224,61.555,30.138,Normal,0,0
A031,2025-01-02 05:00:00,A031-HYD,Hydraulic System,69.737,3.205,72.665,51.992,1774.098,146.792,24.563,73.811,376,49.901,29.494,Normal,0,1
A031,2025-01-02 15:00:00,A031-HYD,Hydraulic System,73.659,2.778,76.468,52.526,1686.57,148.793,23.643,76.334,536,64.988,35.371,Normal,0,0
A031,2025-01-02 19:00:00,A031-HYD,Hydraulic System,70.58,3.119,72.196,58.742,1786.903,155.778,23.683,77.462,273,46.268,30.98,Normal,0,0
A031,2025-01-02 20:00:00,A031-HYD,Hydraulic System,76.436,2.868,76.05,52.836,1997.852,142.683,24.355,77.168,303,53.838,33.646,Normal,0,0
A031,2025-01-02 23:00:00,A031-HYD,Hydraulic System,74.433,2.963,75.513,52.888,1722.521,148.37,23.303,77.582,213,61.282,39.851,Normal,0,0
A031,2025-01-03 05:00:00,A031-HYD,Hydraulic System,72.618,3.09,77.168,53.886,1871.863,155.784,23.34,80.965,307,72.986,35.481,Normal,0,0
A031,2025-01-03 08:00:00,A031-HYD,Hydraulic System,72.765,2.696,75.524,54.995,1769.947,147.163,23.798,77.175,523,69.22,34.143,Normal,0,1
A031,2025-01-03 09:00:00,A031-HYD,Hydraulic System,77.945,2.671,83.08,55.513,1769.346,143.673,24.16,75.603,476,46.941,29.452,Normal,0,0
A031,2025-01-03 12:00:00,A031-HYD,Hydraulic System,70.494,3.017,76.23,53.462,1876.215,149.441,23.937,76.522,298,59.559,30.79,Normal,0,0
A031,2025-01-03 13:00:00,A031-HYD,Hydraulic System,76.086,2.261,76.453,54.168,1864.706,149.741,24.08,78.731,285,47.154,32.825,Normal,0,0
A031,2025-01-03 14:00:00,A031-HYD,Hydraulic System,74.599,2.986,76.353,57.67,1843.528,142.912,23.981,75.834,219,57.878,23.18,Normal,0,0
A031,2025-01-03 18:00:00,A031-HYD,Hydraulic System,77.085,3.193,72.903,56.714,1815.277,146.51,23.747,77.208,424,59.986,31.697,Normal,0,1
A031,2025-01-04 00:00:00,A031-HYD,Hydraulic System,72.637,3.032,78.404,54.143,1903.763,157.29,24.304,77.6,532,54.297,24.405,Normal,0,0
A031,2025-01-04 07:00:00,A031-HYD,Hydraulic System,74.312,2.57,77.241,49.415,1819.351,145.326,24.323,75.222,244,58.572,29.309,Normal,0,0
A031,2025-01-04 10:00:00,A031-HYD,Hydraulic System,73.329,2.945,75.251,55.371,1777.222,149.981,23.878,78.235,360,59.879,24.628,Normal,0,0
A031,2025-01-04 15:00:00,A031-HYD,Hydraulic System,76.936,2.755,74.214,55.242,1666.88,154.198,24.517,77.389,360,70.325,34.49,Normal,0,0
A031,2025-01-04 17:00:00,A031-HYD,Hydraulic System,71.881,2.523,74.622,53.154,1743.652,147.744,23.398,79.285,525,72.827,22.856,Normal,0,0
A031,2025-01-04 18:00:00,A031-HYD,Hydraulic System,71.55,2.759,73.712,53.504,1853.569,153.613,24.666,78.054,354,59.12,23.363,Normal,0,0
A031,2025-01-04 23:00:00,A031-HYD,Hydraulic System,73.987,2.718,77.216,53.95,1877.831,147.485,23.637,77.468,249,60.697,22.684,Normal,0,1
A031,2025-01-05 00:00:00,A031-HYD,Hydraulic System,77.207,3.124,75.808,53.461,1690.904,151.437,23.998,81.339,208,47.928,37.309,Normal,0,0
A031,2025-01-05 02:00:00,A031-HYD,Hydraulic System,74.964,3.132,73.273,55.65,1919.636,155.171,23.42,77.902,292,60.739,22.265,Normal,0,0
A031,2025-01-05 07:00:00,A031-HYD,Hydraulic System,77.721,3.066,75.362,51.688,2044.651,144.211,23.276,78.347,256,68.418,24.573,Normal,0,0
A031,2025-01-05 08:00:00,A031-HYD,Hydraulic System,77.028,3.679,76.276,55.202,1831.003,153.45,23.445,77.244,227,64.186,37.595,Normal,0,1
A031,2025-01-05 14:00:00,A031-HYD,Hydraulic System,74.623,3.318,77.574,52.788,1713.977,152.828,23.609,78.447,499,69.097,22.419,Normal,0,0
A031,2025-01-05 16:00:00,A031-HYD,Hydraulic System,72.842,2.795,76.871,53.657,1769.049,148.934,24.186,74.801,248,62.076,20.208,Normal,0,0
A031,2025-01-05 23:00:00,A031-HYD,Hydraulic System,76.11,3.074,76.295,52.921,1655.133,145.149,24.067,79.248,450,69.251,30.342,Normal,0,0
A031,2025-01-06 02:00:00,A031-HYD,Hydraulic System,79.126,2.288,72.843,53.67,1575.508,149.947,23.791,75.496,222,60.334,43.092,Normal,0,0
A031,2025-01-06 04:00:00,A031-HYD,Hydraulic System,77.898,2.731,71.003,55.461,1700.242,146.298,23.94,78.466,595,60.093,21.134,Normal,0,0
A031,2025-01-06 06:00:00,A031-HYD,Hydraulic System,77.221,3.121,73.31,55.953,1702.42,146.921,23.623,80.015,320,59.478,29.231,Normal,0,0
A031,2025-01-06 12:00:00,A031-HYD,Hydraulic System,75.365,2.926,71.791,54.485,1965.776,152.202,23.928,74.921,510,59.874,37.148,Normal,0,0
A031,2025-01-06 15:00:00,A031-HYD,Hydraulic System,75.489,3.025,73.469,54.913,1775.763,141.835,23.046,79.579,504,53.97,30.943,Normal,0,0
A031,2025-01-06 17:00:00,A031-HYD,Hydraulic System,71.267,2.257,75.271,56.783,1762.322,152.309,24.074,80.884,575,44.943,32.304,Normal,0,0
A031,2025-01-06 22:00:00,A031-HYD,Hydraulic System,78.992,3.378,72.829,53.543,1731.472,146.669,23.937,79.186,249,73.088,19.908,Normal,0,1
A031,2025-01-07 02:00:00,A031-HYD,Hydraulic System,75.378,3.495,75.321,49.75,1820.176,148.913,23.704,82.237,566,57.487,31.95,Normal,0,0
A031,2025-01-07 07:00:00,A031-HYD,Hydraulic System,79.026,2.766,77.17,57.479,1839.261,150.706,23.874,73.041,478,65.193,28.903,Normal,0,0
A031,2025-01-07 09:00:00,A031-HYD,Hydraulic System,72.464,3.499,74.114,52.936,1831.237,149.988,23.862,80.475,357,76.644,27.036,Normal,0,1
A031,2025-01-07 10:00:00,A031-HYD,Hydraulic System,79.322,3.064,76.031,55.75,1763.768,156.087,23.145,75.858,504,57.653,27.707,Normal,0,0
A031,2025-01-07 13:00:00,A031-HYD,Hydraulic System,80.234,3.269,71.65,53.994,1675.165,150.063,23.489,77.765,468,51.341,29.002,Normal,0,0
A031,2025-01-07 15:00:00,A031-HYD,Hydraulic System,78.712,3.038,74.776,52.996,1910.845,151.158,24.092,82.468,433,66.66,36.257,Normal,0,0
A031,2025-01-08 03:00:00,A031-HYD,Hydraulic System,73.759,3.085,73.312,51.86,1609.113,153.882,23.583,80.572,272,64.037,20.291,Normal,0,0
A031,2025-01-08 05:00:00,A031-HYD,Hydraulic System,78.682,3.33,72.847,48.32,1795.536,150.2,22.957,80.802,342,63.79,22.669,Normal,0,0
A031,2025-01-08 08:00:00,A031-HYD,Hydraulic System,75.58,3.089,74.038,50.912,1769.858,148.83,24.15,76.419,411,71.136,35.51,Normal,0,1
A031,2025-01-08 11:00:00,A031-HYD,Hydraulic System,79.964,3.59,72.2,55.956,1867.502,147.323,23.262,78.913,551,55.326,33.585,Normal,0,0
A031,2025-01-08 21:00:00,A031-HYD,Hydraulic System,75.435,3.939,73.483,53.961,1603.406,144.666,23.103,78.779,338,72.66,20.797,Normal,0,0
A031,2025-01-09 03:00:00,A031-HYD,Hydraulic System,77.274,3.696,74.679,53.495,1834.088,151.181,23.84,79.385,682,63.325,30.804,Normal,0,0
A031,2025-01-09 04:00:00,A031-HYD,Hydraulic System,79.978,3.69,71.958,56.771,1751.308,144.969,22.899,75.014,559,71.26,30.274,Normal,0,1
A031,2025-01-09 07:00:00,A031-HYD,Hydraulic System,76.796,3.333,75.943,57.499,1760.494,148.382,23.226,77.737,443,67.404,19.596,Normal,0,0
A031,2025-01-09 11:00:00,A031-HYD,Hydraulic System,76.723,3.484,78.593,52.757,1858.102,145.815,23.354,78.742,614,71.024,20.216,Normal,0,0
A031,2025-01-09 12:00:00,A031-HYD,Hydraulic System,80.912,3.468,77.67,56.389,1777.761,145.6,22.771,80.146,472,80.374,35.71,Normal,0,1
A031,2025-01-09 15:00:00,A031-HYD,Hydraulic System,80.558,3.454,68.671,55.44,1735.356,138.833,22.61,82.18,532,69.94,35.22,Normal,0,1
A031,2025-01-09 16:00:00,A031-HYD,Hydraulic System,77.436,3.06,74.977,50.728,1642.958,142.13,23.044,77.957,681,61.294,34.713,Normal,0,0
A031,2025-01-10 00:00:00,A031-HYD,Hydraulic System,78.752,3.255,72.842,53.059,1742.565,150.68,23.539,83.065,610,62.949,23.314,Normal,0,0
A031,2025-01-10 06:00:00,A031-HYD,Hydraulic System,90.252,4.897,63.995,56.661,1830.666,139.76,23.222,83.26,648,57.792,24.122,Warning,1,0
A031,2025-01-10 07:00:00,A031-HYD,Hydraulic System,75.543,3.524,74.77,57.155,1680.554,142.734,23.067,77.804,387,77.21,32.058,Normal,0,0
A031,2025-01-10 11:00:00,A031-HYD,Hydraulic System,80.652,2.921,73.014,55.863,1848.345,149.957,23.222,80.57,678,62.048,26.08,Normal,0,0
A031,2025-01-10 15:00:00,A031-HYD,Hydraulic System,83.973,3.829,68.224,53.865,1801.896,143.891,23.269,81.931,724,66.211,35.889,Warning,1,0
A031,2025-01-10 18:00:00,A031-HYD,Hydraulic System,81.633,2.956,71.607,53.262,1875.468,139.911,23.349,81.143,571,61.625,33.544,Normal,0,0
A031,2025-01-10 21:00:00,A031-HYD,Hydraulic System,79.839,4.335,69.459,54.04,1769.88,146.309,22.854,82.673,670,79.264,31.826,Warning,1,0
A031,2025-01-10 23:00:00,A031-HYD,Hydraulic System,80.714,3.512,69.986,55.373,1846.139,148.674,23.504,81.195,547,73.459,27.806,Warning,1,1
A031,2025-01-11 03:00:00,A031-HYD,Hydraulic System,80.791,3.697,73.968,54.007,1896.642,149.857,23.362,80.545,400,71.062,33.025,Warning,1,0
A031,2025-01-11 07:00:00,A031-HYD,Hydraulic System,78.614,3.152,74.012,50.453,1717.838,143.677,23.633,84.443,698,77.306,27.907,Normal,0,1
A031,2025-01-11 11:00:00,A031-HYD,Hydraulic System,82.029,3.72,71.662,57.426,1848.816,145.919,23.642,79.228,729,61.035,31.063,Normal,0,0
A031,2025-01-11 13:00:00,A031-HYD,Hydraulic System,80.349,3.943,69.264,53.747,1722.823,156.556,23.135,81.586,697,76.988,27.838,Warning,1,1
A031,2025-01-11 19:00:00,A031-HYD,Hydraulic System,87.008,3.296,75.471,50.742,1895.968,148.343,22.667,79.98,424,66.74,31.487,Warning,1,1
A031,2025-01-11 21:00:00,A031-HYD,Hydraulic System,82.193,3.56,65.905,52.592,1830.648,152.519,22.67,79.787,562,72.988,24.853,Warning,1,0
A031,2025-01-12 05:00:00,A031-HYD,Hydraulic System,87.771,4.112,67.279,52.591,1624.154,143.482,22.669,81.665,480,57.648,35.555,Warning,1,1
A031,2025-01-12 14:00:00,A031-HYD,Hydraulic System,78.106,4.037,68.489,53.502,1867.876,145.07,23.432,77.924,425,74.576,39.103,Warning,1,0
A031,2025-01-12 17:00:00,A031-HYD,Hydraulic System,85.006,4.367,73.008,55.691,1808.993,147.321,22.799,81.823,392,76.772,29.957,Warning,1,0
A031,2025-01-12 19:00:00,A031-HYD,Hydraulic System,84.838,4.275,68.81,55.904,1778.381,145.494,23.108,83.684,450,70.51,34.563,Warning,1,1
A031,2025-01-12 21:00:00,A031-HYD,Hydraulic System,80.142,3.643,72.327,51.857,1837.049,142.128,22.659,81.633,647,84.992,25.535,Warning,1,1
A031,2025-01-13 03:00:00,A031-HYD,Hydraulic System,85.549,3.505,69.376,53.153,1821.128,144.409,23.612,80.201,597,70.977,29.069,Warning,1,0
A031,2025-01-13 10:00:00,A031-HYD,Hydraulic System,82.5,4.017,70.193,52.767,1833.507,143.393,23.317,81.261,653,81.523,35.386,Warning,1,0
A031,2025-01-13 11:00:00,A031-HYD,Hydraulic System,80.678,3.998,72.112,53.011,1905.2,142.813,23.138,84.098,605,59.941,27.088,Warning,1,0
A031,2025-01-13 15:00:00,A031-HYD,Hydraulic System,95.796,6.687,64.083,53.253,1662.924,121.942,23.932,83.977,582,73.333,34.279,Warning,1,1
A031,2025-01-13 18:00:00,A031-HYD,Hydraulic System,79.744,3.695,71.6,55.877,1900.274,150.558,23.449,83.48,580,80.735,34.503,Warning,1,1
A031,2025-01-14 00:00:00,A031-HYD,Hydraulic System,88.031,3.174,67.638,52.433,1978.078,139.584,23.03,81.419,571,72.892,23.68,Warning,1,1
A031,2025-01-14 03:00:00,A031-HYD,Hydraulic System,81.862,3.668,71.873,53.586,1810.606,143.445,22.798,82.647,509,70.12,24.627,Warning,1,1
A031,2025-01-14 18:00:00,A031-HYD,Hydraulic System,85.341,3.935,73.674,54.08,1880.939,142.859,22.803,83.817,775,71.504,30.877,Warning,1,0
A031,2025-01-14 22:00:00,A031-HYD,Hydraulic System,81.808,4.421,69.738,55.596,1896.48,142.844,23.177,83.171,830,61.879,27.811,Warning,1,0
A031,2025-01-15 08:00:00,A031-HYD,Hydraulic System,81.899,4.52,68.98,51.364,1816.871,147.153,23.33,86.05,679,77.265,31.887,Warning,1,0
A031,2025-01-15 11:00:00,A031-HYD,Hydraulic System,85.13,3.85,68.342,52.216,1807.638,144.305,22.956,83.325,537,73.8,23.379,Warning,1,1
A031,2025-01-15 13:00:00,A031-HYD,Hydraulic System,81.672,3.648,70.926,56.455,1773.983,141.683,22.834,84.202,595,79.904,28.382,Warning,1,1
A031,2025-01-15 21:00:00,A031-HYD,Hydraulic System,83.225,3.972,73.435,54.197,1837.118,150.581,22.486,86.631,669,77.235,27.093,Warning,1,1
A031,2025-01-15 22:00:00,A031-HYD,Hydraulic System,83.995,3.98,72.002,49.578,1771.082,148.722,23.394,82.681,836,90.131,30.777,Warning,1,0
A031,2025-01-15 23:00:00,A031-HYD,Hydraulic System,91.759,6.544,62.18,53.162,1824.339,130.363,22.463,86.285,768,79.231,12.535,Warning,1,1
A031,2025-01-16 00:00:00,A031-HYD,Hydraulic System,85.953,3.811,70.444,52.676,1750.315,144.631,23.156,83.974,575,77.28,25.722,Warning,1,0
A031,2025-01-16 03:00:00,A031-HYD,Hydraulic System,84.628,3.645,69.564,52.353,1690.405,152.626,22.664,79.762,650,87.719,32.753,Warning,1,1
A031,2025-01-16 05:00:00,A031-HYD,Hydraulic System,82.018,3.844,63.935,50.459,1991.806,147.217,23.275,82.259,555,67.942,25.14,Warning,1,1
A031,2025-01-16 06:00:00,A031-HYD,Hydraulic System,83.702,4.01,73.944,50.285,1961.641,147.466,23.458,84.866,509,90.024,31.62,Warning,1,0
A031,2025-01-16 08:00:00,A031-HYD,Hydraulic System,82.51,3.641,68.77,55.473,1760.635,145.56,22.253,82.506,777,74.039,30.2,Warning,1,1
A031,2025-01-16 10:00:00,A031-HYD,Hydraulic System,82.432,3.427,71.658,51.043,1768.556,149.861,22.638,84.854,532,88.463,22.427,Warning,1,1
A031,2025-01-16 15:00:00,A031-HYD,Hydraulic System,83.283,3.888,69.785,50.986,1810.633,146.38,23.01,88.298,661,84.955,29.73,Warning,1,1
A031,2025-01-16 16:00:00,A031-HYD,Hydraulic System,94.685,7.546,56.361,50.819,1791.781,138.491,22.864,81.072,719,77.279,29.032,Warning,1,1
A031,2025-01-16 20:00:00,A031-HYD,Hydraulic System,81.124,4.088,70.964,53.446,1828.329,149.003,22.879,82.725,771,91.409,33.309,Warning,1,1
A031,2025-01-17 02:00:00,A031-HYD,Hydraulic System,83.006,3.885,68.132,50.918,1813.226,142.571,22.715,84.393,827,75.068,27.687,Warning,1,0
A031,2025-01-17 04:00:00,A031-HYD,Hydraulic System,87.484,3.712,71.114,52.767,1828.219,138.291,22.973,86.783,877,73.182,36.478,Warning,1,1
A031,2025-01-17 05:00:00,A031-HYD,Hydraulic System,86.891,4.256,67.667,48.285,1742.559,149.283,23.112,85.777,787,83.35,33.045,Warning,1,0
A031,2025-01-17 06:00:00,A031-HYD,Hydraulic System,84.215,3.822,72.515,51.102,1766.992,145.742,22.781,82.476,686,86.032,19.608,Warning,1,0
A031,2025-01-17 14:00:00,A031-HYD,Hydraulic System,86.67,3.9,68.984,55.665,1689.844,141.852,22.993,83.424,883,91.202,14.256,Warning,1,0
A031,2025-01-17 15:00:00,A031-HYD,Hydraulic System,84.037,4.037,72.585,54.056,1782.218,145.936,22.66,90.077,850,69.348,27.372,Warning,1,1
A032,2025-01-01 00:00:00,A032-HYD,Hydraulic System,71.028,1.898,76.324,52.397,1580.528,149.93,24.559,73.037,385,50.812,32.988,Normal,0,0
A032,2025-01-01 01:00:00,A032-HYD,Hydraulic System,92.49,4.446,71.797,49.949,1826.583,128.405,23.282,75.76,270,31.82,21.482,Warning,1,0
A032,2025-01-01 07:00:00,A032-HYD,Hydraulic System,71.354,2.153,81.66,58.046,1752.779,151.815,23.87,75.508,467,43.253,30.191,Normal,0,0
A032,2025-01-01 21:00:00,A032-HYD,Hydraulic System,71.816,2.114,81.304,54.838,1857.523,141.584,24.191,77.363,362,49.247,27.178,Normal,0,0
A032,2025-01-02 02:00:00,A032-HYD,Hydraulic System,66.431,1.796,85.175,58.334,1849.809,148.447,23.582,74.724,210,41.292,34.904,Normal,0,0
A032,2025-01-02 05:00:00,A032-HYD,Hydraulic System,71.74,2.395,81.093,53.398,1831.127,147.089,23.736,71.608,178,48.898,30.409,Normal,0,0
A032,2025-01-02 14:00:00,A032-HYD,Hydraulic System,83.004,5.323,74.168,51.873,1694.968,140.154,23.545,74.283,228,36.888,33.102,Warning,1,0
A032,2025-01-02 17:00:00,A032-HYD,Hydraulic System,70.427,2.463,79.74,55.668,1722.213,153.23,23.968,72.836,441,41.912,31.836,Normal,0,0
A032,2025-01-02 20:00:00,A032-HYD,Hydraulic System,74.199,1.969,78.667,52.998,1659.477,153.06,23.478,76.608,356,53.248,28.805,Normal,0,0
A032,2025-01-02 22:00:00,A032-HYD,Hydraulic System,72.481,2.218,71.474,55.922,1784.613,154.218,23.754,76.592,426,49.169,26.241,Normal,0,0
A032,2025-01-03 00:00:00,A032-HYD,Hydraulic System,73.773,2.122,77.252,55.994,1878.606,150.63,24.383,73.82,202,52.087,26.076,Normal,0,0
A032,2025-01-03 03:00:00,A032-HYD,Hydraulic System,69.072,2.188,77.239,56.561,1829.872,147.914,24.289,76.705,546,54.292,27.324,Normal,0,0
A032,2025-01-03 04:00:00,A032-HYD,Hydraulic System,74.278,2.203,78.468,58.347,1893.799,148.601,23.544,75.056,397,35.826,33.312,Normal,0,0
A032,2025-01-03 08:00:00,A032-HYD,Hydraulic System,70.542,3.356,74.304,52.409,1926.169,156.243,23.961,72.088,240,43.088,26.502,Normal,0,0
A032,2025-01-03 13:00:00,A032-HYD,Hydraulic System,68.757,2.142,79.992,55.898,1837.604,143.163,23.269,77.824,272,68.133,26.799,Normal,0,0
A032,2025-01-03 15:00:00,A032-HYD,Hydraulic System,73.312,1.64,79.47,58.84,1630.652,155.748,24.279,74.144,193,41.892,33.866,Normal,0,0
A032,2025-01-03 19:00:00,A032-HYD,Hydraulic System,73.261,2.455,79.132,53.405,1742.947,145.065,23.831,77.896,512,60.574,34.302,Normal,0,0
A032,2025-01-04 06:00:00,A032-HYD,Hydraulic System,77.999,3.037,79.629,58.3,1844.955,155.455,23.434,77.158,391,54.846,39.009,Normal,0,0
A032,2025-01-04 07:00:00,A032-HYD,Hydraulic System,71.461,2.465,79.817,55.765,1858.69,148.681,23.742,78.754,348,33.448,26.43,Normal,0,0
A032,2025-01-04 08:00:00,A032-HYD,Hydraulic System,73.593,2.164,79.743,51.374,1913.195,142.499,24.189,71.982,355,42.984,25.934,Normal,0,0
A032,2025-01-04 11:00:00,A032-HYD,Hydraulic System,73.43,2.16,78.191,53.033,1850.062,151.154,23.904,76.351,209,69.221,27.885,Normal,0,0
A032,2025-01-04 12:00:00,A032-HYD,Hydraulic System,69.838,2.134,78.689,53.378,1804.511,145.999,23.909,75.662,190,57.575,22.981,Normal,0,0
A032,2025-01-04 13:00:00,A032-HYD,Hydraulic System,75.085,2.326,77.223,54.393,1713.791,151.742,24.197,76.084,375,48.547,22.165,Normal,0,0
A032,2025-01-04 15:00:00,A032-HYD,Hydraulic System,69.618,2.786,77.425,52.545,1688.862,151.638,23.894,79.684,366,54.672,23.676,Normal,0,0
A032,2025-01-04 17:00:00,A032-HYD,Hydraulic System,72.062,2.643,77.132,52.333,1757.73,148.437,23.627,75.803,276,47.59,23.2,Normal,0,0
A032,2025-01-04 22:00:00,A032-HYD,Hydraulic System,73.146,2.648,81.114,55.495,1691.704,148.083,23.563,75.578,371,60.907,31.814,Normal,0,0
A032,2025-01-05 00:00:00,A032-HYD,Hydraulic System,75.708,2.3,77.514,54.956,2028.581,148.766,23.7,76.738,306,51.176,32.555,Normal,0,0
A032,2025-01-05 03:00:00,A032-HYD,Hydraulic System,70.073,2.027,77.295,52.8,1763.317,153.185,23.293,78.888,593,49.94,25.929,Normal,0,0
A032,2025-01-05 04:00:00,A032-HYD,Hydraulic System,71.172,2.738,77.49,56.006,1721.454,142.745,24.144,76.71,232,43.355,41.111,Normal,0,0
A032,2025-01-05 06:00:00,A032-HYD,Hydraulic System,70.278,2.444,74.532,50.744,1732.613,140.682,23.619,77.344,362,46.402,34.617,Normal,0,0
A032,2025-01-05 08:00:00,A032-HYD,Hydraulic System,71.51,2.563,79.548,55.419,1784.389,152.162,23.663,79.876,210,64.309,30.564,Normal,0,0
A032,2025-01-05 10:00:00,A032-HYD,Hydraulic System,75.757,2.505,75.293,56.631,1795.539,143.38,23.678,76.714,402,49.909,33.343,Normal,0,0
A032,2025-01-05 12:00:00,A032-HYD,Hydraulic System,78.209,2.627,77.062,53.866,1888.041,144.725,23.193,78.297,362,58.212,30.503,Normal,0,0
A032,2025-01-05 15:00:00,A032-HYD,Hydraulic System,70.084,2.56,74.409,51.948,1728.965,148.93,23.872,76.58,260,50.793,36.764,Normal,0,0
A032,2025-01-05 22:00:00,A032-HYD,Hydraulic System,72.455,3.071,76.603,58.544,1776.05,151.322,23.699,76.432,395,48.58,34.597,Normal,0,0
A032,2025-01-06 08:00:00,A032-HYD,Hydraulic System,70.899,2.603,72.66,51.577,1711.09,150.689,23.592,78.375,581,54.847,34.606,Normal,0,0
A032,2025-01-07 03:00:00,A032-HYD,Hydraulic System,75.405,2.921,78.85,51.349,1764.005,144.92,23.867,80.496,517,40.054,30.453,Normal,0,1
A032,2025-01-07 12:00:00,A032-HYD,Hydraulic System,75.174,1.611,73.148,54.128,1748.894,154.794,23.346,80.04,284,52.684,33.184,Normal,0,0
A032,2025-01-07 17:00:00,A032-HYD,Hydraulic System,76.333,2.679,73.817,52.699,1843.851,147.168,24.437,80.794,652,53.407,26.78,Normal,0,0
A032,2025-01-07 23:00:00,A032-HYD,Hydraulic System,78.734,2.606,73.28,56.839,1761.579,146.958,23.385,79.632,442,63.707,26.295,Normal,0,0
A032,2025-01-08 00:00:00,A032-HYD,Hydraulic System,72.45,3.053,77.055,54.259,1734.291,146.029,23.5,79.455,280,62.852,36.793,Normal,0,0
A032,2025-01-08 07:00:00,A032-HYD,Hydraulic System,72.72,2.14,77.602,55.509,1757.533,148.845,22.895,76.509,476,46.795,28.723,Normal,0,0
A032,2025-01-08 10:00:00,A032-HYD,Hydraulic System,78.618,3.176,73.462,50.376,1624.043,151.839,23.716,80.542,574,66.208,26.919,Normal,0,0
A032,2025-01-08 13:00:00,A032-HYD,Hydraulic System,73.111,2.769,78.086,52.496,1826.869,150.827,22.883,80.156,665,56.549,26.377,Normal,0,0
A032,2025-01-08 14:00:00,A032-HYD,Hydraulic System,77.565,1.976,72.117,54.226,1605.065,146.541,23.325,81.619,579,42.212,28.905,Normal,0,0
A032,2025-01-09 06:00:00,A032-HYD,Hydraulic System,74.085,2.994,78.672,53.229,1721.907,146.154,23.309,79.946,372,52.336,29.642,Normal,0,0
A032,2025-01-09 08:00:00,A032-HYD,Hydraulic System,75.348,2.4,76.239,55.714,1857.822,151.059,23.637,77.886,560,64.418,22.298,Normal,0,0
A032,2025-01-09 09:00:00,A032-HYD,Hydraulic System,77.887,2.745,75.578,51.751,1591.82,146.654,23.596,82.96,671,63.33,38.64,Normal,0,1
A032,2025-01-09 13:00:00,A032-HYD,Hydraulic System,76.447,2.197,75.472,50.423,1990.02,148.93,23.16,83.79,623,71.31,35.923,Normal,0,0
A032,2025-01-09 15:00:00,A032-HYD,Hydraulic System,79.986,3.16,76.167,54.693,1786.903,150.722,23.272,81.784,514,52.2,40.053,Normal,0,0
A032,2025-01-09 19:00:00,A032-HYD,Hydraulic System,73.186,2.544,77.125,52.201,1703.278,144.032,23.101,78.358,334,55.589,21.218,Normal,0,0
A032,2025-01-09 21:00:00,A032-HYD,Hydraulic System,77.717,2.77,78.148,55.227,1795.647,150.123,23.458,80.914,558,53.402,37.786,Normal,0,0
A032,2025-01-10 04:00:00,A032-HYD,Hydraulic System,73.188,3.087,73.854,54.441,1755.875,143.893,23.36,83.418,692,59.797,32.522,Normal,0,0
A032,2025-01-10 06:00:00,A032-HYD,Hydraulic System,73.645,2.953,73.188,53.58,2081.31,145.154,23.678,78.971,680,56.237,35.341,Normal,0,0
A032,2025-01-10 09:00:00,A032-HYD,Hydraulic System,76.9,2.787,79.064,55.01,1729.812,149.355,23.175,79.63,334,52.117,25.462,Normal,0,0
A032,2025-01-10 13:00:00,A032-HYD,Hydraulic System,75.392,3.118,81.666,54.618,2003.948,149.014,23.698,81.416,444,63.232,26.625,Normal,0,0
A032,2025-01-10 18:00:00,A032-HYD,Hydraulic System,82.806,2.979,75.436,51.12,1688.799,142.972,23.579,81.921,414,67.655,30.375,Normal,0,0
A032,2025-01-10 21:00:00,A032-HYD,Hydraulic System,83.073,2.637,75.071,54.157,1843.054,149.175,23.698,79.983,710,60.216,33.274,Normal,0,1
A032,2025-01-11 05:00:00,A032-HYD,Hydraulic System,76.266,3.404,71.206,52.305,1782.804,144.674,23.379,78.761,470,55.822,25.607,Normal,0,0
A032,2025-01-11 07:00:00,A032-HYD,Hydraulic System,79.916,2.848,75.79,54.903,1881.416,146.053,23.211,79.039,636,66.177,32.838,Normal,0,0
A032,2025-01-11 10:00:00,A032-HYD,Hydraulic System,78.719,3.07,77.873,55.464,1788.983,150.893,23.811,81.918,375,57.877,27.624,Normal,0,1
A032,2025-01-11 15:00:00,A032-HYD,Hydraulic System,79.938,2.754,76.33,53.605,1609.139,147.243,22.932,81.832,658,64.054,36.396,Normal,0,0
A032,2025-01-11 16:00:00,A032-HYD,Hydraulic System,88.724,5.205,59.707,52.103,1788.202,144.699,23.007,85.553,415,73.472,36.487,Warning,1,1
A032,2025-01-11 17:00:00,A032-HYD,Hydraulic System,79.501,3.012,71.873,53.182,1731.356,141.211,22.526,78.739,410,72.975,24.449,Normal,0,0
A032,2025-01-11 20:00:00,A032-HYD,Hydraulic System,81.355,2.76,76.883,52.628,1812.727,143.325,23.227,81.472,616,65.313,24.212,Normal,0,1
A032,2025-01-11 21:00:00,A032-HYD,Hydraulic System,93.514,5.668,63.368,53.026,1836.593,136.866,22.893,84.617,684,73.929,24.581,Warning,1,0
A032,2025-01-11 22:00:00,A032-HYD,Hydraulic System,80.273,3.049,75.753,51.165,1668.692,144.965,24.222,80.478,757,54.877,28.037,Normal,0,0
A032,2025-01-12 04:00:00,A032-HYD,Hydraulic System,78.511,3.614,75.776,51.852,1954.188,146.4,23.264,82.18,532,75.953,29.616,Normal,0,0
A032,2025-01-12 08:00:00,A032-HYD,Hydraulic System,78.807,2.907,73.058,53.1,1854.42,140.263,23.038,79.448,576,53.769,36.272,Normal,0,1
A032,2025-01-12 10:00:00,A032-HYD,Hydraulic System,75.973,2.724,76.722,53.578,1785.133,140.628,23.766,79.802,714,52.553,15.796,Normal,0,0
A032,2025-01-12 14:00:00,A032-HYD,Hydraulic System,81.529,3.785,75.66,54.488,1930.357,145.401,23.048,82.495,623,60.288,26.975,Normal,0,0
A032,2025-01-12 18:00:00,A032-HYD,Hydraulic System,83.306,2.591,75.203,53.127,1794.164,147.973,23.298,82.189,448,58.956,33.082,Normal,0,0
A032,2025-01-13 00:00:00,A032-HYD,Hydraulic System,78.626,3.59,74.179,51.155,1704.081,144.565,22.814,83.583,767,59.172,23.184,Normal,0,1
A032,2025-01-13 08:00:00,A032-HYD,Hydraulic System,77.183,3.165,77.123,49.291,1880.594,148.576,22.987,82.912,714,58.52,33.353,Normal,0,0
A032,2025-01-13 12:00:00,A032-HYD,Hydraulic System,88.349,2.816,72.871,56.278,1802.667,141.936,22.627,83.72,469,67.503,31.66,Normal,0,0
A032,2025-01-13 20:00:00,A032-HYD,Hydraulic System,77.292,2.568,74.203,51.026,1930.052,147.663,23.361,82.71,421,65.7,33.331,Normal,0,1
A032,2025-01-14 09:00:00,A032-HYD,Hydraulic System,82.117,3.489,72.586,50.582,1881.799,151.275,23.207,80.763,488,69.145,33.65,Normal,0,0
A032,2025-01-14 12:00:00,A032-HYD,Hydraulic System,78.021,3.084,79.233,53.126,1944.897,142.687,23.262,81.821,731,66.323,24.699,Normal,0,0
A032,2025-01-14 13:00:00,A032-HYD,Hydraulic System,80.174,3.058,68.235,48.991,1725.777,147.022,22.675,80.328,619,73.263,25.158,Normal,0,1
A032,2025-01-14 14:00:00,A032-HYD,Hydraulic System,78.649,3.234,74.024,54.867,1660.069,136.995,23.07,85.432,688,63.403,28.811,Normal,0,0
A032,2025-01-14 17:00:00,A032-HYD,Hydraulic System,79.942,2.447,73.138,50.681,1805.047,138.534,22.803,79.801,818,61.443,39.991,Normal,0,0
A032,2025-01-14 19:00:00,A032-HYD,Hydraulic System,78.071,2.717,74.307,51.935,1812.342,148.59,22.754,83.209,609,69.519,38.382,Normal,0,0
A032,2025-01-14 20:00:00,A032-HYD,Hydraulic System,85.769,3.649,75.88,55.086,1758.742,140.655,22.974,84.171,452,65.069,25.996,Normal,0,0
A032,2025-01-14 22:00:00,A032-HYD,Hydraulic System,73.929,2.281,74.997,50.803,1741.899,143.374,22.717,83.306,746,75.56,22.458,Normal,0,0
A032,2025-01-15 02:00:00,A032-HYD,Hydraulic System,81.01,3.179,73.395,47.037,1776.372,141.131,22.666,84.556,458,69.375,25.657,Normal,0,0
A032,2025-01-15 23:00:00,A032-HYD,Hydraulic System,82.949,3.789,72.026,54.388,1728.863,142.724,23.141,83.371,847,79.289,36.324,Warning,1,0
A032,2025-01-16 00:00:00,A032-HYD,Hydraulic System,84.208,3.324,75.529,55.204,1872.71,137.625,23.399,84.166,691,62.648,28.651,Normal,0,0
A032,2025-01-16 01:00:00,A032-HYD,Hydraulic System,81.843,3.574,76.828,49.495,1644.288,139.274,22.766,82.69,576,61.219,35.56,Normal,0,0
A032,2025-01-16 04:00:00,A032-HYD,Hydraulic System,83.132,3.476,69.57,53.358,1671.719,145.95,22.438,85.986,571,74.812,31.024,Warning,1,0
A032,2025-01-16 06:00:00,A032-HYD,Hydraulic System,82.179,3.344,70.947,52.402,1803.289,149.175,22.697,83.919,672,76.941,30.742,Warning,1,1
A032,2025-01-16 14:00:00,A032-HYD,Hydraulic System,79.74,3.76,70.622,51.21,1685.875,150.985,23.105,86.406,613,70.094,19.39,Warning,1,0
A032,2025-01-16 20:00:00,A032-HYD,Hydraulic System,80.873,3.709,72.808,51.507,1811.985,149.088,23.313,84.144,724,74.053,39.641,Warning,1,1
A032,2025-01-17 02:00:00,A032-HYD,Hydraulic System,84.41,3.056,71.977,55.019,1723.859,148.716,22.782,86.979,640,80.948,26.779,Warning,1,0
A032,2025-01-17 04:00:00,A032-HYD,Hydraulic System,78.89,3.812,72.568,53.101,1857.579,144.86,22.778,82.522,714,65.665,27.913,Warning,1,0
A032,2025-01-17 05:00:00,A032-HYD,Hydraulic System,80.588,3.602,72.465,55.331,1905.762,141.24,22.968,85.754,604,78.682,25.131,Warning,1,1
A032,2025-01-17 09:00:00,A032-HYD,Hydraulic System,83.455,3.584,72.975,53.705,1952.829,147.664,22.571,86.207,740,68.955,24.637,Warning,1,0
A032,2025-01-17 13:00:00,A032-HYD,Hydraulic System,84.009,4.079,72.04,53.777,1887.113,145.168,23.051,87.217,512,59.536,34.011,Warning,1,0
A032,2025-01-17 15:00:00,A032-HYD,Hydraulic System,78.676,3.96,72.211,51.944,1751.867,140.415,22.315,85.19,758,69.149,26.937,Warning,1,0
A033,2025-01-01 10:00:00,A033-HYD,Hydraulic System,73.315,2.739,76.853,55.007,1816.698,153.385,24.171,75.507,350,58.439,39.113,Normal,0,1
A033,2025-01-01 13:00:00,A033-HYD,Hydraulic System,77.205,2.756,79.872,53.653,1782.381,151.403,24.246,79.593,487,67.058,35.934,Normal,0,0
A033,2025-01-01 14:00:00,A033-HYD,Hydraulic System,76.58,2.199,73.843,56.114,1809.088,141.662,24.061,75.495,407,41.487,39.807,Normal,0,0
A033,2025-01-01 20:00:00,A033-HYD,Hydraulic System,75.78,3.184,72.1,54.334,1779.622,146.628,23.938,74.924,164,59.924,28.144,Normal,0,0
A033,2025-01-01 21:00:00,A033-HYD,Hydraulic System,89.583,6.051,63.442,55.201,1813.946,144.099,24.486,75.926,139,46.113,28.215,Warning,1,1
A033,2025-01-01 22:00:00,A033-HYD,Hydraulic System,88.766,5.078,63.057,58.811,1748.4,142.712,23.903,78.552,448,62.444,33.861,Warning,1,0
A033,2025-01-02 03:00:00,A033-HYD,Hydraulic System,75.683,2.773,74.334,52.486,1803.043,144.152,24.49,78.86,305,65.708,35.801,Normal,0,0
A033,2025-01-02 07:00:00,A033-HYD,Hydraulic System,76.261,3.052,72.69,52.464,1888.53,148.801,24.518,77.104,361,63.957,34.205,Normal,0,0
A033,2025-01-02 08:00:00,A033-HYD,Hydraulic System,72.755,1.974,76.186,54.441,1771.335,154.34,23.257,78.181,525,54.824,32.647,Normal,0,0
A033,2025-01-02 11:00:00,A033-HYD,Hydraulic System,72.562,2.574,77.282,55.878,1768.435,146.219,23.459,77.42,228,48.085,23.272,Normal,0,0
A033,2025-01-02 13:00:00,A033-HYD,Hydraulic System,75.686,3.021,76.189,49.795,1958.362,147.852,24.314,73.308,457,63.277,29.394,Normal,0,0
A033,2025-01-03 00:00:00,A033-HYD,Hydraulic System,73.587,3.198,75.555,54.348,1816.128,150.379,23.883,78.972,341,59.489,29.992,Normal,0,0
A033,2025-01-03 08:00:00,A033-HYD,Hydraulic System,73.05,2.984,73.503,53.89,1715.964,147.66,24.474,73.837,339,57.053,28.649,Normal,0,1
A033,2025-01-03 10:00:00,A033-HYD,Hydraulic System,81.522,2.939,75.245,58.171,1998.754,150.103,24.186,74.215,313,66.393,30.999,Normal,0,1
A033,2025-01-03 19:00:00,A033-HYD,Hydraulic System,76.181,2.687,71.463,52.322,1880.606,152.213,23.81,78.834,455,71.372,29.282,Normal,0,0
A033,2025-01-04 02:00:00,A033-HYD,Hydraulic System,78.634,2.868,72.244,55.583,1868.137,152.101,24.298,76.309,539,67.226,29.216,Normal,0,0
A033,2025-01-04 03:00:00,A033-HYD,Hydraulic System,77.509,3.397,76.614,50.037,1812.348,150.39,24.067,75.968,488,62.761,28.408,Normal,0,0
A033,2025-01-04 05:00:00,A033-HYD,Hydraulic System,75.733,2.841,71.558,53.492,1811.635,145.784,22.916,78.267,232,58.02,28.402,Normal,0,0
A033,2025-01-04 06:00:00,A033-HYD,Hydraulic System,75.658,2.191,74.395,56.207,1825.901,149.797,23.753,78.485,473,48.848,39.241,Normal,0,0
A033,2025-01-04 10:00:00,A033-HYD,Hydraulic System,76.463,3.492,70.548,53.356,1868.297,148.965,22.961,72.275,449,64.228,41.631,Normal,0,0
A033,2025-01-04 11:00:00,A033-HYD,Hydraulic System,77.455,3.585,74.135,51.914,1750.681,148.426,24.252,80.526,419,74.937,39.339,Normal,0,0
A033,2025-01-04 12:00:00,A033-HYD,Hydraulic System,80.198,2.546,75.465,52.732,1821.904,143.756,24.608,74.541,287,57.389,31.947,Normal,0,0
A033,2025-01-04 14:00:00,A033-HYD,Hydraulic System,73.426,3.158,69.607,51.129,1801.705,142.643,23.827,77.734,519,57.541,40.656,Normal,0,0
A033,2025-01-04 19:00:00,A033-HYD,Hydraulic System,73.521,2.987,74.466,55.136,1609.045,151.922,23.773,73.951,455,61.48,25.374,Normal,0,0
A033,2025-01-04 20:00:00,A033-HYD,Hydraulic System,75.618,3.114,70.995,52.785,1728.632,149.254,24.038,78.759,539,69.851,32.451,Normal,0,0
A033,2025-01-05 01:00:00,A033-HYD,Hydraulic System,74.592,2.64,75.265,54.217,1761.585,153.732,23.904,78.462,593,52.392,28.02,Normal,0,1
A033,2025-01-05 04:00:00,A033-HYD,Hydraulic System,89.512,6.289,65.787,57.36,1847.657,135.175,23.864,75.219,352,54.311,30.142,Warning,1,0
A033,2025-01-05 11:00:00,A033-HYD,Hydraulic System,90.745,6.889,65.285,58.542,1754.416,137.984,23.577,78.25,220,63.471,37.469,Warning,1,1
A033,2025-01-05 13:00:00,A033-HYD,Hydraulic System,76.253,2.993,71.676,54.916,1713.676,147.149,23.406,77.169,583,71.818,27.893,Normal,0,0
A033,2025-01-05 15:00:00,A033-HYD,Hydraulic System,76.331,2.368,72.707,51.488,1767.128,146.133,23.501,75.989,333,62.544,21.22,Normal,0,0
A033,2025-01-05 22:00:00,A033-HYD,Hydraulic System,76.653,3.302,76.701,53.422,1718.935,152.555,24.307,78.842,595,66.943,23.624,Normal,0,1
A033,2025-01-05 23:00:00,A033-HYD,Hydraulic System,81.651,3.081,72.205,52.704,1836.385,151.841,23.408,78.007,405,69.257,27.701,Normal,0,0
A033,2025-01-06 00:00:00,A033-HYD,Hydraulic System,78.081,3.292,73.844,52.572,2092.901,153.259,23.617,78.696,540,70.048,32.912,Normal,0,0
A033,2025-01-06 03:00:00,A033-HYD,Hydraulic System,81.026,3.08,70.135,54.016,1976.161,140.536,23.958,82.488,576,59.604,27.665,Normal,0,0
A033,2025-01-06 08:00:00,A033-HYD,Hydraulic System,82.966,3.896,69.834,55.453,1704.628,151.097,23.693,79.146,306,80.916,23.648,Warning,1,1
A033,2025-01-06 09:00:00,A033-HYD,Hydraulic System,79.597,3.864,71.886,51.863,2004.212,150.32,23.192,80.085,466,67.295,26.279,Normal,0,1
A033,2025-01-06 11:00:00,A033-HYD,Hydraulic System,79.927,3.792,71.354,54.871,1784.481,155.988,23.184,76.677,603,74.19,31.588,Normal,0,1
A033,2025-01-06 21:00:00,A033-HYD,Hydraulic System,79.727,3.232,72.515,54.022,1861.657,150.162,23.636,81.021,507,81.792,30.634,Normal,0,1
A033,2025-01-06 23:00:00,A033-HYD,Hydraulic System,79.581,3.693,71.809,52.087,1727.218,155.631,24.241,79.081,440,77.399,32.505,Normal,0,0
A033,2025-01-07 00:00:00,A033-HYD,Hydraulic System,78.763,3.576,72.788,54.536,1716.834,149.869,23.972,78.037,582,53.973,23.45,Normal,0,1
A033,2025-01-07 02:00:00,A033-HYD,Hydraulic System,81.089,3.319,72.977,53.456,1731.756,147.643,24.056,80.536,478,70.725,39.22,Normal,0,0
A033,2025-01-07 03:00:00,A033-HYD,Hydraulic System,78.992,3.328,68.586,54.077,1717.329,145.756,23.618,79.388,263,60.917,19.996,Normal,0,0
A033,2025-01-07 07:00:00,A033-HYD,Hydraulic System,81.151,3.405,80.023,50.456,1895.39,153.593,23.336,79.871,404,78.205,36.76,Normal,0,0
A033,2025-01-07 08:00:00,A033-HYD,Hydraulic System,81.941,3.35,73.188,54.459,1839.714,146.536,23.175,77.84,458,68.19,27.63,Normal,0,0
A033,2025-01-07 12:00:00,A033-HYD,Hydraulic System,76.154,2.947,72.18,52.551,1768.623,150.606,23.57,78.192,316,80.704,34.845,Normal,0,0
A033,2025-01-07 15:00:00,A033-HYD,Hydraulic System,78.752,3.166,74.527,54.566,1900.276,146.928,23.192,81.293,397,75.649,34.133,Normal,0,0
A033,2025-01-07 20:00:00,A033-HYD,Hydraulic System,78.945,3.906,72.79,50.228,1792.694,149.966,23.424,76.663,624,59.164,24.911,Normal,0,1
A033,2025-01-07 22:00:00,A033-HYD,Hydraulic System,77.097,3.414,69.105,53.628,1748.303,145.256,23.91,81.309,299,59.415,32.209,Normal,0,0
A033,2025-01-08 02:00:00,A033-HYD,Hydraulic System,81.171,3.596,71.498,54.185,1819.729,135.537,24.24,74.968,382,61.876,23.16,Normal,0,0
A033,2025-01-08 08:00:00,A033-HYD,Hydraulic System,81.589,3.65,74.07,56.739,1710.269,146.991,23.096,80.373,276,78.055,24.899,Warning,1,0
A033,2025-01-08 11:00:00,A033-HYD,Hydraulic System,80.703,3.685,75.081,55.012,1925.136,145.46,22.272,75.194,452,65.668,26.028,Normal,0,1
A033,2025-01-09 04:00:00,A033-HYD,Hydraulic System,84.273,3.441,71.278,54.673,1744.537,138.53,23.319,79.197,660,62.547,33.998,Warning,1,0
A033,2025-01-09 06:00:00,A033-HYD,Hydraulic System,81.646,3.253,71.22,54.778,1682.915,150.804,23.811,78.917,539,71.653,23.569,Warning,1,0
A033,2025-01-09 07:00:00,A033-HYD,Hydraulic System,79.179,3.713,71.194,50.853,1748.95,149.306,23.277,78.451,598,78.778,27.621,Warning,1,0
A033,2025-01-09 10:00:00,A033-HYD,Hydraulic System,81.345,3.314,71.348,52.984,1800.954,141.912,23.418,77.784,447,62.239,29.667,Normal,0,0
A033,2025-01-09 16:00:00,A033-HYD,Hydraulic System,86.234,3.838,73.392,50.316,1894.253,147.122,23.235,80.828,390,88.425,29.632,Warning,1,1
A033,2025-01-09 20:00:00,A033-HYD,Hydraulic System,98.394,7.119,66.251,52.72,1604.768,127.81,23.417,82.417,576,82.116,21.639,Warning,1,1
A033,2025-01-10 09:00:00,A033-HYD,Hydraulic System,83.621,3.948,71.438,54.352,1787.92,146.237,23.418,80.009,338,79.525,23.255,Warning,1,1
A033,2025-01-10 16:00:00,A033-HYD,Hydraulic System,81.441,4.157,70.062,52.729,1860.448,153.283,23.22,82.648,719,73.479,29.111,Warning,1,0
A033,2025-01-10 20:00:00,A033-HYD,Hydraulic System,81.162,3.273,73.665,48.291,1710.8,145.208,23.936,81.998,352,69.008,35.057,Warning,1,0
A033,2025-01-10 21:00:00,A033-HYD,Hydraulic System,82.955,3.216,68.447,56.631,1878.311,142.021,23.352,78.777,395,95.058,35.808,Warning,1,0
A033,2025-01-11 04:00:00,A033-HYD,Hydraulic System,79.916,3.989,68.586,48.869,1837.663,150.347,23.499,78.685,616,61.246,28.465,Warning,1,1
A033,2025-01-11 09:00:00,A033-HYD,Hydraulic System,83.763,3.708,68.944,52.291,1682.111,152.242,23.059,81.994,438,77.775,35.011,Warning,1,0
A033,2025-01-11 16:00:00,A033-HYD,Hydraulic System,84.005,3.92,70.126,51.93,1899.895,151.849,23.237,83.673,589,100.0,26.376,Warning,1,1
A033,2025-01-11 17:00:00,A033-HYD,Hydraulic System,83.126,4.291,70.889,55.821,2102.101,147.283,22.89,84.342,444,81.027,38.528,Warning,1,0
A033,2025-01-11 22:00:00,A033-HYD,Hydraulic System,84.167,3.635,70.282,53.714,1682.055,147.753,23.656,80.474,718,76.986,33.346,Warning,1,1
A033,2025-01-11 23:00:00,A033-HYD,Hydraulic System,85.834,3.996,71.69,54.567,1745.814,152.871,22.575,82.628,506,68.314,32.663,Warning,1,1
A033,2025-01-12 00:00:00,A033-HYD,Hydraulic System,94.175,7.775,69.065,51.462,1691.276,132.195,23.772,80.419,706,67.277,17.601,Warning,1,1
A033,2025-01-12 02:00:00,A033-HYD,Hydraulic System,86.997,3.95,67.106,56.584,1754.025,149.184,22.902,81.959,662,81.826,26.733,Warning,1,1
A033,2025-01-12 10:00:00,A033-HYD,Hydraulic System,85.193,4.129,71.965,50.92,1648.8,141.1,23.131,82.108,492,74.906,30.343,Warning,1,0
A033,2025-01-12 11:00:00,A033-HYD,Hydraulic System,81.986,4.046,69.105,51.088,1717.861,148.845,23.469,82.696,748,60.829,35.642,Warning,1,0
A033,2025-01-12 14:00:00,A033-HYD,Hydraulic System,81.62,3.962,71.407,49.926,1889.476,143.229,22.877,83.726,463,72.592,22.253,Warning,1,1
A033,2025-01-13 10:00:00,A033-HYD,Hydraulic System,84.141,3.859,72.188,50.901,1625.363,144.612,23.614,83.9,506,68.275,22.996,Warning,1,0
A033,2025-01-13 11:00:00,A033-HYD,Hydraulic System,82.615,3.653,68.406,50.742,1836.331,151.056,23.105,83.239,724,81.228,33.632,Warning,1,1
A033,2025-01-13 16:00:00,A033-HYD,Hydraulic System,86.974,3.061,66.064,50.607,1800.325,148.317,23.006,81.611,572,79.377,29.389,Warning,1,1
A033,2025-01-14 02:00:00,A033-HYD,Hydraulic System,92.146,3.634,66.93,52.287,1740.062,149.091,23.176,80.474,424,77.296,31.761,Warning,1,0
A033,2025-01-14 03:00:00,A033-HYD,Hydraulic System,82.28,4.037,68.218,54.216,1830.07,141.323,23.724,83.58,767,73.246,27.187,Warning,1,0
A033,2025-01-14 07:00:00,A033-HYD,Hydraulic System,87.105,3.944,70.189,50.09,1794.574,145.544,22.877,82.402,795,65.179,31.822,Warning,1,1
A033,2025-01-14 17:00:00,A033-HYD,Hydraulic System,83.469,4.723,67.118,52.538,1741.571,151.233,23.131,81.641,755,78.774,28.032,Warning,1,1
A033,2025-01-14 18:00:00,A033-HYD,Hydraulic System,86.245,4.448,69.533,52.532,1679.502,144.487,22.899,83.913,519,72.685,36.269,Warning,1,0
A033,2025-01-14 23:00:00,A033-HYD,Hydraulic System,82.553,4.316,67.563,56.151,1808.609,149.198,23.503,82.983,518,82.871,23.861,Warning,1,1
A033,2025-01-15 07:00:00,A033-HYD,Hydraulic System,85.838,3.292,72.385,51.048,1788.693,140.325,22.763,85.042,478,70.776,31.637,Warning,1,0
A033,2025-01-15 13:00:00,A033-HYD,Hydraulic System,82.962,4.334,68.09,56.453,1780.335,150.509,22.762,83.456,647,82.038,34.919,Warning,1,1
A033,2025-01-15 16:00:00,A033-HYD,Hydraulic System,85.438,3.984,67.532,53.851,1877.549,137.409,22.279,84.125,611,66.678,30.058,Warning,1,1
A033,2025-01-15 20:00:00,A033-HYD,Hydraulic System,89.073,4.602,71.007,54.068,1722.651,148.558,22.605,82.809,721,82.042,30.605,Warning,1,0
A033,2025-01-16 00:00:00,A033-HYD,Hydraulic System,84.229,3.934,71.023,51.709,1951.555,147.628,22.868,82.358,784,94.103,30.655,Warning,1,1
A033,2025-01-16 01:00:00,A033-HYD,Hydraulic System,84.826,3.719,66.155,52.293,1774.073,146.085,22.141,82.189,845,74.634,32.265,Warning,1,1
A033,2025-01-16 07:00:00,A033-HYD,Hydraulic System,84.6,3.715,71.976,50.733,1925.347,155.519,24.618,80.708,544,84.94,26.308,Warning,1,1
A033,2025-01-16 08:00:00,A033-HYD,Hydraulic System,87.157,4.241,69.287,49.337,1739.617,148.641,23.108,82.734,531,85.31,22.086,Warning,1,1
A033,2025-01-16 10:00:00,A033-HYD,Hydraulic System,85.901,4.218,74.091,53.42,1851.624,142.834,22.998,82.146,857,88.373,35.98,Warning,1,1
A033,2025-01-17 01:00:00,A033-HYD,Hydraulic System,86.326,4.644,65.626,54.347,1887.102,147.932,23.638,82.776,860,81.943,31.996,Warning,1,1
A033,2025-01-17 02:00:00,A033-HYD,Hydraulic System,88.515,4.005,65.659,50.531,1834.72,153.425,22.578,83.418,708,81.424,34.767,Warning,1,1
A033,2025-01-17 06:00:00,A033-HYD,Hydraulic System,82.308,4.108,72.382,51.934,1776.366,138.572,23.39,85.437,887,84.0,28.42,Warning,1,1
A033,2025-01-17 09:00:00,A033-HYD,Hydraulic System,86.245,4.506,68.532,49.29,1847.899,140.116,23.404,84.571,605,87.509,19.556,Warning,1,1
A033,2025-01-17 11:00:00,A033-HYD,Hydraulic System,82.185,4.442,68.742,52.351,1725.813,145.03,23.128,81.932,584,88.976,28.914,Warning,1,1
A034,2025-01-01 06:00:00,A034-HYD,Hydraulic System,74.434,1.863,76.36,53.34,1704.978,141.529,24.645,77.137,468,35.85,27.344,Normal,0,0
A034,2025-01-01 10:00:00,A034-HYD,Hydraulic System,69.059,2.564,82.163,53.339,1947.46,153.089,23.719,76.785,197,49.255,25.748,Normal,0,0
A034,2025-01-02 00:00:00,A034-HYD,Hydraulic System,73.968,2.508,75.891,55.997,1909.735,150.544,23.893,75.319,282,50.833,29.575,Normal,0,0
A034,2025-01-02 01:00:00,A034-HYD,Hydraulic System,64.957,1.903,78.022,57.758,1936.702,152.846,24.07,76.185,464,49.695,22.23,Normal,0,0
A034,2025-01-02 02:00:00,A034-HYD,Hydraulic System,69.363,2.19,74.966,58.311,1844.294,148.925,23.644,74.419,189,60.159,17.51,Normal,0,0
A034,2025-01-02 05:00:00,A034-HYD,Hydraulic System,72.43,2.621,78.759,53.479,1669.001,148.021,24.015,73.977,444,51.748,29.967,Normal,0,0
A034,2025-01-02 06:00:00,A034-HYD,Hydraulic System,67.662,2.325,80.103,51.739,1813.593,144.882,24.008,74.588,362,46.414,25.847,Normal,0,0
A034,2025-01-02 07:00:00,A034-HYD,Hydraulic System,68.449,2.698,76.849,56.768,1845.767,149.367,23.509,73.811,418,53.185,39.539,Normal,0,0
A034,2025-01-02 16:00:00,A034-HYD,Hydraulic System,74.408,1.565,78.751,51.577,1853.845,153.55,24.132,77.371,377,61.583,26.103,Normal,0,0
A034,2025-01-02 18:00:00,A034-HYD,Hydraulic System,69.898,3.047,75.219,56.281,1708.84,151.486,23.976,73.009,242,47.421,33.322,Normal,0,0
A034,2025-01-02 19:00:00,A034-HYD,Hydraulic System,75.048,2.874,74.085,56.868,1924.251,153.337,23.693,76.424,425,43.96,34.327,Normal,0,0
A034,2025-01-02 20:00:00,A034-HYD,Hydraulic System,73.126,1.787,75.688,56.55,1740.379,144.053,24.944,76.723,208,63.657,26.909,Normal,0,0
A034,2025-01-02 22:00:00,A034-HYD,Hydraulic System,71.598,2.253,76.028,55.987,1800.862,146.541,24.181,73.756,406,53.683,19.975,Normal,0,0
A034,2025-01-03 04:00:00,A034-HYD,Hydraulic System,72.256,2.745,79.952,56.675,1970.849,147.878,24.156,75.75,279,50.456,38.897,Normal,0,0
A034,2025-01-03 09:00:00,A034-HYD,Hydraulic System,74.115,2.479,77.522,53.284,1684.027,146.216,23.718,79.458,521,76.775,30.233,Normal,0,0
A034,2025-01-03 12:00:00,A034-HYD,Hydraulic System,71.731,2.224,75.47,55.602,1854.209,144.931,24.039,75.505,505,59.662,27.736,Normal,0,0
A034,2025-01-03 16:00:00,A034-HYD,Hydraulic System,72.575,3.276,81.067,52.492,1685.534,153.477,23.446,75.851,226,50.248,34.833,Normal,0,1
A034,2025-01-03 17:00:00,A034-HYD,Hydraulic System,74.869,2.309,77.029,55.916,1632.057,145.281,24.621,75.887,201,53.911,29.124,Normal,0,0
A034,2025-01-03 18:00:00,A034-HYD,Hydraulic System,75.592,2.332,76.134,53.898,1601.324,150.235,23.437,79.214,214,56.463,27.746,Normal,0,0
A034,2025-01-03 22:00:00,A034-HYD,Hydraulic System,75.473,2.535,77.721,55.255,1739.913,149.363,23.612,77.026,556,58.143,33.092,Normal,0,0
A034,2025-01-04 18:00:00,A034-HYD,Hydraulic System,78.901,2.848,79.9,54.766,1821.279,147.918,23.969,75.868,302,52.987,37.528,Normal,0,0
A034,2025-01-04 21:00:00,A034-HYD,Hydraulic System,72.728,2.16,78.979,55.996,1856.544,156.355,24.151,74.975,267,55.271,30.8,Normal,0,0
A034,2025-01-05 01:00:00,A034-HYD,Hydraulic System,76.488,2.679,77.121,50.456,1815.176,141.716,23.499,76.405,427,42.98,28.03,Normal,0,0
A034,2025-01-05 04:00:00,A034-HYD,Hydraulic System,88.963,5.213,69.946,54.104,1734.065,134.017,23.735,79.418,390,43.917,30.683,Warning,1,1
A034,2025-01-05 07:00:00,A034-HYD,Hydraulic System,76.557,2.679,76.914,52.745,1638.288,152.233,22.908,78.682,602,71.967,23.587,Normal,0,0
A034,2025-01-05 09:00:00,A034-HYD,Hydraulic System,74.239,2.744,76.069,53.996,1844.418,142.506,23.97,78.302,567,55.742,41.028,Normal,0,0
A034,2025-01-05 10:00:00,A034-HYD,Hydraulic System,77.601,2.457,77.079,57.241,1924.106,148.474,23.872,76.346,601,59.133,28.215,Normal,0,0
A034,2025-01-05 12:00:00,A034-HYD,Hydraulic System,73.568,2.601,75.935,58.794,1898.026,148.162,23.52,80.489,345,65.252,30.868,Normal,0,0
A034,2025-01-05 16:00:00,A034-HYD,Hydraulic System,78.988,3.122,76.89,55.589,1675.657,149.546,23.296,81.116,574,59.99,28.853,Normal,0,0
A034,2025-01-05 17:00:00,A034-HYD,Hydraulic System,89.629,4.642,66.098,50.856,1734.295,133.45,23.462,75.149,369,61.169,30.813,Warning,1,1
A034,2025-01-05 22:00:00,A034-HYD,Hydraulic System,74.631,2.624,74.963,51.983,1712.919,151.825,23.925,75.589,533,67.769,28.125,Normal,0,0
A034,2025-01-05 23:00:00,A034-HYD,Hydraulic System,73.983,2.48,81.601,52.905,1763.946,153.73,24.305,77.584,295,54.303,30.541,Normal,0,0
A034,2025-01-06 02:00:00,A034-HYD,Hydraulic System,77.332,2.819,74.839,55.322,1837.76,149.462,23.829,80.722,308,55.319,31.001,Normal,0,1
A034,2025-01-06 05:00:00,A034-HYD,Hydraulic System,73.362,2.029,77.808,53.806,1779.246,147.789,23.42,75.814,583,58.247,25.029,Normal,0,0
A034,2025-01-06 08:00:00,A034-HYD,Hydraulic System,75.619,3.009,75.877,53.237,1872.692,163.091,23.777,78.542,325,59.385,29.626,Normal,0,1
A034,2025-01-06 17:00:00,A034-HYD,Hydraulic System,72.816,3.343,75.64,52.991,2001.323,150.778,23.677,79.651,323,50.671,28.071,Normal,0,0
A034,2025-01-06 20:00:00,A034-HYD,Hydraulic System,73.004,2.44,78.135,53.174,1799.064,154.64,23.851,78.635,385,48.074,26.467,Normal,0,0
A034,2025-01-06 23:00:00,A034-HYD,Hydraulic System,76.864,3.089,75.561,53.488,1763.021,145.855,23.495,79.963,545,66.282,21.575,Normal,0,0
A034,2025-01-07 09:00:00,A034-HYD,Hydraulic System,74.789,3.239,74.584,56.337,1716.261,147.79,24.21,84.394,526,57.047,29.771,Normal,0,0
A034,2025-01-07 20:00:00,A034-HYD,Hydraulic System,76.109,2.367,75.793,54.084,1947.889,148.952,23.798,78.14,404,42.591,28.221,Normal,0,0
A034,2025-01-08 13:00:00,A034-HYD,Hydraulic System,78.47,2.838,76.087,52.782,1861.273,143.261,23.875,80.006,582,70.491,25.932,Normal,0,0
A034,2025-01-08 17:00:00,A034-HYD,Hydraulic System,80.92,2.11,77.4,51.447,1939.603,146.488,23.842,78.932,359,69.164,36.211,Normal,0,1
A034,2025-01-08 19:00:00,A034-HYD,Hydraulic System,76.352,2.91,75.697,52.675,1823.31,143.794,24.445,79.684,576,71.109,26.142,Normal,0,0
A034,2025-01-09 02:00:00,A034-HYD,Hydraulic System,79.731,3.499,74.739,52.67,1982.906,152.301,24.238,78.582,657,67.128,33.051,Normal,0,0
A034,2025-01-09 08:00:00,A034-HYD,Hydraulic System,78.254,3.099,74.675,48.288,1756.285,147.578,23.657,77.694,435,59.891,21.988,Normal,0,0
A034,2025-01-09 15:00:00,A034-HYD,Hydraulic System,76.578,2.594,71.878,53.736,1768.809,156.094,23.393,79.652,400,73.475,28.01,Normal,0,0
A034,2025-01-09 16:00:00,A034-HYD,Hydraulic System,81.013,2.892,68.861,52.927,1836.717,156.568,22.982,82.706,347,67.726,31.682,Normal,0,0
A034,2025-01-09 17:00:00,A034-HYD,Hydraulic System,77.649,2.876,76.123,52.137,1715.668,154.582,23.005,81.398,472,57.061,29.8,Normal,0,0
A034,2025-01-09 19:00:00,A034-HYD,Hydraulic System,76.618,3.454,77.839,48.494,1870.025,149.134,23.393,84.536,564,72.023,29.879,Normal,0,0
A034,2025-01-10 02:00:00,A034-HYD,Hydraulic System,77.903,2.802,73.457,55.097,1784.342,147.877,23.391,77.733,327,55.937,26.496,Normal,0,1
A034,2025-01-10 05:00:00,A034-HYD,Hydraulic System,78.22,2.83,74.201,54.528,1992.436,148.343,23.118,83.797,501,68.454,35.581,Normal,0,0
A034,2025-01-10 12:00:00,A034-HYD,Hydraulic System,79.934,2.236,72.895,49.198,1742.057,143.14,22.862,82.474,472,70.61,25.202,Normal,0,0
A034,2025-01-10 20:00:00,A034-HYD,Hydraulic System,82.164,3.522,75.69,54.243,1905.614,156.009,22.802,82.583,343,70.701,38.162,Normal,0,0
A034,2025-01-11 00:00:00,A034-HYD,Hydraulic System,80.634,3.38,73.681,51.491,1851.16,145.824,23.378,83.045,550,65.911,32.424,Normal,0,1
A034,2025-01-11 04:00:00,A034-HYD,Hydraulic System,79.713,3.105,75.561,53.302,1916.371,153.737,23.751,80.771,679,78.669,34.151,Normal,0,1
A034,2025-01-11 07:00:00,A034-HYD,Hydraulic System,78.381,3.296,74.834,53.494,1800.649,147.776,23.065,81.556,679,62.502,32.223,Normal,0,0
A034,2025-01-11 08:00:00,A034-HYD,Hydraulic System,79.858,3.11,74.064,54.848,1839.824,140.734,22.437,79.344,721,78.524,36.623,Normal,0,0
A034,2025-01-11 11:00:00,A034-HYD,Hydraulic System,81.411,2.988,77.432,54.923,1843.596,145.191,22.673,83.216,578,73.2,37.873,Normal,0,0
A034,2025-01-11 12:00:00,A034-HYD,Hydraulic System,84.161,3.33,74.86,51.966,1719.401,148.75,22.979,78.844,450,78.203,27.494,Normal,0,1
A034,2025-01-11 15:00:00,A034-HYD,Hydraulic System,81.205,2.695,72.465,53.658,1847.976,151.241,23.696,79.876,475,57.32,31.485,Normal,0,0
A034,2025-01-11 17:00:00,A034-HYD,Hydraulic System,72.603,3.33,74.298,53.925,1850.1,150.59,23.222,78.921,513,55.379,29.596,Normal,0,1
A034,2025-01-11 21:00:00,A034-HYD,Hydraulic System,79.561,2.606,75.596,52.873,1799.567,148.364,22.822,79.367,521,68.206,31.343,Normal,0,0
A034,2025-01-11 23:00:00,A034-HYD,Hydraulic System,79.601,2.769,74.345,54.333,1865.003,146.359,22.842,79.191,671,62.052,20.181,Normal,0,1
A034,2025-01-12 02:00:00,A034-HYD,Hydraulic System,76.505,3.395,74.119,52.818,1881.754,142.644,23.954,80.565,746,74.788,31.989,Normal,0,1
A034,2025-01-12 09:00:00,A034-HYD,Hydraulic System,81.7,3.085,71.389,53.594,1710.268,142.496,23.233,80.78,762,73.912,33.491,Normal,0,1
A034,2025-01-12 11:00:00,A034-HYD,Hydraulic System,81.656,3.49,70.678,51.648,1789.114,145.569,22.855,81.863,389,67.799,36.831,Normal,0,1
A034,2025-01-12 12:00:00,A034-HYD,Hydraulic System,83.271,2.708,71.183,49.261,1837.713,146.375,23.617,82.103,775,66.07,36.456,Normal,0,1
A034,2025-01-12 13:00:00,A034-HYD,Hydraulic System,78.728,3.87,71.799,54.401,1655.802,146.716,23.202,79.93,521,69.324,32.066,Normal,0,0
A034,2025-01-12 18:00:00,A034-HYD,Hydraulic System,79.916,3.477,73.687,48.445,1795.718,150.715,23.378,78.724,562,66.484,36.782,Normal,0,1
A034,2025-01-12 20:00:00,A034-HYD,Hydraulic System,84.824,3.19,74.201,51.617,1791.236,144.653,23.185,80.085,601,67.809,38.145,Normal,0,1
A034,2025-01-13 06:00:00,A034-HYD,Hydraulic System,84.64,3.493,74.365,54.08,1885.653,141.925,23.608,83.625,592,67.165,21.567,Warning,1,0
A034,2025-01-13 09:00:00,A034-HYD,Hydraulic System,77.679,3.732,72.559,52.696,1739.953,149.578,22.299,81.07,774,70.119,32.179,Normal,0,0
A034,2025-01-13 23:00:00,A034-HYD,Hydraulic System,83.604,3.495,74.288,50.156,1778.733,139.647,22.643,79.905,693,81.332,37.357,Warning,1,0
A034,2025-01-14 00:00:00,A034-HYD,Hydraulic System,84.275,4.106,69.489,51.254,1657.72,150.58,23.141,80.574,739,80.56,24.766,Warning,1,1
A034,2025-01-14 09:00:00,A034-HYD,Hydraulic System,82.757,3.19,69.036,54.479,1791.29,146.729,23.072,86.193,758,60.778,34.913,Normal,0,1
A034,2025-01-14 12:00:00,A034-HYD,Hydraulic System,80.597,3.66,69.222,50.791,1682.384,144.626,23.457,84.964,582,69.616,30.523,Warning,1,1
A034,2025-01-14 16:00:00,A034-HYD,Hydraulic System,79.563,3.562,67.667,52.567,1726.656,148.631,23.085,80.642,577,73.744,23.225,Warning,1,1
A034,2025-01-15 03:00:00,A034-HYD,Hydraulic System,78.829,3.378,73.884,56.72,1673.296,149.183,23.049,85.389,773,65.199,33.747,Normal,0,1
A034,2025-01-15 06:00:00,A034-HYD,Hydraulic System,82.031,3.092,68.389,51.905,1779.416,148.807,22.916,84.84,699,67.99,36.409,Warning,1,1
A034,2025-01-15 16:00:00,A034-HYD,Hydraulic System,82.574,3.901,70.162,51.269,1746.836,149.623,23.4,85.099,467,79.946,29.591,Warning,1,1
A034,2025-01-15 19:00:00,A034-HYD,Hydraulic System,83.3,3.326,64.491,51.887,1739.417,154.672,22.611,84.476,742,66.502,30.392,Warning,1,0
A034,2025-01-15 20:00:00,A034-HYD,Hydraulic System,81.21,3.474,71.778,55.21,1922.375,141.205,22.867,85.548,748,73.407,28.271,Warning,1,0
A034,2025-01-16 03:00:00,A034-HYD,Hydraulic System,85.484,4.354,68.396,48.013,1822.238,143.438,23.196,83.824,586,68.225,30.768,Warning,1,0
A034,2025-01-16 04:00:00,A034-HYD,Hydraulic System,81.553,3.694,68.99,52.362,1663.73,142.621,22.701,87.239,772,76.717,25.375,Warning,1,1
A034,2025-01-16 11:00:00,A034-HYD,Hydraulic System,86.109,3.708,75.01,54.123,1786.06,137.731,22.771,81.799,584,76.831,23.76,Warning,1,1
A034,2025-01-16 21:00:00,A034-HYD,Hydraulic System,88.112,4.007,74.028,50.293,1805.055,135.415,23.406,85.128,746,79.583,38.861,Warning,1,0
A034,2025-01-16 23:00:00,A034-HYD,Hydraulic System,84.001,3.335,71.267,50.709,1709.463,147.544,23.478,84.64,860,63.964,27.912,Warning,1,0
A034,2025-01-17 01:00:00,A034-HYD,Hydraulic System,84.739,3.903,68.989,47.125,1837.25,141.504,22.582,87.213,524,73.479,32.856,Warning,1,1
A034,2025-01-17 04:00:00,A034-HYD,Hydraulic System,86.188,3.749,68.255,51.721,1862.299,149.799,22.866,84.882,527,79.58,19.571,Warning,1,1
A034,2025-01-17 09:00:00,A034-HYD,Hydraulic System,85.3,3.88,71.151,51.33,1798.911,143.29,22.639,83.54,681,66.031,27.452,Warning,1,0
A034,2025-01-17 10:00:00,A034-HYD,Hydraulic System,87.941,4.359,72.03,55.42,1746.151,142.426,22.231,85.367,829,70.791,37.744,Warning,1,1
A034,2025-01-17 13:00:00,A034-HYD,Hydraulic System,80.749,2.78,70.13,50.755,1847.858,147.08,23.248,86.988,645,73.685,36.009,Warning,1,0
A035,2025-01-01 00:00:00,A035-HYD,Hydraulic System,73.592,1.401,75.097,58.707,1986.396,145.731,23.928,79.251,423,52.146,33.605,Normal,0,0
A035,2025-01-01 02:00:00,A035-HYD,Hydraulic System,72.976,1.904,78.366,53.803,1755.72,149.517,23.941,77.409,205,63.964,33.036,Normal,0,0
A035,2025-01-01 05:00:00,A035-HYD,Hydraulic System,74.009,2.497,81.527,58.623,1728.003,142.353,23.688,72.352,496,54.449,32.595,Normal,0,0
A035,2025-01-01 08:00:00,A035-HYD,Hydraulic System,72.44,2.769,77.845,55.632,1907.252,151.447,23.942,76.118,203,61.7,31.842,Normal,0,0
A035,2025-01-01 15:00:00,A035-HYD,Hydraulic System,70.058,2.926,78.389,53.619,1860.269,150.009,24.005,75.891,249,45.528,19.907,Normal,0,1
A035,2025-01-01 17:00:00,A035-HYD,Hydraulic System,73.602,1.939,79.298,52.997,1811.917,145.866,23.724,73.421,473,47.549,31.404,Normal,0,0
A035,2025-01-01 21:00:00,A035-HYD,Hydraulic System,68.539,2.223,77.346,52.529,1921.327,147.769,24.009,75.308,260,61.221,32.243,Normal,0,0
A035,2025-01-01 23:00:00,A035-HYD,Hydraulic System,71.25,2.375,76.651,49.837,1721.975,149.967,23.792,72.502,187,55.645,20.272,Normal,0,0
A035,2025-01-02 01:00:00,A035-HYD,Hydraulic System,75.099,2.808,77.307,52.635,1979.695,146.47,24.343,78.491,216,44.639,31.78,Normal,0,0
A035,2025-01-02 02:00:00,A035-HYD,Hydraulic System,75.788,2.347,74.582,54.644,1772.032,143.875,24.41,74.02,322,45.139,30.892,Normal,0,1
A035,2025-01-02 07:00:00,A035-HYD,Hydraulic System,70.709,1.997,77.609,54.168,1724.09,154.118,23.948,76.872,134,64.813,36.499,Normal,0,0
A035,2025-01-02 09:00:00,A035-HYD,Hydraulic System,75.944,1.844,72.838,54.844,1725.229,143.146,24.61,75.394,502,54.954,31.775,Normal,0,0
A035,2025-01-02 11:00:00,A035-HYD,Hydraulic System,73.505,2.745,75.35,58.864,1827.413,153.923,24.652,75.805,500,54.088,27.279,Normal,0,0
A035,2025-01-02 13:00:00,A035-HYD,Hydraulic System,74.741,2.195,76.478,55.949,1831.148,148.607,23.851,76.308,243,49.34,28.34,Normal,0,0
A035,2025-01-02 20:00:00,A035-HYD,Hydraulic System,70.02,2.175,78.416,57.336,1816.446,149.241,23.816,73.445,216,46.228,29.603,Normal,0,0
A035,2025-01-02 21:00:00,A035-HYD,Hydraulic System,72.985,2.532,75.549,54.66,1632.839,148.071,23.724,74.126,232,60.0,34.166,Normal,0,0
A035,2025-01-03 03:00:00,A035-HYD,Hydraulic System,74.755,3.436,74.989,55.764,1787.781,155.419,23.152,72.88,466,55.147,32.891,Normal,0,0
A035,2025-01-03 08:00:00,A035-HYD,Hydraulic System,72.141,2.957,77.534,55.696,1840.749,155.203,24.124,76.888,312,55.213,31.262,Normal,0,0
A035,2025-01-03 09:00:00,A035-HYD,Hydraulic System,76.828,2.449,74.612,55.801,1925.609,154.383,23.363,80.512,223,58.154,31.273,Normal,0,0
A035,2025-01-03 13:00:00,A035-HYD,Hydraulic System,80.88,4.334,67.069,55.854,1796.546,137.596,23.56,77.478,237,62.063,41.325,Warning,1,1
A035,2025-01-03 18:00:00,A035-HYD,Hydraulic System,76.468,2.249,75.365,52.165,1775.409,149.799,23.329,79.066,422,46.008,36.385,Normal,0,0
A035,2025-01-04 01:00:00,A035-HYD,Hydraulic System,72.1,2.759,78.057,53.732,1943.843,144.375,23.498,82.318,225,58.976,22.782,Normal,0,0
A035,2025-01-04 02:00:00,A035-HYD,Hydraulic System,75.459,2.815,75.829,48.881,1706.974,147.473,23.685,78.442,280,65.678,24.168,Normal,0,0
A035,2025-01-04 04:00:00,A035-HYD,Hydraulic System,77.593,2.447,76.86,55.143,1718.355,146.713,23.55,78.455,327,62.756,32.898,Normal,0,0
A035,2025-01-04 06:00:00,A035-HYD,Hydraulic System,74.336,2.437,73.599,55.476,1787.469,143.696,23.857,77.769,196,59.217,34.057,Normal,0,0
A035,2025-01-04 12:00:00,A035-HYD,Hydraulic System,72.793,2.534,76.174,51.685,1747.857,143.943,23.227,77.614,215,74.079,34.962,Normal,0,1
A035,2025-01-04 15:00:00,A035-HYD,Hydraulic System,75.362,2.669,79.867,55.477,1745.027,145.82,23.755,78.751,359,46.007,21.237,Normal,0,0
A035,2025-01-04 16:00:00,A035-HYD,Hydraulic System,79.54,2.864,77.685,54.35,1733.004,147.136,23.101,78.934,486,54.999,26.537,Normal,0,0
A035,2025-01-04 18:00:00,A035-HYD,Hydraulic System,73.399,2.436,71.558,53.361,1711.627,148.409,23.893,78.349,392,58.598,31.997,Normal,0,0
A035,2025-01-04 22:00:00,A035-HYD,Hydraulic System,78.689,2.254,77.408,55.91,1685.19,153.394,24.768,79.957,448,72.031,23.742,Normal,0,0
A035,2025-01-04 23:00:00,A035-HYD,Hydraulic System,80.056,2.553,73.528,54.841,1729.208,154.802,22.961,76.685,555,40.864,31.938,Normal,0,0
A035,2025-01-05 02:00:00,A035-HYD,Hydraulic System,77.651,2.557,73.689,54.573,1760.651,154.714,23.061,77.004,344,56.818,25.744,Normal,0,0
A035,2025-01-05 06:00:00,A035-HYD,Hydraulic System,74.883,2.818,76.852,55.822,1651.312,146.357,24.067,75.164,257,47.505,32.326,Normal,0,0
A035,2025-01-05 08:00:00,A035-HYD,Hydraulic System,77.518,3.187,75.188,53.075,1954.324,149.344,23.853,76.876,424,46.522,35.287,Normal,0,0
A035,2025-01-05 11:00:00,A035-HYD,Hydraulic System,79.509,2.857,70.944,53.675,1780.633,148.305,23.309,80.535,339,51.115,30.168,Normal,0,0
A035,2025-01-05 18:00:00,A035-HYD,Hydraulic System,73.921,2.859,72.361,55.748,1839.017,145.557,23.934,75.799,525,67.895,35.637,Normal,0,0
A035,2025-01-05 20:00:00,A035-HYD,Hydraulic System,75.796,3.342,77.19,54.494,1737.395,147.228,23.861,81.732,552,56.133,20.494,Normal,0,0
A035,2025-01-05 22:00:00,A035-HYD,Hydraulic System,87.543,5.047,61.96,56.567,1927.83,130.355,23.772,80.073,593,46.115,33.066,Warning,1,0
A035,2025-01-06 03:00:00,A035-HYD,Hydraulic System,73.56,3.552,71.964,54.993,1754.61,153.858,23.267,78.615,317,62.415,35.402,Normal,0,0
A035,2025-01-06 06:00:00,A035-HYD,Hydraulic System,77.373,2.977,73.477,56.24,1777.766,153.277,23.512,75.106,336,55.999,28.87,Normal,0,0
A035,2025-01-06 16:00:00,A035-HYD,Hydraulic System,76.422,3.149,72.873,54.513,1840.052,153.55,23.365,76.444,534,66.317,28.22,Normal,0,0
A035,2025-01-06 18:00:00,A035-HYD,Hydraulic System,78.981,2.689,71.915,52.934,1859.668,147.456,23.379,80.475,584,64.013,18.007,Normal,0,0
A035,2025-01-06 22:00:00,A035-HYD,Hydraulic System,73.734,2.96,76.851,56.707,1740.906,149.694,23.283,78.262,623,66.448,22.967,Normal,0,0
A035,2025-01-07 04:00:00,A035-HYD,Hydraulic System,81.274,2.895,76.495,56.584,1793.564,151.492,24.163,78.096,635,63.722,36.547,Normal,0,0
A035,2025-01-07 06:00:00,A035-HYD,Hydraulic System,71.011,2.57,78.879,53.162,1816.394,154.866,23.357,78.376,531,58.006,38.876,Normal,0,0
A035,2025-01-07 07:00:00,A035-HYD,Hydraulic System,76.638,2.822,75.761,53.518,1809.07,151.861,23.622,80.022,344,68.164,22.075,Normal,0,0
A035,2025-01-07 12:00:00,A035-HYD,Hydraulic System,75.76,3.174,75.134,56.944,1845.407,145.788,23.789,77.888,506,54.527,30.346,Normal,0,0
A035,2025-01-07 18:00:00,A035-HYD,Hydraulic System,78.239,2.374,73.009,50.057,1626.243,150.153,23.534,80.597,490,80.262,26.189,Normal,0,1
A035,2025-01-08 00:00:00,A035-HYD,Hydraulic System,82.131,6.642,63.081,54.591,1628.473,139.559,23.392,78.991,366,64.645,29.502,Warning,1,0
A035,2025-01-08 04:00:00,A035-HYD,Hydraulic System,76.329,3.495,76.946,53.223,1669.842,150.631,23.548,77.053,329,60.876,26.975,Normal,0,0
A035,2025-01-08 06:00:00,A035-HYD,Hydraulic System,75.585,3.003,75.942,55.522,1786.602,149.322,22.917,77.849,315,68.931,27.429,Normal,0,0
A035,2025-01-08 13:00:00,A035-HYD,Hydraulic System,75.861,3.462,77.48,54.658,1616.201,146.043,23.876,78.149,478,54.128,31.847,Normal,0,1
A035,2025-01-08 15:00:00,A035-HYD,Hydraulic System,78.733,3.207,73.089,50.297,1799.818,145.548,23.434,82.286,498,56.463,20.503,Normal,0,0
A035,2025-01-08 16:00:00,A035-HYD,Hydraulic System,77.48,2.41,72.43,51.398,1743.462,154.568,23.647,82.75,553,69.055,35.97,Normal,0,1
A035,2025-01-08 19:00:00,A035-HYD,Hydraulic System,77.723,3.351,70.372,54.817,1842.994,140.186,23.852,81.506,363,72.994,31.799,Normal,0,1
A035,2025-01-09 07:00:00,A035-HYD,Hydraulic System,77.962,3.255,75.809,55.917,1903.616,151.491,23.326,79.947,423,69.276,32.077,Normal,0,0
A035,2025-01-09 08:00:00,A035-HYD,Hydraulic System,76.336,3.114,75.694,50.149,1899.618,145.921,22.96,76.218,542,78.498,25.719,Normal,0,0
A035,2025-01-09 13:00:00,A035-HYD,Hydraulic System,79.388,3.196,75.866,53.06,1504.577,155.646,22.933,80.704,443,61.674,28.803,Normal,0,0
A035,2025-01-09 18:00:00,A035-HYD,Hydraulic System,81.067,3.144,72.738,54.858,1773.519,152.219,23.776,84.17,565,67.802,33.192,Normal,0,1
A035,2025-01-09 21:00:00,A035-HYD,Hydraulic System,82.182,3.036,70.606,53.825,1810.112,141.608,23.327,81.926,687,77.237,25.911,Normal,0,0
A035,2025-01-09 22:00:00,A035-HYD,Hydraulic System,78.447,3.126,76.761,53.653,1911.06,148.598,23.663,81.403,468,58.553,28.212,Normal,0,0
A035,2025-01-10 00:00:00,A035-HYD,Hydraulic System,78.238,3.265,73.547,52.824,1800.09,148.026,23.642,80.653,539,64.037,30.926,Normal,0,1
A035,2025-01-10 03:00:00,A035-HYD,Hydraulic System,84.027,2.903,74.08,51.964,1967.544,145.857,23.638,82.26,716,64.808,35.457,Normal,0,1
A035,2025-01-10 08:00:00,A035-HYD,Hydraulic System,77.147,2.863,71.094,49.791,1692.747,141.352,23.052,82.872,421,62.595,24.458,Normal,0,0
A035,2025-01-10 09:00:00,A035-HYD,Hydraulic System,91.543,5.392,61.437,49.861,1736.83,142.806,22.35,78.201,627,58.848,28.017,Warning,1,1
A035,2025-01-10 18:00:00,A035-HYD,Hydraulic System,83.501,3.297,67.116,54.689,1796.311,150.359,23.581,78.602,526,67.662,39.149,Normal,0,0
A035,2025-01-10 23:00:00,A035-HYD,Hydraulic System,80.095,3.596,72.876,52.118,1717.689,145.579,23.265,82.675,405,63.245,20.292,Normal,0,1
A035,2025-01-11 01:00:00,A035-HYD,Hydraulic System,79.359,3.042,71.563,53.555,1715.971,149.254,22.691,81.749,498,62.881,38.812,Normal,0,0
A035,2025-01-11 03:00:00,A035-HYD,Hydraulic System,76.963,3.483,71.582,53.901,1882.231,147.776,22.639,82.264,550,59.203,27.267,Normal,0,0
A035,2025-01-11 04:00:00,A035-HYD,Hydraulic System,82.535,3.296,71.022,49.452,1803.912,152.708,23.314,82.846,476,81.537,29.185,Warning,1,0
A035,2025-01-11 07:00:00,A035-HYD,Hydraulic System,79.23,3.411,76.507,53.445,1710.838,140.259,23.368,80.069,395,69.521,28.97,Normal,0,0
A035,2025-01-11 11:00:00,A035-HYD,Hydraulic System,75.709,3.713,71.828,53.651,1785.88,152.326,22.859,82.3,375,83.18,28.91,Warning,1,0
A035,2025-01-11 13:00:00,A035-HYD,Hydraulic System,78.53,3.266,71.455,55.686,1908.664,150.361,22.45,82.16,494,68.147,33.819,Normal,0,1
A035,2025-01-11 15:00:00,A035-HYD,Hydraulic System,78.659,3.327,74.459,52.178,1881.484,149.133,23.623,79.356,616,63.772,27.394,Normal,0,1
A035,2025-01-11 20:00:00,A035-HYD,Hydraulic System,78.178,3.878,72.531,52.517,1654.002,151.268,22.702,79.173,516,53.636,27.946,Normal,0,0
A035,2025-01-12 04:00:00,A035-HYD,Hydraulic System,93.395,6.474,58.829,55.826,1818.538,139.064,23.142,82.387,646,50.534,26.337,Warning,1,1
A035,2025-01-12 10:00:00,A035-HYD,Hydraulic System,75.345,2.737,73.521,52.093,1706.598,149.671,23.03,78.876,707,69.601,32.6,Normal,0,0
A035,2025-01-12 12:00:00,A035-HYD,Hydraulic System,75.528,3.792,74.578,54.907,1796.187,149.56,23.807,79.316,384,77.886,30.665,Warning,1,0
A035,2025-01-12 14:00:00,A035-HYD,Hydraulic System,82.614,3.501,72.906,52.511,1888.538,155.419,23.035,84.058,453,61.973,27.33,Normal,0,0
A035,2025-01-12 19:00:00,A035-HYD,Hydraulic System,79.61,2.977,72.011,52.267,1913.324,142.258,22.836,83.046,411,71.747,30.476,Normal,0,0
A035,2025-01-12 22:00:00,A035-HYD,Hydraulic System,82.286,2.967,69.114,55.176,1863.562,150.746,22.744,81.148,670,79.149,34.161,Warning,1,0
A035,2025-01-13 05:00:00,A035-HYD,Hydraulic System,84.039,2.955,74.204,53.281,1908.284,148.633,23.244,82.002,694,68.472,37.874,Normal,0,0
A035,2025-01-13 12:00:00,A035-HYD,Hydraulic System,86.76,3.316,78.192,52.849,1776.185,144.845,23.351,81.207,749,69.963,24.352,Warning,1,0
A035,2025-01-13 13:00:00,A035-HYD,Hydraulic System,79.688,3.634,70.388,51.776,1918.991,149.765,23.539,80.794,675,76.038,29.757,Warning,1,0
A035,2025-01-13 14:00:00,A035-HYD,Hydraulic System,79.637,3.861,72.682,50.159,1954.642,148.032,22.996,85.322,430,58.406,28.101,Normal,0,0
A035,2025-01-13 18:00:00,A035-HYD,Hydraulic System,86.547,4.002,71.338,50.429,1930.122,142.895,22.919,82.605,667,63.746,39.469,Warning,1,0
A035,2025-01-13 23:00:00,A035-HYD,Hydraulic System,77.861,3.442,71.699,54.434,1696.099,144.444,23.17,85.052,426,79.28,34.813,Warning,1,1
A035,2025-01-14 01:00:00,A035-HYD,Hydraulic System,80.997,3.286,67.216,50.023,1714.984,148.221,22.547,84.923,756,78.043,26.8,Warning,1,1
A035,2025-01-14 06:00:00,A035-HYD,Hydraulic System,78.169,4.448,74.292,54.806,1799.473,150.037,22.57,83.644,735,72.664,26.298,Warning,1,1
A035,2025-01-14 08:00:00,A035-HYD,Hydraulic System,79.535,3.297,72.764,51.356,1581.098,150.294,23.062,84.797,476,58.343,32.8,Normal,0,0
A035,2025-01-14 18:00:00,A035-HYD,Hydraulic System,89.526,3.201,67.747,52.643,1800.874,147.057,23.324,84.927,820,70.886,21.995,Warning,1,1
A035,2025-01-14 20:00:00,A035-HYD,Hydraulic System,83.139,3.735,68.896,53.591,1886.921,144.539,23.11,81.942,798,78.037,30.016,Warning,1,0
A035,2025-01-14 23:00:00,A035-HYD,Hydraulic System,79.149,3.681,73.463,50.55,1816.924,144.213,22.943,83.054,572,77.359,19.19,Warning,1,1
A035,2025-01-15 03:00:00,A035-HYD,Hydraulic System,84.164,4.205,69.427,52.841,1656.627,149.439,23.528,82.304,604,74.361,25.876,Warning,1,1
A035,2025-01-15 13:00:00,A035-HYD,Hydraulic System,88.662,3.246,72.561,50.732,1849.315,148.173,22.803,84.903,734,76.663,32.05,Warning,1,0
A035,2025-01-15 14:00:00,A035-HYD,Hydraulic System,81.321,3.219,66.679,49.594,1756.197,136.729,22.697,88.003,577,78.467,36.826,Warning,1,1
A035,2025-01-15 16:00:00,A035-HYD,Hydraulic System,86.589,3.994,69.824,50.878,1810.835,145.89,23.302,82.497,511,83.159,18.578,Warning,1,1
A035,2025-01-15 17:00:00,A035-HYD,Hydraulic System,84.336,3.764,71.778,52.698,1822.432,141.727,23.399,86.666,837,71.98,31.647,Warning,1,1
A035,2025-01-15 18:00:00,A035-HYD,Hydraulic System,98.278,6.454,53.752,55.273,2113.63,134.79,22.77,83.313,700,64.494,18.63,Warning,1,1
A035,2025-01-15 19:00:00,A035-HYD,Hydraulic System,84.871,4.214,69.009,52.985,1867.656,138.005,22.379,86.441,763,70.97,35.354,Warning,1,1
A035,2025-01-16 10:00:00,A035-HYD,Hydraulic System,84.987,3.599,73.745,54.432,1700.455,140.366,22.845,81.852,521,71.569,28.891,Warning,1,0
A035,2025-01-16 11:00:00,A035-HYD,Hydraulic System,84.215,3.919,69.047,52.216,1743.044,146.002,22.699,83.29,483,68.86,28.206,Warning,1,1
A035,2025-01-17 04:00:00,A035-HYD,Hydraulic System,82.828,3.656,67.314,53.059,1827.146,142.756,23.208,80.305,843,62.17,41.15,Warning,1,0
A035,2025-01-17 08:00:00,A035-HYD,Hydraulic System,83.433,3.568,69.698,52.702,1639.018,147.411,22.562,87.681,880,86.431,27.16,Warning,1,1
A035,2025-01-17 09:00:00,A035-HYD,Hydraulic System,93.939,8.402,56.328,50.152,1706.763,127.37,22.459,85.701,792,74.353,24.436,Warning,1,1
A035,2025-01-17 11:00:00,A035-HYD,Hydraulic System,81.831,4.466,69.343,53.171,1661.712,137.848,23.57,87.869,538,89.966,28.031,Warning,1,1
A035,2025-01-17 12:00:00,A035-HYD,Hydraulic System,87.494,4.244,70.636,50.17,1918.808,139.465,22.611,83.76,499,68.628,33.665,Warning,1,1
A036,2025-01-01 01:00:00,A036-HYD,Hydraulic System,70.603,1.825,78.742,53.116,1867.623,156.406,23.79,76.171,325,42.077,38.059,Normal,0,0
A036,2025-01-01 02:00:00,A036-HYD,Hydraulic System,69.9,2.67,78.367,56.917,1917.216,148.674,24.36,73.019,366,53.2,32.593,Normal,0,0
A036,2025-01-01 08:00:00,A036-HYD,Hydraulic System,70.798,1.941,75.967,55.642,1863.475,147.758,24.126,76.757,138,36.973,34.241,Normal,0,0
A036,2025-01-01 09:00:00,A036-HYD,Hydraulic System,72.895,1.457,80.858,56.649,1827.135,160.457,23.807,76.189,338,56.684,37.793,Normal,0,0
A036,2025-01-01 10:00:00,A036-HYD,Hydraulic System,67.108,1.929,77.803,54.225,1938.904,144.916,23.955,74.375,458,54.815,28.279,Normal,0,0
A036,2025-01-01 12:00:00,A036-HYD,Hydraulic System,69.396,2.307,78.486,55.113,1927.606,147.437,24.108,75.066,139,48.599,29.538,Normal,0,0
A036,2025-01-01 14:00:00,A036-HYD,Hydraulic System,66.431,2.078,78.096,55.988,1790.357,144.242,23.947,74.882,303,47.006,37.817,Normal,0,0
A036,2025-01-02 02:00:00,A036-HYD,Hydraulic System,68.594,2.649,83.883,54.714,1842.824,155.386,24.73,75.903,174,54.396,32.88,Normal,0,0
A036,2025-01-02 06:00:00,A036-HYD,Hydraulic System,68.214,1.835,75.857,55.458,1762.523,152.071,23.893,74.991,368,58.842,24.127,Normal,0,0
A036,2025-01-02 09:00:00,A036-HYD,Hydraulic System,73.948,1.902,76.479,56.088,1660.941,152.05,24.015,73.701,172,58.065,32.268,Normal,0,0
A036,2025-01-02 10:00:00,A036-HYD,Hydraulic System,69.064,2.359,80.863,56.96,1907.774,153.776,23.661,81.522,463,50.759,29.029,Normal,0,0
A036,2025-01-02 11:00:00,A036-HYD,Hydraulic System,70.2,2.466,79.512,56.973,1778.914,150.463,23.822,75.847,484,59.696,33.506,Normal,0,0
A036,2025-01-02 14:00:00,A036-HYD,Hydraulic System,74.126,2.31,79.931,55.288,1643.807,149.741,24.645,74.626,423,52.47,31.453,Normal,0,0
A036,2025-01-02 16:00:00,A036-HYD,Hydraulic System,69.956,2.342,77.024,53.502,1973.263,143.528,23.821,79.001,376,55.392,32.682,Normal,0,0
A036,2025-01-02 17:00:00,A036-HYD,Hydraulic System,87.54,5.638,66.266,53.346,1745.649,134.835,23.212,75.137,475,46.596,31.442,Warning,1,0
A036,2025-01-03 02:00:00,A036-HYD,Hydraulic System,72.79,2.425,80.815,51.347,1788.926,147.726,23.61,77.939,405,54.289,30.136,Normal,0,0
A036,2025-01-03 03:00:00,A036-HYD,Hydraulic System,76.523,2.472,79.01,55.737,1776.63,149.078,23.841,76.515,176,65.782,20.403,Normal,0,0
A036,2025-01-03 04:00:00,A036-HYD,Hydraulic System,80.714,3.834,62.892,55.325,1819.494,140.957,23.893,76.751,439,56.033,30.755,Warning,1,1
A036,2025-01-03 08:00:00,A036-HYD,Hydraulic System,74.721,2.822,73.757,56.697,1810.146,150.297,23.839,76.02,420,60.973,35.456,Normal,0,0
A036,2025-01-03 11:00:00,A036-HYD,Hydraulic System,83.952,6.502,69.588,52.922,1942.255,132.444,24.042,76.296,437,54.729,27.795,Warning,1,1
A036,2025-01-03 13:00:00,A036-HYD,Hydraulic System,75.759,2.262,79.175,56.291,1709.106,150.963,23.509,75.914,193,30.451,19.875,Normal,0,0
A036,2025-01-03 17:00:00,A036-HYD,Hydraulic System,69.949,2.444,78.45,53.018,1932.581,153.356,23.59,77.647,427,64.536,34.874,Normal,0,0
A036,2025-01-03 19:00:00,A036-HYD,Hydraulic System,71.88,2.093,83.313,53.196,1655.052,150.015,23.538,77.905,364,47.953,30.741,Normal,0,0
A036,2025-01-03 22:00:00,A036-HYD,Hydraulic System,70.585,2.0,76.42,50.146,1880.256,146.366,24.277,78.01,437,60.152,37.598,Normal,0,0
A036,2025-01-04 11:00:00,A036-HYD,Hydraulic System,75.41,2.612,73.838,55.141,1795.639,149.384,24.172,75.667,383,55.818,29.682,Normal,0,0
A036,2025-01-04 13:00:00,A036-HYD,Hydraulic System,72.405,2.067,77.516,56.665,1839.331,151.031,23.551,79.504,544,55.668,29.874,Normal,0,0
A036,2025-01-04 22:00:00,A036-HYD,Hydraulic System,72.269,2.835,74.092,52.525,1770.403,144.665,24.065,73.786,542,40.965,27.534,Normal,0,0
A036,2025-01-04 23:00:00,A036-HYD,Hydraulic System,74.296,2.58,75.728,55.479,1779.822,154.998,23.961,78.718,326,58.657,26.781,Normal,0,0
A036,2025-01-05 02:00:00,A036-HYD,Hydraulic System,75.026,3.265,72.515,54.15,1841.154,153.073,23.65,77.205,544,57.384,27.36,Normal,0,0
A036,2025-01-05 03:00:00,A036-HYD,Hydraulic System,75.192,1.971,76.351,53.552,1879.204,150.377,24.219,80.57,486,65.509,29.722,Normal,0,0
A036,2025-01-05 08:00:00,A036-HYD,Hydraulic System,72.483,2.797,78.662,54.736,1855.514,146.808,23.565,75.925,568,53.232,22.843,Normal,0,0
A036,2025-01-05 09:00:00,A036-HYD,Hydraulic System,71.507,2.672,76.797,54.788,1929.128,155.708,23.34,77.488,361,54.086,31.346,Normal,0,0
A036,2025-01-05 10:00:00,A036-HYD,Hydraulic System,74.762,2.06,81.182,55.712,1789.35,151.498,23.792,77.222,269,49.634,28.562,Normal,0,0
A036,2025-01-05 13:00:00,A036-HYD,Hydraulic System,73.542,2.98,74.271,54.018,1793.717,154.238,24.012,77.191,561,59.897,32.65,Normal,0,0
A036,2025-01-05 16:00:00,A036-HYD,Hydraulic System,74.995,2.767,76.689,56.12,1863.208,147.886,23.1,79.065,230,59.536,16.382,Normal,0,0
A036,2025-01-05 18:00:00,A036-HYD,Hydraulic System,80.345,2.017,73.849,53.144,1869.782,145.889,24.751,78.781,560,53.968,28.129,Normal,0,0
A036,2025-01-05 19:00:00,A036-HYD,Hydraulic System,74.469,3.134,75.855,55.825,1818.013,142.888,23.534,76.135,571,56.917,32.544,Normal,0,0
A036,2025-01-05 20:00:00,A036-HYD,Hydraulic System,72.863,2.712,81.042,55.515,1824.331,151.824,23.389,79.307,471,51.39,27.128,Normal,0,0
A036,2025-01-06 00:00:00,A036-HYD,Hydraulic System,71.983,2.562,76.725,52.643,1771.591,152.727,23.513,76.564,435,61.196,33.101,Normal,0,0
A036,2025-01-06 02:00:00,A036-HYD,Hydraulic System,69.603,2.344,74.292,54.03,1882.29,146.805,23.358,76.868,278,52.651,32.917,Normal,0,0
A036,2025-01-06 06:00:00,A036-HYD,Hydraulic System,73.741,3.061,78.083,52.763,1951.29,143.733,23.377,77.174,354,33.295,21.725,Normal,0,0
A036,2025-01-06 15:00:00,A036-HYD,Hydraulic System,71.3,2.679,75.926,53.094,1726.019,148.038,24.2,77.896,310,53.067,32.284,Normal,0,0
A036,2025-01-07 03:00:00,A036-HYD,Hydraulic System,74.883,2.776,78.826,55.411,2017.011,144.459,23.468,80.338,547,61.119,24.631,Normal,0,0
A036,2025-01-07 04:00:00,A036-HYD,Hydraulic System,78.591,2.914,79.314,52.827,1905.434,155.554,23.522,77.93,527,53.083,29.282,Normal,0,0
A036,2025-01-07 05:00:00,A036-HYD,Hydraulic System,78.012,2.838,73.755,55.345,1814.697,150.936,23.988,77.303,579,61.063,29.423,Normal,0,0
A036,2025-01-07 18:00:00,A036-HYD,Hydraulic System,73.249,1.981,73.721,53.893,1741.856,150.124,23.258,79.847,499,52.757,14.6,Normal,0,0
A036,2025-01-07 19:00:00,A036-HYD,Hydraulic System,71.459,2.869,78.744,52.574,1760.785,150.849,23.246,81.919,586,62.999,31.2,Normal,0,0
A036,2025-01-07 21:00:00,A036-HYD,Hydraulic System,75.413,2.604,73.719,53.244,1751.458,151.379,23.514,81.399,541,42.746,36.978,Normal,0,0
A036,2025-01-07 22:00:00,A036-HYD,Hydraulic System,76.76,2.662,77.197,53.931,1945.747,147.126,23.796,79.765,493,46.498,33.24,Normal,0,0
A036,2025-01-08 05:00:00,A036-HYD,Hydraulic System,80.984,2.869,76.401,50.565,1909.822,144.696,23.148,76.452,451,57.761,26.249,Normal,0,0
A036,2025-01-08 06:00:00,A036-HYD,Hydraulic System,83.224,6.56,66.252,51.864,1659.18,143.62,23.398,78.416,513,49.801,36.78,Warning,1,1
A036,2025-01-08 16:00:00,A036-HYD,Hydraulic System,74.3,2.61,79.641,51.964,1780.081,147.616,23.792,77.731,367,49.74,27.967,Normal,0,0
A036,2025-01-08 19:00:00,A036-HYD,Hydraulic System,75.797,3.253,73.469,54.345,1722.03,144.848,23.75,77.2,564,61.669,34.508,Normal,0,0
A036,2025-01-09 01:00:00,A036-HYD,Hydraulic System,76.996,3.307,78.703,52.399,1668.913,150.433,23.33,80.677,400,56.586,33.221,Normal,0,0
A036,2025-01-09 03:00:00,A036-HYD,Hydraulic System,78.112,2.054,75.099,52.381,1827.918,147.344,23.206,78.374,376,60.429,24.446,Normal,0,1
A036,2025-01-09 07:00:00,A036-HYD,Hydraulic System,79.151,2.604,75.801,52.558,1953.894,145.832,23.849,83.088,527,60.433,26.06,Normal,0,0
A036,2025-01-09 08:00:00,A036-HYD,Hydraulic System,74.673,3.234,74.523,55.372,1907.464,147.259,23.671,80.097,417,53.703,20.76,Normal,0,0
A036,2025-01-09 09:00:00,A036-HYD,Hydraulic System,77.114,2.888,75.393,51.555,1798.485,143.037,23.574,76.99,392,56.667,33.817,Normal,0,0
A036,2025-01-09 10:00:00,A036-HYD,Hydraulic System,79.951,2.882,73.725,54.28,1790.43,146.63,23.5,78.202,604,49.145,26.783,Normal,0,0
A036,2025-01-09 18:00:00,A036-HYD,Hydraulic System,77.696,2.653,67.918,49.887,1628.102,148.841,23.213,80.523,696,61.538,29.474,Normal,0,0
A036,2025-01-09 20:00:00,A036-HYD,Hydraulic System,81.368,1.801,78.441,56.164,1756.941,149.328,23.641,80.193,609,58.335,33.453,Normal,0,0
A036,2025-01-09 21:00:00,A036-HYD,Hydraulic System,78.104,2.863,76.92,52.165,1797.045,153.676,24.233,79.805,677,68.68,25.89,Normal,0,0
A036,2025-01-09 22:00:00,A036-HYD,Hydraulic System,79.481,2.844,76.535,57.494,1752.019,150.461,23.159,80.131,491,70.002,29.209,Normal,0,0
A036,2025-01-10 07:00:00,A036-HYD,Hydraulic System,78.906,2.646,72.213,52.955,1929.575,150.209,23.255,83.035,341,56.895,27.791,Normal,0,0
A036,2025-01-10 12:00:00,A036-HYD,Hydraulic System,81.265,3.247,77.572,54.408,1726.539,153.941,22.535,82.259,382,46.657,38.891,Normal,0,0
A036,2025-01-10 14:00:00,A036-HYD,Hydraulic System,75.968,2.728,78.054,58.017,1864.54,145.347,23.493,80.864,463,59.35,27.162,Normal,0,0
A036,2025-01-10 17:00:00,A036-HYD,Hydraulic System,79.182,2.547,69.54,54.588,1858.705,148.221,22.794,84.756,455,55.697,30.773,Normal,0,0
A036,2025-01-10 19:00:00,A036-HYD,Hydraulic System,74.572,2.777,74.779,55.634,1871.949,149.018,23.925,84.98,722,63.141,35.247,Normal,0,0
A036,2025-01-10 20:00:00,A036-HYD,Hydraulic System,76.03,3.29,77.753,53.385,1783.822,145.574,23.255,79.77,491,63.771,25.513,Normal,0,0
A036,2025-01-11 03:00:00,A036-HYD,Hydraulic System,74.291,2.976,73.507,52.357,1804.717,142.884,22.957,80.462,715,52.573,29.124,Normal,0,0
A036,2025-01-11 09:00:00,A036-HYD,Hydraulic System,79.71,3.392,73.104,55.075,1717.966,148.255,23.554,82.984,642,59.45,21.905,Normal,0,0
A036,2025-01-12 00:00:00,A036-HYD,Hydraulic System,77.343,3.179,73.916,52.943,1897.995,140.903,23.554,80.812,430,67.515,36.798,Normal,0,1
A036,2025-01-12 02:00:00,A036-HYD,Hydraulic System,80.809,2.939,72.003,52.83,1697.632,150.98,23.751,89.442,550,52.779,31.164,Normal,0,0
A036,2025-01-12 07:00:00,A036-HYD,Hydraulic System,79.305,3.28,71.451,54.611,1676.311,151.613,23.046,83.388,693,61.786,32.685,Normal,0,0
A036,2025-01-12 08:00:00,A036-HYD,Hydraulic System,77.144,2.994,76.02,51.343,1757.731,148.501,23.802,80.307,427,65.145,36.014,Normal,0,0
A036,2025-01-12 09:00:00,A036-HYD,Hydraulic System,79.714,3.182,71.809,57.835,1825.683,146.045,23.146,81.291,400,64.358,22.194,Normal,0,0
A036,2025-01-12 11:00:00,A036-HYD,Hydraulic System,71.755,2.864,74.052,50.04,1806.372,149.338,23.838,80.285,570,58.117,33.523,Normal,0,0
A036,2025-01-12 17:00:00,A036-HYD,Hydraulic System,79.766,3.456,69.598,53.348,1751.828,144.343,23.864,81.551,601,70.935,29.752,Normal,0,0
A036,2025-01-12 22:00:00,A036-HYD,Hydraulic System,73.72,2.488,73.722,55.373,1712.37,147.244,23.175,82.359,445,71.068,32.173,Normal,0,1
A036,2025-01-12 23:00:00,A036-HYD,Hydraulic System,77.111,3.397,73.254,51.738,1840.231,148.859,23.227,82.838,481,54.084,28.468,Normal,0,0
A036,2025-01-13 00:00:00,A036-HYD,Hydraulic System,75.39,3.048,71.033,52.433,1847.921,148.269,23.357,83.633,750,63.965,30.183,Normal,0,0
A036,2025-01-13 03:00:00,A036-HYD,Hydraulic System,80.551,3.062,73.435,54.322,1716.226,149.628,23.532,79.852,721,76.38,32.369,Normal,0,0
A036,2025-01-13 07:00:00,A036-HYD,Hydraulic System,78.337,3.66,73.735,52.268,1517.684,145.774,22.823,84.891,599,87.074,35.786,Warning,1,0
A036,2025-01-13 08:00:00,A036-HYD,Hydraulic System,80.912,2.842,73.015,52.013,1705.035,148.915,23.343,81.102,479,60.938,33.221,Normal,0,1
A036,2025-01-13 09:00:00,A036-HYD,Hydraulic System,81.934,3.569,72.715,53.152,1761.673,145.18,23.63,82.611,439,60.094,25.808,Normal,0,1
A036,2025-01-13 11:00:00,A036-HYD,Hydraulic System,75.878,2.959,73.206,54.584,1708.661,145.029,23.068,84.144,607,50.019,30.314,Normal,0,0
A036,2025-01-13 13:00:00,A036-HYD,Hydraulic System,75.782,3.023,72.38,52.064,1704.344,143.679,23.245,84.422,534,62.696,28.911,Normal,0,0
A036,2025-01-13 17:00:00,A036-HYD,Hydraulic System,77.446,3.206,74.609,51.28,1819.868,139.187,22.183,81.077,594,67.251,37.231,Normal,0,1
A036,2025-01-13 19:00:00,A036-HYD,Hydraulic System,78.59,3.087,72.395,55.678,1845.446,148.034,23.727,78.215,675,68.254,25.389,Normal,0,0
A036,2025-01-13 23:00:00,A036-HYD,Hydraulic System,78.558,3.396,70.44,55.236,1698.883,141.089,22.727,82.478,688,53.67,29.991,Normal,0,1
A036,2025-01-14 00:00:00,A036-HYD,Hydraulic System,94.373,4.948,70.758,49.073,1779.031,136.564,23.164,83.276,652,71.965,35.971,Warning,1,1
A036,2025-01-14 02:00:00,A036-HYD,Hydraulic System,81.314,4.016,74.099,55.506,1743.943,141.679,23.296,83.455,761,75.233,29.808,Warning,1,1
A036,2025-01-14 04:00:00,A036-HYD,Hydraulic System,81.215,3.386,73.145,50.787,1840.517,153.146,22.789,86.248,435,62.238,29.373,Normal,0,1
A036,2025-01-14 09:00:00,A036-HYD,Hydraulic System,82.777,3.012,72.907,50.401,1808.612,147.897,23.247,85.716,580,52.218,25.66,Normal,0,0
A036,2025-01-14 10:00:00,A036-HYD,Hydraulic System,82.635,2.868,73.681,49.184,1786.707,149.634,23.168,84.322,800,77.74,39.415,Normal,0,0
A036,2025-01-15 05:00:00,A036-HYD,Hydraulic System,81.269,3.429,74.495,51.481,1676.302,148.711,22.622,83.376,525,75.778,18.828,Warning,1,1
A036,2025-01-15 11:00:00,A036-HYD,Hydraulic System,82.455,3.267,71.205,53.038,1560.038,149.574,22.868,82.324,754,70.175,29.254,Warning,1,0
A036,2025-01-15 13:00:00,A036-HYD,Hydraulic System,82.562,2.965,68.879,57.295,1845.555,145.187,22.762,84.766,618,78.917,36.09,Warning,1,0
A036,2025-01-15 14:00:00,A036-HYD,Hydraulic System,76.247,3.799,72.81,50.084,1885.82,144.603,23.012,83.769,487,75.306,26.979,Warning,1,0
A036,2025-01-16 01:00:00,A036-HYD,Hydraulic System,82.73,2.831,71.351,55.59,1812.317,144.044,22.616,82.314,467,54.204,38.45,Normal,0,0
A036,2025-01-16 12:00:00,A036-HYD,Hydraulic System,82.017,3.407,73.875,52.688,1916.395,142.777,23.029,82.459,493,57.364,22.121,Normal,0,0
A036,2025-01-16 14:00:00,A036-HYD,Hydraulic System,80.932,3.261,75.409,54.939,1711.319,144.71,23.039,82.437,583,62.419,37.453,Normal,0,0
A036,2025-01-16 15:00:00,A036-HYD,Hydraulic System,82.89,3.973,73.861,50.695,1756.104,138.581,23.478,81.055,805,71.288,28.074,Warning,1,1
A036,2025-01-16 19:00:00,A036-HYD,Hydraulic System,78.087,3.399,73.139,49.116,1764.322,143.471,23.058,84.2,707,60.817,41.441,Normal,0,1
A036,2025-01-16 23:00:00,A036-HYD,Hydraulic System,78.506,3.132,73.285,49.052,1880.253,144.165,22.932,83.465,865,58.814,35.013,Normal,0,1
A036,2025-01-17 00:00:00,A036-HYD,Hydraulic System,96.615,6.929,60.1,53.895,1914.693,133.354,22.84,83.931,602,80.485,29.666,Warning,1,1
A036,2025-01-17 05:00:00,A036-HYD,Hydraulic System,83.104,4.056,71.773,51.848,1802.609,148.736,23.292,80.543,509,77.757,31.911,Warning,1,0
A036,2025-01-17 09:00:00,A036-HYD,Hydraulic System,81.473,3.547,71.988,53.321,1643.603,145.655,22.989,82.617,764,81.91,40.999,Warning,1,1
A037,2025-01-01 03:00:00,A037-HYD,Hydraulic System,76.802,3.257,77.152,55.979,1879.254,154.353,24.171,76.956,401,67.297,34.407,Normal,0,1
A037,2025-01-01 04:00:00,A037-HYD,Hydraulic System,77.535,2.629,74.392,53.823,1837.758,152.174,23.677,78.734,298,68.58,29.806,Normal,0,0
A037,2025-01-01 08:00:00,A037-HYD,Hydraulic System,75.385,2.609,71.377,52.787,1856.705,150.598,24.161,74.959,369,45.141,31.928,Normal,0,0
A037,2025-01-01 12:00:00,A037-HYD,Hydraulic System,75.608,2.606,75.936,54.935,1743.539,153.285,24.159,76.42,166,80.426,18.615,Normal,0,0
A037,2025-01-01 14:00:00,A037-HYD,Hydraulic System,75.07,2.758,72.068,54.168,1774.733,150.731,23.736,72.505,301,57.3,32.694,Normal,0,0
A037,2025-01-01 19:00:00,A037-HYD,Hydraulic System,76.004,2.656,72.293,53.459,1771.195,147.364,23.941,71.193,140,59.335,27.825,Normal,0,0
A037,2025-01-01 21:00:00,A037-HYD,Hydraulic System,79.52,2.797,74.141,52.841,1844.764,148.723,24.837,75.99,389,58.913,31.486,Normal,0,0
A037,2025-01-02 16:00:00,A037-HYD,Hydraulic System,72.66,2.627,70.722,58.085,1784.037,148.043,23.883,76.435,166,64.76,28.207,Normal,0,0
A037,2025-01-02 22:00:00,A037-HYD,Hydraulic System,67.081,2.448,72.805,52.875,1866.727,156.028,23.938,71.954,525,46.316,36.215,Normal,0,0
A037,2025-01-03 00:00:00,A037-HYD,Hydraulic System,75.994,2.633,72.622,56.065,1879.218,149.46,23.786,74.128,311,60.663,21.701,Normal,0,0
A037,2025-01-03 12:00:00,A037-HYD,Hydraulic System,72.371,3.093,75.422,55.838,1952.661,151.043,23.817,75.679,474,63.569,34.369,Normal,0,0
A037,2025-01-03 13:00:00,A037-HYD,Hydraulic System,76.747,3.549,76.532,52.597,1784.743,150.28,23.609,73.426,451,63.577,19.31,Normal,0,0
A037,2025-01-03 19:00:00,A037-HYD,Hydraulic System,80.019,2.874,73.792,51.519,1841.007,144.899,23.512,78.55,321,60.938,25.103,Normal,0,0
A037,2025-01-04 02:00:00,A037-HYD,Hydraulic System,73.258,2.986,72.494,58.586,1869.551,148.155,23.305,74.565,491,58.908,27.695,Normal,0,0
A037,2025-01-04 05:00:00,A037-HYD,Hydraulic System,74.775,2.841,73.573,55.715,1726.228,141.199,23.849,74.474,478,53.606,28.473,Normal,0,0
A037,2025-01-04 06:00:00,A037-HYD,Hydraulic System,74.204,3.613,76.337,56.562,1831.336,146.127,23.808,76.173,510,74.882,24.747,Normal,0,0
A037,2025-01-04 09:00:00,A037-HYD,Hydraulic System,78.103,2.737,72.995,53.702,1803.837,149.823,23.734,75.23,267,60.824,32.128,Normal,0,1
A037,2025-01-04 11:00:00,A037-HYD,Hydraulic System,79.872,2.471,74.409,51.032,1846.526,143.386,23.964,75.947,195,73.77,32.683,Normal,0,0
A037,2025-01-04 14:00:00,A037-HYD,Hydraulic System,94.474,5.804,61.478,52.452,1796.013,141.865,23.599,78.213,462,70.946,21.473,Warning,1,1
A037,2025-01-05 00:00:00,A037-HYD,Hydraulic System,80.187,3.352,75.144,54.88,1932.858,141.674,23.677,75.462,335,59.345,19.11,Normal,0,1
A037,2025-01-05 02:00:00,A037-HYD,Hydraulic System,73.726,3.028,72.157,53.669,1944.004,147.076,23.652,76.945,511,58.859,26.02,Normal,0,0
A037,2025-01-05 03:00:00,A037-HYD,Hydraulic System,79.364,2.4,71.847,53.708,1997.868,148.39,23.67,72.963,435,80.033,35.305,Normal,0,0
A037,2025-01-05 06:00:00,A037-HYD,Hydraulic System,82.841,3.309,75.806,52.887,1881.804,154.244,23.512,72.777,350,79.272,36.919,Normal,0,0
A037,2025-01-05 09:00:00,A037-HYD,Hydraulic System,74.305,3.105,78.132,54.775,1854.867,142.188,23.492,79.121,397,54.444,29.47,Normal,0,0
A037,2025-01-05 10:00:00,A037-HYD,Hydraulic System,78.51,3.416,76.511,52.937,1850.022,149.325,24.012,80.586,272,52.917,30.494,Normal,0,0
A037,2025-01-05 11:00:00,A037-HYD,Hydraulic System,72.11,2.776,77.004,52.305,1815.591,144.326,24.225,75.248,307,61.136,30.403,Normal,0,1
A037,2025-01-05 20:00:00,A037-HYD,Hydraulic System,75.436,2.373,75.446,56.422,1750.175,147.867,23.831,83.14,253,62.225,26.325,Normal,0,1
A037,2025-01-06 04:00:00,A037-HYD,Hydraulic System,75.067,2.413,71.231,55.269,1686.525,149.215,23.443,75.848,371,67.267,24.14,Normal,0,0
A037,2025-01-06 18:00:00,A037-HYD,Hydraulic System,74.931,3.679,71.825,52.462,1702.225,151.738,23.868,79.402,266,62.233,23.824,Normal,0,0
A037,2025-01-07 07:00:00,A037-HYD,Hydraulic System,77.337,3.867,73.161,55.338,1819.722,141.323,23.168,79.484,377,62.053,29.189,Normal,0,0
A037,2025-01-07 08:00:00,A037-HYD,Hydraulic System,77.631,2.906,71.807,55.612,1771.36,142.66,24.159,80.258,544,74.381,25.49,Normal,0,0
A037,2025-01-07 11:00:00,A037-HYD,Hydraulic System,92.148,6.058,66.999,54.915,1733.681,125.636,23.017,79.84,318,69.112,32.131,Warning,1,0
A037,2025-01-07 16:00:00,A037-HYD,Hydraulic System,73.474,3.347,72.604,54.533,1947.656,147.535,23.313,79.619,588,61.018,32.739,Normal,0,0
A037,2025-01-07 22:00:00,A037-HYD,Hydraulic System,76.478,3.394,74.143,56.414,1904.509,150.607,23.46,77.571,593,58.138,24.133,Normal,0,0
A037,2025-01-08 08:00:00,A037-HYD,Hydraulic System,77.087,2.973,76.708,51.477,1881.109,148.751,23.173,80.997,290,64.616,31.767,Normal,0,1
A037,2025-01-08 16:00:00,A037-HYD,Hydraulic System,80.981,3.509,73.726,54.74,1660.067,145.327,23.425,78.649,382,58.42,23.386,Normal,0,0
A037,2025-01-08 20:00:00,A037-HYD,Hydraulic System,78.025,3.197,72.208,54.505,1705.943,144.098,23.29,82.286,582,80.512,31.345,Normal,0,1
A037,2025-01-08 21:00:00,A037-HYD,Hydraulic System,79.545,3.358,71.142,51.232,1874.421,151.31,23.409,76.63,338,67.158,29.701,Normal,0,0
A037,2025-01-08 22:00:00,A037-HYD,Hydraulic System,94.313,7.274,64.054,53.869,1670.082,144.675,23.32,78.526,554,60.058,31.012,Warning,1,1
A037,2025-01-09 02:00:00,A037-HYD,Hydraulic System,77.236,3.042,71.987,54.609,1726.608,150.456,23.415,77.477,510,70.243,32.004,Normal,0,0
A037,2025-01-09 03:00:00,A037-HYD,Hydraulic System,79.81,3.317,74.188,51.036,1862.498,149.509,23.48,81.322,559,72.935,27.148,Normal,0,1
A037,2025-01-09 05:00:00,A037-HYD,Hydraulic System,77.54,2.692,69.221,52.755,1980.534,152.845,23.381,78.742,637,70.023,33.985,Normal,0,1
A037,2025-01-09 07:00:00,A037-HYD,Hydraulic System,77.377,3.386,74.566,52.737,1802.179,155.029,23.615,82.181,320,76.012,36.759,Normal,0,0
A037,2025-01-09 10:00:00,A037-HYD,Hydraulic System,76.933,3.515,70.201,53.378,1862.857,145.196,23.649,79.723,610,71.463,29.93,Normal,0,0
A037,2025-01-09 15:00:00,A037-HYD,Hydraulic System,84.276,3.46,73.727,51.165,1796.886,146.393,23.58,81.456,546,63.831,32.311,Normal,0,0
A037,2025-01-09 16:00:00,A037-HYD,Hydraulic System,79.822,2.902,72.825,54.002,1830.977,151.694,23.354,78.226,610,55.047,37.436,Normal,0,0
A037,2025-01-09 21:00:00,A037-HYD,Hydraulic System,82.434,3.309,71.263,50.417,1730.167,146.376,22.964,81.031,439,68.578,26.949,Normal,0,0
A037,2025-01-10 11:00:00,A037-HYD,Hydraulic System,81.724,3.039,69.502,50.289,1823.803,149.455,23.805,80.87,565,67.83,34.114,Normal,0,1
A037,2025-01-10 14:00:00,A037-HYD,Hydraulic System,82.954,3.895,71.989,52.479,1613.862,147.383,23.04,77.383,580,78.516,37.14,Warning,1,0
A037,2025-01-10 18:00:00,A037-HYD,Hydraulic System,79.914,3.337,73.384,57.1,1634.419,150.86,23.758,82.332,350,73.524,35.154,Normal,0,1
A037,2025-01-10 19:00:00,A037-HYD,Hydraulic System,83.417,3.052,72.004,54.443,1740.109,149.85,22.194,81.792,726,69.07,30.668,Normal,0,0
A037,2025-01-10 20:00:00,A037-HYD,Hydraulic System,83.701,3.273,75.636,54.234,1742.05,142.307,23.452,80.724,409,74.033,42.643,Warning,1,1
A037,2025-01-10 23:00:00,A037-HYD,Hydraulic System,84.578,3.753,67.419,52.099,1910.063,136.759,23.492,81.252,719,71.679,31.781,Warning,1,1
A037,2025-01-11 01:00:00,A037-HYD,Hydraulic System,83.412,3.764,74.038,53.436,1786.039,148.737,23.018,81.242,397,63.514,37.181,Warning,1,0
A037,2025-01-11 05:00:00,A037-HYD,Hydraulic System,80.477,2.963,67.887,53.978,1859.587,148.109,23.546,79.472,620,67.088,26.095,Normal,0,1
A037,2025-01-11 06:00:00,A037-HYD,Hydraulic System,84.382,3.537,66.504,56.745,1945.018,152.025,23.04,81.252,420,81.809,24.103,Warning,1,1
A037,2025-01-11 09:00:00,A037-HYD,Hydraulic System,79.531,3.76,75.867,53.692,1892.083,150.868,23.325,81.389,615,82.582,33.506,Warning,1,0
A037,2025-01-11 12:00:00,A037-HYD,Hydraulic System,80.615,3.626,69.022,50.021,1912.242,141.235,22.404,84.974,604,75.774,39.762,Warning,1,0
A037,2025-01-11 19:00:00,A037-HYD,Hydraulic System,79.921,3.759,73.258,49.886,1804.378,149.229,23.25,85.928,452,76.844,32.031,Warning,1,1
A037,2025-01-12 03:00:00,A037-HYD,Hydraulic System,78.202,4.106,67.554,50.657,1837.393,147.459,23.229,82.874,369,71.351,32.252,Warning,1,0
A037,2025-01-12 11:00:00,A037-HYD,Hydraulic System,85.509,4.109,66.736,55.161,1794.797,152.434,23.101,79.179,680,62.803,21.098,Warning,1,1
A037,2025-01-12 15:00:00,A037-HYD,Hydraulic System,79.19,3.473,71.886,53.572,1748.153,147.567,22.704,82.327,526,74.725,34.788,Warning,1,0
A037,2025-01-12 17:00:00,A037-HYD,Hydraulic System,78.833,3.663,68.173,51.045,1834.725,146.068,23.1,84.57,701,73.351,35.754,Warning,1,0
A037,2025-01-12 18:00:00,A037-HYD,Hydraulic System,83.67,3.905,71.244,53.619,1635.528,148.422,23.569,84.808,411,72.259,24.155,Warning,1,0
A037,2025-01-12 19:00:00,A037-HYD,Hydraulic System,85.228,3.713,68.648,51.673,1892.931,146.395,23.987,82.636,718,64.771,31.276,Warning,1,0
A037,2025-01-12 20:00:00,A037-HYD,Hydraulic System,84.902,3.708,70.377,54.168,1780.307,147.954,23.456,80.563,650,82.087,29.831,Warning,1,1
A037,2025-01-13 05:00:00,A037-HYD,Hydraulic System,83.018,2.917,68.898,50.99,1912.81,147.679,23.067,84.211,765,66.647,17.191,Warning,1,0
A037,2025-01-13 13:00:00,A037-HYD,Hydraulic System,83.872,3.968,71.897,54.436,1841.377,142.812,23.082,81.625,677,80.598,33.608,Warning,1,1
A037,2025-01-13 14:00:00,A037-HYD,Hydraulic System,83.435,3.688,67.712,52.454,1699.781,141.18,22.901,79.61,523,74.186,25.642,Warning,1,0
A037,2025-01-13 15:00:00,A037-HYD,Hydraulic System,80.365,3.696,68.577,56.523,1845.948,149.464,23.216,82.652,698,85.627,22.11,Warning,1,1
A037,2025-01-13 17:00:00,A037-HYD,Hydraulic System,81.513,3.977,71.567,51.616,1708.947,149.17,23.484,82.774,763,75.585,39.382,Warning,1,0
A037,2025-01-13 23:00:00,A037-HYD,Hydraulic System,80.106,3.634,69.154,53.243,1814.089,143.752,22.894,84.768,434,64.651,33.377,Warning,1,0
A037,2025-01-14 05:00:00,A037-HYD,Hydraulic System,83.571,3.787,68.823,50.476,1854.836,139.199,23.618,80.546,592,65.317,31.142,Warning,1,1
A037,2025-01-14 06:00:00,A037-HYD,Hydraulic System,82.687,4.058,66.547,51.648,1901.641,154.837,22.982,79.493,475,83.594,22.652,Warning,1,1
A037,2025-01-14 16:00:00,A037-HYD,Hydraulic System,83.196,3.702,70.273,51.166,1852.294,148.541,23.524,85.329,754,81.733,35.009,Warning,1,0
A037,2025-01-14 23:00:00,A037-HYD,Hydraulic System,101.411,5.745,54.476,51.047,1857.881,140.725,23.38,83.339,804,62.776,28.927,Warning,1,1
A037,2025-01-15 03:00:00,A037-HYD,Hydraulic System,82.414,3.376,71.397,50.141,1681.806,146.956,22.97,83.892,815,82.238,31.216,Warning,1,1
A037,2025-01-15 05:00:00,A037-HYD,Hydraulic System,83.328,3.632,75.415,53.488,1971.207,149.476,22.989,84.824,719,71.159,40.01,Warning,1,1
A037,2025-01-15 09:00:00,A037-HYD,Hydraulic System,87.167,4.208,65.883,53.338,1850.865,142.9,23.001,85.38,822,88.161,31.948,Warning,1,1
A037,2025-01-15 13:00:00,A037-HYD,Hydraulic System,83.548,3.604,68.191,50.277,1935.898,143.475,23.259,84.475,594,76.331,35.591,Warning,1,1
A037,2025-01-15 14:00:00,A037-HYD,Hydraulic System,77.935,4.463,71.953,53.103,1818.487,142.968,22.981,83.143,536,78.221,27.123,Warning,1,1
A037,2025-01-15 17:00:00,A037-HYD,Hydraulic System,96.9,5.519,65.723,50.531,1666.408,135.556,22.573,84.529,490,67.525,30.502,Warning,1,1
A037,2025-01-15 21:00:00,A037-HYD,Hydraulic System,83.983,3.851,67.396,52.298,1860.579,144.181,22.929,85.137,632,77.078,24.101,Warning,1,1
A037,2025-01-15 23:00:00,A037-HYD,Hydraulic System,87.602,3.948,70.389,51.538,1784.58,149.251,23.013,81.726,851,76.554,34.897,Warning,1,1
A037,2025-01-16 00:00:00,A037-HYD,Hydraulic System,82.5,3.409,70.335,52.95,1838.799,142.189,22.86,84.944,471,68.017,36.482,Warning,1,1
A037,2025-01-16 02:00:00,A037-HYD,Hydraulic System,88.109,3.929,66.058,51.728,1817.917,140.386,22.998,85.744,673,70.796,28.626,Warning,1,0
A037,2025-01-16 05:00:00,A037-HYD,Hydraulic System,86.055,3.852,68.532,53.54,1799.872,139.884,22.943,85.913,825,79.026,29.308,Warning,1,1
A037,2025-01-16 10:00:00,A037-HYD,Hydraulic System,79.744,4.621,66.937,56.704,1655.283,149.082,22.882,85.52,846,96.423,26.585,Warning,1,1
A037,2025-01-16 11:00:00,A037-HYD,Hydraulic System,84.927,3.82,67.704,51.62,1756.573,148.427,23.534,86.251,498,75.646,36.489,Warning,1,0
A037,2025-01-16 12:00:00,A037-HYD,Hydraulic System,81.684,3.884,68.932,48.457,1947.86,140.9,22.256,84.198,764,82.267,25.926,Warning,1,1
A037,2025-01-16 14:00:00,A037-HYD,Hydraulic System,83.981,3.732,71.434,53.142,1788.156,152.629,23.205,82.289,684,84.504,25.817,Warning,1,1
A037,2025-01-16 16:00:00,A037-HYD,Hydraulic System,83.048,3.827,68.638,48.677,1817.634,143.226,22.886,83.559,600,85.116,31.933,Warning,1,0
A037,2025-01-16 18:00:00,A037-HYD,Hydraulic System,87.104,4.502,72.512,49.345,1762.023,147.054,22.738,87.198,824,75.054,28.948,Warning,1,1
A037,2025-01-17 00:00:00,A037-HYD,Hydraulic System,83.988,4.452,71.125,54.946,1756.64,142.651,22.045,81.598,735,80.851,35.454,Warning,1,0
A037,2025-01-17 01:00:00,A037-HYD,Hydraulic System,84.756,3.448,66.786,55.872,1771.022,146.92,22.069,85.273,667,80.032,19.788,Warning,1,0
A037,2025-01-17 06:00:00,A037-HYD,Hydraulic System,83.142,3.987,71.576,50.245,1759.614,139.547,22.702,82.015,816,78.935,34.022,Warning,1,1
A038,2025-01-01 04:00:00,A038-HYD,Hydraulic System,73.396,2.371,73.901,55.495,1867.59,150.905,24.418,72.398,371,62.275,33.016,Normal,0,0
A038,2025-01-01 08:00:00,A038-HYD,Hydraulic System,73.607,3.131,78.609,54.054,1885.921,156.538,24.242,77.163,412,46.789,32.819,Normal,0,0
A038,2025-01-01 11:00:00,A038-HYD,Hydraulic System,77.026,2.399,71.945,53.24,1757.144,151.084,23.637,74.663,293,61.265,38.334,Normal,0,0
A038,2025-01-01 14:00:00,A038-HYD,Hydraulic System,76.65,2.662,73.89,53.691,1912.709,155.392,23.82,76.349,259,63.28,37.199,Normal,0,0
A038,2025-01-01 15:00:00,A038-HYD,Hydraulic System,77.36,2.771,73.899,52.35,1978.628,152.509,24.39,72.436,485,58.726,32.409,Normal,0,0
A038,2025-01-01 16:00:00,A038-HYD,Hydraulic System,72.58,2.805,74.6,59.327,1752.894,153.41,23.838,75.399,379,51.94,33.279,Normal,0,0
A038,2025-01-01 20:00:00,A038-HYD,Hydraulic System,72.664,2.564,73.989,57.47,1728.422,145.973,24.622,75.482,331,70.35,33.27,Normal,0,0
A038,2025-01-02 07:00:00,A038-HYD,Hydraulic System,72.733,3.171,75.139,55.923,1760.799,149.655,24.168,74.83,251,42.792,28.791,Normal,0,0
A038,2025-01-02 10:00:00,A038-HYD,Hydraulic System,74.36,2.799,72.577,53.581,1745.367,158.541,23.625,77.017,516,57.11,30.856,Normal,0,0
A038,2025-01-02 11:00:00,A038-HYD,Hydraulic System,75.864,2.387,73.469,55.922,1911.373,145.448,23.689,76.468,223,63.864,29.254,Normal,0,0
A038,2025-01-02 13:00:00,A038-HYD,Hydraulic System,75.038,2.724,70.923,59.834,1678.372,151.777,23.876,74.797,483,51.838,33.717,Normal,0,0
A038,2025-01-02 20:00:00,A038-HYD,Hydraulic System,71.544,3.112,74.508,55.032,1677.72,144.105,23.792,75.525,387,55.647,28.459,Normal,0,0
A038,2025-01-02 22:00:00,A038-HYD,Hydraulic System,76.001,3.153,73.265,55.154,1693.225,155.883,23.43,74.77,422,49.969,18.647,Normal,0,0
A038,2025-01-02 23:00:00,A038-HYD,Hydraulic System,78.236,2.71,74.83,55.035,1858.07,150.814,23.82,78.927,193,57.58,33.144,Normal,0,0
A038,2025-01-03 01:00:00,A038-HYD,Hydraulic System,75.681,3.062,77.846,56.035,1769.275,149.561,23.925,72.715,216,69.268,24.634,Normal,0,0
A038,2025-01-03 08:00:00,A038-HYD,Hydraulic System,72.823,3.062,78.079,52.327,1737.132,150.127,23.39,76.649,442,63.6,38.03,Normal,0,0
A038,2025-01-03 11:00:00,A038-HYD,Hydraulic System,77.096,3.241,77.346,56.244,1843.01,147.962,23.617,80.373,485,66.918,33.145,Normal,0,1
A038,2025-01-04 04:00:00,A038-HYD,Hydraulic System,88.494,5.63,66.386,54.741,1744.22,127.566,23.589,79.836,255,64.502,34.783,Warning,1,1
A038,2025-01-04 05:00:00,A038-HYD,Hydraulic System,75.122,2.867,71.643,53.994,1886.046,142.443,24.295,76.624,269,51.412,31.333,Normal,0,1
A038,2025-01-04 06:00:00,A038-HYD,Hydraulic System,71.851,2.511,72.803,54.22,1786.026,146.148,23.491,78.718,522,72.854,30.527,Normal,0,0
A038,2025-01-04 08:00:00,A038-HYD,Hydraulic System,77.415,2.96,77.672,53.872,1835.46,144.564,23.577,78.443,329,63.222,32.06,Normal,0,0
A038,2025-01-04 16:00:00,A038-HYD,Hydraulic System,77.552,2.812,71.018,52.709,1744.854,142.832,23.476,82.692,387,63.662,30.707,Normal,0,1
A038,2025-01-04 22:00:00,A038-HYD,Hydraulic System,78.542,2.887,70.596,53.136,1727.611,155.279,24.113,76.152,442,80.838,32.003,Normal,0,0
A038,2025-01-05 05:00:00,A038-HYD,Hydraulic System,89.842,6.589,66.516,54.444,1775.308,134.303,23.256,77.227,583,61.18,35.98,Warning,1,1
A038,2025-01-05 08:00:00,A038-HYD,Hydraulic System,78.722,3.066,74.819,50.369,1657.634,149.722,23.172,75.471,582,61.271,29.824,Normal,0,1
A038,2025-01-05 10:00:00,A038-HYD,Hydraulic System,73.181,2.692,73.453,53.203,1840.315,153.655,23.132,76.752,405,45.489,29.657,Normal,0,0
A038,2025-01-05 14:00:00,A038-HYD,Hydraulic System,78.294,2.89,74.339,53.173,1786.618,150.734,23.572,76.213,450,73.595,34.16,Normal,0,0
A038,2025-01-05 18:00:00,A038-HYD,Hydraulic System,80.456,2.901,71.345,54.256,1769.731,152.717,24.002,80.64,273,56.777,26.268,Normal,0,0
A038,2025-01-05 19:00:00,A038-HYD,Hydraulic System,78.561,3.631,75.572,55.469,1798.554,150.674,24.339,78.504,553,60.944,30.634,Normal,0,0
A038,2025-01-05 22:00:00,A038-HYD,Hydraulic System,76.768,3.192,73.31,54.769,1832.671,147.715,23.477,75.776,616,80.158,27.308,Normal,0,0
A038,2025-01-06 02:00:00,A038-HYD,Hydraulic System,79.874,3.009,72.514,53.207,1729.834,154.613,23.635,74.779,403,70.725,23.732,Normal,0,0
A038,2025-01-06 09:00:00,A038-HYD,Hydraulic System,89.984,6.767,65.555,53.753,1858.093,133.377,23.479,80.56,429,64.769,26.875,Warning,1,1
A038,2025-01-06 13:00:00,A038-HYD,Hydraulic System,80.324,3.313,69.771,56.345,1798.881,140.063,24.03,84.779,570,77.579,25.228,Normal,0,0
A038,2025-01-06 15:00:00,A038-HYD,Hydraulic System,74.837,3.075,69.908,53.614,1749.856,141.662,23.434,78.887,606,59.212,29.349,Normal,0,1
A038,2025-01-06 19:00:00,A038-HYD,Hydraulic System,77.944,3.308,70.206,55.759,1888.062,147.076,23.407,79.8,633,73.992,30.248,Normal,0,1
A038,2025-01-06 20:00:00,A038-HYD,Hydraulic System,80.13,3.405,72.485,53.312,1889.819,148.393,24.127,79.524,319,78.335,20.598,Normal,0,1
A038,2025-01-07 01:00:00,A038-HYD,Hydraulic System,76.64,3.13,68.251,55.796,1896.157,145.429,23.021,79.86,395,69.606,33.793,Normal,0,0
A038,2025-01-07 02:00:00,A038-HYD,Hydraulic System,79.253,3.682,70.375,56.421,1810.455,149.909,22.937,77.609,374,76.793,28.258,Normal,0,0
A038,2025-01-07 04:00:00,A038-HYD,Hydraulic System,78.661,3.514,72.884,59.111,1662.566,148.612,23.458,81.109,296,79.886,27.553,Normal,0,1
A038,2025-01-07 07:00:00,A038-HYD,Hydraulic System,83.439,2.656,78.328,53.035,1788.739,141.962,23.761,75.33,592,67.854,31.413,Normal,0,0
A038,2025-01-07 10:00:00,A038-HYD,Hydraulic System,75.339,3.279,73.597,51.284,1831.878,148.044,23.535,80.836,474,65.61,24.732,Normal,0,0
A038,2025-01-07 13:00:00,A038-HYD,Hydraulic System,79.759,3.227,72.322,50.226,1919.471,150.142,24.04,79.891,558,67.768,32.19,Normal,0,0
A038,2025-01-07 21:00:00,A038-HYD,Hydraulic System,80.556,3.21,69.988,54.991,1802.146,143.32,24.009,79.087,461,63.558,31.263,Normal,0,0
A038,2025-01-08 04:00:00,A038-HYD,Hydraulic System,71.722,3.392,69.59,51.835,1811.87,149.801,23.301,80.834,319,78.074,29.054,Normal,0,0
A038,2025-01-08 07:00:00,A038-HYD,Hydraulic System,80.691,3.411,69.292,54.219,1829.883,150.62,23.889,79.115,416,65.488,26.866,Normal,0,0
A038,2025-01-08 21:00:00,A038-HYD,Hydraulic System,80.622,3.209,72.4,55.236,1682.065,145.965,23.341,84.963,355,62.598,32.534,Normal,0,0
A038,2025-01-09 00:00:00,A038-HYD,Hydraulic System,84.265,3.175,69.954,54.434,1684.501,144.261,23.774,81.306,621,62.462,32.031,Normal,0,0
A038,2025-01-09 13:00:00,A038-HYD,Hydraulic System,80.777,3.971,73.072,52.021,1815.754,145.794,23.987,80.146,655,68.718,15.777,Warning,1,0
A038,2025-01-09 16:00:00,A038-HYD,Hydraulic System,96.472,7.81,66.592,52.807,1747.515,118.716,23.636,78.097,383,60.338,24.466,Warning,1,1
A038,2025-01-10 03:00:00,A038-HYD,Hydraulic System,81.35,3.256,73.763,52.485,1704.547,141.281,23.144,78.828,377,73.31,29.413,Warning,1,0
A038,2025-01-10 05:00:00,A038-HYD,Hydraulic System,81.825,3.519,70.289,55.863,1870.414,150.665,22.929,81.894,641,79.169,33.611,Warning,1,0
A038,2025-01-10 07:00:00,A038-HYD,Hydraulic System,78.143,3.779,67.415,52.773,1916.826,148.501,22.867,81.22,417,81.183,29.65,Warning,1,0
A038,2025-01-10 09:00:00,A038-HYD,Hydraulic System,84.1,3.583,73.103,50.975,1738.231,150.054,23.494,79.037,423,72.009,24.044,Warning,1,1
A038,2025-01-10 10:00:00,A038-HYD,Hydraulic System,80.814,3.4,74.359,50.93,1812.921,147.726,22.8,74.915,691,66.341,37.154,Normal,0,0
A038,2025-01-10 14:00:00,A038-HYD,Hydraulic System,85.462,3.491,70.206,51.671,1829.117,142.806,23.837,79.63,573,75.164,32.285,Warning,1,1
A038,2025-01-10 15:00:00,A038-HYD,Hydraulic System,83.785,4.325,71.192,50.681,1831.027,150.648,23.901,82.045,528,65.703,23.815,Warning,1,0
A038,2025-01-10 16:00:00,A038-HYD,Hydraulic System,79.072,3.05,73.692,53.198,1781.486,146.282,23.248,80.553,385,71.123,32.839,Normal,0,0
A038,2025-01-10 18:00:00,A038-HYD,Hydraulic System,83.998,3.828,72.268,53.057,1745.462,147.701,23.981,77.731,550,75.203,32.094,Warning,1,1
A038,2025-01-11 05:00:00,A038-HYD,Hydraulic System,83.594,3.522,70.719,54.076,1834.519,148.036,22.896,82.814,411,70.655,30.112,Warning,1,0
A038,2025-01-11 07:00:00,A038-HYD,Hydraulic System,81.688,2.946,70.514,54.633,1791.8,146.466,23.912,82.571,530,74.152,23.533,Warning,1,1
A038,2025-01-11 11:00:00,A038-HYD,Hydraulic System,82.066,2.903,66.593,50.663,1792.539,140.833,23.376,80.469,426,74.004,36.582,Warning,1,0
A038,2025-01-11 13:00:00,A038-HYD,Hydraulic System,80.066,4.023,68.308,52.139,1707.886,141.733,23.049,80.825,689,80.385,32.762,Warning,1,1
A038,2025-01-11 18:00:00,A038-HYD,Hydraulic System,80.512,3.888,65.091,51.226,1841.569,148.702,23.022,80.989,592,77.418,28.172,Warning,1,0
A038,2025-01-11 19:00:00,A038-HYD,Hydraulic System,84.449,3.977,73.062,52.163,1698.148,147.203,23.238,81.074,624,71.616,31.025,Warning,1,1
A038,2025-01-12 01:00:00,A038-HYD,Hydraulic System,83.6,3.553,72.876,54.443,1783.933,150.372,23.286,81.926,584,77.182,34.078,Warning,1,0
A038,2025-01-12 07:00:00,A038-HYD,Hydraulic System,79.905,4.078,69.933,51.693,1846.231,138.906,23.691,80.857,608,74.683,32.507,Warning,1,1
A038,2025-01-12 11:00:00,A038-HYD,Hydraulic System,83.002,3.824,69.434,51.2,1727.061,146.805,22.902,82.654,590,72.839,40.1,Warning,1,0
A038,2025-01-12 15:00:00,A038-HYD,Hydraulic System,83.303,3.808,69.879,53.974,1761.963,146.284,23.46,79.852,448,81.246,31.267,Warning,1,0
A038,2025-01-12 17:00:00,A038-HYD,Hydraulic System,81.822,2.847,68.14,52.022,1768.995,147.758,23.521,83.431,540,89.18,30.027,Warning,1,1
A038,2025-01-12 21:00:00,A038-HYD,Hydraulic System,82.643,3.562,71.481,50.966,1752.635,143.784,23.553,86.729,667,84.594,31.816,Warning,1,0
A038,2025-01-13 07:00:00,A038-HYD,Hydraulic System,80.551,3.86,70.822,51.06,1632.467,152.136,22.263,81.768,482,74.834,33.554,Warning,1,1
A038,2025-01-13 15:00:00,A038-HYD,Hydraulic System,78.969,4.383,65.982,53.139,1914.507,147.693,22.808,83.045,479,78.659,23.48,Warning,1,1
A038,2025-01-13 22:00:00,A038-HYD,Hydraulic System,83.635,4.041,67.131,50.938,1916.728,126.412,22.765,83.828,649,91.415,22.718,Warning,1,1
A038,2025-01-14 02:00:00,A038-HYD,Hydraulic System,82.764,3.677,71.629,53.695,1860.082,136.13,23.478,84.494,681,90.019,29.81,Warning,1,1
A038,2025-01-14 11:00:00,A038-HYD,Hydraulic System,81.676,3.931,66.394,53.787,1751.589,147.017,23.455,82.601,761,86.451,26.235,Warning,1,1
A038,2025-01-14 15:00:00,A038-HYD,Hydraulic System,82.58,3.919,71.008,52.109,1700.227,146.928,23.413,84.153,503,70.382,32.219,Warning,1,1
A038,2025-01-14 23:00:00,A038-HYD,Hydraulic System,85.15,4.08,63.403,53.204,1937.48,149.286,22.872,87.532,485,76.107,29.16,Warning,1,1
A038,2025-01-15 08:00:00,A038-HYD,Hydraulic System,81.001,4.215,68.797,53.957,1719.528,150.178,22.977,80.441,559,70.319,30.559,Warning,1,1
A038,2025-01-15 13:00:00,A038-HYD,Hydraulic System,97.594,6.435,64.283,52.781,1731.728,141.731,23.064,81.08,705,87.411,30.071,Warning,1,1
A038,2025-01-15 14:00:00,A038-HYD,Hydraulic System,85.582,3.954,68.552,49.72,1906.512,153.988,22.635,82.658,844,72.659,20.651,Warning,1,1
A038,2025-01-15 18:00:00,A038-HYD,Hydraulic System,81.582,4.089,66.563,50.079,1805.618,146.034,22.758,83.675,578,74.188,26.408,Warning,1,1
A038,2025-01-16 01:00:00,A038-HYD,Hydraulic System,85.59,4.512,68.736,53.944,1798.872,143.473,23.238,83.043,724,80.642,19.467,Warning,1,1
A038,2025-01-16 02:00:00,A038-HYD,Hydraulic System,84.913,3.9,65.926,53.09,1804.987,145.916,23.186,85.809,813,69.239,31.765,Warning,1,0
A038,2025-01-16 03:00:00,A038-HYD,Hydraulic System,83.716,4.301,63.609,52.513,1678.084,146.795,22.59,86.8,477,78.917,27.25,Warning,1,1
A038,2025-01-16 05:00:00,A038-HYD,Hydraulic System,84.652,4.409,66.388,48.827,1688.803,144.599,22.726,85.633,798,90.761,32.369,Warning,1,1
A038,2025-01-16 12:00:00,A038-HYD,Hydraulic System,90.952,3.956,69.56,50.523,1843.101,137.681,23.115,90.17,863,77.513,32.919,Warning,1,1
A038,2025-01-16 15:00:00,A038-HYD,Hydraulic System,82.773,3.802,66.053,50.692,1891.834,143.576,22.713,82.964,782,90.198,26.169,Warning,1,0
A038,2025-01-16 19:00:00,A038-HYD,Hydraulic System,84.551,4.208,65.839,48.673,1624.963,148.592,22.058,83.719,751,68.432,31.185,Warning,1,1
A038,2025-01-16 20:00:00,A038-HYD,Hydraulic System,87.336,4.205,62.961,49.692,1961.706,144.683,22.605,85.133,861,98.053,34.965,Warning,1,1
A038,2025-01-17 11:00:00,A038-HYD,Hydraulic System,89.59,4.053,69.858,49.786,1893.402,146.746,22.969,83.457,827,85.781,26.201,Warning,1,0
A039,2025-01-01 09:00:00,A039-HYD,Hydraulic System,75.907,1.717,77.609,52.097,1793.826,154.18,23.535,75.189,138,55.052,20.954,Normal,0,0
A039,2025-01-01 11:00:00,A039-HYD,Hydraulic System,69.435,2.475,76.668,55.536,1873.189,142.937,24.321,72.041,393,60.003,23.105,Normal,0,0
A039,2025-01-01 13:00:00,A039-HYD,Hydraulic System,75.983,1.833,76.447,53.357,1760.774,151.448,23.931,75.313,391,41.38,26.063,Normal,0,0
A039,2025-01-01 14:00:00,A039-HYD,Hydraulic System,78.4,2.443,78.438,56.184,1902.207,150.901,24.874,75.071,241,49.985,24.33,Normal,0,0
A039,2025-01-01 23:00:00,A039-HYD,Hydraulic System,73.841,2.45,76.274,54.998,1864.267,147.914,23.522,78.426,414,68.088,34.37,Normal,0,0
A039,2025-01-02 03:00:00,A039-HYD,Hydraulic System,72.195,2.006,76.283,53.938,1744.153,151.913,23.829,76.326,250,58.259,30.312,Normal,0,0
A039,2025-01-02 09:00:00,A039-HYD,Hydraulic System,76.034,2.072,77.078,56.918,1884.916,157.964,23.854,77.531,386,38.372,29.799,Normal,0,0
A039,2025-01-02 10:00:00,A039-HYD,Hydraulic System,71.946,2.406,74.507,56.525,1855.056,141.216,23.443,75.471,178,62.18,21.691,Normal,0,1
A039,2025-01-02 12:00:00,A039-HYD,Hydraulic System,76.285,2.859,77.034,53.55,1951.411,155.49,23.703,76.939,467,48.191,27.453,Normal,0,0
A039,2025-01-02 13:00:00,A039-HYD,Hydraulic System,74.948,2.589,77.481,55.881,1609.334,151.664,23.907,70.693,364,50.752,34.128,Normal,0,0
A039,2025-01-02 17:00:00,A039-HYD,Hydraulic System,71.623,1.853,79.964,56.797,1806.593,147.036,23.789,76.194,244,64.471,28.709,Normal,0,0
A039,2025-01-02 18:00:00,A039-HYD,Hydraulic System,75.677,1.604,74.738,54.597,1669.114,150.699,23.488,74.987,256,51.52,39.306,Normal,0,0
A039,2025-01-02 19:00:00,A039-HYD,Hydraulic System,77.877,2.318,74.803,53.669,1724.032,145.316,24.265,75.611,168,49.841,38.533,Normal,0,0
A039,2025-01-02 20:00:00,A039-HYD,Hydraulic System,70.804,2.622,77.945,53.724,1962.628,144.942,23.617,74.499,354,54.999,37.862,Normal,0,0
A039,2025-01-02 21:00:00,A039-HYD,Hydraulic System,68.963,2.821,79.899,54.268,1812.168,151.656,23.441,75.86,176,44.711,33.639,Normal,0,0
A039,2025-01-03 00:00:00,A039-HYD,Hydraulic System,74.915,2.15,77.756,54.816,1774.029,150.744,23.737,72.98,528,48.085,35.107,Normal,0,0
A039,2025-01-03 01:00:00,A039-HYD,Hydraulic System,89.119,5.797,63.231,52.315,1911.984,136.057,23.51,76.742,415,62.019,29.531,Warning,1,1
A039,2025-01-03 03:00:00,A039-HYD,Hydraulic System,71.294,3.126,71.951,54.636,1839.886,149.082,23.854,76.235,377,52.425,33.189,Normal,0,0
A039,2025-01-03 04:00:00,A039-HYD,Hydraulic System,73.616,2.806,75.166,54.98,1708.699,149.123,24.142,72.347,241,51.264,26.668,Normal,0,0
A039,2025-01-03 05:00:00,A039-HYD,Hydraulic System,78.851,2.995,74.857,54.732,1924.733,153.393,23.835,77.563,175,59.611,34.385,Normal,0,0
A039,2025-01-04 03:00:00,A039-HYD,Hydraulic System,74.106,2.853,75.841,53.932,1719.189,153.399,24.647,76.718,265,56.926,32.338,Normal,0,0
A039,2025-01-04 06:00:00,A039-HYD,Hydraulic System,75.298,2.043,72.734,52.505,1845.251,151.661,23.766,74.126,233,61.863,35.856,Normal,0,0
A039,2025-01-04 10:00:00,A039-HYD,Hydraulic System,72.443,2.547,77.788,53.813,1575.657,148.019,23.651,75.313,478,61.938,31.19,Normal,0,0
A039,2025-01-04 11:00:00,A039-HYD,Hydraulic System,72.246,2.853,78.188,55.339,1769.735,148.422,23.642,77.758,361,59.297,33.002,Normal,0,0
A039,2025-01-04 13:00:00,A039-HYD,Hydraulic System,79.281,2.757,79.151,52.558,1900.901,151.581,23.519,77.291,299,63.73,24.08,Normal,0,0
A039,2025-01-04 17:00:00,A039-HYD,Hydraulic System,74.62,2.75,72.006,53.777,1840.128,150.404,23.394,74.403,232,59.376,30.9,Normal,0,0
A039,2025-01-04 22:00:00,A039-HYD,Hydraulic System,76.218,2.327,78.676,53.174,1904.303,140.884,23.282,75.49,592,58.088,31.223,Normal,0,1
A039,2025-01-04 23:00:00,A039-HYD,Hydraulic System,73.682,2.17,74.808,51.74,1751.311,148.356,23.793,76.66,476,57.45,29.846,Normal,0,0
A039,2025-01-05 08:00:00,A039-HYD,Hydraulic System,74.732,2.648,75.767,56.613,1987.25,147.168,23.472,79.278,498,61.676,25.022,Normal,0,1
A039,2025-01-05 23:00:00,A039-HYD,Hydraulic System,73.12,3.017,77.176,53.293,1772.867,145.335,23.942,77.267,400,56.922,28.369,Normal,0,0
A039,2025-01-06 01:00:00,A039-HYD,Hydraulic System,74.971,2.687,73.935,56.641,1942.058,146.35,23.697,81.782,602,63.441,30.381,Normal,0,0
A039,2025-01-06 03:00:00,A039-HYD,Hydraulic System,74.477,3.195,71.749,53.637,1738.318,158.988,23.727,81.44,334,63.134,35.218,Normal,0,0
A039,2025-01-06 05:00:00,A039-HYD,Hydraulic System,77.747,2.706,77.506,52.988,1571.149,144.763,23.52,78.331,407,50.432,29.691,Normal,0,0
A039,2025-01-06 14:00:00,A039-HYD,Hydraulic System,73.939,4.006,73.457,58.47,2025.553,149.332,24.238,76.793,250,56.167,29.42,Normal,0,0
A039,2025-01-06 15:00:00,A039-HYD,Hydraulic System,79.405,2.77,77.205,57.571,1739.611,146.981,23.538,76.107,361,68.139,30.178,Normal,0,0
A039,2025-01-06 19:00:00,A039-HYD,Hydraulic System,77.947,2.587,76.781,55.381,1711.028,140.99,23.554,76.54,605,66.607,26.506,Normal,0,0
A039,2025-01-06 22:00:00,A039-HYD,Hydraulic System,74.083,2.806,73.249,54.4,1752.691,140.978,23.317,79.023,619,53.509,38.791,Normal,0,0
A039,2025-01-07 03:00:00,A039-HYD,Hydraulic System,75.41,2.616,73.29,54.586,1849.807,147.007,23.788,80.559,516,52.611,31.625,Normal,0,1
A039,2025-01-07 06:00:00,A039-HYD,Hydraulic System,75.555,2.745,75.798,55.449,1706.595,146.877,24.084,78.726,454,66.622,30.884,Normal,0,0
A039,2025-01-07 07:00:00,A039-HYD,Hydraulic System,75.208,3.463,75.888,54.151,1749.771,146.181,23.227,79.777,317,62.192,26.078,Normal,0,1
A039,2025-01-07 08:00:00,A039-HYD,Hydraulic System,81.812,3.012,68.265,56.74,1748.698,142.872,23.016,76.172,278,55.274,36.426,Normal,0,0
A039,2025-01-07 10:00:00,A039-HYD,Hydraulic System,80.428,2.113,75.7,50.924,1766.224,145.787,23.833,79.001,378,60.213,30.856,Normal,0,0
A039,2025-01-07 12:00:00,A039-HYD,Hydraulic System,76.268,2.578,75.61,54.153,1880.807,151.905,23.39,80.891,314,58.059,36.462,Normal,0,0
A039,2025-01-07 21:00:00,A039-HYD,Hydraulic System,77.024,3.479,77.114,52.312,1908.448,149.796,23.463,80.788,394,65.229,30.269,Normal,0,1
A039,2025-01-08 00:00:00,A039-HYD,Hydraulic System,74.393,2.683,75.823,54.336,1734.834,154.953,22.985,79.499,614,56.76,37.121,Normal,0,0
A039,2025-01-08 04:00:00,A039-HYD,Hydraulic System,78.65,2.785,74.612,50.515,1736.21,150.864,23.794,79.162,562,61.205,26.642,Normal,0,0
A039,2025-01-08 07:00:00,A039-HYD,Hydraulic System,79.595,2.925,67.95,51.15,1792.484,142.473,23.557,78.884,530,71.578,29.054,Normal,0,1
A039,2025-01-08 08:00:00,A039-HYD,Hydraulic System,81.156,3.547,74.034,51.923,2004.601,150.697,23.274,77.899,589,65.167,33.572,Normal,0,0
A039,2025-01-08 09:00:00,A039-HYD,Hydraulic System,73.833,2.81,72.537,56.112,1737.197,152.585,23.6,76.075,362,67.254,39.479,Normal,0,0
A039,2025-01-08 23:00:00,A039-HYD,Hydraulic System,80.002,3.643,72.822,54.076,1908.922,148.4,24.282,80.884,369,61.52,30.645,Normal,0,0
A039,2025-01-09 10:00:00,A039-HYD,Hydraulic System,82.288,3.225,72.809,54.975,1651.387,144.296,23.585,79.124,510,70.655,28.709,Normal,0,0
A039,2025-01-09 15:00:00,A039-HYD,Hydraulic System,80.949,3.06,77.544,54.511,1978.054,148.161,23.422,80.794,645,56.773,27.343,Normal,0,0
A039,2025-01-10 01:00:00,A039-HYD,Hydraulic System,78.575,3.7,74.691,54.969,1861.434,146.723,23.27,80.638,486,60.581,20.481,Normal,0,1
A039,2025-01-10 02:00:00,A039-HYD,Hydraulic System,76.625,3.226,73.435,53.888,1719.777,158.716,23.347,84.664,645,84.558,27.879,Normal,0,1
A039,2025-01-10 09:00:00,A039-HYD,Hydraulic System,80.12,2.893,71.099,51.425,1765.662,148.089,22.711,81.628,561,60.36,37.265,Normal,0,0
A039,2025-01-10 12:00:00,A039-HYD,Hydraulic System,79.439,2.982,75.142,51.463,1945.675,155.228,23.625,82.517,432,72.148,32.252,Normal,0,1
A039,2025-01-10 13:00:00,A039-HYD,Hydraulic System,75.454,2.629,75.256,52.614,1774.954,152.672,23.562,83.644,613,60.452,29.759,Normal,0,0
A039,2025-01-10 14:00:00,A039-HYD,Hydraulic System,85.1,3.324,71.902,52.497,1825.669,141.191,23.666,83.159,611,72.57,26.615,Warning,1,0
A039,2025-01-10 15:00:00,A039-HYD,Hydraulic System,77.752,3.697,71.725,51.317,1746.848,148.268,23.186,82.3,684,60.461,24.053,Normal,0,1
A039,2025-01-10 19:00:00,A039-HYD,Hydraulic System,81.19,3.091,71.159,52.395,1867.028,145.834,23.115,82.666,728,79.482,19.63,Warning,1,0
A039,2025-01-11 05:00:00,A039-HYD,Hydraulic System,86.278,5.329,61.534,54.949,1934.275,147.465,22.947,84.743,418,70.885,28.565,Warning,1,0
A039,2025-01-11 06:00:00,A039-HYD,Hydraulic System,79.224,3.742,73.606,53.039,1831.05,149.263,23.337,82.96,658,75.23,35.563,Warning,1,1
A039,2025-01-11 08:00:00,A039-HYD,Hydraulic System,98.892,6.964,66.41,53.736,1870.35,137.157,23.023,82.573,607,63.618,32.512,Warning,1,1
A039,2025-01-11 09:00:00,A039-HYD,Hydraulic System,82.607,3.267,73.301,51.701,1580.185,143.03,23.5,79.483,580,72.132,29.7,Normal,0,1
A039,2025-01-11 10:00:00,A039-HYD,Hydraulic System,79.657,3.879,72.616,54.459,1801.527,146.341,23.576,76.058,736,63.271,30.636,Normal,0,1
A039,2025-01-11 11:00:00,A039-HYD,Hydraulic System,79.731,3.358,77.358,54.548,1805.116,149.016,23.04,81.593,366,82.957,40.051,Warning,1,0
A039,2025-01-11 12:00:00,A039-HYD,Hydraulic System,77.451,3.74,73.831,50.878,1862.595,149.419,23.03,84.778,614,69.8,28.909,Normal,0,1
A039,2025-01-11 17:00:00,A039-HYD,Hydraulic System,81.138,3.327,72.425,54.145,2020.857,150.668,23.463,82.919,550,59.632,32.315,Normal,0,0
A039,2025-01-11 21:00:00,A039-HYD,Hydraulic System,80.704,2.736,76.92,51.589,1756.295,148.314,22.802,83.618,725,69.023,29.954,Normal,0,0
A039,2025-01-12 03:00:00,A039-HYD,Hydraulic System,81.029,3.556,69.253,52.24,1688.751,145.504,23.237,84.201,617,62.735,30.442,Normal,0,1
A039,2025-01-12 12:00:00,A039-HYD,Hydraulic System,80.518,3.1,68.777,56.22,1631.021,137.482,23.35,80.788,618,64.489,17.73,Normal,0,0
A039,2025-01-12 19:00:00,A039-HYD,Hydraulic System,81.918,3.869,68.164,51.839,1635.198,149.153,23.147,82.117,449,66.615,31.145,Warning,1,0
A039,2025-01-12 22:00:00,A039-HYD,Hydraulic System,77.681,3.228,68.845,47.476,1770.173,147.126,23.406,83.007,434,75.798,22.494,Warning,1,1
A039,2025-01-13 02:00:00,A039-HYD,Hydraulic System,82.348,3.621,74.506,55.167,1860.909,145.401,23.445,82.995,702,58.914,32.803,Normal,0,0
A039,2025-01-13 03:00:00,A039-HYD,Hydraulic System,78.878,3.621,72.553,56.203,1744.755,137.345,23.088,78.494,391,58.664,30.254,Normal,0,0
A039,2025-01-13 08:00:00,A039-HYD,Hydraulic System,77.555,4.084,72.87,52.747,1788.556,145.366,22.715,81.786,629,75.61,17.461,Warning,1,0
A039,2025-01-13 14:00:00,A039-HYD,Hydraulic System,85.083,3.843,68.217,53.15,1816.411,145.791,22.869,78.773,772,70.999,30.979,Warning,1,0
A039,2025-01-13 15:00:00,A039-HYD,Hydraulic System,87.527,3.853,72.429,54.812,1971.163,144.909,23.365,83.169,737,68.759,33.549,Warning,1,1
A039,2025-01-13 18:00:00,A039-HYD,Hydraulic System,78.305,3.869,73.402,52.051,1881.756,147.388,22.561,85.357,602,70.693,30.971,Warning,1,0
A039,2025-01-14 01:00:00,A039-HYD,Hydraulic System,83.112,3.234,70.989,51.555,1991.034,143.971,23.15,84.264,726,71.206,35.375,Warning,1,0
A039,2025-01-14 02:00:00,A039-HYD,Hydraulic System,80.321,3.39,70.644,49.712,1884.545,146.522,23.106,84.33,433,78.345,33.203,Warning,1,1
A039,2025-01-14 04:00:00,A039-HYD,Hydraulic System,78.495,4.134,71.931,51.269,1833.112,139.603,23.021,83.647,487,76.69,31.274,Warning,1,0
A039,2025-01-14 08:00:00,A039-HYD,Hydraulic System,98.254,5.383,57.979,52.543,1985.931,132.24,22.864,83.655,470,70.433,22.603,Warning,1,1
A039,2025-01-14 09:00:00,A039-HYD,Hydraulic System,82.216,3.83,71.061,52.523,1923.503,144.286,23.315,84.967,668,72.71,31.974,Warning,1,1
A039,2025-01-14 13:00:00,A039-HYD,Hydraulic System,82.101,3.897,66.404,53.201,1899.241,149.949,22.83,83.913,805,64.806,21.33,Warning,1,1
A039,2025-01-14 23:00:00,A039-HYD,Hydraulic System,86.05,3.814,70.32,54.633,1653.545,146.469,22.542,85.612,464,72.316,25.877,Warning,1,0
A039,2025-01-15 00:00:00,A039-HYD,Hydraulic System,84.919,3.941,70.414,51.832,1783.869,150.787,23.361,86.703,578,75.403,31.074,Warning,1,0
A039,2025-01-15 02:00:00,A039-HYD,Hydraulic System,84.487,3.478,70.342,51.461,1878.151,147.977,22.975,83.392,634,67.953,21.141,Warning,1,0
A039,2025-01-15 04:00:00,A039-HYD,Hydraulic System,83.231,3.308,70.903,49.548,1808.237,148.278,22.674,82.944,683,77.381,36.24,Warning,1,1
A039,2025-01-15 07:00:00,A039-HYD,Hydraulic System,80.733,3.815,66.792,53.274,1817.429,150.671,23.219,85.176,744,74.538,28.961,Warning,1,0
A039,2025-01-15 11:00:00,A039-HYD,Hydraulic System,97.08,7.709,53.66,54.068,1827.505,140.5,22.885,79.832,600,79.921,31.665,Warning,1,1
A039,2025-01-15 15:00:00,A039-HYD,Hydraulic System,80.521,3.355,71.977,53.498,1874.598,143.286,23.097,82.754,690,66.971,28.271,Warning,1,1
A039,2025-01-15 16:00:00,A039-HYD,Hydraulic System,79.986,3.53,66.959,50.439,1809.593,146.311,23.537,82.566,731,87.232,31.722,Warning,1,1
A039,2025-01-15 17:00:00,A039-HYD,Hydraulic System,87.154,4.341,69.175,52.503,1643.665,139.678,23.189,82.243,694,77.346,30.493,Warning,1,1
A039,2025-01-15 19:00:00,A039-HYD,Hydraulic System,83.847,4.334,74.821,52.762,1780.937,149.182,22.964,87.773,843,73.313,30.59,Warning,1,1
A039,2025-01-16 01:00:00,A039-HYD,Hydraulic System,83.199,3.832,72.482,52.402,1785.026,148.085,22.788,84.977,785,78.613,36.194,Warning,1,1
A039,2025-01-16 11:00:00,A039-HYD,Hydraulic System,89.032,4.161,66.104,51.67,1819.602,143.854,23.186,81.775,478,74.388,29.876,Warning,1,0
A039,2025-01-16 19:00:00,A039-HYD,Hydraulic System,83.391,3.455,72.848,52.653,1709.945,149.262,23.249,85.254,777,67.635,26.484,Warning,1,1
A039,2025-01-16 20:00:00,A039-HYD,Hydraulic System,85.026,3.684,74.127,52.708,1730.463,142.249,23.173,85.258,785,74.426,34.408,Warning,1,0
A039,2025-01-17 00:00:00,A039-HYD,Hydraulic System,86.136,3.767,72.243,51.324,1924.716,148.352,22.185,83.138,730,83.532,32.727,Warning,1,1
A039,2025-01-17 02:00:00,A039-HYD,Hydraulic System,81.702,4.122,70.752,51.82,1870.946,141.098,23.338,82.751,759,68.243,29.821,Warning,1,0
A039,2025-01-17 13:00:00,A039-HYD,Hydraulic System,86.285,3.555,74.816,50.025,1634.791,146.069,23.403,81.671,582,71.848,25.072,Warning,1,1
A039,2025-01-17 15:00:00,A039-HYD,Hydraulic System,86.828,3.958,70.515,49.776,1905.122,144.154,23.152,85.459,551,66.988,25.793,Warning,1,1
A040,2025-01-01 17:00:00,A040-HYD,Hydraulic System,71.196,2.204,79.699,58.466,1778.594,150.968,24.636,77.816,422,54.158,26.892,Normal,0,0
A040,2025-01-01 21:00:00,A040-HYD,Hydraulic System,73.26,2.001,80.155,52.012,1718.907,145.796,23.928,79.438,447,49.796,22.127,Normal,0,0
A040,2025-01-02 02:00:00,A040-HYD,Hydraulic System,73.731,1.862,79.293,53.236,1836.946,153.458,24.25,75.632,401,59.668,28.001,Normal,0,0
A040,2025-01-02 03:00:00,A040-HYD,Hydraulic System,74.644,1.901,78.925,55.37,1787.587,151.713,23.825,75.691,162,49.465,37.277,Normal,0,0
A040,2025-01-02 04:00:00,A040-HYD,Hydraulic System,68.5,2.896,80.477,56.495,1823.79,154.727,23.585,75.8,230,46.678,37.127,Normal,0,0
A040,2025-01-02 07:00:00,A040-HYD,Hydraulic System,72.065,2.259,77.263,53.509,1789.998,152.066,24.062,75.478,351,44.672,32.894,Normal,0,0
A040,2025-01-02 12:00:00,A040-HYD,Hydraulic System,70.465,2.245,77.831,57.061,1874.17,142.698,24.325,77.795,283,57.08,31.877,Normal,0,1
A040,2025-01-02 14:00:00,A040-HYD,Hydraulic System,68.604,2.318,79.269,54.014,1661.722,145.08,23.714,76.463,163,51.36,34.752,Normal,0,0
A040,2025-01-02 15:00:00,A040-HYD,Hydraulic System,67.426,2.727,79.439,54.371,1912.524,155.229,24.788,71.482,324,57.524,30.831,Normal,0,0
A040,2025-01-02 16:00:00,A040-HYD,Hydraulic System,71.25,1.633,80.45,49.057,1820.354,148.936,24.148,76.415,337,47.656,24.362,Normal,0,0
A040,2025-01-02 19:00:00,A040-HYD,Hydraulic System,72.66,2.107,77.727,49.598,1807.381,152.513,23.883,78.244,175,61.476,21.971,Normal,0,1
A040,2025-01-02 21:00:00,A040-HYD,Hydraulic System,67.043,2.316,80.118,55.546,1665.338,152.087,24.191,76.527,393,64.269,19.868,Normal,0,0
A040,2025-01-02 22:00:00,A040-HYD,Hydraulic System,73.266,2.072,80.146,55.453,1807.201,149.81,24.246,76.146,458,38.275,29.984,Normal,0,0
A040,2025-01-02 23:00:00,A040-HYD,Hydraulic System,72.407,2.374,83.02,54.801,1847.91,151.817,23.584,75.078,368,58.376,34.404,Normal,0,0
A040,2025-01-03 02:00:00,A040-HYD,Hydraulic System,72.071,2.033,76.844,56.647,1787.44,152.853,23.865,75.569,468,32.669,29.656,Normal,0,0
A040,2025-01-03 03:00:00,A040-HYD,Hydraulic System,74.368,2.515,75.608,54.286,1793.356,152.95,23.648,76.209,289,40.521,27.077,Normal,0,0
A040,2025-01-03 07:00:00,A040-HYD,Hydraulic System,69.08,2.176,78.948,55.957,1662.841,146.949,23.848,78.878,173,62.337,29.253,Normal,0,0
A040,2025-01-03 08:00:00,A040-HYD,Hydraulic System,70.159,1.824,79.145,54.983,1725.973,148.977,23.742,75.46,196,55.268,27.679,Normal,0,0
A040,2025-01-03 12:00:00,A040-HYD,Hydraulic System,67.425,2.361,81.657,53.158,1865.518,150.314,24.074,76.042,487,59.079,32.016,Normal,0,0
A040,2025-01-03 13:00:00,A040-HYD,Hydraulic System,71.812,2.545,79.076,55.009,1643.717,142.355,24.382,79.947,255,49.958,37.995,Normal,0,1
A040,2025-01-03 15:00:00,A040-HYD,Hydraulic System,71.031,1.992,80.921,52.185,1710.949,148.491,23.823,75.039,189,50.447,29.488,Normal,0,0
A040,2025-01-03 18:00:00,A040-HYD,Hydraulic System,70.329,2.628,75.478,55.252,1798.459,152.997,23.777,75.609,312,57.554,30.329,Normal,0,0
A040,2025-01-03 20:00:00,A040-HYD,Hydraulic System,74.474,2.183,76.761,53.415,1705.288,147.012,23.849,74.366,353,50.643,32.197,Normal,0,0
A040,2025-01-03 22:00:00,A040-HYD,Hydraulic System,73.062,2.559,77.94,54.97,1875.878,152.287,23.742,75.501,328,43.421,29.952,Normal,0,1
A040,2025-01-03 23:00:00,A040-HYD,Hydraulic System,74.113,2.158,80.345,53.247,1860.034,148.358,23.59,78.528,418,48.017,36.398,Normal,0,0
A040,2025-01-04 04:00:00,A040-HYD,Hydraulic System,75.788,2.596,78.595,54.775,1799.326,147.691,23.912,80.737,263,36.844,29.913,Normal,0,0
A040,2025-01-04 06:00:00,A040-HYD,Hydraulic System,70.942,2.411,77.072,53.707,1681.058,149.114,24.055,78.329,206,49.62,38.411,Normal,0,0
A040,2025-01-05 04:00:00,A040-HYD,Hydraulic System,74.696,2.284,80.092,52.595,1905.304,143.492,23.633,77.333,331,53.841,32.345,Normal,0,0
A040,2025-01-05 05:00:00,A040-HYD,Hydraulic System,74.518,2.231,76.319,54.578,2015.143,142.172,23.619,77.736,499,32.077,26.25,Normal,0,0
A040,2025-01-05 06:00:00,A040-HYD,Hydraulic System,73.31,2.88,80.235,50.694,1712.924,151.567,24.329,80.058,515,51.977,24.56,Normal,0,0
A040,2025-01-05 08:00:00,A040-HYD,Hydraulic System,89.464,5.107,71.972,54.984,1640.964,138.798,23.569,77.615,365,43.411,35.439,Warning,1,0
A040,2025-01-05 12:00:00,A040-HYD,Hydraulic System,69.693,1.931,75.487,53.851,1788.398,144.797,23.383,77.845,589,49.246,32.46,Normal,0,0
A040,2025-01-05 14:00:00,A040-HYD,Hydraulic System,73.406,3.147,79.671,54.998,1803.769,155.657,23.442,77.903,429,56.23,23.144,Normal,0,0
A040,2025-01-05 23:00:00,A040-HYD,Hydraulic System,76.232,2.801,74.434,54.665,1853.121,148.02,23.953,81.668,254,56.163,27.577,Normal,0,0
A040,2025-01-06 00:00:00,A040-HYD,Hydraulic System,73.719,2.29,77.63,57.651,1813.432,152.059,23.335,81.832,452,51.164,32.047,Normal,0,0
A040,2025-01-06 01:00:00,A040-HYD,Hydraulic System,72.984,2.525,73.996,55.088,1784.163,146.165,23.811,80.372,387,44.387,27.406,Normal,0,0
A040,2025-01-06 03:00:00,A040-HYD,Hydraulic System,72.102,2.659,81.475,53.272,1803.109,151.762,23.987,80.405,315,51.543,35.842,Normal,0,0
A040,2025-01-06 11:00:00,A040-HYD,Hydraulic System,73.849,2.929,78.276,53.663,1890.096,146.88,23.699,76.799,502,63.867,33.316,Normal,0,0
A040,2025-01-06 13:00:00,A040-HYD,Hydraulic System,71.768,3.048,73.968,56.074,1695.76,150.174,23.728,77.657,443,59.05,27.872,Normal,0,0
A040,2025-01-06 14:00:00,A040-HYD,Hydraulic System,75.435,2.483,73.007,49.855,1828.626,153.702,23.918,76.932,303,50.296,28.055,Normal,0,0
A040,2025-01-06 21:00:00,A040-HYD,Hydraulic System,74.198,2.038,75.034,48.714,1938.731,151.521,24.049,80.33,486,63.006,31.207,Normal,0,0
A040,2025-01-06 23:00:00,A040-HYD,Hydraulic System,74.515,2.347,74.946,55.25,1848.142,151.259,23.278,79.67,622,56.592,22.797,Normal,0,1
A040,2025-01-07 04:00:00,A040-HYD,Hydraulic System,74.527,2.714,77.826,54.933,1843.198,151.042,23.456,74.243,436,51.904,30.32,Normal,0,0
A040,2025-01-07 05:00:00,A040-HYD,Hydraulic System,79.142,2.515,73.221,52.43,1737.365,146.081,23.239,78.072,493,44.05,29.966,Normal,0,0
A040,2025-01-07 07:00:00,A040-HYD,Hydraulic System,77.094,3.101,78.371,50.344,1756.78,145.831,23.993,79.282,467,64.952,21.663,Normal,0,0
A040,2025-01-07 08:00:00,A040-HYD,Hydraulic System,74.267,2.472,78.008,55.475,1726.406,150.367,23.36,77.455,350,56.749,26.092,Normal,0,0
A040,2025-01-07 16:00:00,A040-HYD,Hydraulic System,77.612,2.486,76.141,53.598,1765.73,144.156,24.067,81.646,559,56.282,36.5,Normal,0,0
A040,2025-01-07 21:00:00,A040-HYD,Hydraulic System,73.946,2.672,77.815,52.826,1712.954,154.803,23.493,78.202,530,61.702,36.742,Normal,0,0
A040,2025-01-08 02:00:00,A040-HYD,Hydraulic System,81.596,2.887,76.13,54.514,1883.807,149.156,23.421,76.453,330,62.33,29.878,Normal,0,1
A040,2025-01-08 03:00:00,A040-HYD,Hydraulic System,78.178,2.531,74.129,54.172,1814.759,145.87,23.739,81.876,389,63.286,35.729,Normal,0,0
A040,2025-01-08 10:00:00,A040-HYD,Hydraulic System,75.9,2.341,77.992,54.592,1847.194,146.751,23.794,81.391,309,41.45,35.467,Normal,0,0
A040,2025-01-08 23:00:00,A040-HYD,Hydraulic System,72.981,2.116,77.642,51.436,1614.662,154.043,23.92,79.889,484,50.61,27.771,Normal,0,0
A040,2025-01-09 02:00:00,A040-HYD,Hydraulic System,73.667,2.618,78.631,56.378,1700.326,158.246,23.315,78.983,554,69.51,31.684,Normal,0,0
A040,2025-01-09 04:00:00,A040-HYD,Hydraulic System,73.906,2.702,78.452,53.707,1794.157,151.266,24.007,78.53,581,59.96,33.129,Normal,0,0
A040,2025-01-09 06:00:00,A040-HYD,Hydraulic System,77.058,2.376,77.436,53.537,2005.682,145.063,23.275,79.777,538,60.113,33.929,Normal,0,1
A040,2025-01-09 07:00:00,A040-HYD,Hydraulic System,77.306,3.631,73.915,51.534,1681.921,139.906,22.962,81.269,431,57.743,26.797,Normal,0,1
A040,2025-01-09 13:00:00,A040-HYD,Hydraulic System,77.145,2.529,72.557,54.416,1958.436,141.96,23.266,76.935,381,59.544,24.774,Normal,0,0
A040,2025-01-09 15:00:00,A040-HYD,Hydraulic System,79.762,2.789,74.285,54.632,1815.981,148.983,23.384,79.076,507,53.123,36.104,Normal,0,1
A040,2025-01-09 21:00:00,A040-HYD,Hydraulic System,81.28,2.576,77.064,54.049,1813.895,146.315,23.01,81.508,663,46.585,22.744,Normal,0,0
A040,2025-01-09 23:00:00,A040-HYD,Hydraulic System,79.657,2.55,85.065,49.69,1833.769,148.161,23.75,77.192,637,75.769,28.237,Normal,0,0
A040,2025-01-10 00:00:00,A040-HYD,Hydraulic System,75.718,2.913,77.635,51.894,1971.021,151.262,23.285,81.309,487,59.361,26.806,Normal,0,0
A040,2025-01-10 03:00:00,A040-HYD,Hydraulic System,78.1,2.777,77.938,53.089,1684.247,141.814,23.023,79.834,501,61.591,28.616,Normal,0,0
A040,2025-01-10 14:00:00,A040-HYD,Hydraulic System,76.994,3.399,71.443,53.229,1929.284,145.126,23.045,78.629,717,63.955,31.246,Normal,0,1
A040,2025-01-10 17:00:00,A040-HYD,Hydraulic System,75.147,3.022,77.044,52.665,1706.616,149.092,23.208,78.167,648,78.889,25.186,Normal,0,1
A040,2025-01-10 19:00:00,A040-HYD,Hydraulic System,80.333,3.121,73.381,51.846,1882.562,149.867,23.545,82.264,348,53.385,35.813,Normal,0,0
A040,2025-01-11 00:00:00,A040-HYD,Hydraulic System,83.212,2.264,72.601,49.334,2000.852,146.872,23.645,80.531,613,58.399,36.255,Normal,0,0
A040,2025-01-11 07:00:00,A040-HYD,Hydraulic System,76.86,2.963,78.083,53.135,1831.928,153.318,23.181,80.96,531,71.135,27.45,Normal,0,0
A040,2025-01-11 16:00:00,A040-HYD,Hydraulic System,79.021,3.533,74.045,51.619,1844.674,149.797,22.429,77.697,529,69.309,29.067,Normal,0,0
A040,2025-01-11 20:00:00,A040-HYD,Hydraulic System,81.674,3.141,74.652,53.068,1574.069,143.988,23.195,81.47,655,49.842,27.47,Normal,0,0
A040,2025-01-12 02:00:00,A040-HYD,Hydraulic System,74.969,2.855,73.743,52.648,1693.739,147.167,22.438,82.099,582,51.934,26.427,Normal,0,0
A040,2025-01-12 09:00:00,A040-HYD,Hydraulic System,78.572,3.065,72.545,53.989,1794.102,150.179,22.756,82.554,598,60.673,32.266,Normal,0,0
A040,2025-01-12 15:00:00,A040-HYD,Hydraulic System,78.12,3.373,76.302,55.249,2027.984,147.988,22.913,83.966,556,72.354,27.087,Normal,0,0
A040,2025-01-12 17:00:00,A040-HYD,Hydraulic System,79.286,3.556,79.818,54.028,1865.777,150.145,23.38,83.06,382,54.979,35.833,Normal,0,1
A040,2025-01-13 03:00:00,A040-HYD,Hydraulic System,76.307,2.873,77.529,55.439,1785.042,149.187,22.531,84.112,675,64.265,31.974,Normal,0,1
A040,2025-01-13 06:00:00,A040-HYD,Hydraulic System,79.29,2.769,77.112,46.637,1957.706,150.577,23.185,85.407,593,53.624,25.238,Normal,0,0
A040,2025-01-13 11:00:00,A040-HYD,Hydraulic System,81.305,3.235,75.947,52.142,1982.956,144.397,23.268,82.581,610,66.721,25.592,Normal,0,0
A040,2025-01-13 12:00:00,A040-HYD,Hydraulic System,80.3,3.143,76.858,55.927,1787.265,146.492,23.738,86.366,790,82.138,27.023,Normal,0,0
A040,2025-01-13 16:00:00,A040-HYD,Hydraulic System,82.955,3.307,74.494,53.127,1843.629,141.298,22.892,79.541,444,44.99,30.363,Normal,0,0
A040,2025-01-13 18:00:00,A040-HYD,Hydraulic System,80.284,3.297,73.471,53.832,1797.228,144.992,22.989,78.146,571,60.916,27.962,Normal,0,0
A040,2025-01-13 20:00:00,A040-HYD,Hydraulic System,78.064,3.516,75.239,51.131,1726.56,142.116,23.252,83.505,610,68.232,32.157,Normal,0,1
A040,2025-01-13 22:00:00,A040-HYD,Hydraulic System,82.424,3.309,76.117,52.522,1764.557,148.063,22.728,83.1,796,63.029,25.58,Normal,0,0
A040,2025-01-14 00:00:00,A040-HYD,Hydraulic System,79.459,3.196,71.091,52.767,1879.812,141.278,22.571,85.168,443,64.03,20.903,Normal,0,0
A040,2025-01-14 11:00:00,A040-HYD,Hydraulic System,84.045,3.136,73.014,51.758,1764.615,145.504,22.874,80.157,713,60.529,33.77,Normal,0,0
A040,2025-01-14 17:00:00,A040-HYD,Hydraulic System,79.506,3.405,72.228,51.432,1908.33,149.475,22.849,84.243,433,54.074,27.654,Normal,0,0
A040,2025-01-14 19:00:00,A040-HYD,Hydraulic System,77.784,3.797,70.7,50.043,1714.117,143.72,23.073,82.203,776,80.676,32.753,Warning,1,1
A040,2025-01-15 04:00:00,A040-HYD,Hydraulic System,76.437,3.5,71.159,56.539,1656.814,137.55,23.46,84.843,557,61.575,25.778,Normal,0,1
A040,2025-01-15 06:00:00,A040-HYD,Hydraulic System,80.434,3.011,74.936,51.939,1813.364,149.706,23.136,82.6,596,63.255,37.345,Normal,0,0
A040,2025-01-15 07:00:00,A040-HYD,Hydraulic System,83.382,3.073,74.085,51.848,1626.247,140.705,23.157,86.275,591,67.267,39.337,Normal,0,1
A040,2025-01-15 10:00:00,A040-HYD,Hydraulic System,80.771,3.387,72.853,51.9,1696.086,149.048,23.248,85.688,726,55.458,34.82,Normal,0,0
A040,2025-01-15 12:00:00,A040-HYD,Hydraulic System,80.381,2.905,71.643,51.593,1721.44,153.173,23.213,84.77,756,65.599,29.489,Normal,0,0
A040,2025-01-15 15:00:00,A040-HYD,Hydraulic System,82.058,3.094,70.684,53.257,1872.128,148.035,23.131,83.134,511,75.559,28.797,Warning,1,1
A040,2025-01-15 17:00:00,A040-HYD,Hydraulic System,79.209,3.631,74.315,51.193,1833.26,144.307,22.375,85.925,838,64.176,22.44,Normal,0,1
A040,2025-01-15 20:00:00,A040-HYD,Hydraulic System,79.896,3.64,69.33,53.573,1756.529,143.9,23.056,82.2,540,65.807,30.972,Warning,1,1
A040,2025-01-15 23:00:00,A040-HYD,Hydraulic System,78.853,3.234,74.321,54.742,1586.146,145.577,23.18,83.707,853,78.599,24.099,Warning,1,0
A040,2025-01-16 14:00:00,A040-HYD,Hydraulic System,82.232,3.395,72.338,51.136,1820.617,147.675,23.122,84.497,661,65.889,24.39,Warning,1,1
A040,2025-01-16 16:00:00,A040-HYD,Hydraulic System,81.728,4.2,76.075,51.08,1734.028,140.519,23.459,84.268,821,58.541,25.227,Warning,1,0
A040,2025-01-16 19:00:00,A040-HYD,Hydraulic System,86.701,7.149,58.54,47.902,1793.213,123.37,22.459,86.056,665,61.554,26.743,Warning,1,1
A040,2025-01-17 10:00:00,A040-HYD,Hydraulic System,81.505,3.001,70.583,50.986,1676.064,146.135,22.743,87.238,511,68.459,26.151,Warning,1,0
A040,2025-01-17 11:00:00,A040-HYD,Hydraulic System,83.679,3.877,72.379,53.575,1774.482,147.904,22.654,81.651,870,55.905,31.707,Warning,1,1
A040,2025-01-17 12:00:00,A040-HYD,Hydraulic System,82.999,2.915,67.933,48.932,1772.747,153.272,22.439,87.836,562,77.383,32.964,Warning,1,0
A040,2025-01-17 13:00:00,A040-HYD,Hydraulic System,78.516,3.363,73.657,51.146,1856.575,143.784,22.74,88.073,874,66.198,33.771,Warning,1,1
A041,2025-01-01 01:00:00,A041-HYD,Hydraulic System,68.606,2.488,83.647,54.345,1790.774,147.78,23.449,79.047,119,42.536,30.35,Normal,0,0
A041,2025-01-01 04:00:00,A041-HYD,Hydraulic System,68.395,2.583,79.537,56.522,1934.958,149.094,23.988,71.934,281,50.189,36.562,Normal,0,0
A041,2025-01-01 06:00:00,A041-HYD,Hydraulic System,73.403,2.236,77.141,57.507,1794.338,153.969,23.71,74.886,425,31.856,24.249,Normal,0,0
A041,2025-01-01 08:00:00,A041-HYD,Hydraulic System,87.751,3.726,69.258,52.922,1658.88,148.486,23.689,77.511,127,53.477,38.783,Warning,1,0
A041,2025-01-01 11:00:00,A041-HYD,Hydraulic System,70.569,2.618,82.661,58.636,1712.656,146.372,23.599,75.238,467,38.937,30.524,Normal,0,0
A041,2025-01-01 13:00:00,A041-HYD,Hydraulic System,71.155,1.464,77.427,53.928,1758.441,150.885,24.312,78.966,320,40.843,30.995,Normal,0,0
A041,2025-01-01 23:00:00,A041-HYD,Hydraulic System,73.209,2.328,74.381,55.554,1651.933,152.935,24.048,80.061,206,38.455,17.658,Normal,0,0
A041,2025-01-02 09:00:00,A041-HYD,Hydraulic System,73.684,2.679,80.497,50.222,1771.333,152.061,23.526,73.411,200,55.311,20.259,Normal,0,0
A041,2025-01-02 12:00:00,A041-HYD,Hydraulic System,72.598,2.195,81.599,55.449,1765.615,157.463,24.222,74.832,153,51.476,35.417,Normal,0,0
A041,2025-01-02 15:00:00,A041-HYD,Hydraulic System,72.703,2.581,82.096,55.409,1804.127,151.33,23.685,75.104,479,61.21,30.233,Normal,0,0
A041,2025-01-02 16:00:00,A041-HYD,Hydraulic System,71.364,2.142,75.498,52.466,1863.598,151.506,24.311,73.624,259,52.155,32.383,Normal,0,0
A041,2025-01-02 22:00:00,A041-HYD,Hydraulic System,71.287,2.441,76.626,55.407,1832.118,152.318,24.036,77.449,318,43.364,28.847,Normal,0,0
A041,2025-01-02 23:00:00,A041-HYD,Hydraulic System,71.296,2.151,79.949,54.78,1805.227,147.729,23.646,74.443,334,58.284,31.444,Normal,0,0
A041,2025-01-03 10:00:00,A041-HYD,Hydraulic System,75.145,2.541,78.553,52.307,1665.079,149.493,23.363,82.98,298,58.48,31.793,Normal,0,0
A041,2025-01-04 06:00:00,A041-HYD,Hydraulic System,70.778,2.04,71.13,53.999,1849.976,146.03,23.879,77.874,296,59.365,29.632,Normal,0,0
A041,2025-01-04 11:00:00,A041-HYD,Hydraulic System,74.693,3.002,79.025,53.056,1938.365,154.976,23.822,78.021,426,47.906,35.305,Normal,0,0
A041,2025-01-04 14:00:00,A041-HYD,Hydraulic System,72.84,2.248,77.407,57.357,1853.322,144.18,24.242,80.212,508,52.984,35.538,Normal,0,0
A041,2025-01-04 15:00:00,A041-HYD,Hydraulic System,74.329,2.482,74.229,58.538,1902.039,153.617,24.054,77.997,389,49.973,35.891,Normal,0,0
A041,2025-01-05 05:00:00,A041-HYD,Hydraulic System,75.857,2.72,78.061,51.353,1772.522,150.49,24.492,78.093,489,46.909,29.235,Normal,0,1
A041,2025-01-05 10:00:00,A041-HYD,Hydraulic System,77.037,2.626,79.657,53.321,1866.927,148.631,23.27,78.973,216,51.091,29.806,Normal,0,1
A041,2025-01-05 14:00:00,A041-HYD,Hydraulic System,71.945,2.958,79.704,54.017,1802.847,149.038,24.099,76.43,316,60.341,18.081,Normal,0,1
A041,2025-01-05 20:00:00,A041-HYD,Hydraulic System,76.806,2.685,78.858,54.475,1849.16,158.104,23.602,79.112,543,48.694,31.158,Normal,0,0
A041,2025-01-06 09:00:00,A041-HYD,Hydraulic System,77.22,2.486,79.189,57.654,1786.431,148.794,23.55,79.199,584,58.602,33.48,Normal,0,0
A041,2025-01-06 14:00:00,A041-HYD,Hydraulic System,76.25,2.754,76.152,52.73,1808.239,145.642,23.882,80.054,475,46.763,28.519,Normal,0,0
A041,2025-01-06 16:00:00,A041-HYD,Hydraulic System,71.451,1.747,77.063,50.675,1845.916,140.765,23.998,79.42,519,64.797,34.502,Normal,0,0
A041,2025-01-06 23:00:00,A041-HYD,Hydraulic System,73.859,2.503,82.292,54.126,1820.81,146.249,23.417,76.569,479,50.362,26.016,Normal,0,0
A041,2025-01-07 00:00:00,A041-HYD,Hydraulic System,73.151,3.511,75.736,52.849,1864.552,150.957,23.331,78.99,457,58.632,35.618,Normal,0,0
A041,2025-01-07 02:00:00,A041-HYD,Hydraulic System,75.174,2.536,77.044,51.554,1966.314,148.379,23.826,77.433,421,75.169,17.423,Normal,0,0
A041,2025-01-07 03:00:00,A041-HYD,Hydraulic System,77.409,2.347,76.231,54.28,1777.2,151.933,24.344,77.089,588,71.941,31.426,Normal,0,0
A041,2025-01-07 10:00:00,A041-HYD,Hydraulic System,78.877,2.238,76.104,53.413,1869.489,146.057,23.412,79.353,405,58.547,28.827,Normal,0,0
A041,2025-01-07 14:00:00,A041-HYD,Hydraulic System,75.863,2.323,76.33,54.216,1658.573,150.046,22.974,79.981,510,59.307,31.933,Normal,0,0
A041,2025-01-07 16:00:00,A041-HYD,Hydraulic System,79.197,2.476,76.863,50.716,1934.791,150.176,23.33,81.321,357,67.901,33.447,Normal,0,0
A041,2025-01-07 18:00:00,A041-HYD,Hydraulic System,76.933,2.061,82.73,50.543,1977.141,152.508,22.92,80.238,298,58.543,39.695,Normal,0,0
A041,2025-01-07 19:00:00,A041-HYD,Hydraulic System,74.78,2.47,76.248,54.069,1913.664,146.038,23.086,78.927,531,55.507,34.857,Normal,0,0
A041,2025-01-07 21:00:00,A041-HYD,Hydraulic System,79.709,2.957,77.518,52.716,1747.723,152.41,23.687,79.18,290,55.923,33.848,Normal,0,0
A041,2025-01-08 08:00:00,A041-HYD,Hydraulic System,72.699,2.588,79.529,55.321,1804.763,151.633,23.04,79.264,337,61.954,19.378,Normal,0,0
A041,2025-01-08 11:00:00,A041-HYD,Hydraulic System,78.838,2.96,74.666,53.58,1730.301,152.07,23.657,82.116,413,60.135,24.395,Normal,0,1
A041,2025-01-08 18:00:00,A041-HYD,Hydraulic System,79.075,2.313,77.288,52.92,1814.959,149.553,23.351,83.08,367,61.035,29.253,Normal,0,0
A041,2025-01-08 19:00:00,A041-HYD,Hydraulic System,76.877,2.889,76.746,53.08,1821.651,152.763,23.129,77.917,586,51.808,26.205,Normal,0,0
A041,2025-01-08 22:00:00,A041-HYD,Hydraulic System,77.913,2.114,77.577,53.718,1791.556,149.632,23.244,79.606,501,44.036,31.249,Normal,0,0
A041,2025-01-09 09:00:00,A041-HYD,Hydraulic System,75.576,2.96,74.655,54.496,1703.659,153.728,23.537,83.026,349,56.936,30.208,Normal,0,0
A041,2025-01-09 17:00:00,A041-HYD,Hydraulic System,73.295,2.425,75.299,54.609,1687.196,149.528,22.771,80.089,463,57.456,40.813,Normal,0,0
A041,2025-01-10 14:00:00,A041-HYD,Hydraulic System,78.34,3.116,74.714,57.556,1782.835,148.059,23.667,82.262,439,69.104,23.93,Normal,0,0
A041,2025-01-10 15:00:00,A041-HYD,Hydraulic System,77.251,2.972,76.05,49.873,1627.942,153.713,22.901,82.73,568,69.82,36.358,Normal,0,1
A041,2025-01-10 18:00:00,A041-HYD,Hydraulic System,75.48,3.374,77.276,54.446,1819.676,140.913,23.311,80.745,404,65.432,31.618,Normal,0,0
A041,2025-01-10 21:00:00,A041-HYD,Hydraulic System,73.823,2.672,73.854,51.854,1693.573,147.304,23.332,84.011,713,52.547,24.397,Normal,0,0
A041,2025-01-10 23:00:00,A041-HYD,Hydraulic System,75.511,3.274,73.487,54.284,1879.904,147.34,23.141,82.287,590,57.208,29.151,Normal,0,1
A041,2025-01-11 00:00:00,A041-HYD,Hydraulic System,78.721,3.416,73.245,51.134,1737.333,146.344,23.545,75.904,714,69.152,40.422,Normal,0,0
A041,2025-01-11 05:00:00,A041-HYD,Hydraulic System,77.146,2.893,75.489,53.395,1828.738,146.184,23.787,84.605,400,57.243,23.9,Normal,0,0
A041,2025-01-11 06:00:00,A041-HYD,Hydraulic System,74.869,3.164,75.524,59.178,1901.754,149.348,23.879,86.379,426,62.181,34.133,Normal,0,0
A041,2025-01-11 13:00:00,A041-HYD,Hydraulic System,79.988,2.14,76.076,51.349,1866.746,144.682,23.294,81.37,363,73.421,30.25,Normal,0,0
A041,2025-01-11 17:00:00,A041-HYD,Hydraulic System,79.435,2.693,71.089,54.522,1791.017,151.229,22.742,80.553,589,65.336,33.73,Normal,0,0
A041,2025-01-11 20:00:00,A041-HYD,Hydraulic System,78.123,3.123,74.419,56.357,1781.373,145.06,22.685,82.713,589,68.95,34.301,Normal,0,0
A041,2025-01-11 21:00:00,A041-HYD,Hydraulic System,78.566,2.96,72.736,55.534,1788.129,144.723,23.335,83.811,476,66.265,22.223,Normal,0,0
A041,2025-01-11 22:00:00,A041-HYD,Hydraulic System,80.088,3.408,70.37,52.056,1764.761,152.57,23.243,84.739,580,75.501,27.798,Normal,0,1
A041,2025-01-12 00:00:00,A041-HYD,Hydraulic System,76.357,2.798,72.1,50.311,1875.069,146.042,22.596,83.609,489,55.996,32.289,Normal,0,0
A041,2025-01-12 02:00:00,A041-HYD,Hydraulic System,79.045,3.098,74.079,54.411,1810.946,148.117,23.416,80.127,735,61.272,18.657,Normal,0,0
A041,2025-01-12 05:00:00,A041-HYD,Hydraulic System,81.693,2.855,74.89,55.312,1800.578,140.582,23.645,83.58,515,64.428,29.008,Normal,0,1
A041,2025-01-12 07:00:00,A041-HYD,Hydraulic System,79.719,2.822,73.457,55.62,1794.35,148.673,23.335,80.322,380,55.044,22.802,Normal,0,1
A041,2025-01-12 16:00:00,A041-HYD,Hydraulic System,80.082,3.078,72.438,51.448,1911.568,154.037,22.386,82.716,580,73.779,34.113,Normal,0,0
A041,2025-01-12 17:00:00,A041-HYD,Hydraulic System,71.914,3.193,73.126,55.982,1752.456,150.337,23.665,81.716,409,74.221,29.601,Normal,0,0
A041,2025-01-12 22:00:00,A041-HYD,Hydraulic System,80.175,3.54,73.886,55.701,1786.485,145.573,23.318,80.639,749,74.125,26.8,Normal,0,1
A041,2025-01-13 02:00:00,A041-HYD,Hydraulic System,77.824,3.335,71.535,54.989,1731.556,145.765,23.017,84.002,418,68.823,21.534,Normal,0,0
A041,2025-01-13 05:00:00,A041-HYD,Hydraulic System,77.411,3.247,74.295,52.181,1592.514,140.373,23.454,76.446,530,66.498,26.903,Normal,0,1
A041,2025-01-13 08:00:00,A041-HYD,Hydraulic System,77.498,3.313,70.946,51.427,1801.516,145.153,23.42,83.929,701,68.531,26.995,Normal,0,0
A041,2025-01-13 12:00:00,A041-HYD,Hydraulic System,80.184,3.492,71.654,51.361,1803.627,147.443,23.205,81.121,772,67.903,28.748,Normal,0,1
A041,2025-01-13 16:00:00,A041-HYD,Hydraulic System,81.958,2.718,72.607,52.489,1741.038,147.607,22.809,79.886,544,72.754,22.8,Normal,0,1
A041,2025-01-13 18:00:00,A041-HYD,Hydraulic System,76.626,3.311,69.858,48.796,1715.263,153.847,22.251,84.154,454,58.164,34.847,Normal,0,0
A041,2025-01-14 01:00:00,A041-HYD,Hydraulic System,78.692,3.606,76.111,57.089,1871.946,143.486,23.7,87.658,723,54.183,27.121,Normal,0,0
A041,2025-01-14 10:00:00,A041-HYD,Hydraulic System,82.691,3.062,70.51,52.184,1832.162,151.446,23.44,81.055,676,64.865,37.391,Normal,0,0
A041,2025-01-14 12:00:00,A041-HYD,Hydraulic System,83.636,3.725,73.968,53.641,1793.923,143.606,23.05,79.904,773,64.05,43.316,Warning,1,0
A041,2025-01-14 14:00:00,A041-HYD,Hydraulic System,75.213,3.204,72.593,49.925,1815.6,146.333,23.411,82.55,712,83.475,31.469,Normal,0,0
A041,2025-01-14 15:00:00,A041-HYD,Hydraulic System,79.285,3.363,75.413,53.445,1850.581,150.349,22.679,82.374,573,73.096,38.047,Normal,0,1
A041,2025-01-14 17:00:00,A041-HYD,Hydraulic System,78.795,3.323,73.709,50.835,1901.509,143.568,23.166,81.16,551,59.209,29.452,Normal,0,0
A041,2025-01-15 02:00:00,A041-HYD,Hydraulic System,83.547,2.751,71.672,51.953,1921.103,150.674,22.746,84.241,493,70.688,27.718,Normal,0,1
A041,2025-01-15 07:00:00,A041-HYD,Hydraulic System,88.28,5.901,62.402,53.063,1570.414,126.566,23.255,87.192,729,84.059,34.817,Warning,1,1
A041,2025-01-15 13:00:00,A041-HYD,Hydraulic System,82.166,3.93,73.737,50.478,1660.021,147.403,23.124,84.829,775,67.026,33.319,Warning,1,1
A041,2025-01-15 16:00:00,A041-HYD,Hydraulic System,80.585,3.721,73.319,50.074,1797.642,149.853,23.369,83.847,603,56.652,30.418,Normal,0,0
A041,2025-01-15 18:00:00,A041-HYD,Hydraulic System,81.545,3.455,69.441,50.282,1822.651,138.341,23.137,79.297,660,67.175,29.022,Warning,1,1
A041,2025-01-15 19:00:00,A041-HYD,Hydraulic System,79.127,3.36,75.333,52.026,1747.199,145.939,22.901,83.194,706,78.928,42.075,Warning,1,1
A041,2025-01-15 20:00:00,A041-HYD,Hydraulic System,79.428,3.991,71.036,53.582,1769.173,147.94,22.962,81.478,693,69.372,23.042,Warning,1,0
A041,2025-01-15 23:00:00,A041-HYD,Hydraulic System,82.338,4.253,72.489,50.802,1948.719,146.885,23.519,83.951,857,77.622,30.309,Warning,1,0
A041,2025-01-16 00:00:00,A041-HYD,Hydraulic System,83.949,3.296,72.807,54.435,1665.226,148.835,23.193,84.749,763,74.341,30.843,Warning,1,1
A041,2025-01-16 01:00:00,A041-HYD,Hydraulic System,82.551,3.244,74.369,52.434,1870.196,144.374,22.903,80.281,492,61.652,31.224,Normal,0,0
A041,2025-01-16 02:00:00,A041-HYD,Hydraulic System,96.444,5.821,64.703,53.726,1906.117,138.583,23.037,85.785,748,66.364,22.245,Warning,1,1
A041,2025-01-16 06:00:00,A041-HYD,Hydraulic System,78.223,4.451,71.915,51.011,1842.886,143.422,22.122,83.062,803,75.64,27.026,Warning,1,0
A041,2025-01-16 08:00:00,A041-HYD,Hydraulic System,83.892,3.776,73.036,49.65,1931.737,146.91,22.596,83.019,655,62.676,33.885,Warning,1,1
A041,2025-01-16 12:00:00,A041-HYD,Hydraulic System,83.988,3.753,69.01,54.219,1712.805,135.645,22.763,82.556,697,68.142,29.104,Warning,1,1
A041,2025-01-16 15:00:00,A041-HYD,Hydraulic System,82.467,3.065,71.27,51.354,1734.56,135.765,22.508,83.213,859,66.996,24.885,Warning,1,0
A041,2025-01-16 19:00:00,A041-HYD,Hydraulic System,83.056,3.467,71.991,55.287,1976.396,140.261,23.003,80.97,817,80.043,30.915,Warning,1,0
A041,2025-01-16 23:00:00,A041-HYD,Hydraulic System,79.588,2.96,74.902,52.355,1708.319,152.409,22.523,82.638,639,61.888,30.675,Normal,0,0
A041,2025-01-17 02:00:00,A041-HYD,Hydraulic System,78.561,3.899,67.875,55.683,1745.721,148.27,23.202,87.447,721,77.359,30.293,Warning,1,0
A041,2025-01-17 05:00:00,A041-HYD,Hydraulic System,81.352,3.253,70.258,52.283,1830.275,142.448,22.419,87.312,650,64.475,24.523,Warning,1,0
A041,2025-01-17 07:00:00,A041-HYD,Hydraulic System,95.896,6.067,60.477,48.153,1841.842,126.514,23.603,81.494,687,79.905,31.026,Warning,1,1
A041,2025-01-17 12:00:00,A041-HYD,Hydraulic System,81.822,4.039,71.911,52.029,1788.975,145.132,23.133,86.641,519,87.262,34.621,Warning,1,1
A042,2025-01-01 05:00:00,A042-HYD,Hydraulic System,75.626,1.363,78.961,55.688,1698.136,147.227,24.206,73.389,278,47.982,32.482,Normal,0,0
A042,2025-01-01 13:00:00,A042-HYD,Hydraulic System,68.303,2.559,82.979,56.571,1860.482,146.986,24.458,74.887,491,54.116,27.368,Normal,0,0
A042,2025-01-01 16:00:00,A042-HYD,Hydraulic System,71.3,2.043,76.335,55.179,1694.007,152.608,23.692,73.754,386,38.688,29.113,Normal,0,0
A042,2025-01-01 17:00:00,A042-HYD,Hydraulic System,73.489,2.451,78.917,55.148,1759.341,151.799,24.023,75.872,270,54.425,32.992,Normal,0,0
A042,2025-01-01 19:00:00,A042-HYD,Hydraulic System,67.169,1.709,78.816,53.054,1790.573,147.041,24.122,74.531,239,53.031,26.754,Normal,0,0
A042,2025-01-02 11:00:00,A042-HYD,Hydraulic System,69.834,1.955,73.63,55.901,1687.428,157.31,24.006,75.078,180,48.916,20.814,Normal,0,0
A042,2025-01-02 18:00:00,A042-HYD,Hydraulic System,74.576,1.727,77.778,54.156,1670.411,153.001,23.18,78.111,274,47.185,31.488,Normal,0,0
A042,2025-01-03 00:00:00,A042-HYD,Hydraulic System,67.604,2.353,78.442,54.383,1907.831,156.712,23.539,74.15,416,44.071,29.146,Normal,0,0
A042,2025-01-03 07:00:00,A042-HYD,Hydraulic System,73.027,2.512,75.095,54.159,2079.117,150.34,23.924,75.499,407,51.967,31.701,Normal,0,0
A042,2025-01-03 09:00:00,A042-HYD,Hydraulic System,74.226,2.348,77.047,54.766,1903.565,143.822,23.389,77.27,197,54.078,33.582,Normal,0,0
A042,2025-01-03 11:00:00,A042-HYD,Hydraulic System,69.401,1.873,73.666,54.832,1877.476,154.459,24.212,75.752,286,46.29,22.571,Normal,0,1
A042,2025-01-03 12:00:00,A042-HYD,Hydraulic System,72.693,3.014,77.402,56.064,1720.389,147.3,23.486,76.645,419,43.62,33.902,Normal,0,0
A042,2025-01-03 13:00:00,A042-HYD,Hydraulic System,75.068,1.788,75.341,52.998,1712.499,152.862,23.314,77.236,486,43.813,29.941,Normal,0,0
A042,2025-01-03 17:00:00,A042-HYD,Hydraulic System,70.017,2.79,75.844,56.466,1944.638,151.81,23.291,80.934,246,50.135,29.208,Normal,0,0
A042,2025-01-03 20:00:00,A042-HYD,Hydraulic System,69.699,1.96,79.183,57.958,1666.943,142.303,23.2,77.098,170,49.411,22.592,Normal,0,0
A042,2025-01-04 01:00:00,A042-HYD,Hydraulic System,72.616,2.314,76.317,54.907,1816.598,144.519,24.31,73.357,355,53.806,33.822,Normal,0,1
A042,2025-01-04 11:00:00,A042-HYD,Hydraulic System,76.034,2.395,76.803,57.651,1791.753,157.19,23.869,77.245,421,54.687,37.527,Normal,0,0
A042,2025-01-04 12:00:00,A042-HYD,Hydraulic System,71.04,2.314,79.236,52.475,1787.099,149.954,23.658,76.703,427,48.81,42.941,Normal,0,0
A042,2025-01-04 14:00:00,A042-HYD,Hydraulic System,74.008,2.42,76.139,53.514,1929.844,143.515,23.193,76.185,304,57.278,28.971,Normal,0,0
A042,2025-01-04 15:00:00,A042-HYD,Hydraulic System,70.297,2.166,83.56,56.447,1722.421,150.494,24.114,75.512,505,60.618,32.179,Normal,0,0
A042,2025-01-04 18:00:00,A042-HYD,Hydraulic System,67.774,2.734,77.512,55.482,1962.981,146.855,23.881,78.091,369,32.957,29.493,Normal,0,0
A042,2025-01-05 05:00:00,A042-HYD,Hydraulic System,74.078,2.194,78.917,57.812,1706.172,150.759,24.136,74.41,502,47.263,31.399,Normal,0,0
A042,2025-01-05 06:00:00,A042-HYD,Hydraulic System,70.54,2.56,78.097,53.976,1883.66,149.194,23.879,77.661,555,66.185,33.159,Normal,0,0
A042,2025-01-05 07:00:00,A042-HYD,Hydraulic System,76.355,2.06,77.493,51.871,1692.473,149.144,24.059,76.314,215,46.185,37.504,Normal,0,0
A042,2025-01-05 10:00:00,A042-HYD,Hydraulic System,74.883,2.777,76.638,54.682,1797.069,148.818,23.309,78.422,287,62.191,25.071,Normal,0,0
A042,2025-01-06 03:00:00,A042-HYD,Hydraulic System,73.565,2.219,74.887,52.607,1652.344,147.959,23.73,77.129,621,60.307,26.951,Normal,0,0
A042,2025-01-06 04:00:00,A042-HYD,Hydraulic System,93.065,5.823,65.476,54.236,1816.731,132.555,24.123,77.778,419,61.715,23.28,Warning,1,1
A042,2025-01-06 05:00:00,A042-HYD,Hydraulic System,86.49,5.446,66.442,51.672,1900.85,132.929,23.646,76.823,436,60.871,34.314,Warning,1,1
A042,2025-01-06 11:00:00,A042-HYD,Hydraulic System,75.256,2.906,76.364,51.785,1648.577,151.102,23.528,77.616,314,45.7,39.472,Normal,0,0
A042,2025-01-06 16:00:00,A042-HYD,Hydraulic System,72.768,2.149,75.162,50.788,1943.098,155.596,24.299,77.337,266,54.877,41.167,Normal,0,0
A042,2025-01-06 19:00:00,A042-HYD,Hydraulic System,74.517,2.648,76.257,49.098,1831.359,142.088,22.805,80.796,337,60.396,24.275,Normal,0,0
A042,2025-01-06 22:00:00,A042-HYD,Hydraulic System,77.01,2.187,72.361,53.035,1864.066,142.984,23.848,79.351,396,53.093,31.992,Normal,0,0
A042,2025-01-07 04:00:00,A042-HYD,Hydraulic System,73.209,2.57,78.189,55.257,1762.503,147.457,23.716,77.077,291,57.457,32.995,Normal,0,0
A042,2025-01-07 11:00:00,A042-HYD,Hydraulic System,74.036,2.571,73.954,51.888,1772.677,136.94,23.497,77.911,330,55.537,25.43,Normal,0,0
A042,2025-01-07 13:00:00,A042-HYD,Hydraulic System,72.367,2.386,74.729,51.584,1719.954,143.372,23.242,74.555,454,63.315,31.87,Normal,0,0
A042,2025-01-07 15:00:00,A042-HYD,Hydraulic System,75.348,2.623,73.869,51.173,1851.079,148.548,23.539,81.619,434,51.38,32.05,Normal,0,1
A042,2025-01-07 16:00:00,A042-HYD,Hydraulic System,91.015,4.886,65.858,54.336,1912.96,127.147,24.147,74.074,576,54.447,31.467,Warning,1,1
A042,2025-01-07 19:00:00,A042-HYD,Hydraulic System,77.276,2.33,80.27,54.112,1803.066,152.513,22.991,81.738,350,50.274,34.06,Normal,0,0
A042,2025-01-07 20:00:00,A042-HYD,Hydraulic System,72.005,2.616,76.181,50.53,1786.197,147.415,23.976,79.638,618,59.55,36.878,Normal,0,0
A042,2025-01-07 22:00:00,A042-HYD,Hydraulic System,78.376,2.401,74.558,51.988,1942.026,150.525,24.179,78.197,412,60.866,34.552,Normal,0,0
A042,2025-01-08 02:00:00,A042-HYD,Hydraulic System,75.2,2.78,78.66,54.51,1819.199,145.325,23.531,79.339,464,51.295,29.029,Normal,0,0
A042,2025-01-08 08:00:00,A042-HYD,Hydraulic System,76.858,2.96,73.576,54.414,1828.709,147.09,23.14,81.486,539,54.819,32.984,Normal,0,0
A042,2025-01-08 11:00:00,A042-HYD,Hydraulic System,71.555,2.907,78.473,54.748,1853.243,145.642,23.304,78.008,578,72.939,26.249,Normal,0,0
A042,2025-01-08 13:00:00,A042-HYD,Hydraulic System,75.0,3.02,81.312,50.921,1798.132,143.094,23.067,77.858,639,54.6,29.863,Normal,0,0
A042,2025-01-08 17:00:00,A042-HYD,Hydraulic System,85.098,5.149,66.07,56.855,1696.118,128.165,23.747,78.626,658,55.414,21.228,Warning,1,1
A042,2025-01-09 03:00:00,A042-HYD,Hydraulic System,71.935,3.171,76.067,52.122,1866.846,147.268,23.159,79.782,664,69.074,22.582,Normal,0,0
A042,2025-01-09 05:00:00,A042-HYD,Hydraulic System,76.293,2.53,72.309,55.888,1712.887,140.419,23.872,77.799,365,77.422,24.787,Normal,0,0
A042,2025-01-09 09:00:00,A042-HYD,Hydraulic System,73.678,3.286,75.066,52.965,1798.524,146.033,23.127,81.55,424,50.935,38.894,Normal,0,0
A042,2025-01-09 11:00:00,A042-HYD,Hydraulic System,77.643,2.723,76.866,51.66,1920.209,144.382,23.343,79.206,352,58.473,23.968,Normal,0,0
A042,2025-01-09 13:00:00,A042-HYD,Hydraulic System,76.671,2.745,74.476,53.964,1920.031,152.868,23.45,80.082,667,56.551,32.777,Normal,0,0
A042,2025-01-09 16:00:00,A042-HYD,Hydraulic System,78.793,2.928,74.558,57.847,1621.551,147.099,23.526,82.41,515,64.628,31.63,Normal,0,0
A042,2025-01-09 17:00:00,A042-HYD,Hydraulic System,85.479,4.873,71.481,55.344,1878.525,138.508,23.457,81.775,453,57.705,29.243,Warning,1,1
A042,2025-01-10 05:00:00,A042-HYD,Hydraulic System,77.98,3.285,75.021,54.958,1809.034,148.6,23.481,79.007,710,56.06,38.418,Normal,0,0
A042,2025-01-10 07:00:00,A042-HYD,Hydraulic System,78.864,2.301,75.19,54.736,1668.42,151.58,23.385,82.279,543,58.993,26.264,Normal,0,0
A042,2025-01-10 09:00:00,A042-HYD,Hydraulic System,79.439,2.401,71.028,50.47,1839.16,148.476,22.922,79.318,383,52.918,37.939,Normal,0,0
A042,2025-01-10 11:00:00,A042-HYD,Hydraulic System,76.858,2.362,77.797,53.62,1818.953,141.107,22.907,79.001,647,73.837,32.073,Normal,0,1
A042,2025-01-10 23:00:00,A042-HYD,Hydraulic System,80.028,3.64,74.032,55.061,1781.291,143.241,23.422,84.923,603,55.42,29.95,Normal,0,0
A042,2025-01-11 01:00:00,A042-HYD,Hydraulic System,76.958,2.996,75.243,53.102,1795.655,147.117,23.555,81.496,430,47.21,29.386,Normal,0,0
A042,2025-01-11 05:00:00,A042-HYD,Hydraulic System,79.518,3.245,70.665,53.921,1868.827,147.65,22.893,82.088,374,46.119,28.87,Normal,0,1
A042,2025-01-11 06:00:00,A042-HYD,Hydraulic System,77.072,3.338,70.968,54.125,1773.586,154.421,22.564,79.684,482,58.446,23.164,Normal,0,0
A042,2025-01-11 07:00:00,A042-HYD,Hydraulic System,79.272,2.862,73.913,49.325,1746.084,148.843,23.223,84.646,466,62.721,38.86,Normal,0,1
A042,2025-01-11 13:00:00,A042-HYD,Hydraulic System,74.793,2.924,77.397,52.109,1765.078,153.472,23.065,81.467,463,61.708,30.014,Normal,0,0
A042,2025-01-11 15:00:00,A042-HYD,Hydraulic System,76.08,3.05,74.205,52.904,1797.57,146.217,23.541,79.359,652,56.086,32.181,Normal,0,0
A042,2025-01-11 19:00:00,A042-HYD,Hydraulic System,77.944,3.088,75.761,51.283,1679.124,141.707,23.244,79.582,547,51.506,24.758,Normal,0,0
A042,2025-01-11 22:00:00,A042-HYD,Hydraulic System,77.788,3.509,72.114,54.808,1815.062,146.212,23.044,82.886,664,69.75,30.678,Normal,0,0
A042,2025-01-12 04:00:00,A042-HYD,Hydraulic System,79.098,2.367,75.155,52.473,1834.914,149.239,23.301,79.657,405,61.383,25.662,Normal,0,0
A042,2025-01-12 05:00:00,A042-HYD,Hydraulic System,79.793,3.088,73.088,51.56,1662.39,144.378,23.033,80.527,604,69.176,31.808,Normal,0,0
A042,2025-01-12 06:00:00,A042-HYD,Hydraulic System,80.88,2.74,69.51,54.451,1736.255,146.407,24.02,87.082,382,67.08,35.574,Normal,0,0
A042,2025-01-12 11:00:00,A042-HYD,Hydraulic System,74.0,3.35,74.603,52.353,1985.3,144.548,23.519,86.436,671,63.207,29.815,Normal,0,1
A042,2025-01-12 13:00:00,A042-HYD,Hydraulic System,90.98,6.894,64.358,52.364,1814.611,140.383,22.881,80.798,471,69.851,19.013,Warning,1,1
A042,2025-01-12 14:00:00,A042-HYD,Hydraulic System,81.102,3.639,72.515,51.956,1741.118,150.909,22.966,82.838,666,68.593,29.809,Normal,0,1
A042,2025-01-12 17:00:00,A042-HYD,Hydraulic System,81.315,2.801,78.869,52.063,1966.577,147.47,22.898,80.298,561,73.086,30.307,Normal,0,0
A042,2025-01-12 18:00:00,A042-HYD,Hydraulic System,81.391,3.711,78.081,54.913,1801.422,145.754,22.481,85.453,592,55.719,35.947,Normal,0,0
A042,2025-01-13 05:00:00,A042-HYD,Hydraulic System,77.416,3.565,74.775,52.413,1806.16,145.631,23.023,81.584,669,67.874,34.686,Normal,0,0
A042,2025-01-13 09:00:00,A042-HYD,Hydraulic System,79.737,2.587,77.457,54.161,1656.086,152.816,23.098,78.627,511,71.504,41.27,Normal,0,0
A042,2025-01-13 10:00:00,A042-HYD,Hydraulic System,76.837,3.775,73.705,52.224,1756.03,149.146,23.314,82.965,588,72.202,30.519,Normal,0,0
A042,2025-01-13 14:00:00,A042-HYD,Hydraulic System,100.598,5.355,68.38,53.735,1746.947,135.79,23.328,82.505,730,72.93,33.615,Warning,1,1
A042,2025-01-13 16:00:00,A042-HYD,Hydraulic System,78.438,2.874,78.371,55.302,1760.592,143.192,23.523,82.464,778,55.31,35.5,Normal,0,0
A042,2025-01-13 17:00:00,A042-HYD,Hydraulic System,79.961,3.132,74.768,50.718,1817.78,142.134,22.409,81.056,456,62.957,29.177,Normal,0,0
A042,2025-01-13 22:00:00,A042-HYD,Hydraulic System,78.185,3.319,77.021,51.264,1806.423,141.113,23.319,81.685,698,63.953,22.714,Normal,0,0
A042,2025-01-14 01:00:00,A042-HYD,Hydraulic System,81.189,3.067,76.625,55.758,1915.122,143.084,23.127,81.11,611,70.254,29.127,Normal,0,0
A042,2025-01-14 02:00:00,A042-HYD,Hydraulic System,83.955,3.366,74.193,53.891,2007.615,155.9,23.301,81.348,445,58.861,31.779,Normal,0,0
A042,2025-01-14 18:00:00,A042-HYD,Hydraulic System,82.411,3.816,72.122,51.943,1900.664,143.125,23.072,85.221,637,75.547,39.062,Warning,1,0
A042,2025-01-14 19:00:00,A042-HYD,Hydraulic System,78.128,3.487,73.021,55.952,1824.263,146.882,22.686,80.303,745,60.265,25.465,Normal,0,0
A042,2025-01-14 23:00:00,A042-HYD,Hydraulic System,76.642,2.985,71.058,53.296,1862.656,151.356,22.88,81.218,778,70.845,23.198,Normal,0,0
A042,2025-01-15 04:00:00,A042-HYD,Hydraulic System,80.166,3.212,71.458,54.602,2035.402,150.366,22.431,83.676,536,66.155,23.559,Normal,0,1
A042,2025-01-15 08:00:00,A042-HYD,Hydraulic System,82.182,3.106,70.872,52.734,1830.941,148.462,22.961,82.349,666,70.6,29.953,Normal,0,1
A042,2025-01-15 10:00:00,A042-HYD,Hydraulic System,76.124,2.676,71.72,50.73,1932.964,144.958,23.184,82.937,698,64.245,27.914,Normal,0,0
A042,2025-01-15 12:00:00,A042-HYD,Hydraulic System,81.897,3.458,76.629,51.875,1923.254,146.855,22.705,81.588,590,80.717,30.332,Warning,1,0
A042,2025-01-15 18:00:00,A042-HYD,Hydraulic System,78.604,3.385,68.995,54.101,1747.291,141.858,22.433,85.775,744,70.684,37.806,Warning,1,1
A042,2025-01-15 22:00:00,A042-HYD,Hydraulic System,81.358,2.936,67.561,51.949,1820.076,144.45,23.035,85.557,546,88.924,30.087,Warning,1,0
A042,2025-01-15 23:00:00,A042-HYD,Hydraulic System,80.954,3.327,78.15,51.389,1786.43,148.413,22.638,82.608,841,77.662,31.919,Warning,1,1
A042,2025-01-16 00:00:00,A042-HYD,Hydraulic System,87.231,2.597,71.307,51.027,1771.57,143.948,22.528,83.601,551,58.885,26.398,Normal,0,1
A042,2025-01-16 01:00:00,A042-HYD,Hydraulic System,84.437,3.414,73.154,53.959,1811.171,143.509,23.109,82.999,688,58.907,32.939,Normal,0,0
A042,2025-01-16 08:00:00,A042-HYD,Hydraulic System,77.739,3.949,73.462,50.107,1810.19,144.055,22.954,84.085,789,63.036,25.523,Normal,0,1
A042,2025-01-16 15:00:00,A042-HYD,Hydraulic System,82.901,3.964,68.812,46.483,1837.875,146.306,22.548,85.028,767,71.708,34.487,Warning,1,0
A042,2025-01-16 17:00:00,A042-HYD,Hydraulic System,83.354,3.43,68.615,51.26,1942.15,149.123,22.408,82.279,539,75.296,29.343,Warning,1,0
A042,2025-01-16 18:00:00,A042-HYD,Hydraulic System,78.049,3.115,74.325,56.205,1847.979,140.931,23.499,83.958,489,73.416,41.805,Normal,0,1
A042,2025-01-16 19:00:00,A042-HYD,Hydraulic System,79.626,3.014,75.68,52.406,1834.5,148.998,23.748,85.992,806,77.752,20.6,Warning,1,0
A042,2025-01-17 02:00:00,A042-HYD,Hydraulic System,78.471,3.437,72.829,52.105,1676.576,146.853,22.67,86.617,719,81.504,26.113,Warning,1,1
A042,2025-01-17 03:00:00,A042-HYD,Hydraulic System,80.598,3.18,73.097,50.791,1953.443,141.181,22.696,82.033,796,72.943,25.419,Warning,1,1
A042,2025-01-17 08:00:00,A042-HYD,Hydraulic System,79.405,3.237,72.564,53.848,1746.384,147.778,23.088,85.053,824,63.263,24.529,Normal,0,0
A042,2025-01-17 09:00:00,A042-HYD,Hydraulic System,82.344,2.751,72.135,51.694,1716.841,140.515,23.411,83.996,759,65.606,32.897,Normal,0,0
A042,2025-01-17 10:00:00,A042-HYD,Hydraulic System,83.533,3.582,70.934,52.785,1839.323,142.793,22.781,85.958,868,62.886,23.177,Warning,1,1
A043,2025-01-01 06:00:00,A043-HYD,Hydraulic System,76.382,2.039,74.655,53.69,1724.194,147.388,23.315,73.742,184,51.308,31.527,Normal,0,0
A043,2025-01-01 18:00:00,A043-HYD,Hydraulic System,74.762,2.516,75.853,55.404,1820.612,150.834,24.3,73.27,321,51.622,29.621,Normal,0,1
A043,2025-01-01 21:00:00,A043-HYD,Hydraulic System,75.633,2.629,74.84,52.46,1732.981,151.767,24.314,73.734,205,55.891,34.895,Normal,0,0
A043,2025-01-02 04:00:00,A043-HYD,Hydraulic System,72.618,1.617,75.286,56.261,1802.562,151.302,23.334,75.17,201,52.639,32.201,Normal,0,0
A043,2025-01-02 11:00:00,A043-HYD,Hydraulic System,75.532,2.645,72.961,54.921,1827.295,139.209,23.901,78.039,328,54.398,26.924,Normal,0,1
A043,2025-01-02 16:00:00,A043-HYD,Hydraulic System,76.056,1.73,74.943,54.2,1699.034,149.575,23.902,73.767,219,46.243,30.566,Normal,0,0
A043,2025-01-02 18:00:00,A043-HYD,Hydraulic System,74.589,2.518,82.414,54.651,1838.723,151.03,23.608,77.886,364,57.736,33.559,Normal,0,0
A043,2025-01-03 05:00:00,A043-HYD,Hydraulic System,73.331,2.558,73.213,55.799,1867.851,147.11,24.458,77.769,360,60.407,33.722,Normal,0,0
A043,2025-01-03 06:00:00,A043-HYD,Hydraulic System,78.697,2.335,76.445,55.649,1832.625,153.322,24.055,76.459,489,52.838,36.114,Normal,0,0
A043,2025-01-03 10:00:00,A043-HYD,Hydraulic System,73.376,2.474,76.678,55.823,1839.627,153.5,23.796,77.013,325,69.135,34.471,Normal,0,0
A043,2025-01-03 13:00:00,A043-HYD,Hydraulic System,74.737,2.527,75.114,53.013,1745.914,144.903,23.805,77.496,165,50.223,36.511,Normal,0,0
A043,2025-01-03 16:00:00,A043-HYD,Hydraulic System,74.711,3.375,75.449,56.113,1818.307,160.961,24.19,78.282,286,54.759,34.281,Normal,0,0
A043,2025-01-03 18:00:00,A043-HYD,Hydraulic System,75.079,2.584,78.607,54.563,1779.531,150.06,23.251,75.046,428,66.712,20.726,Normal,0,0
A043,2025-01-04 01:00:00,A043-HYD,Hydraulic System,72.48,3.166,73.632,52.04,1967.238,144.448,23.503,76.6,397,56.198,22.316,Normal,0,0
A043,2025-01-04 03:00:00,A043-HYD,Hydraulic System,76.069,2.451,78.833,53.776,1702.078,152.432,23.88,76.914,217,52.477,23.531,Normal,0,0
A043,2025-01-04 12:00:00,A043-HYD,Hydraulic System,77.617,2.545,73.708,57.185,1711.922,147.974,23.295,77.383,362,62.667,38.788,Normal,0,0
A043,2025-01-04 13:00:00,A043-HYD,Hydraulic System,73.304,2.662,77.207,52.972,1697.888,148.102,23.667,76.387,282,58.816,26.301,Normal,0,0
A043,2025-01-04 17:00:00,A043-HYD,Hydraulic System,73.129,2.74,74.316,56.959,1891.655,143.566,23.371,75.105,426,50.356,33.116,Normal,0,0
A043,2025-01-04 19:00:00,A043-HYD,Hydraulic System,74.996,2.797,78.175,57.918,1832.866,149.535,23.776,77.739,221,55.075,24.598,Normal,0,0
A043,2025-01-05 07:00:00,A043-HYD,Hydraulic System,77.284,2.267,77.654,52.499,2019.993,153.547,24.393,78.925,262,55.855,30.896,Normal,0,0
A043,2025-01-05 14:00:00,A043-HYD,Hydraulic System,77.547,3.12,77.351,53.982,1906.975,148.364,22.848,77.288,535,61.25,19.622,Normal,0,0
A043,2025-01-05 16:00:00,A043-HYD,Hydraulic System,76.6,2.389,73.814,51.881,1869.102,151.755,24.044,77.549,303,58.299,24.076,Normal,0,0
A043,2025-01-06 04:00:00,A043-HYD,Hydraulic System,79.117,3.179,74.995,54.394,1780.791,144.93,22.909,79.275,467,73.206,26.116,Normal,0,0
A043,2025-01-06 07:00:00,A043-HYD,Hydraulic System,80.601,3.384,72.816,53.648,1777.379,142.755,23.784,78.019,536,60.108,17.697,Normal,0,1
A043,2025-01-06 10:00:00,A043-HYD,Hydraulic System,75.349,2.788,73.912,51.672,1761.526,147.433,23.416,80.057,315,64.14,33.509,Normal,0,0
A043,2025-01-06 12:00:00,A043-HYD,Hydraulic System,75.91,2.588,72.484,51.636,1845.68,147.063,23.827,79.985,283,57.147,33.536,Normal,0,0
A043,2025-01-07 03:00:00,A043-HYD,Hydraulic System,75.629,3.146,74.576,53.952,1776.553,147.566,23.667,77.739,373,69.204,26.793,Normal,0,0
A043,2025-01-07 09:00:00,A043-HYD,Hydraulic System,92.323,5.064,59.383,56.47,1654.69,145.449,23.7,80.338,491,65.576,26.861,Warning,1,1
A043,2025-01-07 12:00:00,A043-HYD,Hydraulic System,76.714,2.615,68.566,52.317,1746.553,145.31,23.951,83.255,333,61.662,31.484,Normal,0,0
A043,2025-01-07 16:00:00,A043-HYD,Hydraulic System,75.957,2.936,79.096,55.117,1812.188,151.227,23.562,76.483,429,67.914,18.843,Normal,0,0
A043,2025-01-07 21:00:00,A043-HYD,Hydraulic System,75.867,3.024,74.646,53.402,1886.895,147.557,24.158,79.956,637,60.163,27.107,Normal,0,0
A043,2025-01-08 04:00:00,A043-HYD,Hydraulic System,79.028,3.111,70.37,52.757,1769.652,143.886,23.364,76.88,307,70.721,25.521,Normal,0,0
A043,2025-01-08 06:00:00,A043-HYD,Hydraulic System,76.886,3.009,69.478,55.413,1759.708,149.818,24.451,77.37,372,48.728,28.803,Normal,0,0
A043,2025-01-08 14:00:00,A043-HYD,Hydraulic System,79.706,2.694,74.964,54.376,1883.823,144.096,24.069,81.866,416,65.027,25.403,Normal,0,0
A043,2025-01-08 20:00:00,A043-HYD,Hydraulic System,79.99,3.049,78.545,51.0,1633.581,150.193,23.593,79.946,355,55.247,21.276,Normal,0,0
A043,2025-01-08 21:00:00,A043-HYD,Hydraulic System,75.529,2.855,72.056,47.987,1828.542,150.814,23.681,78.295,308,59.734,24.732,Normal,0,0
A043,2025-01-08 22:00:00,A043-HYD,Hydraulic System,74.692,3.185,70.831,57.065,1631.781,154.904,23.531,82.666,681,70.032,34.148,Normal,0,0
A043,2025-01-08 23:00:00,A043-HYD,Hydraulic System,82.185,2.532,72.804,54.977,1836.288,148.073,23.69,81.965,685,65.82,32.388,Normal,0,0
A043,2025-01-09 00:00:00,A043-HYD,Hydraulic System,81.128,3.05,73.668,54.643,1735.075,149.616,23.716,80.681,545,68.86,23.042,Normal,0,0
A043,2025-01-09 05:00:00,A043-HYD,Hydraulic System,91.449,5.299,62.837,55.344,1820.794,136.578,23.64,78.054,481,69.5,28.477,Warning,1,1
A043,2025-01-09 06:00:00,A043-HYD,Hydraulic System,80.204,2.794,76.401,51.543,1936.78,144.247,23.352,79.43,577,53.818,24.353,Normal,0,0
A043,2025-01-09 16:00:00,A043-HYD,Hydraulic System,73.834,3.332,74.144,55.566,1824.348,145.992,23.298,78.795,517,57.141,33.994,Normal,0,0
A043,2025-01-10 11:00:00,A043-HYD,Hydraulic System,81.303,3.124,70.287,54.255,1807.838,148.462,22.956,80.563,506,71.84,32.763,Normal,0,0
A043,2025-01-10 12:00:00,A043-HYD,Hydraulic System,77.603,3.127,67.633,52.135,1829.048,146.598,23.298,81.489,423,66.952,27.878,Normal,0,1
A043,2025-01-10 13:00:00,A043-HYD,Hydraulic System,85.056,3.515,77.903,52.343,1722.484,143.678,23.413,85.888,455,62.631,31.204,Normal,0,0
A043,2025-01-10 17:00:00,A043-HYD,Hydraulic System,80.589,3.187,73.658,54.216,1733.445,147.584,23.727,81.517,406,63.78,27.845,Normal,0,1
A043,2025-01-10 20:00:00,A043-HYD,Hydraulic System,81.163,3.247,72.634,51.548,1855.619,150.816,22.43,80.879,709,57.082,24.183,Normal,0,1
A043,2025-01-10 22:00:00,A043-HYD,Hydraulic System,77.22,2.955,73.483,50.905,1852.098,150.405,22.571,85.188,669,62.305,31.084,Normal,0,0
A043,2025-01-10 23:00:00,A043-HYD,Hydraulic System,78.848,3.437,74.882,52.532,1906.693,142.717,23.271,81.184,555,63.239,35.439,Normal,0,1
A043,2025-01-11 03:00:00,A043-HYD,Hydraulic System,77.388,2.825,74.606,52.198,1828.191,144.253,23.14,81.883,673,62.261,26.443,Normal,0,1
A043,2025-01-11 07:00:00,A043-HYD,Hydraulic System,77.409,3.592,76.589,51.611,1795.829,141.847,22.926,81.895,738,53.246,29.526,Normal,0,1
A043,2025-01-11 15:00:00,A043-HYD,Hydraulic System,78.657,4.098,72.018,53.047,1857.796,149.535,22.596,84.381,637,59.762,35.805,Normal,0,1
A043,2025-01-11 20:00:00,A043-HYD,Hydraulic System,78.056,3.685,70.882,53.867,1806.989,151.358,22.715,82.375,439,75.551,38.79,Warning,1,0
A043,2025-01-11 22:00:00,A043-HYD,Hydraulic System,78.643,3.804,71.089,54.978,1742.344,151.655,23.052,83.014,658,79.353,30.983,Warning,1,1
A043,2025-01-12 00:00:00,A043-HYD,Hydraulic System,76.235,2.939,72.848,54.72,1817.755,143.711,23.037,83.915,430,57.104,48.537,Normal,0,0
A043,2025-01-12 11:00:00,A043-HYD,Hydraulic System,79.797,3.502,72.188,51.85,1891.843,153.018,23.416,79.912,453,71.564,33.287,Warning,1,0
A043,2025-01-12 19:00:00,A043-HYD,Hydraulic System,82.247,2.894,68.877,51.334,1828.753,155.816,22.474,81.011,538,65.906,33.187,Normal,0,0
A043,2025-01-12 20:00:00,A043-HYD,Hydraulic System,81.692,3.466,69.728,53.998,1651.293,145.267,23.842,79.641,528,75.562,44.728,Warning,1,1
A043,2025-01-13 00:00:00,A043-HYD,Hydraulic System,81.297,4.236,77.076,53.593,1772.963,151.208,23.218,82.255,521,67.925,31.708,Warning,1,1
A043,2025-01-13 10:00:00,A043-HYD,Hydraulic System,84.852,4.108,68.141,50.594,1765.302,145.09,24.066,78.569,690,77.658,36.075,Warning,1,0
A043,2025-01-13 11:00:00,A043-HYD,Hydraulic System,79.389,2.942,76.324,54.418,1596.963,148.795,23.119,83.614,778,78.877,26.188,Warning,1,0
A043,2025-01-13 12:00:00,A043-HYD,Hydraulic System,77.842,4.016,71.51,51.056,1884.306,147.132,23.276,82.884,514,61.375,24.273,Warning,1,0
A043,2025-01-13 18:00:00,A043-HYD,Hydraulic System,86.462,3.182,65.058,49.774,1891.141,147.057,23.56,84.472,588,72.273,36.261,Warning,1,0
A043,2025-01-13 19:00:00,A043-HYD,Hydraulic System,80.557,3.361,67.962,49.237,1760.12,150.597,23.106,79.773,711,72.137,21.637,Warning,1,0
A043,2025-01-13 20:00:00,A043-HYD,Hydraulic System,95.199,5.47,63.6,53.593,1715.863,142.612,22.978,82.204,765,85.62,28.436,Warning,1,1
A043,2025-01-13 21:00:00,A043-HYD,Hydraulic System,82.15,3.74,70.546,53.836,1805.3,149.37,22.935,84.27,696,69.285,35.062,Warning,1,1
A043,2025-01-14 01:00:00,A043-HYD,Hydraulic System,89.082,5.682,55.371,51.223,1727.091,125.204,22.679,81.4,445,67.038,29.94,Warning,1,1
A043,2025-01-14 04:00:00,A043-HYD,Hydraulic System,81.545,3.564,74.13,50.509,1670.41,152.023,23.336,83.179,736,74.771,25.771,Warning,1,0
A043,2025-01-14 12:00:00,A043-HYD,Hydraulic System,87.97,3.589,67.733,52.488,1793.61,150.386,23.33,82.511,601,68.81,23.496,Warning,1,0
A043,2025-01-14 15:00:00,A043-HYD,Hydraulic System,84.785,4.024,70.297,54.24,1896.232,141.692,22.935,81.334,546,88.224,34.57,Warning,1,0
A043,2025-01-14 16:00:00,A043-HYD,Hydraulic System,77.669,3.671,69.177,53.998,1874.987,148.393,22.952,83.827,535,83.468,31.513,Warning,1,1
A043,2025-01-14 20:00:00,A043-HYD,Hydraulic System,80.95,4.176,65.595,51.623,1771.289,137.306,22.795,82.42,596,65.83,31.979,Warning,1,1
A043,2025-01-14 22:00:00,A043-HYD,Hydraulic System,84.529,4.057,70.205,51.97,1584.357,149.377,22.701,82.445,672,74.054,36.662,Warning,1,1
A043,2025-01-15 01:00:00,A043-HYD,Hydraulic System,82.333,3.776,68.253,54.755,1752.351,152.639,23.443,82.04,822,65.266,29.027,Warning,1,0
A043,2025-01-15 02:00:00,A043-HYD,Hydraulic System,97.87,7.416,63.999,56.081,1673.33,127.403,22.502,83.38,828,83.71,23.003,Warning,1,0
A043,2025-01-15 03:00:00,A043-HYD,Hydraulic System,84.327,3.443,71.347,51.511,1758.729,145.628,23.17,84.547,466,89.032,20.572,Warning,1,1
A043,2025-01-15 17:00:00,A043-HYD,Hydraulic System,88.544,4.028,69.049,52.766,1707.105,139.433,22.731,82.3,652,73.339,24.597,Warning,1,1
A043,2025-01-16 00:00:00,A043-HYD,Hydraulic System,80.369,4.029,72.6,52.171,1731.31,142.948,22.712,85.09,852,71.847,29.032,Warning,1,1
A043,2025-01-16 01:00:00,A043-HYD,Hydraulic System,80.128,4.076,67.757,53.119,1702.565,146.805,22.507,83.74,686,75.471,36.134,Warning,1,0
A043,2025-01-16 05:00:00,A043-HYD,Hydraulic System,91.173,6.372,65.196,50.655,1628.499,134.356,22.756,85.061,559,67.428,26.1,Warning,1,1
A043,2025-01-16 07:00:00,A043-HYD,Hydraulic System,82.977,3.881,68.719,49.733,1907.784,147.295,23.498,82.327,474,80.32,28.068,Warning,1,0
A043,2025-01-16 09:00:00,A043-HYD,Hydraulic System,84.197,4.063,67.395,55.002,1854.574,146.206,23.277,87.683,478,73.176,24.606,Warning,1,1
A043,2025-01-16 15:00:00,A043-HYD,Hydraulic System,85.782,3.663,69.978,53.589,1755.009,150.552,22.754,87.824,526,91.043,33.024,Warning,1,1
A043,2025-01-16 16:00:00,A043-HYD,Hydraulic System,83.013,3.511,67.139,49.366,1761.872,140.872,22.773,83.304,754,82.505,35.854,Warning,1,1
A043,2025-01-16 23:00:00,A043-HYD,Hydraulic System,84.619,3.578,71.113,50.874,1707.092,147.143,22.707,83.158,570,60.742,30.424,Warning,1,1
A043,2025-01-17 02:00:00,A043-HYD,Hydraulic System,86.971,4.031,72.01,55.602,1767.065,146.279,22.619,86.492,584,81.369,27.806,Warning,1,1
A043,2025-01-17 03:00:00,A043-HYD,Hydraulic System,85.173,3.916,71.189,52.225,1789.961,141.963,22.842,84.973,535,74.281,33.268,Warning,1,1
A043,2025-01-17 10:00:00,A043-HYD,Hydraulic System,81.268,3.827,69.055,56.782,1710.238,146.809,22.561,84.415,855,93.565,30.825,Warning,1,0
A043,2025-01-17 11:00:00,A043-HYD,Hydraulic System,84.132,3.356,74.543,52.126,1777.885,147.561,22.117,83.102,739,82.688,38.3,Warning,1,0
A044,2025-01-01 08:00:00,A044-HYD,Hydraulic System,75.349,2.59,74.734,58.339,1701.187,155.645,24.027,73.824,237,57.953,26.026,Normal,0,1
A044,2025-01-01 16:00:00,A044-HYD,Hydraulic System,73.792,2.962,72.56,57.571,1882.463,153.506,23.1,75.87,476,61.586,36.761,Normal,0,0
A044,2025-01-01 20:00:00,A044-HYD,Hydraulic System,76.453,3.107,79.835,59.054,1742.633,144.065,25.14,74.937,320,55.233,28.674,Normal,0,0
A044,2025-01-02 04:00:00,A044-HYD,Hydraulic System,78.216,2.376,75.331,53.485,1923.943,150.613,24.654,75.099,190,46.997,32.839,Normal,0,0
A044,2025-01-02 06:00:00,A044-HYD,Hydraulic System,76.005,2.346,75.454,53.584,1724.664,148.518,23.7,77.316,465,61.532,28.6,Normal,0,0
A044,2025-01-02 08:00:00,A044-HYD,Hydraulic System,76.93,2.795,76.136,55.88,2013.967,153.162,23.589,73.77,363,61.694,34.579,Normal,0,0
A044,2025-01-02 13:00:00,A044-HYD,Hydraulic System,79.772,2.463,71.077,59.636,1832.87,149.515,23.57,74.952,492,63.966,30.059,Normal,0,0
A044,2025-01-02 15:00:00,A044-HYD,Hydraulic System,73.414,3.186,76.634,54.999,1933.945,151.57,23.954,78.418,480,69.517,22.057,Normal,0,0
A044,2025-01-02 21:00:00,A044-HYD,Hydraulic System,80.143,3.164,72.249,51.382,1753.471,144.825,24.253,75.811,542,44.124,34.665,Normal,0,0
A044,2025-01-03 02:00:00,A044-HYD,Hydraulic System,71.49,3.108,70.353,55.697,1894.619,153.645,23.352,75.24,412,66.257,27.373,Normal,0,0
A044,2025-01-03 07:00:00,A044-HYD,Hydraulic System,77.373,2.699,72.608,55.319,1974.687,151.933,23.973,72.374,236,52.477,28.099,Normal,0,0
A044,2025-01-03 09:00:00,A044-HYD,Hydraulic System,78.324,3.226,72.955,54.699,1769.63,146.099,23.383,78.797,266,62.597,26.041,Normal,0,1
A044,2025-01-03 14:00:00,A044-HYD,Hydraulic System,76.684,2.288,75.112,54.788,1880.884,152.221,23.803,78.339,186,69.386,27.735,Normal,0,1
A044,2025-01-03 19:00:00,A044-HYD,Hydraulic System,79.914,3.195,75.024,56.973,1852.611,145.186,24.3,75.388,364,60.977,29.28,Normal,0,0
A044,2025-01-03 23:00:00,A044-HYD,Hydraulic System,73.925,3.513,70.425,52.639,1910.757,152.79,23.114,74.122,223,69.604,22.543,Normal,0,0
A044,2025-01-04 00:00:00,A044-HYD,Hydraulic System,75.58,3.113,70.477,52.765,2000.423,146.349,24.286,73.589,294,52.803,33.335,Normal,0,0
A044,2025-01-04 02:00:00,A044-HYD,Hydraulic System,76.864,2.739,75.357,58.037,1812.008,150.237,23.877,75.626,291,64.909,18.286,Normal,0,1
A044,2025-01-04 04:00:00,A044-HYD,Hydraulic System,70.831,2.675,74.564,54.713,1822.663,145.393,23.705,76.474,224,78.534,31.998,Normal,0,0
A044,2025-01-04 08:00:00,A044-HYD,Hydraulic System,79.652,3.338,71.989,51.284,1696.314,141.416,23.641,77.173,441,66.98,29.464,Normal,0,0
A044,2025-01-05 00:00:00,A044-HYD,Hydraulic System,79.662,3.094,77.011,52.03,1684.343,149.2,23.377,76.68,277,56.171,20.328,Normal,0,0
A044,2025-01-05 03:00:00,A044-HYD,Hydraulic System,79.198,3.449,73.725,56.693,1810.247,147.355,23.394,79.066,227,54.443,32.219,Normal,0,1
A044,2025-01-05 04:00:00,A044-HYD,Hydraulic System,73.162,2.816,75.834,56.794,1750.955,146.227,24.384,80.25,429,67.427,32.575,Normal,0,0
A044,2025-01-05 10:00:00,A044-HYD,Hydraulic System,72.942,2.946,73.617,50.92,1761.171,142.81,23.825,75.952,288,57.518,28.654,Normal,0,0
A044,2025-01-05 11:00:00,A044-HYD,Hydraulic System,80.02,2.929,72.054,54.514,1819.905,147.532,23.411,78.995,547,64.637,34.936,Normal,0,1
A044,2025-01-05 15:00:00,A044-HYD,Hydraulic System,78.759,3.231,72.303,52.625,1755.567,147.55,24.189,73.196,517,72.606,40.662,Normal,0,0
A044,2025-01-05 23:00:00,A044-HYD,Hydraulic System,77.983,3.119,72.595,51.837,1831.38,144.894,23.983,78.755,395,56.027,28.085,Normal,0,0
A044,2025-01-06 00:00:00,A044-HYD,Hydraulic System,81.144,2.894,73.951,55.757,2003.116,156.733,23.69,77.106,492,53.563,27.506,Normal,0,0
A044,2025-01-06 05:00:00,A044-HYD,Hydraulic System,81.187,3.043,75.301,57.1,1807.228,150.207,23.397,79.121,520,76.278,29.251,Normal,0,0
A044,2025-01-06 16:00:00,A044-HYD,Hydraulic System,77.485,3.18,75.651,55.412,1800.7,146.49,23.286,76.879,554,59.229,33.217,Normal,0,0
A044,2025-01-07 02:00:00,A044-HYD,Hydraulic System,74.622,3.447,72.821,52.908,1746.685,144.195,23.411,77.997,409,59.341,35.267,Normal,0,0
A044,2025-01-07 04:00:00,A044-HYD,Hydraulic System,77.624,2.768,75.974,55.685,1747.261,152.659,23.625,79.497,419,73.883,30.711,Normal,0,0
A044,2025-01-07 12:00:00,A044-HYD,Hydraulic System,77.901,3.062,74.833,53.718,1683.639,146.773,23.643,78.068,447,70.381,31.198,Normal,0,0
A044,2025-01-07 13:00:00,A044-HYD,Hydraulic System,76.736,3.363,72.53,53.712,1762.263,140.97,23.113,73.588,594,63.442,37.84,Normal,0,0
A044,2025-01-07 17:00:00,A044-HYD,Hydraulic System,82.143,3.764,75.709,52.092,1824.552,148.81,23.227,79.45,415,69.996,32.356,Normal,0,0
A044,2025-01-07 22:00:00,A044-HYD,Hydraulic System,81.336,3.225,76.384,52.704,1798.155,142.96,23.556,84.416,397,72.351,33.657,Normal,0,1
A044,2025-01-08 05:00:00,A044-HYD,Hydraulic System,82.629,3.67,69.853,53.258,1876.489,148.23,23.171,81.915,333,72.747,38.224,Warning,1,0
A044,2025-01-08 08:00:00,A044-HYD,Hydraulic System,78.164,3.296,73.152,55.367,1765.922,144.585,23.419,76.846,290,63.907,33.105,Normal,0,0
A044,2025-01-08 18:00:00,A044-HYD,Hydraulic System,80.282,2.861,71.365,56.55,1705.765,145.77,22.768,79.859,648,67.169,29.255,Normal,0,0
A044,2025-01-08 21:00:00,A044-HYD,Hydraulic System,85.485,3.511,73.543,51.668,1908.673,149.743,22.82,76.677,631,76.67,32.251,Warning,1,1
A044,2025-01-09 00:00:00,A044-HYD,Hydraulic System,80.217,3.279,74.57,54.705,1801.992,145.781,23.738,79.822,407,71.045,35.844,Normal,0,0
A044,2025-01-09 08:00:00,A044-HYD,Hydraulic System,77.625,4.3,72.586,54.43,1859.53,141.995,23.436,79.157,434,60.85,38.925,Normal,0,0
A044,2025-01-09 11:00:00,A044-HYD,Hydraulic System,80.107,4.063,68.587,54.291,1860.124,150.912,23.812,76.953,324,84.68,29.9,Warning,1,0
A044,2025-01-10 05:00:00,A044-HYD,Hydraulic System,79.143,3.791,70.015,52.968,1860.877,148.026,23.599,83.901,514,81.278,25.822,Warning,1,0
A044,2025-01-10 08:00:00,A044-HYD,Hydraulic System,76.72,3.227,68.282,53.048,1808.262,142.235,23.348,84.127,615,73.797,25.603,Warning,1,0
A044,2025-01-10 10:00:00,A044-HYD,Hydraulic System,82.223,3.23,70.81,54.488,1786.266,148.029,22.944,75.663,422,72.125,31.976,Warning,1,0
A044,2025-01-11 01:00:00,A044-HYD,Hydraulic System,80.574,3.196,73.069,56.248,1831.137,142.455,23.343,79.654,514,66.66,28.22,Normal,0,1
A044,2025-01-11 07:00:00,A044-HYD,Hydraulic System,83.173,3.416,73.307,54.77,1831.021,153.757,23.141,82.705,433,71.149,30.597,Warning,1,0
A044,2025-01-11 08:00:00,A044-HYD,Hydraulic System,81.236,3.574,72.548,51.415,1798.92,149.029,23.364,81.429,685,83.347,27.21,Warning,1,0
A044,2025-01-11 16:00:00,A044-HYD,Hydraulic System,82.383,3.343,72.257,51.883,1741.687,140.745,22.882,77.508,383,70.443,31.775,Warning,1,1
A044,2025-01-11 23:00:00,A044-HYD,Hydraulic System,86.251,3.388,76.313,50.687,1894.152,145.816,22.994,82.042,418,76.642,35.868,Warning,1,0
A044,2025-01-12 01:00:00,A044-HYD,Hydraulic System,80.195,3.433,72.461,56.756,2002.035,150.629,23.394,85.652,377,79.064,20.981,Warning,1,1
A044,2025-01-12 07:00:00,A044-HYD,Hydraulic System,79.628,3.781,68.421,49.203,1765.058,141.706,23.305,82.188,696,81.643,32.923,Warning,1,0
A044,2025-01-12 09:00:00,A044-HYD,Hydraulic System,84.967,3.469,72.206,55.253,1744.989,151.583,23.526,81.919,720,60.708,37.567,Warning,1,1
A044,2025-01-12 11:00:00,A044-HYD,Hydraulic System,99.954,6.854,55.514,54.477,1778.489,139.832,23.635,85.034,683,63.498,28.821,Warning,1,1
A044,2025-01-12 16:00:00,A044-HYD,Hydraulic System,80.845,3.556,70.471,51.909,1961.569,140.912,22.828,81.782,473,75.264,29.625,Warning,1,1
A044,2025-01-12 19:00:00,A044-HYD,Hydraulic System,84.412,3.979,70.421,53.025,1872.547,149.329,23.351,82.316,772,70.605,19.162,Warning,1,0
A044,2025-01-12 22:00:00,A044-HYD,Hydraulic System,82.094,3.833,66.944,55.503,1840.213,148.934,22.94,81.412,611,66.604,26.177,Warning,1,1
A044,2025-01-13 04:00:00,A044-HYD,Hydraulic System,79.416,4.409,74.828,53.353,1714.187,148.495,22.694,80.231,597,82.637,31.357,Warning,1,0
A044,2025-01-13 05:00:00,A044-HYD,Hydraulic System,78.056,3.962,65.65,52.384,1688.37,144.105,23.453,83.74,511,65.251,34.821,Warning,1,1
A044,2025-01-13 07:00:00,A044-HYD,Hydraulic System,78.508,3.593,64.45,50.01,1885.431,159.031,23.899,82.194,721,55.939,28.358,Warning,1,1
A044,2025-01-13 13:00:00,A044-HYD,Hydraulic System,83.089,4.133,72.393,49.79,1914.761,144.307,22.907,82.393,457,74.29,23.77,Warning,1,1
A044,2025-01-13 15:00:00,A044-HYD,Hydraulic System,82.591,4.418,70.18,49.378,1715.984,149.386,23.261,84.226,718,66.198,19.717,Warning,1,1
A044,2025-01-13 16:00:00,A044-HYD,Hydraulic System,81.797,3.254,74.03,51.663,1730.226,143.036,23.348,82.113,703,68.746,26.807,Warning,1,0
A044,2025-01-13 22:00:00,A044-HYD,Hydraulic System,85.951,3.656,62.69,54.156,1663.902,145.436,22.378,81.009,411,77.957,27.39,Warning,1,0
A044,2025-01-14 03:00:00,A044-HYD,Hydraulic System,87.48,4.098,67.329,48.496,1826.472,150.678,23.369,87.153,553,79.319,26.595,Warning,1,1
A044,2025-01-14 06:00:00,A044-HYD,Hydraulic System,79.691,3.552,64.995,52.964,1826.67,147.275,22.409,82.266,424,71.599,36.398,Warning,1,1
A044,2025-01-14 08:00:00,A044-HYD,Hydraulic System,85.538,3.619,66.784,55.462,1712.678,145.442,23.036,82.379,627,72.805,29.074,Warning,1,1
A044,2025-01-14 12:00:00,A044-HYD,Hydraulic System,82.809,3.623,68.588,55.702,1833.605,142.802,23.128,82.09,644,84.746,33.27,Warning,1,0
A044,2025-01-14 14:00:00,A044-HYD,Hydraulic System,81.184,4.494,67.113,52.339,1656.717,149.031,23.303,82.893,518,63.62,25.397,Warning,1,1
A044,2025-01-14 23:00:00,A044-HYD,Hydraulic System,82.779,4.342,72.256,50.146,1741.935,142.457,22.573,81.718,744,84.008,32.248,Warning,1,1
A044,2025-01-15 02:00:00,A044-HYD,Hydraulic System,85.565,3.374,65.043,50.814,1965.549,153.992,22.664,83.159,622,76.132,28.794,Warning,1,0
A044,2025-01-15 15:00:00,A044-HYD,Hydraulic System,84.62,3.289,68.998,49.094,1909.652,147.234,23.438,84.528,702,89.319,28.385,Warning,1,1
A044,2025-01-15 16:00:00,A044-HYD,Hydraulic System,85.249,3.815,65.867,51.552,1805.693,143.654,22.773,80.891,469,75.432,31.156,Warning,1,1
A044,2025-01-15 18:00:00,A044-HYD,Hydraulic System,84.311,3.805,70.076,49.969,1846.994,147.017,23.0,84.791,795,74.978,39.136,Warning,1,0
A044,2025-01-15 19:00:00,A044-HYD,Hydraulic System,87.958,4.066,66.888,53.151,1957.224,149.005,22.491,85.84,650,79.526,21.002,Warning,1,0
A044,2025-01-15 21:00:00,A044-HYD,Hydraulic System,86.503,3.714,66.736,52.323,1797.22,143.957,22.796,83.256,523,70.451,35.702,Warning,1,1
A044,2025-01-15 22:00:00,A044-HYD,Hydraulic System,88.674,4.149,67.684,54.307,1925.749,145.19,23.27,81.405,520,80.7,33.549,Warning,1,0
A044,2025-01-15 23:00:00,A044-HYD,Hydraulic System,99.321,5.796,64.167,51.605,1838.474,132.258,23.58,82.073,606,90.971,32.796,Warning,1,1
A044,2025-01-16 04:00:00,A044-HYD,Hydraulic System,85.255,3.465,68.483,51.531,1985.379,156.303,22.768,86.121,479,81.546,30.37,Warning,1,1
A044,2025-01-16 06:00:00,A044-HYD,Hydraulic System,82.496,3.368,70.453,50.039,1855.08,145.643,23.158,86.543,626,81.445,24.97,Warning,1,1
A044,2025-01-16 18:00:00,A044-HYD,Hydraulic System,90.963,3.904,64.946,53.826,1729.999,143.857,23.513,85.266,509,81.134,43.29,Warning,1,1
A044,2025-01-17 00:00:00,A044-HYD,Hydraulic System,81.791,3.799,71.359,54.955,1919.288,146.651,22.853,80.62,753,76.747,24.149,Warning,1,1
A044,2025-01-17 09:00:00,A044-HYD,Hydraulic System,106.417,5.626,51.225,51.166,1645.87,134.755,22.488,86.667,842,81.893,32.426,Warning,1,1
A044,2025-01-17 14:00:00,A044-HYD,Hydraulic System,85.77,4.033,70.016,51.649,1790.019,143.698,23.083,83.322,874,82.226,26.646,Warning,1,1
A045,2025-01-01 03:00:00,A045-HYD,Hydraulic System,74.014,2.176,77.298,53.93,1907.672,152.349,23.483,72.073,270,48.884,20.057,Normal,0,0
A045,2025-01-01 11:00:00,A045-HYD,Hydraulic System,71.807,1.548,73.591,57.703,1859.641,151.322,23.892,76.944,300,34.825,17.338,Normal,0,0
A045,2025-01-01 13:00:00,A045-HYD,Hydraulic System,72.237,1.893,73.848,56.359,1850.161,148.04,23.767,73.758,270,61.283,23.239,Normal,0,0
A045,2025-01-01 14:00:00,A045-HYD,Hydraulic System,75.121,2.329,75.536,52.501,1857.776,143.835,23.794,76.035,332,56.696,32.097,Normal,0,0
A045,2025-01-01 17:00:00,A045-HYD,Hydraulic System,68.427,2.208,75.975,53.317,1936.299,154.888,24.178,74.566,461,48.11,27.575,Normal,0,0
A045,2025-01-01 18:00:00,A045-HYD,Hydraulic System,71.682,2.775,81.343,57.515,1923.013,152.353,24.013,73.922,119,52.466,36.412,Normal,0,0
A045,2025-01-02 01:00:00,A045-HYD,Hydraulic System,72.735,2.366,79.019,53.672,1881.192,154.099,24.198,76.777,505,59.984,36.678,Normal,0,0
A045,2025-01-02 05:00:00,A045-HYD,Hydraulic System,73.762,2.351,77.38,57.471,1876.025,143.936,24.137,74.816,282,62.773,41.062,Normal,0,1
A045,2025-01-02 07:00:00,A045-HYD,Hydraulic System,72.747,2.451,77.106,56.161,1872.127,144.629,23.92,78.44,327,64.29,19.089,Normal,0,0
A045,2025-01-02 09:00:00,A045-HYD,Hydraulic System,72.965,2.425,77.677,55.23,1803.44,147.303,23.703,74.505,177,48.627,26.105,Normal,0,0
A045,2025-01-02 14:00:00,A045-HYD,Hydraulic System,76.549,2.527,82.234,57.287,1965.504,150.556,24.198,76.394,332,57.195,21.443,Normal,0,0
A045,2025-01-02 17:00:00,A045-HYD,Hydraulic System,75.423,2.18,78.726,56.663,1554.225,148.281,23.934,76.66,423,60.139,28.84,Normal,0,0
A045,2025-01-02 18:00:00,A045-HYD,Hydraulic System,70.058,2.577,79.913,52.184,1760.311,146.377,24.003,75.64,519,56.62,25.989,Normal,0,1
A045,2025-01-02 19:00:00,A045-HYD,Hydraulic System,74.568,2.798,80.992,56.331,1796.937,150.769,24.212,73.26,517,56.535,35.916,Normal,0,0
A045,2025-01-02 20:00:00,A045-HYD,Hydraulic System,74.358,2.609,74.468,57.115,1790.122,144.393,23.812,74.338,202,70.56,26.773,Normal,0,0
A045,2025-01-03 05:00:00,A045-HYD,Hydraulic System,70.829,2.44,76.732,53.274,1844.333,155.443,23.762,74.288,385,58.921,21.452,Normal,0,0
A045,2025-01-03 06:00:00,A045-HYD,Hydraulic System,75.417,2.483,73.187,54.521,1983.704,149.584,23.727,76.123,162,52.023,30.618,Normal,0,0
A045,2025-01-03 08:00:00,A045-HYD,Hydraulic System,71.223,2.497,76.41,53.953,1951.577,147.678,23.909,74.465,498,46.837,34.299,Normal,0,0
A045,2025-01-03 12:00:00,A045-HYD,Hydraulic System,75.522,2.385,78.285,56.105,1908.92,150.142,24.16,76.388,174,49.486,32.205,Normal,0,0
A045,2025-01-03 13:00:00,A045-HYD,Hydraulic System,74.214,2.795,76.399,56.201,1857.973,154.154,23.508,75.321,264,59.514,35.015,Normal,0,0
A045,2025-01-03 16:00:00,A045-HYD,Hydraulic System,71.837,2.142,71.648,53.575,2017.521,149.422,24.378,74.876,195,66.185,30.404,Normal,0,1
A045,2025-01-03 20:00:00,A045-HYD,Hydraulic System,72.459,2.478,76.997,52.803,1869.964,148.168,23.272,77.733,534,58.601,28.512,Normal,0,0
A045,2025-01-03 21:00:00,A045-HYD,Hydraulic System,77.09,2.688,77.381,51.949,1909.215,151.48,23.437,75.982,426,46.993,24.777,Normal,0,0
A045,2025-01-04 00:00:00,A045-HYD,Hydraulic System,71.79,2.359,77.786,54.536,1885.691,143.681,24.244,78.907,471,53.049,28.877,Normal,0,1
A045,2025-01-04 01:00:00,A045-HYD,Hydraulic System,72.831,2.603,75.02,55.972,1756.876,152.132,24.324,75.843,320,62.138,33.786,Normal,0,0
A045,2025-01-04 03:00:00,A045-HYD,Hydraulic System,76.556,2.868,77.648,53.01,1843.812,148.387,24.085,76.378,343,58.405,31.728,Normal,0,0
A045,2025-01-04 05:00:00,A045-HYD,Hydraulic System,72.824,2.48,73.253,53.546,1859.777,150.973,23.181,79.148,566,57.475,37.781,Normal,0,0
A045,2025-01-04 08:00:00,A045-HYD,Hydraulic System,77.46,2.643,75.666,54.032,1988.14,147.404,23.395,76.314,534,50.984,32.665,Normal,0,0
A045,2025-01-04 11:00:00,A045-HYD,Hydraulic System,74.673,3.22,82.696,53.439,1754.149,148.688,23.315,79.194,317,38.562,29.71,Normal,0,0
A045,2025-01-04 12:00:00,A045-HYD,Hydraulic System,76.601,1.916,80.248,56.248,1841.818,151.486,23.934,78.851,378,45.475,19.047,Normal,0,0
A045,2025-01-04 14:00:00,A045-HYD,Hydraulic System,78.306,2.957,72.606,55.29,1807.984,150.491,23.719,77.836,436,68.234,31.971,Normal,0,1
A045,2025-01-04 17:00:00,A045-HYD,Hydraulic System,72.488,2.912,71.668,51.634,1660.354,149.216,23.995,75.674,496,58.358,34.169,Normal,0,0
A045,2025-01-04 18:00:00,A045-HYD,Hydraulic System,72.475,3.589,74.175,58.699,1814.181,149.909,23.591,78.334,231,51.37,29.087,Normal,0,0
A045,2025-01-04 20:00:00,A045-HYD,Hydraulic System,74.733,3.206,73.764,52.607,1805.946,152.514,23.921,77.737,205,48.115,25.371,Normal,0,0
A045,2025-01-04 21:00:00,A045-HYD,Hydraulic System,75.66,2.536,71.651,55.193,1874.596,146.402,24.215,78.763,253,64.544,29.237,Normal,0,0
A045,2025-01-04 22:00:00,A045-HYD,Hydraulic System,73.339,2.775,76.445,55.228,1795.492,151.238,24.278,78.889,515,60.0,35.762,Normal,0,0
A045,2025-01-05 03:00:00,A045-HYD,Hydraulic System,75.437,2.552,75.333,57.037,1886.96,149.525,23.269,77.261,401,56.176,31.808,Normal,0,1
A045,2025-01-05 04:00:00,A045-HYD,Hydraulic System,76.455,2.492,76.362,54.634,1701.261,151.803,24.032,77.033,586,60.071,32.021,Normal,0,1
A045,2025-01-05 06:00:00,A045-HYD,Hydraulic System,76.872,3.101,74.31,55.712,1859.117,141.723,24.006,78.197,261,54.619,30.735,Normal,0,0
A045,2025-01-05 07:00:00,A045-HYD,Hydraulic System,74.209,2.991,79.399,55.783,1756.46,145.051,23.831,79.122,573,47.444,33.564,Normal,0,0
A045,2025-01-05 13:00:00,A045-HYD,Hydraulic System,74.921,3.197,76.29,51.117,1867.824,155.208,23.734,79.076,301,70.818,34.241,Normal,0,0
A045,2025-01-05 15:00:00,A045-HYD,Hydraulic System,89.928,5.655,66.72,54.448,1933.421,139.398,24.277,80.411,356,53.488,36.8,Warning,1,0
A045,2025-01-05 19:00:00,A045-HYD,Hydraulic System,73.259,3.212,77.53,50.873,1687.878,154.635,23.926,78.542,404,62.421,34.537,Normal,0,0
A045,2025-01-06 00:00:00,A045-HYD,Hydraulic System,74.041,2.388,75.683,53.193,1724.813,156.992,24.409,75.207,391,47.435,31.935,Normal,0,0
A045,2025-01-06 01:00:00,A045-HYD,Hydraulic System,74.509,2.383,75.025,57.332,1878.824,150.297,23.839,79.362,574,63.008,34.106,Normal,0,1
A045,2025-01-06 04:00:00,A045-HYD,Hydraulic System,78.993,2.431,76.605,52.373,1688.278,141.225,24.093,79.433,261,75.433,26.738,Normal,0,0
A045,2025-01-06 06:00:00,A045-HYD,Hydraulic System,75.651,2.808,76.605,50.409,1686.955,150.744,23.369,75.719,619,73.053,22.447,Normal,0,0
A045,2025-01-06 07:00:00,A045-HYD,Hydraulic System,73.324,2.969,73.126,53.018,1877.727,153.726,23.536,78.687,371,68.771,33.698,Normal,0,0
A045,2025-01-06 09:00:00,A045-HYD,Hydraulic System,77.134,2.25,73.162,52.53,1774.26,142.629,23.668,76.603,233,72.164,29.376,Normal,0,0
A045,2025-01-06 12:00:00,A045-HYD,Hydraulic System,77.226,3.23,73.771,52.15,2166.797,147.716,23.131,75.191,603,59.394,30.992,Normal,0,0
A045,2025-01-06 16:00:00,A045-HYD,Hydraulic System,77.125,2.778,76.07,52.327,1816.27,156.578,23.159,80.32,484,63.394,26.628,Normal,0,0
A045,2025-01-06 17:00:00,A045-HYD,Hydraulic System,92.382,4.651,64.874,54.545,1826.862,134.416,23.065,82.05,273,55.514,33.418,Warning,1,1
A045,2025-01-06 18:00:00,A045-HYD,Hydraulic System,74.788,2.957,71.633,55.22,1779.833,153.429,23.414,80.365,296,59.095,29.827,Normal,0,0
A045,2025-01-06 23:00:00,A045-HYD,Hydraulic System,73.926,3.513,73.935,51.079,1799.911,140.626,23.626,79.177,491,68.895,39.242,Normal,0,0
A045,2025-01-07 00:00:00,A045-HYD,Hydraulic System,79.47,2.932,74.032,50.883,1955.904,148.161,23.467,77.309,537,80.496,32.574,Normal,0,0
A045,2025-01-07 05:00:00,A045-HYD,Hydraulic System,78.891,3.476,76.507,55.786,1825.353,147.721,23.184,78.459,270,61.486,24.86,Normal,0,0
A045,2025-01-07 08:00:00,A045-HYD,Hydraulic System,77.603,3.418,73.482,56.776,1793.5,147.527,23.423,79.162,310,57.52,37.044,Normal,0,0
A045,2025-01-08 00:00:00,A045-HYD,Hydraulic System,82.007,2.568,77.667,58.734,1811.761,143.594,23.677,80.611,283,71.009,29.384,Normal,0,0
A045,2025-01-08 07:00:00,A045-HYD,Hydraulic System,77.124,2.841,71.344,52.734,1807.107,147.266,23.145,79.532,618,60.958,30.262,Normal,0,0
A045,2025-01-08 11:00:00,A045-HYD,Hydraulic System,73.406,3.142,71.863,54.998,1846.044,143.623,23.427,80.144,444,70.263,37.629,Normal,0,1
A045,2025-01-08 13:00:00,A045-HYD,Hydraulic System,78.884,3.189,78.45,53.28,1721.683,143.137,22.981,76.504,664,70.721,24.512,Normal,0,0
A045,2025-01-08 16:00:00,A045-HYD,Hydraulic System,76.324,2.806,72.417,53.843,1837.1,151.19,23.08,78.442,647,58.031,36.011,Normal,0,0
A045,2025-01-08 17:00:00,A045-HYD,Hydraulic System,75.865,3.506,73.011,49.636,1847.663,144.309,23.627,81.237,532,62.339,42.229,Normal,0,0
A045,2025-01-08 21:00:00,A045-HYD,Hydraulic System,76.503,2.851,75.09,50.602,1732.036,141.78,23.564,80.806,582,45.767,35.724,Normal,0,0
A045,2025-01-09 06:00:00,A045-HYD,Hydraulic System,80.535,2.736,74.027,54.039,1777.473,139.926,23.215,81.001,301,71.412,29.067,Normal,0,0
A045,2025-01-09 07:00:00,A045-HYD,Hydraulic System,76.0,2.899,73.798,52.051,1796.491,147.895,23.685,76.877,495,64.296,32.601,Normal,0,1
A045,2025-01-09 10:00:00,A045-HYD,Hydraulic System,78.391,3.203,73.402,51.767,1739.839,138.601,23.182,78.769,376,86.95,27.038,Normal,0,0
A045,2025-01-09 18:00:00,A045-HYD,Hydraulic System,72.848,3.227,74.989,50.667,1796.699,152.537,23.438,79.076,635,70.043,26.676,Normal,0,0
A045,2025-01-09 20:00:00,A045-HYD,Hydraulic System,76.926,3.446,74.039,54.043,1785.054,150.284,23.062,81.382,506,61.174,24.701,Normal,0,0
A045,2025-01-09 22:00:00,A045-HYD,Hydraulic System,78.195,3.347,74.844,54.677,1885.557,147.127,23.695,79.283,345,76.288,37.062,Normal,0,1
A045,2025-01-10 02:00:00,A045-HYD,Hydraulic System,78.816,2.463,77.096,54.299,1864.676,152.011,23.751,83.064,645,77.75,29.863,Normal,0,0
A045,2025-01-10 04:00:00,A045-HYD,Hydraulic System,80.966,3.386,71.84,52.165,1721.657,141.156,23.097,82.865,411,65.775,30.158,Normal,0,0
A045,2025-01-10 08:00:00,A045-HYD,Hydraulic System,82.186,2.9,74.648,56.806,1651.164,143.49,23.139,82.615,366,71.791,26.057,Normal,0,1
A045,2025-01-10 11:00:00,A045-HYD,Hydraulic System,79.333,3.125,69.778,52.445,1718.935,151.045,23.742,81.939,665,54.92,32.102,Normal,0,0
A045,2025-01-10 13:00:00,A045-HYD,Hydraulic System,79.766,3.526,75.893,51.757,1862.715,138.617,23.016,78.818,432,65.899,27.421,Normal,0,1
A045,2025-01-10 18:00:00,A045-HYD,Hydraulic System,78.213,2.775,71.558,51.088,1875.855,157.362,23.427,80.56,656,66.451,31.119,Normal,0,0
A045,2025-01-10 22:00:00,A045-HYD,Hydraulic System,80.678,3.18,72.704,51.329,1746.852,146.111,23.164,78.279,504,62.233,37.654,Normal,0,0
A045,2025-01-10 23:00:00,A045-HYD,Hydraulic System,82.28,3.653,73.734,53.118,1804.86,143.511,24.02,83.63,341,56.08,34.192,Normal,0,1
A045,2025-01-11 01:00:00,A045-HYD,Hydraulic System,78.499,2.712,71.248,54.322,1815.124,150.254,22.979,84.328,604,68.28,30.75,Normal,0,0
A045,2025-01-11 07:00:00,A045-HYD,Hydraulic System,77.261,4.089,74.051,52.495,1811.929,139.694,23.693,79.321,423,57.01,25.103,Normal,0,0
A045,2025-01-11 08:00:00,A045-HYD,Hydraulic System,81.349,3.147,73.443,54.458,1909.714,140.219,23.732,81.313,608,67.773,21.316,Normal,0,0
A045,2025-01-11 13:00:00,A045-HYD,Hydraulic System,81.336,2.638,71.329,52.47,1786.847,146.366,23.74,79.844,491,64.699,28.094,Normal,0,0
A045,2025-01-11 18:00:00,A045-HYD,Hydraulic System,77.596,3.027,76.804,54.625,1775.529,150.535,23.042,78.325,506,79.343,33.306,Normal,0,0
A045,2025-01-12 00:00:00,A045-HYD,Hydraulic System,97.756,7.014,63.21,52.185,1759.875,140.456,22.691,84.032,542,72.148,34.478,Warning,1,1
A045,2025-01-12 09:00:00,A045-HYD,Hydraulic System,96.552,6.373,65.298,50.844,1846.727,144.761,23.737,81.069,396,65.378,23.641,Warning,1,1
A045,2025-01-12 10:00:00,A045-HYD,Hydraulic System,81.415,2.917,69.833,52.823,1738.035,146.257,23.805,81.436,581,63.802,32.958,Normal,0,1
A045,2025-01-12 12:00:00,A045-HYD,Hydraulic System,80.491,2.983,73.129,52.991,1670.298,151.951,22.899,80.686,504,71.731,30.802,Normal,0,1
A045,2025-01-12 13:00:00,A045-HYD,Hydraulic System,80.124,3.605,66.963,55.994,1816.019,150.555,23.388,81.447,502,80.298,24.985,Warning,1,1
A045,2025-01-12 14:00:00,A045-HYD,Hydraulic System,83.074,3.251,70.716,53.844,1831.041,151.622,22.261,79.523,559,72.231,35.123,Warning,1,0
A045,2025-01-12 15:00:00,A045-HYD,Hydraulic System,94.541,6.698,63.426,50.703,1475.771,124.302,22.674,81.893,688,73.108,26.367,Warning,1,0
A045,2025-01-12 17:00:00,A045-HYD,Hydraulic System,84.201,3.641,76.019,54.504,1674.63,140.212,23.115,81.729,522,73.993,24.505,Warning,1,0
A045,2025-01-12 19:00:00,A045-HYD,Hydraulic System,81.077,2.806,73.03,52.401,1703.188,143.076,22.787,82.031,434,54.64,28.172,Normal,0,0
A045,2025-01-13 09:00:00,A045-HYD,Hydraulic System,80.556,3.683,72.283,54.555,1810.3,144.573,23.219,83.391,670,52.255,22.03,Normal,0,1
A045,2025-01-13 13:00:00,A045-HYD,Hydraulic System,83.138,3.547,65.87,51.596,1882.315,140.836,22.614,79.609,435,66.547,29.425,Warning,1,1
A045,2025-01-14 01:00:00,A045-HYD,Hydraulic System,80.7,3.966,74.918,55.632,1695.976,147.787,23.051,81.632,570,83.168,25.573,Warning,1,1
A045,2025-01-14 02:00:00,A045-HYD,Hydraulic System,82.7,3.273,70.65,52.196,1512.769,153.195,23.384,80.165,797,72.209,28.234,Warning,1,1
A045,2025-01-14 06:00:00,A045-HYD,Hydraulic System,81.703,3.727,70.905,51.62,1786.077,141.441,22.853,81.749,777,66.062,30.11,Warning,1,0
A045,2025-01-14 09:00:00,A045-HYD,Hydraulic System,84.22,3.249,73.316,53.93,1782.545,138.737,22.546,82.145,493,74.007,29.932,Warning,1,1
A045,2025-01-14 10:00:00,A045-HYD,Hydraulic System,80.862,3.125,71.103,51.428,1867.133,143.28,23.706,84.736,568,63.443,33.251,Warning,1,0
A045,2025-01-14 12:00:00,A045-HYD,Hydraulic System,80.589,3.625,69.441,53.165,1772.182,145.727,23.491,80.444,737,72.349,35.127,Warning,1,0
A045,2025-01-14 15:00:00,A045-HYD,Hydraulic System,82.151,3.734,74.811,52.126,1849.454,145.105,23.112,82.189,771,72.366,27.531,Warning,1,0
A045,2025-01-14 17:00:00,A045-HYD,Hydraulic System,82.302,3.878,71.132,50.796,1759.246,148.421,23.402,86.562,468,60.809,25.109,Warning,1,1
A045,2025-01-14 19:00:00,A045-HYD,Hydraulic System,81.889,3.368,66.143,53.437,1863.205,149.347,23.083,83.435,760,81.507,36.702,Warning,1,0
A045,2025-01-15 03:00:00,A045-HYD,Hydraulic System,85.593,3.559,68.869,52.366,1915.414,144.099,22.983,85.727,602,66.897,33.645,Warning,1,1
A045,2025-01-15 05:00:00,A045-HYD,Hydraulic System,84.003,3.264,69.21,56.893,1824.966,149.513,23.557,80.034,672,63.609,35.011,Warning,1,1
A045,2025-01-15 06:00:00,A045-HYD,Hydraulic System,79.946,3.562,70.87,52.367,1781.784,143.337,23.145,84.922,547,74.904,28.188,Warning,1,1
A045,2025-01-15 11:00:00,A045-HYD,Hydraulic System,89.284,3.275,71.09,49.648,1769.573,147.206,23.828,84.025,608,72.327,27.704,Warning,1,0
A045,2025-01-15 14:00:00,A045-HYD,Hydraulic System,83.07,4.008,70.914,59.145,1715.587,136.071,23.055,81.885,780,81.728,31.581,Warning,1,0
A045,2025-01-15 20:00:00,A045-HYD,Hydraulic System,104.043,6.096,56.595,55.005,1848.635,130.462,22.944,82.674,833,57.381,27.017,Warning,1,0
A045,2025-01-15 21:00:00,A045-HYD,Hydraulic System,80.768,4.049,71.563,53.377,1904.488,141.551,22.408,82.042,746,80.234,24.196,Warning,1,1
A045,2025-01-16 03:00:00,A045-HYD,Hydraulic System,85.363,3.689,69.238,53.037,1709.562,145.259,22.384,86.168,524,56.632,22.66,Warning,1,1
A045,2025-01-16 04:00:00,A045-HYD,Hydraulic System,84.2,3.473,68.861,51.229,1778.352,141.7,22.922,82.111,705,77.534,28.485,Warning,1,1
A045,2025-01-16 09:00:00,A045-HYD,Hydraulic System,97.772,5.3,64.981,51.729,1753.496,130.026,23.452,87.408,768,69.651,26.735,Warning,1,1
A045,2025-01-16 10:00:00,A045-HYD,Hydraulic System,82.31,3.445,69.515,53.633,1721.991,144.26,22.338,85.527,518,78.107,34.212,Warning,1,0
A045,2025-01-16 14:00:00,A045-HYD,Hydraulic System,80.915,3.633,69.517,54.359,1938.852,147.64,23.104,84.805,585,69.602,21.666,Warning,1,1
A045,2025-01-17 03:00:00,A045-HYD,Hydraulic System,79.24,4.038,70.407,53.176,1899.565,143.994,23.199,84.658,790,69.944,29.97,Warning,1,0
A045,2025-01-17 10:00:00,A045-HYD,Hydraulic System,80.942,3.74,69.251,51.64,1865.939,143.702,22.115,85.977,797,70.745,17.614,Warning,1,1
A045,2025-01-17 12:00:00,A045-HYD,Hydraulic System,85.12,4.25,69.448,52.45,1804.345,136.991,22.139,86.256,599,93.577,32.333,Warning,1,0
A045,2025-01-17 13:00:00,A045-HYD,Hydraulic System,88.182,3.886,71.027,52.115,1657.929,144.869,22.547,85.233,815,75.601,26.588,Warning,1,1
A046,2025-01-01 11:00:00,A046-HYD,Hydraulic System,75.522,2.701,79.738,56.769,1781.18,144.544,24.348,75.446,166,51.986,29.586,Normal,0,0
A046,2025-01-01 12:00:00,A046-HYD,Hydraulic System,77.69,2.557,76.971,56.646,1579.201,152.971,24.061,76.967,337,46.523,26.075,Normal,0,0
A046,2025-01-01 15:00:00,A046-HYD,Hydraulic System,79.233,2.235,83.394,54.475,1683.318,150.16,23.906,76.55,191,55.864,24.641,Normal,0,0
A046,2025-01-01 16:00:00,A046-HYD,Hydraulic System,73.408,2.597,72.741,52.249,1858.196,151.494,24.355,73.571,486,70.939,20.273,Normal,0,0
A046,2025-01-01 21:00:00,A046-HYD,Hydraulic System,72.829,2.455,77.273,56.548,1907.754,145.263,24.401,72.77,450,50.958,43.914,Normal,0,0
A046,2025-01-02 00:00:00,A046-HYD,Hydraulic System,73.043,3.095,79.211,56.634,1779.376,149.455,24.005,77.324,248,48.779,37.934,Normal,0,0
A046,2025-01-02 17:00:00,A046-HYD,Hydraulic System,75.99,2.332,74.181,54.594,1765.475,149.313,23.869,77.473,340,52.822,31.887,Normal,0,0
A046,2025-01-02 21:00:00,A046-HYD,Hydraulic System,73.507,3.298,79.6,55.735,1746.421,143.958,24.271,76.883,462,51.072,24.983,Normal,0,0
A046,2025-01-03 07:00:00,A046-HYD,Hydraulic System,70.367,2.246,79.924,51.902,1934.089,146.523,23.944,78.554,337,75.587,24.447,Normal,0,0
A046,2025-01-03 19:00:00,A046-HYD,Hydraulic System,79.476,2.831,79.859,53.584,1782.809,151.06,23.744,75.316,320,59.835,33.62,Normal,0,0
A046,2025-01-03 22:00:00,A046-HYD,Hydraulic System,75.702,3.473,75.146,55.576,1801.12,152.025,23.502,75.529,414,51.958,27.826,Normal,0,0
A046,2025-01-03 23:00:00,A046-HYD,Hydraulic System,71.247,3.31,76.111,53.47,1908.906,149.972,23.299,75.051,453,54.988,35.484,Normal,0,0
A046,2025-01-04 16:00:00,A046-HYD,Hydraulic System,80.426,2.728,75.896,54.71,1736.834,146.951,24.587,81.09,421,53.384,26.432,Normal,0,0
A046,2025-01-04 18:00:00,A046-HYD,Hydraulic System,72.923,3.116,74.501,54.954,1728.924,152.061,23.949,76.111,201,63.264,33.429,Normal,0,0
A046,2025-01-04 19:00:00,A046-HYD,Hydraulic System,74.748,2.585,74.103,52.854,1852.503,139.992,23.879,77.303,420,64.351,31.122,Normal,0,0
A046,2025-01-05 02:00:00,A046-HYD,Hydraulic System,74.209,2.718,75.228,56.673,1832.324,142.58,23.018,80.986,241,57.266,35.21,Normal,0,0
A046,2025-01-05 07:00:00,A046-HYD,Hydraulic System,77.462,2.767,72.608,51.276,1786.651,145.185,23.34,79.174,545,66.499,38.24,Normal,0,1
A046,2025-01-05 09:00:00,A046-HYD,Hydraulic System,76.447,2.5,73.314,52.326,1685.793,148.12,23.65,80.625,348,57.808,28.383,Normal,0,0
A046,2025-01-05 15:00:00,A046-HYD,Hydraulic System,75.229,2.681,74.455,53.744,1923.576,148.509,23.967,78.508,298,66.815,21.041,Normal,0,0
A046,2025-01-05 17:00:00,A046-HYD,Hydraulic System,76.081,3.058,72.33,55.056,1722.238,148.856,23.857,76.274,539,65.405,33.195,Normal,0,0
A046,2025-01-05 21:00:00,A046-HYD,Hydraulic System,74.297,2.474,76.903,50.467,1689.898,148.258,23.45,74.906,520,59.472,15.002,Normal,0,0
A046,2025-01-05 23:00:00,A046-HYD,Hydraulic System,78.65,2.714,77.635,52.021,1688.337,144.58,23.796,76.759,608,72.244,42.111,Normal,0,1
A046,2025-01-06 00:00:00,A046-HYD,Hydraulic System,76.677,3.062,72.997,50.844,1807.981,152.788,23.499,78.921,433,48.639,34.197,Normal,0,0
A046,2025-01-06 02:00:00,A046-HYD,Hydraulic System,74.585,3.45,76.929,53.952,1794.408,146.963,23.383,76.149,532,55.486,21.698,Normal,0,1
A046,2025-01-06 07:00:00,A046-HYD,Hydraulic System,80.068,3.751,78.981,52.179,1812.154,149.055,23.402,78.786,278,67.188,45.267,Normal,0,0
A046,2025-01-06 09:00:00,A046-HYD,Hydraulic System,75.831,2.506,72.353,52.392,1581.95,154.414,24.098,81.783,509,48.155,28.379,Normal,0,1
A046,2025-01-06 10:00:00,A046-HYD,Hydraulic System,76.49,2.613,72.662,52.985,1801.833,150.648,23.973,77.055,344,57.399,24.859,Normal,0,0
A046,2025-01-06 12:00:00,A046-HYD,Hydraulic System,75.492,2.756,75.831,54.092,1788.94,145.453,23.888,78.97,547,62.848,24.779,Normal,0,0
A046,2025-01-06 21:00:00,A046-HYD,Hydraulic System,73.595,3.094,76.326,53.975,1611.422,147.48,23.444,74.656,561,66.2,18.296,Normal,0,1
A046,2025-01-07 04:00:00,A046-HYD,Hydraulic System,80.874,2.53,73.536,55.903,1739.399,147.696,23.006,78.075,489,64.309,29.767,Normal,0,1
A046,2025-01-07 05:00:00,A046-HYD,Hydraulic System,83.857,2.584,76.423,53.616,1670.067,151.359,23.558,78.257,420,71.579,21.666,Normal,0,0
A046,2025-01-07 06:00:00,A046-HYD,Hydraulic System,77.121,3.333,77.01,52.358,1847.141,147.071,23.674,76.758,277,64.727,29.91,Normal,0,0
A046,2025-01-07 10:00:00,A046-HYD,Hydraulic System,74.697,2.744,75.657,56.136,2015.206,158.523,23.063,79.907,498,55.917,23.867,Normal,0,0
A046,2025-01-07 11:00:00,A046-HYD,Hydraulic System,80.532,2.598,74.742,54.155,1863.837,149.619,23.667,77.992,542,61.132,30.81,Normal,0,0
A046,2025-01-07 12:00:00,A046-HYD,Hydraulic System,80.39,3.485,72.224,54.654,1790.738,147.05,24.063,77.833,281,63.227,27.376,Normal,0,0
A046,2025-01-07 13:00:00,A046-HYD,Hydraulic System,81.04,3.596,70.402,57.806,1942.07,155.142,23.899,76.103,284,59.939,17.68,Normal,0,0
A046,2025-01-07 18:00:00,A046-HYD,Hydraulic System,77.884,3.491,75.455,55.822,1703.813,148.301,23.896,80.186,307,66.067,41.871,Normal,0,0
A046,2025-01-07 21:00:00,A046-HYD,Hydraulic System,77.751,2.739,74.224,53.153,1948.109,143.752,23.023,80.962,487,62.682,38.748,Normal,0,0
A046,2025-01-08 01:00:00,A046-HYD,Hydraulic System,79.482,3.79,74.763,52.599,1820.663,146.796,23.077,80.469,480,64.386,28.289,Normal,0,1
A046,2025-01-08 08:00:00,A046-HYD,Hydraulic System,73.149,3.452,73.77,50.428,1822.172,144.884,23.711,78.588,619,78.173,31.839,Normal,0,0
A046,2025-01-09 15:00:00,A046-HYD,Hydraulic System,80.698,3.031,72.013,54.177,1851.792,149.995,23.544,81.635,548,59.424,29.57,Normal,0,0
A046,2025-01-09 17:00:00,A046-HYD,Hydraulic System,80.847,2.898,75.62,53.544,1857.921,144.842,23.601,77.342,361,58.264,30.138,Normal,0,1
A046,2025-01-09 18:00:00,A046-HYD,Hydraulic System,77.057,3.615,72.166,56.273,1830.529,149.024,22.978,78.472,452,74.348,38.123,Normal,0,0
A046,2025-01-09 22:00:00,A046-HYD,Hydraulic System,78.89,3.408,77.192,53.359,1595.933,144.737,23.209,83.408,560,80.696,27.139,Normal,0,0
A046,2025-01-10 01:00:00,A046-HYD,Hydraulic System,82.345,3.422,75.352,49.587,1653.308,151.254,22.943,80.029,323,53.531,36.923,Normal,0,1
A046,2025-01-10 05:00:00,A046-HYD,Hydraulic System,81.216,3.08,76.513,51.808,1789.254,144.722,23.455,78.832,572,63.13,34.13,Normal,0,0
A046,2025-01-10 12:00:00,A046-HYD,Hydraulic System,77.698,2.98,67.247,56.596,1704.333,147.328,23.224,79.53,713,68.366,32.595,Normal,0,0
A046,2025-01-10 14:00:00,A046-HYD,Hydraulic System,73.879,3.521,67.53,53.53,1786.275,148.202,23.57,81.265,637,77.955,35.462,Normal,0,0
A046,2025-01-10 19:00:00,A046-HYD,Hydraulic System,81.361,3.462,74.067,52.675,1864.177,143.255,22.955,80.714,411,66.827,29.468,Normal,0,1
A046,2025-01-10 22:00:00,A046-HYD,Hydraulic System,77.893,3.431,72.354,50.22,1807.965,149.522,22.881,83.371,553,67.404,31.119,Normal,0,0
A046,2025-01-11 01:00:00,A046-HYD,Hydraulic System,79.978,2.848,73.921,53.085,1788.774,142.237,23.459,80.322,667,62.123,35.067,Normal,0,0
A046,2025-01-11 02:00:00,A046-HYD,Hydraulic System,84.245,3.24,70.634,50.215,1708.41,142.681,23.434,81.241,467,63.545,30.598,Normal,0,0
A046,2025-01-11 05:00:00,A046-HYD,Hydraulic System,94.597,4.75,59.937,53.538,1688.659,141.484,23.16,81.88,566,76.083,28.479,Warning,1,0
A046,2025-01-11 08:00:00,A046-HYD,Hydraulic System,81.912,3.021,72.365,54.441,1741.304,149.154,23.265,84.951,369,66.866,27.435,Normal,0,0
A046,2025-01-11 18:00:00,A046-HYD,Hydraulic System,80.389,3.404,75.804,50.118,1701.226,151.268,23.1,84.312,482,62.818,31.749,Normal,0,0
A046,2025-01-11 20:00:00,A046-HYD,Hydraulic System,81.491,3.187,74.341,50.978,1749.332,145.714,23.143,79.911,694,84.301,25.012,Warning,1,0
A046,2025-01-11 22:00:00,A046-HYD,Hydraulic System,82.533,3.993,72.306,52.594,1846.845,146.544,23.462,83.103,674,77.979,31.52,Warning,1,1
A046,2025-01-12 00:00:00,A046-HYD,Hydraulic System,82.772,4.068,71.367,53.901,1657.467,146.791,22.827,82.288,475,74.237,39.662,Warning,1,1
A046,2025-01-12 10:00:00,A046-HYD,Hydraulic System,82.88,3.282,73.398,52.874,1714.479,149.296,23.652,79.788,430,81.87,36.366,Warning,1,0
A046,2025-01-12 11:00:00,A046-HYD,Hydraulic System,78.403,3.741,70.352,52.123,1982.563,145.558,23.304,84.891,611,68.555,33.456,Warning,1,1
A046,2025-01-12 16:00:00,A046-HYD,Hydraulic System,82.627,3.284,68.413,49.785,1883.258,149.315,23.888,81.264,769,67.972,35.101,Warning,1,0
A046,2025-01-12 17:00:00,A046-HYD,Hydraulic System,82.22,3.495,68.343,53.487,1825.318,145.296,22.729,83.642,383,84.21,29.885,Warning,1,1
A046,2025-01-12 19:00:00,A046-HYD,Hydraulic System,78.064,3.283,75.004,54.151,1581.686,145.919,22.651,82.408,404,73.731,23.653,Warning,1,0
A046,2025-01-13 05:00:00,A046-HYD,Hydraulic System,79.921,3.59,75.307,52.036,1885.939,147.575,22.798,81.072,537,71.144,27.926,Warning,1,1
A046,2025-01-13 14:00:00,A046-HYD,Hydraulic System,83.202,3.556,73.842,58.583,1887.642,138.19,23.234,82.707,648,75.34,25.955,Warning,1,1
A046,2025-01-14 00:00:00,A046-HYD,Hydraulic System,85.514,3.567,70.794,51.21,1894.471,141.824,22.863,84.396,759,72.566,32.218,Warning,1,0
A046,2025-01-14 02:00:00,A046-HYD,Hydraulic System,78.281,4.569,68.882,53.597,1666.291,146.719,23.396,83.942,424,66.748,36.3,Warning,1,0
A046,2025-01-14 06:00:00,A046-HYD,Hydraulic System,84.909,3.331,68.819,53.236,1926.932,147.107,22.902,82.017,798,79.008,31.219,Warning,1,1
A046,2025-01-14 08:00:00,A046-HYD,Hydraulic System,82.333,3.555,65.322,50.934,1857.65,147.196,22.616,83.165,466,61.873,37.27,Warning,1,0
A046,2025-01-14 12:00:00,A046-HYD,Hydraulic System,82.019,3.782,71.411,53.438,1847.752,150.638,23.049,84.55,597,70.131,39.161,Warning,1,0
A046,2025-01-14 13:00:00,A046-HYD,Hydraulic System,89.027,7.758,56.957,51.243,1685.145,128.58,23.26,82.137,730,71.32,33.893,Warning,1,0
A046,2025-01-14 19:00:00,A046-HYD,Hydraulic System,96.323,7.562,64.403,49.517,1776.049,140.492,23.607,82.375,439,75.679,31.35,Warning,1,1
A046,2025-01-14 21:00:00,A046-HYD,Hydraulic System,82.926,3.835,71.02,49.833,1888.484,147.146,23.194,84.285,637,67.64,29.648,Warning,1,0
A046,2025-01-15 01:00:00,A046-HYD,Hydraulic System,80.749,3.613,68.01,50.393,2023.516,145.214,22.474,81.967,706,66.439,26.706,Warning,1,0
A046,2025-01-15 02:00:00,A046-HYD,Hydraulic System,85.876,3.917,73.446,54.262,1669.893,143.469,22.947,84.151,630,80.124,19.187,Warning,1,0
A046,2025-01-15 04:00:00,A046-HYD,Hydraulic System,85.028,3.959,71.537,52.27,1982.982,150.043,22.69,80.753,753,59.586,27.005,Warning,1,1
A046,2025-01-15 07:00:00,A046-HYD,Hydraulic System,85.165,3.597,67.799,54.594,1851.785,144.51,22.954,82.158,455,80.95,31.133,Warning,1,0
A046,2025-01-15 11:00:00,A046-HYD,Hydraulic System,83.271,3.744,68.463,50.969,1657.435,141.941,23.176,83.82,491,81.123,35.792,Warning,1,0
A046,2025-01-15 12:00:00,A046-HYD,Hydraulic System,88.459,3.227,70.933,54.74,1820.444,143.019,22.866,83.59,460,69.59,31.025,Warning,1,0
A046,2025-01-15 13:00:00,A046-HYD,Hydraulic System,82.718,3.655,71.068,54.669,1843.463,144.207,22.631,84.715,773,74.546,29.019,Warning,1,0
A046,2025-01-15 17:00:00,A046-HYD,Hydraulic System,82.908,4.18,69.587,54.026,1708.279,146.238,22.984,84.747,697,75.052,28.62,Warning,1,0
A046,2025-01-15 21:00:00,A046-HYD,Hydraulic System,84.956,3.394,71.991,50.717,1846.158,151.092,22.253,82.359,556,90.154,29.15,Warning,1,0
A046,2025-01-16 03:00:00,A046-HYD,Hydraulic System,97.975,7.148,62.189,52.178,1668.828,126.903,22.375,84.489,678,86.164,20.772,Warning,1,0
A046,2025-01-16 04:00:00,A046-HYD,Hydraulic System,87.592,4.043,67.325,52.904,1846.342,147.899,23.635,84.542,853,66.831,35.44,Warning,1,1
A046,2025-01-16 10:00:00,A046-HYD,Hydraulic System,87.309,4.169,68.937,53.192,1810.816,140.412,22.39,88.557,754,80.721,35.827,Warning,1,0
A046,2025-01-16 15:00:00,A046-HYD,Hydraulic System,86.097,3.947,68.611,53.974,1833.404,146.768,22.572,83.693,669,77.142,29.632,Warning,1,1
A046,2025-01-16 17:00:00,A046-HYD,Hydraulic System,85.014,3.944,67.066,53.129,1674.6,145.366,23.655,82.354,732,91.167,38.855,Warning,1,1
A046,2025-01-16 23:00:00,A046-HYD,Hydraulic System,87.449,3.531,68.069,51.396,1747.138,145.789,22.061,81.77,547,67.727,34.568,Warning,1,1
A046,2025-01-17 04:00:00,A046-HYD,Hydraulic System,86.24,4.037,69.154,51.237,1891.073,154.158,22.693,84.825,588,71.178,36.326,Warning,1,1
A046,2025-01-17 05:00:00,A046-HYD,Hydraulic System,84.58,4.366,67.977,52.207,1806.874,131.847,22.551,85.28,642,89.543,33.095,Warning,1,1
A046,2025-01-17 07:00:00,A046-HYD,Hydraulic System,97.739,6.769,54.286,50.405,1775.357,136.011,22.748,86.365,710,76.626,31.015,Warning,1,0
A046,2025-01-17 12:00:00,A046-HYD,Hydraulic System,85.144,3.965,71.584,50.017,1987.492,140.341,22.641,85.209,620,84.372,24.121,Warning,1,1
A047,2025-01-01 02:00:00,A047-HYD,Hydraulic System,70.946,3.127,79.61,57.445,1740.925,148.539,23.863,73.618,302,60.74,32.778,Normal,0,0
A047,2025-01-01 05:00:00,A047-HYD,Hydraulic System,75.333,3.049,76.678,52.084,1648.661,148.826,23.644,77.115,471,56.733,23.431,Normal,0,0
A047,2025-01-01 17:00:00,A047-HYD,Hydraulic System,75.375,3.091,73.023,53.789,1744.244,157.251,23.714,72.07,290,61.936,22.877,Normal,0,1
A047,2025-01-01 20:00:00,A047-HYD,Hydraulic System,73.867,3.658,77.098,57.364,1836.934,149.162,24.084,75.927,487,64.078,27.852,Normal,0,0
A047,2025-01-01 22:00:00,A047-HYD,Hydraulic System,76.827,3.184,73.348,57.817,1850.125,146.45,24.032,71.885,343,49.816,30.604,Normal,0,0
A047,2025-01-02 11:00:00,A047-HYD,Hydraulic System,72.156,2.729,76.46,50.453,1814.817,146.617,24.564,74.894,337,62.047,28.625,Normal,0,0
A047,2025-01-02 13:00:00,A047-HYD,Hydraulic System,78.0,3.136,76.788,55.231,1905.534,148.833,23.921,75.846,196,53.865,27.367,Normal,0,0
A047,2025-01-02 15:00:00,A047-HYD,Hydraulic System,85.925,6.815,63.911,54.104,1890.863,134.679,23.932,77.02,241,68.399,26.882,Warning,1,0
A047,2025-01-02 16:00:00,A047-HYD,Hydraulic System,79.809,3.055,75.167,51.383,1841.377,146.975,24.286,75.925,537,61.21,39.589,Normal,0,0
A047,2025-01-02 17:00:00,A047-HYD,Hydraulic System,76.337,2.764,74.461,53.543,1812.276,147.392,24.722,76.069,459,47.945,22.501,Normal,0,0
A047,2025-01-02 23:00:00,A047-HYD,Hydraulic System,76.113,2.523,75.197,53.861,1756.18,151.278,23.386,76.957,341,46.002,31.951,Normal,0,0
A047,2025-01-03 01:00:00,A047-HYD,Hydraulic System,77.984,2.859,77.038,56.609,1811.924,152.432,23.689,76.393,497,58.732,34.584,Normal,0,0
A047,2025-01-03 02:00:00,A047-HYD,Hydraulic System,78.119,2.969,71.088,52.723,1904.803,149.002,23.898,77.504,512,68.583,22.315,Normal,0,0
A047,2025-01-03 06:00:00,A047-HYD,Hydraulic System,79.283,2.338,75.861,54.98,1864.122,148.27,24.42,78.297,233,78.429,22.4,Normal,0,0
A047,2025-01-03 10:00:00,A047-HYD,Hydraulic System,90.176,5.057,69.249,55.171,1758.662,134.433,23.309,76.28,452,58.514,34.226,Warning,1,1
A047,2025-01-03 17:00:00,A047-HYD,Hydraulic System,76.326,2.794,70.132,53.036,1779.505,155.249,23.771,80.199,197,74.974,31.163,Normal,0,0
A047,2025-01-03 20:00:00,A047-HYD,Hydraulic System,78.99,3.118,75.073,55.085,1696.119,144.551,24.081,77.434,181,63.236,27.143,Normal,0,0
A047,2025-01-04 00:00:00,A047-HYD,Hydraulic System,78.25,3.162,73.057,51.204,1814.355,144.537,23.078,72.964,248,63.624,30.149,Normal,0,0
A047,2025-01-04 02:00:00,A047-HYD,Hydraulic System,77.194,2.892,77.035,55.572,1828.948,146.387,23.806,75.817,180,67.215,36.004,Normal,0,0
A047,2025-01-04 04:00:00,A047-HYD,Hydraulic System,91.778,6.407,63.378,52.796,1693.066,142.555,24.16,75.169,247,62.875,27.096,Warning,1,0
A047,2025-01-04 11:00:00,A047-HYD,Hydraulic System,91.287,4.083,63.851,54.931,1793.74,145.912,23.129,75.565,228,56.044,26.791,Warning,1,1
A047,2025-01-04 14:00:00,A047-HYD,Hydraulic System,75.804,3.176,76.868,53.043,1536.183,151.907,24.173,72.473,196,65.95,32.383,Normal,0,0
A047,2025-01-04 18:00:00,A047-HYD,Hydraulic System,77.362,2.901,75.085,58.268,1847.474,155.6,23.437,75.322,315,60.137,30.41,Normal,0,0
A047,2025-01-04 21:00:00,A047-HYD,Hydraulic System,78.478,2.979,73.028,54.674,1739.855,147.583,24.099,81.784,533,66.977,33.428,Normal,0,1
A047,2025-01-05 08:00:00,A047-HYD,Hydraulic System,79.301,3.322,69.308,54.533,1787.553,147.011,23.87,79.262,252,65.18,24.076,Normal,0,0
A047,2025-01-05 17:00:00,A047-HYD,Hydraulic System,96.036,5.5,68.04,55.227,1739.991,148.63,23.702,78.245,608,67.658,30.705,Warning,1,1
A047,2025-01-05 20:00:00,A047-HYD,Hydraulic System,78.532,3.144,70.853,51.995,1747.868,146.586,23.703,78.637,327,73.26,36.161,Normal,0,0
A047,2025-01-06 00:00:00,A047-HYD,Hydraulic System,77.338,2.838,71.656,54.745,1685.602,151.908,23.811,73.415,250,68.477,28.236,Normal,0,1
A047,2025-01-06 01:00:00,A047-HYD,Hydraulic System,76.838,2.704,76.453,52.063,1838.552,148.367,23.357,79.582,434,67.222,24.916,Normal,0,0
A047,2025-01-06 04:00:00,A047-HYD,Hydraulic System,80.304,2.759,70.899,55.442,1911.398,148.951,23.821,75.568,393,55.92,27.506,Normal,0,0
A047,2025-01-06 05:00:00,A047-HYD,Hydraulic System,79.75,3.368,73.843,52.168,1648.363,145.138,23.589,74.611,352,52.84,32.606,Normal,0,0
A047,2025-01-06 08:00:00,A047-HYD,Hydraulic System,89.016,5.224,63.056,55.767,1831.108,137.723,23.641,79.962,353,61.461,30.22,Warning,1,1
A047,2025-01-06 14:00:00,A047-HYD,Hydraulic System,78.989,3.492,70.641,52.216,1887.331,150.899,22.969,79.544,579,73.051,29.732,Normal,0,0
A047,2025-01-06 16:00:00,A047-HYD,Hydraulic System,79.341,3.313,72.215,52.173,1790.357,143.22,23.566,78.868,243,78.461,19.727,Normal,0,0
A047,2025-01-06 19:00:00,A047-HYD,Hydraulic System,79.466,3.005,72.705,55.416,1729.519,150.668,23.61,80.159,494,72.265,25.922,Normal,0,0
A047,2025-01-07 01:00:00,A047-HYD,Hydraulic System,76.882,3.351,67.93,56.026,1723.568,144.368,23.139,82.51,561,66.807,31.529,Normal,0,0
A047,2025-01-07 02:00:00,A047-HYD,Hydraulic System,77.331,3.232,71.362,54.416,1808.324,147.483,23.673,80.299,414,52.246,33.969,Normal,0,0
A047,2025-01-07 04:00:00,A047-HYD,Hydraulic System,79.66,3.076,72.269,51.507,1685.776,151.253,23.89,79.857,505,72.863,28.528,Normal,0,0
A047,2025-01-07 09:00:00,A047-HYD,Hydraulic System,75.573,3.378,73.774,54.678,1762.971,151.085,23.353,78.768,486,67.701,22.232,Normal,0,0
A047,2025-01-07 11:00:00,A047-HYD,Hydraulic System,79.228,3.705,75.489,54.003,1744.771,143.497,23.558,78.457,598,72.148,30.713,Normal,0,0
A047,2025-01-07 16:00:00,A047-HYD,Hydraulic System,81.807,3.248,73.994,48.798,1851.128,151.348,23.511,78.701,618,52.062,27.919,Normal,0,0
A047,2025-01-07 20:00:00,A047-HYD,Hydraulic System,83.49,2.895,66.04,55.504,1778.385,147.331,23.711,77.856,598,61.119,29.402,Normal,0,0
A047,2025-01-08 01:00:00,A047-HYD,Hydraulic System,80.5,3.337,72.313,52.927,1796.326,140.048,23.514,78.408,644,63.993,31.481,Normal,0,0
A047,2025-01-08 04:00:00,A047-HYD,Hydraulic System,80.808,2.848,72.6,49.649,1914.306,143.77,23.756,77.036,667,77.801,20.566,Normal,0,1
A047,2025-01-08 06:00:00,A047-HYD,Hydraulic System,75.567,3.805,70.345,55.137,1769.081,152.032,23.766,79.103,656,68.401,28.212,Normal,0,1
A047,2025-01-08 13:00:00,A047-HYD,Hydraulic System,80.9,3.55,70.165,54.343,1903.526,148.065,23.507,78.646,429,72.745,21.986,Warning,1,0
A047,2025-01-08 14:00:00,A047-HYD,Hydraulic System,82.767,3.825,68.291,53.958,1788.137,149.225,23.746,79.558,323,72.021,27.569,Warning,1,1
A047,2025-01-08 18:00:00,A047-HYD,Hydraulic System,83.505,3.292,68.139,54.418,1878.874,144.342,23.328,79.482,530,69.585,31.818,Warning,1,0
A047,2025-01-08 23:00:00,A047-HYD,Hydraulic System,78.006,3.18,71.714,54.548,1974.459,145.584,22.994,81.972,550,68.562,40.341,Normal,0,0
A047,2025-01-09 02:00:00,A047-HYD,Hydraulic System,81.484,3.655,74.405,54.295,1861.992,142.874,23.208,81.982,399,72.664,28.103,Warning,1,0
A047,2025-01-09 06:00:00,A047-HYD,Hydraulic System,83.452,3.636,73.208,52.906,1777.034,146.33,23.568,79.178,447,62.287,30.638,Warning,1,0
A047,2025-01-09 10:00:00,A047-HYD,Hydraulic System,83.293,3.347,76.021,56.779,1899.811,153.508,23.277,78.682,468,76.943,25.154,Warning,1,0
A047,2025-01-09 11:00:00,A047-HYD,Hydraulic System,77.902,3.315,72.12,55.416,1830.571,146.252,23.215,80.222,374,75.79,27.952,Warning,1,1
A047,2025-01-09 14:00:00,A047-HYD,Hydraulic System,78.16,4.513,75.047,53.83,2015.594,143.601,23.956,75.118,366,71.726,28.914,Warning,1,0
A047,2025-01-09 15:00:00,A047-HYD,Hydraulic System,82.004,3.521,69.166,51.764,1778.011,149.12,23.71,83.683,633,61.048,22.493,Warning,1,1
A047,2025-01-09 20:00:00,A047-HYD,Hydraulic System,104.036,7.085,58.096,52.281,1949.08,143.363,24.04,77.524,403,72.436,22.772,Warning,1,1
A047,2025-01-10 00:00:00,A047-HYD,Hydraulic System,81.534,4.043,72.776,52.658,1822.2,144.321,23.792,80.361,579,67.688,35.751,Warning,1,0
A047,2025-01-10 01:00:00,A047-HYD,Hydraulic System,94.283,5.399,63.414,50.966,1819.648,129.242,23.397,81.541,591,87.896,25.276,Warning,1,1
A047,2025-01-10 03:00:00,A047-HYD,Hydraulic System,79.745,3.534,75.245,53.804,1939.155,143.351,23.641,79.803,495,70.728,29.931,Warning,1,0
A047,2025-01-10 05:00:00,A047-HYD,Hydraulic System,79.305,3.53,74.898,54.793,1696.843,145.531,22.294,80.224,497,69.421,34.893,Warning,1,0
A047,2025-01-10 07:00:00,A047-HYD,Hydraulic System,94.983,6.562,66.738,54.125,1954.037,138.978,23.606,76.759,349,57.917,21.838,Warning,1,1
A047,2025-01-10 21:00:00,A047-HYD,Hydraulic System,81.504,3.969,69.281,57.584,1814.767,153.22,23.161,81.367,639,66.872,30.265,Warning,1,1
A047,2025-01-11 00:00:00,A047-HYD,Hydraulic System,79.932,3.822,69.317,52.137,1926.099,149.045,23.155,79.551,733,67.759,31.999,Warning,1,1
A047,2025-01-11 02:00:00,A047-HYD,Hydraulic System,80.642,3.942,69.867,54.877,1775.054,139.606,23.415,80.293,476,61.047,34.147,Warning,1,0
A047,2025-01-11 06:00:00,A047-HYD,Hydraulic System,86.156,4.161,67.737,57.737,1747.545,141.062,23.126,77.834,413,80.308,27.529,Warning,1,1
A047,2025-01-11 10:00:00,A047-HYD,Hydraulic System,83.918,3.774,76.374,51.977,1728.959,149.518,23.424,78.883,626,80.284,25.717,Warning,1,0
A047,2025-01-11 17:00:00,A047-HYD,Hydraulic System,81.347,3.803,70.471,53.02,1832.148,155.181,23.631,76.694,593,80.45,31.369,Warning,1,1
A047,2025-01-11 18:00:00,A047-HYD,Hydraulic System,76.276,3.597,66.349,53.964,1841.402,149.528,22.818,80.284,659,72.373,25.94,Warning,1,0
A047,2025-01-11 20:00:00,A047-HYD,Hydraulic System,82.516,3.148,69.196,56.812,1878.127,148.287,23.694,79.368,743,61.29,32.123,Warning,1,0
A047,2025-01-12 00:00:00,A047-HYD,Hydraulic System,95.356,7.029,56.211,53.226,1911.095,135.431,22.946,80.386,414,82.472,34.586,Warning,1,1
A047,2025-01-12 17:00:00,A047-HYD,Hydraulic System,89.506,7.124,51.437,54.475,1786.288,138.28,23.349,79.891,549,62.508,24.48,Warning,1,1
A047,2025-01-13 03:00:00,A047-HYD,Hydraulic System,85.182,4.057,68.847,51.774,1733.328,147.587,22.909,83.776,510,68.904,28.827,Warning,1,1
A047,2025-01-13 07:00:00,A047-HYD,Hydraulic System,82.245,4.683,70.99,52.263,1862.814,145.414,23.045,78.249,459,57.02,39.505,Warning,1,1
A047,2025-01-13 11:00:00,A047-HYD,Hydraulic System,82.216,4.334,68.871,52.473,1706.339,153.092,23.381,81.577,577,76.096,19.198,Warning,1,1
A047,2025-01-13 14:00:00,A047-HYD,Hydraulic System,86.892,4.089,66.583,54.63,1811.476,151.448,23.573,82.144,530,65.129,34.395,Warning,1,0
A047,2025-01-13 16:00:00,A047-HYD,Hydraulic System,87.659,3.962,70.773,52.082,1617.361,152.309,22.825,83.087,788,64.752,34.819,Warning,1,0
A047,2025-01-14 00:00:00,A047-HYD,Hydraulic System,82.54,3.684,70.089,55.383,1728.02,145.207,23.446,81.627,504,77.977,26.265,Warning,1,0
A047,2025-01-14 02:00:00,A047-HYD,Hydraulic System,86.817,4.521,65.13,56.784,1715.157,142.087,23.154,82.826,534,79.177,35.022,Warning,1,1
A047,2025-01-14 07:00:00,A047-HYD,Hydraulic System,80.638,3.914,70.903,51.534,1799.975,144.109,23.095,83.642,505,78.954,36.08,Warning,1,1
A047,2025-01-14 16:00:00,A047-HYD,Hydraulic System,86.192,4.175,69.593,54.476,1828.809,145.465,22.989,85.531,483,87.985,30.831,Warning,1,1
A047,2025-01-14 18:00:00,A047-HYD,Hydraulic System,79.003,3.857,70.292,54.347,1677.463,143.75,23.426,84.611,776,85.407,41.882,Warning,1,0
A047,2025-01-14 19:00:00,A047-HYD,Hydraulic System,84.844,4.349,70.34,50.735,1762.298,146.251,22.967,86.522,825,93.03,29.501,Warning,1,1
A047,2025-01-14 20:00:00,A047-HYD,Hydraulic System,86.825,4.021,67.191,50.355,1841.026,150.885,22.451,87.05,456,85.443,27.134,Warning,1,1
A047,2025-01-15 00:00:00,A047-HYD,Hydraulic System,85.507,3.951,68.238,51.33,1762.104,145.379,23.042,82.333,614,85.501,37.423,Warning,1,1
A047,2025-01-15 10:00:00,A047-HYD,Hydraulic System,96.18,7.539,61.693,52.136,1570.13,132.544,22.672,79.528,460,82.878,30.437,Warning,1,1
A047,2025-01-15 11:00:00,A047-HYD,Hydraulic System,89.405,3.32,65.954,53.504,1862.726,141.65,22.291,79.319,675,93.099,36.296,Warning,1,1
A047,2025-01-15 15:00:00,A047-HYD,Hydraulic System,99.327,7.712,54.615,51.18,1743.678,125.837,22.972,84.136,669,86.701,31.32,Warning,1,1
A047,2025-01-15 16:00:00,A047-HYD,Hydraulic System,88.646,4.531,67.066,48.709,1677.621,148.378,22.842,87.332,714,82.925,18.569,Warning,1,1
A047,2025-01-15 20:00:00,A047-HYD,Hydraulic System,83.774,4.668,68.084,50.333,1842.561,144.379,22.409,83.859,480,79.696,28.138,Warning,1,0
A047,2025-01-15 23:00:00,A047-HYD,Hydraulic System,87.811,4.239,69.936,52.412,1866.703,153.224,22.707,85.103,766,77.149,26.444,Warning,1,1
A047,2025-01-16 02:00:00,A047-HYD,Hydraulic System,84.987,4.606,69.77,52.201,2033.807,149.483,22.384,78.825,822,91.039,33.539,Warning,1,1
A047,2025-01-16 04:00:00,A047-HYD,Hydraulic System,88.763,3.612,64.702,53.34,1928.082,147.362,23.234,84.901,465,74.61,39.23,Warning,1,1
A047,2025-01-16 05:00:00,A047-HYD,Hydraulic System,84.488,4.352,68.52,51.231,1883.789,145.996,22.546,88.076,538,81.696,34.667,Warning,1,1
A047,2025-01-16 06:00:00,A047-HYD,Hydraulic System,86.218,3.616,67.075,53.73,1800.416,146.725,22.636,83.275,732,83.481,31.152,Warning,1,1
A047,2025-01-16 07:00:00,A047-HYD,Hydraulic System,88.485,4.307,72.856,51.78,1726.047,147.201,23.212,86.198,522,76.666,36.159,Warning,1,1
A047,2025-01-16 10:00:00,A047-HYD,Hydraulic System,86.518,4.242,66.489,52.946,1659.125,153.104,22.444,85.44,623,90.076,21.953,Warning,1,1
A047,2025-01-16 11:00:00,A047-HYD,Hydraulic System,88.104,4.475,68.046,49.877,1779.008,141.978,23.182,86.507,642,84.936,26.001,Warning,1,0
A047,2025-01-17 00:00:00,A047-HYD,Hydraulic System,82.958,4.416,66.379,51.157,1880.566,149.563,22.524,81.334,523,72.675,21.781,Warning,1,1
A047,2025-01-17 03:00:00,A047-HYD,Hydraulic System,83.792,3.855,64.594,51.314,1750.205,147.313,22.664,86.018,752,80.198,27.292,Warning,1,1
A048,2025-01-01 04:00:00,A048-HYD,Hydraulic System,74.667,2.724,75.961,55.206,1819.903,141.911,24.566,71.418,317,45.345,28.605,Normal,0,0
A048,2025-01-01 06:00:00,A048-HYD,Hydraulic System,71.249,1.574,75.857,53.48,1925.022,151.372,24.117,77.827,329,52.324,30.553,Normal,0,0
A048,2025-01-01 07:00:00,A048-HYD,Hydraulic System,71.156,2.739,80.178,55.437,1904.031,153.716,24.151,75.986,181,47.911,27.93,Normal,0,0
A048,2025-01-01 09:00:00,A048-HYD,Hydraulic System,71.779,1.975,77.122,55.14,1894.106,153.173,24.04,76.466,255,46.386,31.852,Normal,0,0
A048,2025-01-01 16:00:00,A048-HYD,Hydraulic System,71.722,2.604,76.693,58.597,1844.456,151.225,24.556,78.934,245,53.84,34.399,Normal,0,0
A048,2025-01-02 00:00:00,A048-HYD,Hydraulic System,76.969,2.943,77.018,54.681,1752.583,147.579,24.224,75.901,137,38.908,30.912,Normal,0,0
A048,2025-01-02 10:00:00,A048-HYD,Hydraulic System,74.776,2.505,80.079,53.102,1730.605,156.623,23.583,77.976,386,39.998,30.937,Normal,0,0
A048,2025-01-02 14:00:00,A048-HYD,Hydraulic System,74.476,2.51,75.425,55.914,1939.546,155.097,24.857,77.567,330,50.947,38.727,Normal,0,0
A048,2025-01-02 19:00:00,A048-HYD,Hydraulic System,74.236,2.471,75.973,51.765,1816.51,150.921,24.307,81.098,330,57.068,31.209,Normal,0,0
A048,2025-01-02 22:00:00,A048-HYD,Hydraulic System,73.818,2.569,73.677,50.571,1879.726,149.2,23.744,76.56,450,37.068,36.301,Normal,0,0
A048,2025-01-02 23:00:00,A048-HYD,Hydraulic System,74.59,1.733,77.106,53.809,1714.856,139.814,23.763,73.896,256,56.293,20.563,Normal,0,1
A048,2025-01-03 02:00:00,A048-HYD,Hydraulic System,71.892,2.697,76.709,53.568,1707.374,149.53,23.749,77.183,479,39.279,27.354,Normal,0,0
A048,2025-01-03 03:00:00,A048-HYD,Hydraulic System,74.332,2.303,80.492,55.366,1741.157,150.766,23.858,75.37,201,61.192,34.73,Normal,0,0
A048,2025-01-03 04:00:00,A048-HYD,Hydraulic System,70.999,2.33,82.031,53.739,1852.636,150.659,24.263,77.527,506,46.623,36.265,Normal,0,0
A048,2025-01-03 05:00:00,A048-HYD,Hydraulic System,74.574,3.386,79.712,55.978,1732.978,149.047,23.586,74.908,371,55.292,18.842,Normal,0,0
A048,2025-01-03 08:00:00,A048-HYD,Hydraulic System,75.483,2.788,82.35,55.028,1917.304,140.776,24.23,74.937,392,46.562,38.855,Normal,0,0
A048,2025-01-03 10:00:00,A048-HYD,Hydraulic System,72.417,2.277,77.645,51.512,1747.467,150.48,23.235,74.185,445,53.76,32.587,Normal,0,0
A048,2025-01-03 15:00:00,A048-HYD,Hydraulic System,70.936,2.588,78.504,56.194,1835.945,153.628,24.232,77.517,544,52.447,29.925,Normal,0,0
A048,2025-01-03 16:00:00,A048-HYD,Hydraulic System,72.186,1.915,76.033,55.952,1712.946,154.55,24.009,79.655,232,58.562,35.158,Normal,0,0
A048,2025-01-03 18:00:00,A048-HYD,Hydraulic System,70.468,3.036,76.254,53.49,1861.272,149.168,24.005,79.772,424,51.118,25.833,Normal,0,1
A048,2025-01-03 19:00:00,A048-HYD,Hydraulic System,69.982,2.591,76.337,55.07,1786.371,153.137,23.347,73.947,494,53.039,27.826,Normal,0,0
A048,2025-01-04 09:00:00,A048-HYD,Hydraulic System,91.386,6.603,69.768,54.979,1901.816,147.792,23.557,75.799,366,46.661,21.742,Warning,1,0
A048,2025-01-04 10:00:00,A048-HYD,Hydraulic System,71.986,2.074,78.779,52.365,1846.048,140.689,23.88,79.196,187,44.862,40.167,Normal,0,0
A048,2025-01-04 14:00:00,A048-HYD,Hydraulic System,78.147,2.868,72.429,56.932,1573.215,143.338,22.791,81.329,511,62.008,35.164,Normal,0,0
A048,2025-01-04 17:00:00,A048-HYD,Hydraulic System,76.45,2.979,75.857,56.79,1834.152,142.346,23.79,79.451,227,47.054,22.418,Normal,0,0
A048,2025-01-04 18:00:00,A048-HYD,Hydraulic System,68.89,2.367,74.466,54.787,1703.259,143.731,24.088,75.79,328,40.37,29.486,Normal,0,0
A048,2025-01-04 19:00:00,A048-HYD,Hydraulic System,76.008,2.682,78.649,57.729,1906.017,152.211,24.256,81.928,432,55.457,33.544,Normal,0,0
A048,2025-01-04 20:00:00,A048-HYD,Hydraulic System,74.311,2.324,79.621,53.58,1789.712,153.466,24.078,78.71,502,49.969,35.65,Normal,0,0
A048,2025-01-04 21:00:00,A048-HYD,Hydraulic System,73.631,2.621,76.974,54.436,1858.95,151.911,23.025,78.615,419,48.224,28.972,Normal,0,1
A048,2025-01-05 05:00:00,A048-HYD,Hydraulic System,74.298,2.865,80.355,54.927,1842.627,149.536,23.229,80.339,466,57.067,37.955,Normal,0,0
A048,2025-01-05 12:00:00,A048-HYD,Hydraulic System,74.573,2.728,73.76,53.476,1872.345,147.001,23.632,76.966,602,51.15,30.827,Normal,0,0
A048,2025-01-06 00:00:00,A048-HYD,Hydraulic System,73.618,2.772,75.617,51.721,1815.953,150.245,24.053,78.941,446,56.461,25.967,Normal,0,0
A048,2025-01-06 01:00:00,A048-HYD,Hydraulic System,77.053,2.555,77.061,55.24,1855.82,157.323,23.733,77.824,428,45.212,29.394,Normal,0,0
A048,2025-01-06 05:00:00,A048-HYD,Hydraulic System,74.584,3.001,70.668,53.353,1773.885,148.762,24.454,77.949,438,60.813,22.046,Normal,0,0
A048,2025-01-06 10:00:00,A048-HYD,Hydraulic System,74.165,2.783,74.086,51.692,1860.23,148.233,23.388,79.623,614,61.127,24.247,Normal,0,0
A048,2025-01-06 11:00:00,A048-HYD,Hydraulic System,75.459,2.474,77.258,53.876,1754.216,156.127,23.448,78.729,543,67.775,31.356,Normal,0,0
A048,2025-01-06 16:00:00,A048-HYD,Hydraulic System,76.085,3.229,75.53,49.506,1753.635,155.622,23.714,79.848,237,50.49,31.031,Normal,0,0
A048,2025-01-06 17:00:00,A048-HYD,Hydraulic System,77.75,2.806,77.119,54.684,1837.722,147.617,23.658,76.939,583,53.571,36.433,Normal,0,0
A048,2025-01-07 13:00:00,A048-HYD,Hydraulic System,75.762,2.953,74.536,53.507,1695.168,150.698,23.308,76.525,332,61.31,33.677,Normal,0,0
A048,2025-01-07 23:00:00,A048-HYD,Hydraulic System,78.039,2.78,77.094,52.25,1720.873,148.298,23.494,77.201,315,57.267,24.237,Normal,0,0
A048,2025-01-08 01:00:00,A048-HYD,Hydraulic System,77.935,2.533,77.088,51.254,1716.321,141.03,22.99,78.713,492,55.885,35.548,Normal,0,1
A048,2025-01-08 04:00:00,A048-HYD,Hydraulic System,77.325,2.716,71.334,57.258,1881.68,146.033,22.819,79.948,446,70.133,28.381,Normal,0,0
A048,2025-01-08 06:00:00,A048-HYD,Hydraulic System,78.479,3.164,80.59,53.563,1765.028,147.379,23.562,80.001,378,69.268,27.34,Normal,0,0
A048,2025-01-08 19:00:00,A048-HYD,Hydraulic System,93.515,5.148,57.279,50.232,1786.686,131.535,23.34,78.832,677,67.775,28.5,Warning,1,1
A048,2025-01-09 00:00:00,A048-HYD,Hydraulic System,72.392,2.607,72.349,54.562,1835.365,142.505,23.241,77.582,633,68.085,23.918,Normal,0,0
A048,2025-01-09 07:00:00,A048-HYD,Hydraulic System,78.205,2.832,76.073,56.437,1785.696,159.53,24.128,77.646,655,68.468,21.847,Normal,0,0
A048,2025-01-09 08:00:00,A048-HYD,Hydraulic System,77.953,3.133,69.421,51.958,1874.44,152.081,23.697,80.815,450,72.523,28.833,Normal,0,0
A048,2025-01-09 10:00:00,A048-HYD,Hydraulic System,78.684,2.415,71.984,49.28,1778.391,140.387,23.526,82.703,620,56.668,33.664,Normal,0,0
A048,2025-01-09 13:00:00,A048-HYD,Hydraulic System,76.835,3.118,71.201,53.637,1761.056,150.261,23.65,80.286,315,70.755,25.284,Normal,0,0
A048,2025-01-09 15:00:00,A048-HYD,Hydraulic System,76.503,2.486,75.294,51.681,1784.301,145.384,23.791,80.65,593,53.956,25.597,Normal,0,0
A048,2025-01-09 19:00:00,A048-HYD,Hydraulic System,80.442,2.714,77.303,53.664,1726.588,146.989,23.349,76.962,359,62.176,25.959,Normal,0,0
A048,2025-01-10 00:00:00,A048-HYD,Hydraulic System,79.927,3.076,69.499,54.957,1932.45,143.784,23.171,79.182,403,61.99,19.76,Normal,0,1
A048,2025-01-10 06:00:00,A048-HYD,Hydraulic System,87.229,6.668,62.709,53.468,1824.389,135.276,23.409,79.101,604,51.276,27.287,Warning,1,0
A048,2025-01-10 08:00:00,A048-HYD,Hydraulic System,79.254,3.399,71.996,53.953,1664.805,144.673,23.939,81.617,360,63.279,26.329,Normal,0,0
A048,2025-01-10 13:00:00,A048-HYD,Hydraulic System,80.836,3.575,72.601,54.907,1672.911,152.234,24.362,78.609,443,63.23,21.189,Normal,0,1
A048,2025-01-10 15:00:00,A048-HYD,Hydraulic System,74.364,2.836,74.535,49.183,1878.821,146.135,23.176,81.127,461,64.242,30.778,Normal,0,0
A048,2025-01-11 00:00:00,A048-HYD,Hydraulic System,77.698,3.094,75.132,54.938,1812.714,142.456,22.788,79.736,666,60.72,29.063,Normal,0,1
A048,2025-01-11 06:00:00,A048-HYD,Hydraulic System,73.138,3.559,73.919,52.608,1848.542,140.911,23.26,84.465,568,63.283,23.006,Normal,0,0
A048,2025-01-11 19:00:00,A048-HYD,Hydraulic System,82.159,3.227,71.257,49.328,1841.96,148.014,23.703,83.43,377,66.696,36.042,Normal,0,0
A048,2025-01-11 22:00:00,A048-HYD,Hydraulic System,82.322,3.013,67.163,54.484,1917.191,148.403,22.721,81.677,557,65.01,26.373,Normal,0,1
A048,2025-01-12 01:00:00,A048-HYD,Hydraulic System,78.363,3.201,75.139,53.922,1826.749,145.101,23.566,84.281,678,72.394,30.099,Normal,0,0
A048,2025-01-12 06:00:00,A048-HYD,Hydraulic System,79.388,2.875,70.099,53.008,1795.043,137.299,23.583,80.857,755,75.485,23.046,Normal,0,0
A048,2025-01-12 20:00:00,A048-HYD,Hydraulic System,81.665,3.092,68.852,56.22,1796.669,146.616,22.471,81.073,707,70.55,27.623,Normal,0,0
A048,2025-01-13 02:00:00,A048-HYD,Hydraulic System,83.729,3.773,74.109,50.798,1853.629,148.026,22.999,80.474,391,68.685,29.568,Warning,1,0
A048,2025-01-13 06:00:00,A048-HYD,Hydraulic System,79.214,3.52,76.034,50.852,1749.693,144.655,22.952,86.449,449,63.701,37.605,Normal,0,0
A048,2025-01-13 15:00:00,A048-HYD,Hydraulic System,84.014,3.652,77.846,51.886,1684.237,145.183,22.873,82.417,498,68.635,25.369,Warning,1,1
A048,2025-01-13 17:00:00,A048-HYD,Hydraulic System,79.818,3.594,76.025,51.685,1829.247,148.559,22.658,84.06,565,66.752,25.999,Normal,0,0
A048,2025-01-14 01:00:00,A048-HYD,Hydraulic System,84.078,3.772,71.194,51.28,1763.223,148.111,23.497,84.527,565,70.508,32.153,Warning,1,0
A048,2025-01-14 04:00:00,A048-HYD,Hydraulic System,76.64,3.298,69.996,57.099,1747.608,150.925,23.544,82.986,776,63.628,21.901,Normal,0,0
A048,2025-01-14 09:00:00,A048-HYD,Hydraulic System,74.86,3.264,77.47,53.958,1767.498,137.924,22.607,86.1,456,72.208,26.426,Normal,0,1
A048,2025-01-14 10:00:00,A048-HYD,Hydraulic System,81.524,3.499,74.82,53.691,1980.771,146.89,23.276,80.416,642,72.669,31.73,Warning,1,0
A048,2025-01-14 12:00:00,A048-HYD,Hydraulic System,77.218,3.653,73.154,53.802,1807.107,151.278,23.187,81.635,703,69.955,26.251,Warning,1,0
A048,2025-01-14 14:00:00,A048-HYD,Hydraulic System,79.568,3.574,72.855,50.48,1850.033,146.314,22.943,82.92,806,68.882,29.761,Warning,1,1
A048,2025-01-14 17:00:00,A048-HYD,Hydraulic System,78.078,3.763,73.229,52.822,1861.073,150.73,23.1,84.697,779,77.132,22.268,Warning,1,1
A048,2025-01-14 21:00:00,A048-HYD,Hydraulic System,90.379,7.354,66.05,56.168,1695.944,131.592,23.122,82.761,772,80.216,29.808,Warning,1,1
A048,2025-01-14 22:00:00,A048-HYD,Hydraulic System,79.733,2.644,71.643,54.608,1918.668,147.142,22.966,81.935,739,66.092,32.139,Normal,0,1
A048,2025-01-15 00:00:00,A048-HYD,Hydraulic System,86.672,3.078,69.748,52.486,1910.909,142.781,22.739,86.298,497,56.866,23.939,Warning,1,1
A048,2025-01-15 02:00:00,A048-HYD,Hydraulic System,81.892,3.564,71.272,51.86,2007.682,147.013,22.86,83.317,766,71.264,25.724,Warning,1,0
A048,2025-01-15 08:00:00,A048-HYD,Hydraulic System,80.039,3.885,78.42,53.199,1772.245,149.824,22.91,85.556,519,63.627,25.535,Warning,1,0
A048,2025-01-15 09:00:00,A048-HYD,Hydraulic System,82.592,3.877,73.312,53.941,1782.521,146.967,22.974,82.991,668,76.061,31.243,Warning,1,1
A048,2025-01-15 11:00:00,A048-HYD,Hydraulic System,78.079,3.505,70.043,55.751,1923.552,140.51,22.794,81.706,521,65.778,41.807,Warning,1,1
A048,2025-01-15 12:00:00,A048-HYD,Hydraulic System,76.404,3.788,71.465,50.038,1763.254,143.834,23.284,85.224,831,50.843,35.824,Normal,0,0
A048,2025-01-15 13:00:00,A048-HYD,Hydraulic System,80.773,3.622,74.525,55.639,1748.465,142.263,23.27,85.8,818,80.334,32.625,Warning,1,0
A048,2025-01-15 15:00:00,A048-HYD,Hydraulic System,85.365,3.862,71.128,54.054,1454.844,141.826,22.884,84.276,731,70.329,35.208,Warning,1,1
A048,2025-01-16 00:00:00,A048-HYD,Hydraulic System,86.205,3.327,74.651,52.322,1776.696,147.629,23.157,82.382,680,74.726,26.038,Warning,1,1
A048,2025-01-16 05:00:00,A048-HYD,Hydraulic System,81.676,3.35,69.343,49.333,1843.635,153.205,23.358,87.675,849,58.519,30.419,Warning,1,0
A048,2025-01-16 13:00:00,A048-HYD,Hydraulic System,88.682,3.912,70.751,53.734,1719.51,145.262,22.662,83.206,859,73.735,24.391,Warning,1,1
A048,2025-01-16 15:00:00,A048-HYD,Hydraulic System,84.112,4.246,68.915,54.015,1763.267,142.946,22.632,86.015,793,82.508,30.238,Warning,1,1
A048,2025-01-16 16:00:00,A048-HYD,Hydraulic System,86.201,3.66,72.15,52.189,1691.205,141.366,22.961,82.5,633,75.862,24.946,Warning,1,1
A048,2025-01-17 00:00:00,A048-HYD,Hydraulic System,87.407,3.833,69.307,51.619,1749.382,148.484,23.12,84.029,679,77.723,37.127,Warning,1,1
A048,2025-01-17 01:00:00,A048-HYD,Hydraulic System,81.014,3.781,74.276,48.926,1969.483,149.522,23.242,82.573,517,73.315,32.306,Warning,1,1
A048,2025-01-17 04:00:00,A048-HYD,Hydraulic System,76.277,3.488,75.591,48.715,1851.737,150.476,23.108,84.562,700,58.686,32.427,Normal,0,0
A048,2025-01-17 10:00:00,A048-HYD,Hydraulic System,82.059,3.698,74.223,52.378,1819.388,143.293,22.737,86.357,666,72.157,38.233,Warning,1,0
A048,2025-01-17 11:00:00,A048-HYD,Hydraulic System,84.101,3.746,74.527,51.965,1748.119,144.764,22.391,86.222,572,74.257,25.508,Warning,1,1
A048,2025-01-17 15:00:00,A048-HYD,Hydraulic System,83.544,4.17,71.067,51.677,1801.679,144.137,22.919,83.436,866,93.629,26.05,Warning,1,1
A049,2025-01-01 01:00:00,A049-HYD,Hydraulic System,67.533,2.356,78.073,54.785,1720.028,151.338,23.529,77.876,287,42.696,35.844,Normal,0,0
A049,2025-01-01 03:00:00,A049-HYD,Hydraulic System,67.546,1.738,78.59,54.53,1676.333,146.02,24.337,75.973,187,53.3,27.93,Normal,0,0
A049,2025-01-01 05:00:00,A049-HYD,Hydraulic System,71.603,2.658,80.898,54.575,1704.85,153.354,24.579,77.202,423,58.252,33.266,Normal,0,0
A049,2025-01-01 09:00:00,A049-HYD,Hydraulic System,69.034,2.311,77.84,54.618,1724.418,156.089,23.882,75.08,312,48.163,22.335,Normal,0,0
A049,2025-01-01 14:00:00,A049-HYD,Hydraulic System,71.958,2.534,78.317,54.747,1666.913,151.671,23.617,73.329,435,66.289,32.809,Normal,0,1
A049,2025-01-01 18:00:00,A049-HYD,Hydraulic System,70.144,2.021,79.941,52.345,1901.475,143.943,24.213,75.842,294,50.438,26.021,Normal,0,0
A049,2025-01-01 22:00:00,A049-HYD,Hydraulic System,69.723,2.156,80.437,57.418,1811.209,148.53,23.81,76.304,295,48.651,37.716,Normal,0,1
A049,2025-01-02 05:00:00,A049-HYD,Hydraulic System,70.477,2.163,75.555,54.316,1744.032,151.329,24.294,74.168,275,40.247,27.822,Normal,0,0
A049,2025-01-02 08:00:00,A049-HYD,Hydraulic System,74.533,2.556,81.737,56.722,1816.091,150.566,23.481,72.055,286,52.499,26.135,Normal,0,0
A049,2025-01-02 14:00:00,A049-HYD,Hydraulic System,75.967,1.635,72.782,52.99,1654.197,150.839,24.183,76.792,186,41.766,23.223,Normal,0,0
A049,2025-01-02 17:00:00,A049-HYD,Hydraulic System,75.439,2.908,73.788,54.068,1830.865,154.171,23.843,73.094,522,58.219,29.215,Normal,0,0
A049,2025-01-03 05:00:00,A049-HYD,Hydraulic System,71.951,2.262,83.9,55.859,2010.283,146.811,23.541,75.819,422,51.378,33.248,Normal,0,0
A049,2025-01-03 07:00:00,A049-HYD,Hydraulic System,69.257,1.822,77.259,57.806,1781.455,145.818,23.858,79.472,328,61.049,31.629,Normal,0,0
A049,2025-01-03 13:00:00,A049-HYD,Hydraulic System,75.759,2.797,77.768,56.494,1628.386,153.556,24.388,78.143,481,47.49,32.845,Normal,0,0
A049,2025-01-03 14:00:00,A049-HYD,Hydraulic System,69.328,2.681,83.33,53.313,1779.664,152.183,23.831,73.339,549,38.93,24.573,Normal,0,0
A049,2025-01-03 15:00:00,A049-HYD,Hydraulic System,74.988,2.355,77.686,52.878,1843.384,141.841,23.468,75.785,235,43.214,32.087,Normal,0,0
A049,2025-01-03 16:00:00,A049-HYD,Hydraulic System,78.145,2.399,82.369,52.418,1683.703,151.019,24.017,76.662,525,56.686,30.01,Normal,0,0
A049,2025-01-03 17:00:00,A049-HYD,Hydraulic System,74.199,2.3,73.135,53.955,1730.235,151.14,23.567,79.011,375,53.918,26.003,Normal,0,0
A049,2025-01-03 21:00:00,A049-HYD,Hydraulic System,72.634,2.296,73.682,55.818,1637.547,150.429,23.625,80.879,494,59.382,34.129,Normal,0,0
A049,2025-01-03 22:00:00,A049-HYD,Hydraulic System,75.504,1.986,76.637,54.746,1739.894,152.43,23.358,81.781,329,58.041,27.38,Normal,0,0
A049,2025-01-04 00:00:00,A049-HYD,Hydraulic System,66.818,1.968,78.489,54.773,1779.325,153.2,24.877,79.681,215,55.606,29.715,Normal,0,0
A049,2025-01-04 02:00:00,A049-HYD,Hydraulic System,71.774,2.384,77.198,55.109,1787.741,146.197,23.524,76.854,336,37.592,31.534,Normal,0,0
A049,2025-01-04 04:00:00,A049-HYD,Hydraulic System,70.158,2.755,79.736,51.76,1769.046,145.986,23.429,78.323,200,47.567,33.524,Normal,0,0
A049,2025-01-04 06:00:00,A049-HYD,Hydraulic System,72.94,2.321,78.901,54.906,1765.213,151.325,23.808,77.017,395,49.329,18.581,Normal,0,0
A049,2025-01-04 11:00:00,A049-HYD,Hydraulic System,75.913,1.565,73.929,55.047,1776.497,149.687,24.513,76.56,200,58.516,38.154,Normal,0,1
A049,2025-01-04 13:00:00,A049-HYD,Hydraulic System,72.927,2.904,80.032,54.137,1758.971,147.149,23.638,78.995,204,48.414,25.944,Normal,0,0
A049,2025-01-04 14:00:00,A049-HYD,Hydraulic System,78.518,1.959,76.26,53.643,1806.34,147.518,23.787,74.981,563,59.957,36.506,Normal,0,0
A049,2025-01-04 15:00:00,A049-HYD,Hydraulic System,72.494,2.12,76.845,56.265,1642.011,144.83,24.152,75.873,567,42.349,34.572,Normal,0,0
A049,2025-01-04 19:00:00,A049-HYD,Hydraulic System,75.239,2.284,75.55,56.044,1818.107,152.42,23.876,74.367,295,55.235,32.762,Normal,0,0
A049,2025-01-05 08:00:00,A049-HYD,Hydraulic System,71.236,3.164,79.568,52.567,1836.754,147.33,23.18,79.548,430,53.897,33.046,Normal,0,0
A049,2025-01-05 09:00:00,A049-HYD,Hydraulic System,76.826,2.738,79.608,56.12,1696.014,148.367,23.639,78.244,423,50.051,34.056,Normal,0,0
A049,2025-01-05 11:00:00,A049-HYD,Hydraulic System,76.899,1.97,79.812,52.147,1690.138,150.15,23.964,76.732,464,51.384,38.001,Normal,0,0
A049,2025-01-05 13:00:00,A049-HYD,Hydraulic System,73.786,2.537,81.28,51.545,1921.463,147.865,23.582,78.503,388,62.102,37.638,Normal,0,0
A049,2025-01-05 14:00:00,A049-HYD,Hydraulic System,76.446,2.904,76.64,51.939,1955.006,141.586,24.183,78.716,327,63.847,36.591,Normal,0,0
A049,2025-01-05 23:00:00,A049-HYD,Hydraulic System,73.253,2.504,77.486,49.842,1683.012,151.313,23.841,78.474,294,61.915,25.878,Normal,0,0
A049,2025-01-06 00:00:00,A049-HYD,Hydraulic System,75.912,2.834,78.115,53.762,1797.414,144.264,23.443,74.72,245,64.974,27.436,Normal,0,1
A049,2025-01-06 01:00:00,A049-HYD,Hydraulic System,74.369,2.69,72.935,54.062,1993.019,145.495,24.053,78.134,394,56.898,38.865,Normal,0,0
A049,2025-01-06 02:00:00,A049-HYD,Hydraulic System,74.66,2.559,76.962,58.352,1681.599,147.136,24.071,78.191,250,64.418,33.353,Normal,0,0
A049,2025-01-06 03:00:00,A049-HYD,Hydraulic System,75.786,2.419,76.154,53.708,1763.423,148.925,23.899,77.141,606,56.021,32.989,Normal,0,1
A049,2025-01-06 04:00:00,A049-HYD,Hydraulic System,72.442,2.531,76.828,49.105,1606.795,146.416,23.198,76.646,483,44.758,31.035,Normal,0,0
A049,2025-01-06 12:00:00,A049-HYD,Hydraulic System,73.791,2.731,75.7,52.486,1806.14,145.651,23.791,77.554,522,50.003,33.984,Normal,0,0
A049,2025-01-07 04:00:00,A049-HYD,Hydraulic System,72.837,2.482,72.485,51.689,1852.19,151.93,24.358,76.586,383,45.234,35.333,Normal,0,0
A049,2025-01-07 05:00:00,A049-HYD,Hydraulic System,83.554,5.957,64.51,51.945,1768.814,139.502,23.272,76.774,517,35.361,26.449,Warning,1,1
A049,2025-01-07 08:00:00,A049-HYD,Hydraulic System,75.337,2.653,72.475,56.098,1762.906,148.438,22.85,79.148,529,73.53,29.061,Normal,0,0
A049,2025-01-07 13:00:00,A049-HYD,Hydraulic System,78.239,3.33,76.696,57.465,1932.851,150.684,23.619,76.253,414,66.176,21.454,Normal,0,0
A049,2025-01-07 21:00:00,A049-HYD,Hydraulic System,77.331,2.689,75.338,58.11,1925.093,154.794,23.632,79.676,548,55.022,24.741,Normal,0,0
A049,2025-01-07 23:00:00,A049-HYD,Hydraulic System,80.006,1.743,73.491,53.846,1732.558,149.228,23.112,75.398,645,60.656,24.954,Normal,0,0
A049,2025-01-08 00:00:00,A049-HYD,Hydraulic System,69.367,2.327,78.896,55.889,1809.978,141.626,23.31,76.909,639,62.451,34.723,Normal,0,0
A049,2025-01-08 05:00:00,A049-HYD,Hydraulic System,76.135,2.814,75.413,54.25,1744.165,149.393,23.43,83.287,333,69.575,32.71,Normal,0,0
A049,2025-01-08 07:00:00,A049-HYD,Hydraulic System,77.821,3.066,77.315,56.789,1603.57,152.921,24.03,78.783,416,54.855,37.835,Normal,0,0
A049,2025-01-08 18:00:00,A049-HYD,Hydraulic System,82.294,2.411,73.076,55.534,1733.938,147.226,23.39,79.362,369,55.387,34.312,Normal,0,0
A049,2025-01-08 21:00:00,A049-HYD,Hydraulic System,77.382,2.42,75.461,54.059,1823.706,154.295,23.135,81.221,442,49.823,35.865,Normal,0,0
A049,2025-01-09 10:00:00,A049-HYD,Hydraulic System,75.427,2.752,74.281,55.652,1761.841,140.119,23.245,80.538,532,61.261,24.832,Normal,0,1
A049,2025-01-09 11:00:00,A049-HYD,Hydraulic System,76.875,2.053,74.829,55.935,1671.143,148.896,24.444,79.159,586,65.903,45.61,Normal,0,1
A049,2025-01-09 19:00:00,A049-HYD,Hydraulic System,74.742,3.294,75.55,54.463,1790.382,152.195,23.484,78.318,575,56.032,35.704,Normal,0,0
A049,2025-01-09 21:00:00,A049-HYD,Hydraulic System,76.318,3.319,76.831,57.424,1729.646,151.476,23.244,78.406,381,58.496,30.032,Normal,0,0
A049,2025-01-09 22:00:00,A049-HYD,Hydraulic System,73.85,2.715,72.91,50.758,1676.03,145.028,23.696,81.32,623,54.932,26.802,Normal,0,0
A049,2025-01-10 08:00:00,A049-HYD,Hydraulic System,76.343,3.959,77.133,53.122,1768.172,150.84,23.214,79.258,499,57.548,27.24,Normal,0,0
A049,2025-01-10 09:00:00,A049-HYD,Hydraulic System,75.539,3.129,76.415,56.862,1831.235,142.479,23.512,78.018,548,66.991,30.123,Normal,0,0
A049,2025-01-10 16:00:00,A049-HYD,Hydraulic System,76.827,3.468,73.717,55.494,1735.67,142.201,22.788,80.826,725,72.776,22.472,Normal,0,0
A049,2025-01-10 20:00:00,A049-HYD,Hydraulic System,76.582,3.426,73.267,54.892,1781.358,148.881,23.201,82.87,411,84.834,28.586,Normal,0,0
A049,2025-01-10 23:00:00,A049-HYD,Hydraulic System,84.834,3.22,72.814,53.698,1841.576,150.25,23.047,81.545,669,62.125,24.694,Normal,0,0
A049,2025-01-11 04:00:00,A049-HYD,Hydraulic System,80.002,3.13,70.49,50.54,1962.725,149.13,23.402,80.809,522,50.149,36.653,Normal,0,0
A049,2025-01-11 05:00:00,A049-HYD,Hydraulic System,96.781,5.473,65.867,53.187,1756.394,132.815,22.877,79.275,388,68.678,30.32,Warning,1,1
A049,2025-01-11 14:00:00,A049-HYD,Hydraulic System,79.07,2.843,72.287,53.323,1914.932,144.393,23.458,84.185,393,65.177,24.781,Normal,0,1
A049,2025-01-11 15:00:00,A049-HYD,Hydraulic System,76.518,3.134,76.012,52.295,1909.718,144.592,22.767,82.354,651,62.954,25.435,Normal,0,0
A049,2025-01-11 16:00:00,A049-HYD,Hydraulic System,79.635,2.088,74.821,52.528,1747.489,140.549,23.32,81.69,546,79.432,31.796,Normal,0,0
A049,2025-01-11 17:00:00,A049-HYD,Hydraulic System,82.286,2.997,74.723,52.037,1841.886,146.978,23.202,77.479,618,67.268,26.783,Normal,0,1
A049,2025-01-11 21:00:00,A049-HYD,Hydraulic System,78.749,2.556,72.406,52.409,1719.971,150.626,23.343,83.095,686,69.603,30.216,Normal,0,0
A049,2025-01-12 02:00:00,A049-HYD,Hydraulic System,75.633,3.429,75.007,54.131,1870.289,151.961,22.888,81.388,611,65.441,24.45,Normal,0,1
A049,2025-01-12 06:00:00,A049-HYD,Hydraulic System,76.423,3.022,75.313,50.808,1868.338,143.787,23.039,80.638,533,62.208,24.422,Normal,0,1
A049,2025-01-12 20:00:00,A049-HYD,Hydraulic System,74.548,3.704,70.938,52.786,1794.452,151.653,23.649,79.343,639,55.018,32.914,Normal,0,0
A049,2025-01-13 06:00:00,A049-HYD,Hydraulic System,85.697,3.941,73.1,54.812,1873.379,140.563,23.639,82.428,416,61.671,26.802,Normal,0,0
A049,2025-01-13 07:00:00,A049-HYD,Hydraulic System,78.176,3.332,71.902,55.557,1761.125,147.197,22.525,82.709,665,70.963,24.201,Normal,0,1
A049,2025-01-13 19:00:00,A049-HYD,Hydraulic System,83.618,2.954,71.879,52.366,1838.47,145.061,23.113,83.994,782,66.839,25.699,Normal,0,0
A049,2025-01-13 20:00:00,A049-HYD,Hydraulic System,77.923,3.399,69.768,52.091,1925.578,159.932,22.962,84.119,479,68.314,26.629,Normal,0,0
A049,2025-01-14 01:00:00,A049-HYD,Hydraulic System,81.092,3.854,68.906,50.955,1881.466,146.566,23.226,86.018,445,71.256,24.677,Warning,1,0
A049,2025-01-14 05:00:00,A049-HYD,Hydraulic System,79.405,2.688,71.921,52.031,1910.957,147.836,23.535,81.939,537,66.734,26.664,Normal,0,0
A049,2025-01-14 07:00:00,A049-HYD,Hydraulic System,81.854,3.221,71.275,50.905,1662.755,148.127,23.213,82.579,662,43.224,24.212,Normal,0,0
A049,2025-01-14 08:00:00,A049-HYD,Hydraulic System,81.847,2.715,73.654,54.458,1651.981,146.749,23.123,82.241,522,72.242,29.752,Normal,0,1
A049,2025-01-14 09:00:00,A049-HYD,Hydraulic System,78.037,3.428,72.257,51.21,1852.201,142.838,23.186,82.337,658,79.196,34.273,Warning,1,0
A049,2025-01-14 15:00:00,A049-HYD,Hydraulic System,82.995,3.124,75.127,50.514,1977.311,146.282,23.869,81.578,772,70.385,30.098,Normal,0,0
A049,2025-01-14 18:00:00,A049-HYD,Hydraulic System,98.381,5.766,65.913,53.019,1746.225,135.64,22.789,85.884,574,64.88,32.648,Warning,1,1
A049,2025-01-14 19:00:00,A049-HYD,Hydraulic System,78.639,3.05,72.193,52.63,1772.002,144.019,23.814,83.242,575,70.334,36.647,Normal,0,0
A049,2025-01-14 22:00:00,A049-HYD,Hydraulic System,76.78,3.706,74.701,47.408,1888.092,146.82,22.695,83.096,697,55.559,30.401,Normal,0,0
A049,2025-01-15 03:00:00,A049-HYD,Hydraulic System,81.109,3.081,71.65,47.901,1882.824,142.32,23.126,80.688,743,58.358,19.564,Normal,0,0
A049,2025-01-15 09:00:00,A049-HYD,Hydraulic System,79.481,3.619,74.427,53.212,1836.671,146.182,22.845,82.037,700,54.722,22.816,Normal,0,0
A049,2025-01-15 10:00:00,A049-HYD,Hydraulic System,80.836,3.73,71.151,50.663,1790.134,143.035,22.995,87.612,636,73.597,28.569,Warning,1,0
A049,2025-01-15 11:00:00,A049-HYD,Hydraulic System,80.715,3.272,70.484,49.426,1808.098,146.916,22.837,86.641,729,89.034,33.227,Warning,1,0
A049,2025-01-15 12:00:00,A049-HYD,Hydraulic System,83.453,4.127,71.939,50.711,1749.488,144.79,23.091,84.952,845,51.647,24.678,Warning,1,1
A049,2025-01-15 15:00:00,A049-HYD,Hydraulic System,85.454,2.808,71.227,50.147,1673.282,145.051,22.717,83.697,823,83.003,30.91,Warning,1,0
A049,2025-01-16 01:00:00,A049-HYD,Hydraulic System,78.8,3.448,72.606,53.909,1775.097,142.552,22.706,86.091,744,60.682,26.434,Normal,0,1
A049,2025-01-16 05:00:00,A049-HYD,Hydraulic System,87.368,3.651,71.618,49.941,1759.687,137.728,23.426,81.921,737,90.348,34.923,Warning,1,1
A049,2025-01-16 07:00:00,A049-HYD,Hydraulic System,79.872,3.317,73.803,49.015,1727.588,144.084,23.329,83.696,518,53.16,21.617,Normal,0,0
A049,2025-01-16 11:00:00,A049-HYD,Hydraulic System,81.019,3.517,73.71,47.459,1834.9,146.754,22.989,84.867,813,58.396,27.398,Normal,0,0
A049,2025-01-16 14:00:00,A049-HYD,Hydraulic System,80.598,3.268,69.027,52.826,1782.775,144.456,22.819,88.164,494,67.43,25.148,Warning,1,0
A049,2025-01-16 16:00:00,A049-HYD,Hydraulic System,84.321,3.611,71.387,50.051,1800.756,143.072,23.405,85.468,854,78.469,27.753,Warning,1,1
A049,2025-01-16 19:00:00,A049-HYD,Hydraulic System,83.524,3.698,72.427,52.265,1870.053,145.048,23.178,82.071,479,64.255,32.845,Warning,1,1
A049,2025-01-16 23:00:00,A049-HYD,Hydraulic System,81.588,3.534,73.328,51.017,1748.533,144.784,22.868,83.675,865,82.438,34.206,Warning,1,0
A049,2025-01-17 04:00:00,A049-HYD,Hydraulic System,82.575,4.229,70.442,52.614,1881.475,138.763,22.374,85.314,857,72.909,28.126,Warning,1,1
A049,2025-01-17 09:00:00,A049-HYD,Hydraulic System,82.426,3.68,68.87,53.782,1944.764,151.316,22.393,88.105,509,68.141,24.485,Warning,1,0
A049,2025-01-17 12:00:00,A049-HYD,Hydraulic System,82.901,3.196,73.291,52.922,1775.427,146.35,22.753,85.157,566,77.333,33.978,Warning,1,0
A049,2025-01-17 13:00:00,A049-HYD,Hydraulic System,82.543,3.336,71.326,49.355,1898.283,139.627,22.483,84.518,790,80.699,33.707,Warning,1,1
A050,2025-01-01 09:00:00,A050-HYD,Hydraulic System,68.801,2.234,76.662,53.638,1880.6,156.216,24.125,71.197,411,60.266,24.739,Normal,0,0
A050,2025-01-01 12:00:00,A050-HYD,Hydraulic System,73.966,2.281,73.495,53.447,1739.269,148.289,24.119,78.699,175,59.278,35.134,Normal,0,0
A050,2025-01-01 15:00:00,A050-HYD,Hydraulic System,75.439,2.432,80.265,57.747,1746.588,148.215,23.849,75.92,454,61.214,23.394,Normal,0,0
A050,2025-01-01 18:00:00,A050-HYD,Hydraulic System,74.002,2.88,76.615,55.049,1600.382,150.096,23.807,71.518,405,51.909,27.172,Normal,0,0
A050,2025-01-02 01:00:00,A050-HYD,Hydraulic System,74.614,2.6,80.824,54.587,1888.887,152.661,23.754,75.291,154,60.655,31.945,Normal,0,0
A050,2025-01-02 04:00:00,A050-HYD,Hydraulic System,72.976,3.006,76.028,53.008,1622.621,156.191,23.276,75.414,340,48.186,29.174,Normal,0,0
A050,2025-01-02 06:00:00,A050-HYD,Hydraulic System,72.251,2.6,75.885,54.715,1651.961,145.729,23.51,74.312,485,50.467,26.642,Normal,0,0
A050,2025-01-02 12:00:00,A050-HYD,Hydraulic System,78.824,2.828,75.809,51.09,1818.843,143.789,23.64,77.11,228,50.547,24.981,Normal,0,0
A050,2025-01-02 14:00:00,A050-HYD,Hydraulic System,72.472,2.864,76.925,53.829,1896.403,147.954,23.577,76.397,311,53.454,33.263,Normal,0,0
A050,2025-01-02 19:00:00,A050-HYD,Hydraulic System,75.35,3.164,75.702,53.924,1755.697,149.247,23.589,72.325,267,44.216,34.013,Normal,0,0
A050,2025-01-02 20:00:00,A050-HYD,Hydraulic System,73.148,2.673,77.496,54.585,1744.871,147.796,23.725,77.212,346,52.801,29.029,Normal,0,0
A050,2025-01-03 00:00:00,A050-HYD,Hydraulic System,69.764,2.152,74.813,53.606,1710.671,147.997,24.086,74.642,432,52.897,26.558,Normal,0,0
A050,2025-01-03 15:00:00,A050-HYD,Hydraulic System,72.542,2.074,73.228,55.429,1773.761,147.017,23.895,80.493,424,66.234,32.868,Normal,0,0
A050,2025-01-03 16:00:00,A050-HYD,Hydraulic System,75.273,2.624,73.31,56.486,1781.714,151.24,24.233,73.542,449,52.965,27.294,Normal,0,0
A050,2025-01-03 17:00:00,A050-HYD,Hydraulic System,76.602,3.472,74.829,54.477,1821.935,143.847,23.735,75.185,407,54.509,27.972,Normal,0,0
A050,2025-01-03 18:00:00,A050-HYD,Hydraulic System,77.882,2.952,75.823,51.507,1710.464,146.211,23.623,76.842,558,65.036,30.887,Normal,0,0
A050,2025-01-03 19:00:00,A050-HYD,Hydraulic System,77.343,3.078,70.249,52.437,1719.462,147.836,23.909,76.974,241,51.334,33.47,Normal,0,0
A050,2025-01-04 07:00:00,A050-HYD,Hydraulic System,76.947,2.977,77.339,51.188,1799.746,147.159,23.758,77.193,483,59.897,36.886,Normal,0,0
A050,2025-01-04 09:00:00,A050-HYD,Hydraulic System,76.762,2.411,77.827,55.827,1558.705,147.212,23.77,78.27,242,56.62,22.711,Normal,0,0
A050,2025-01-04 11:00:00,A050-HYD,Hydraulic System,77.852,2.787,74.356,53.245,1688.311,152.265,23.365,76.314,531,59.069,25.089,Normal,0,0
A050,2025-01-04 13:00:00,A050-HYD,Hydraulic System,75.17,3.124,75.95,52.43,1825.605,148.608,23.687,73.505,288,61.97,28.947,Normal,0,0
A050,2025-01-04 15:00:00,A050-HYD,Hydraulic System,78.678,3.068,79.021,53.247,1851.858,151.868,23.358,80.787,359,68.632,24.654,Normal,0,0
A050,2025-01-05 06:00:00,A050-HYD,Hydraulic System,78.133,2.529,76.87,56.066,1727.261,152.375,23.769,80.084,417,66.969,41.938,Normal,0,0
A050,2025-01-05 08:00:00,A050-HYD,Hydraulic System,77.553,2.905,80.03,56.63,1781.889,149.444,23.798,81.458,458,60.561,23.784,Normal,0,0
A050,2025-01-05 13:00:00,A050-HYD,Hydraulic System,73.682,2.588,75.148,53.092,1893.48,146.677,22.86,80.04,248,64.824,38.984,Normal,0,0
A050,2025-01-05 15:00:00,A050-HYD,Hydraulic System,81.732,2.691,73.051,55.788,1841.621,153.099,23.928,75.946,396,52.923,33.204,Normal,0,1
A050,2025-01-05 19:00:00,A050-HYD,Hydraulic System,80.446,3.288,76.645,52.952,1899.993,153.18,23.085,78.11,425,57.112,16.727,Normal,0,0
A050,2025-01-06 00:00:00,A050-HYD,Hydraulic System,76.069,3.139,76.157,50.838,1757.79,146.206,23.138,79.122,494,63.44,37.747,Normal,0,1
A050,2025-01-06 02:00:00,A050-HYD,Hydraulic System,78.251,2.731,73.158,51.351,1847.377,145.301,24.198,79.795,445,52.846,34.805,Normal,0,0
A050,2025-01-06 03:00:00,A050-HYD,Hydraulic System,75.377,2.256,73.415,53.256,1869.209,143.099,24.797,79.376,612,58.471,31.111,Normal,0,0
A050,2025-01-06 09:00:00,A050-HYD,Hydraulic System,76.473,2.443,72.486,53.983,1710.671,147.691,23.869,73.536,302,61.666,23.975,Normal,0,0
A050,2025-01-06 12:00:00,A050-HYD,Hydraulic System,71.075,3.557,74.063,48.554,1782.3,147.343,23.272,79.895,390,66.905,47.88,Normal,0,1
A050,2025-01-06 21:00:00,A050-HYD,Hydraulic System,77.11,2.983,74.823,54.141,1876.041,145.738,23.734,79.039,561,51.357,26.252,Normal,0,0
A050,2025-01-06 23:00:00,A050-HYD,Hydraulic System,77.38,2.84,73.979,50.376,1805.629,146.483,23.402,77.029,547,54.355,34.079,Normal,0,0
A050,2025-01-07 04:00:00,A050-HYD,Hydraulic System,78.432,2.638,72.05,55.591,1821.952,153.517,23.367,78.73,528,72.65,25.847,Normal,0,1
A050,2025-01-07 08:00:00,A050-HYD,Hydraulic System,81.885,2.958,73.385,53.818,1787.779,141.823,23.736,77.457,573,53.335,32.353,Normal,0,1
A050,2025-01-07 09:00:00,A050-HYD,Hydraulic System,78.743,3.018,78.194,52.364,1805.096,145.869,23.18,82.517,276,43.235,27.402,Normal,0,0
A050,2025-01-07 12:00:00,A050-HYD,Hydraulic System,78.704,2.994,69.309,54.6,1719.704,146.519,23.214,79.801,312,80.753,24.684,Normal,0,0
A050,2025-01-07 19:00:00,A050-HYD,Hydraulic System,81.091,3.538,73.382,51.795,1866.644,147.474,24.164,79.514,582,67.177,26.552,Normal,0,0
A050,2025-01-08 00:00:00,A050-HYD,Hydraulic System,77.034,3.154,70.446,49.118,1667.171,152.02,23.283,75.98,657,69.889,27.223,Normal,0,0
A050,2025-01-08 01:00:00,A050-HYD,Hydraulic System,75.878,2.994,69.348,54.902,1774.624,152.211,24.198,84.651,480,59.349,30.497,Normal,0,0
A050,2025-01-08 04:00:00,A050-HYD,Hydraulic System,80.719,3.504,77.725,52.572,1902.825,147.792,23.597,78.576,441,78.641,33.169,Normal,0,0
A050,2025-01-08 06:00:00,A050-HYD,Hydraulic System,77.371,3.268,71.32,52.192,1690.584,140.058,23.126,77.771,576,78.824,32.009,Normal,0,0
A050,2025-01-08 11:00:00,A050-HYD,Hydraulic System,78.635,3.14,73.971,54.461,1894.879,150.518,23.05,81.651,462,57.616,24.926,Normal,0,0
A050,2025-01-08 13:00:00,A050-HYD,Hydraulic System,80.719,2.848,72.115,52.441,1868.332,146.6,23.946,77.923,450,74.336,23.998,Normal,0,0
A050,2025-01-08 16:00:00,A050-HYD,Hydraulic System,80.73,2.733,71.774,55.525,1835.632,148.593,23.801,77.701,345,67.055,25.19,Normal,0,0
A050,2025-01-08 17:00:00,A050-HYD,Hydraulic System,76.53,3.587,70.282,54.227,1631.881,142.771,23.074,78.889,498,72.664,32.816,Normal,0,0
A050,2025-01-08 18:00:00,A050-HYD,Hydraulic System,78.988,3.481,75.584,54.142,1842.36,145.419,23.963,81.487,454,51.808,25.078,Normal,0,0
A050,2025-01-08 19:00:00,A050-HYD,Hydraulic System,78.386,3.298,70.682,55.511,1869.965,149.51,23.935,84.551,610,76.776,29.035,Normal,0,0
A050,2025-01-08 22:00:00,A050-HYD,Hydraulic System,79.914,2.65,75.185,51.727,1903.108,146.186,24.141,78.626,313,70.526,29.438,Normal,0,0
A050,2025-01-09 07:00:00,A050-HYD,Hydraulic System,79.537,3.609,74.916,55.961,1872.187,146.926,23.39,80.028,634,72.664,26.107,Normal,0,0
A050,2025-01-09 20:00:00,A050-HYD,Hydraulic System,81.366,2.927,73.242,50.566,1725.232,147.097,23.36,81.374,368,69.759,30.072,Normal,0,0
A050,2025-01-10 01:00:00,A050-HYD,Hydraulic System,75.547,2.878,75.311,55.037,1868.635,150.085,23.121,76.886,410,66.024,33.029,Normal,0,0
A050,2025-01-10 14:00:00,A050-HYD,Hydraulic System,83.1,3.649,68.763,56.246,1728.332,139.803,23.247,81.547,372,63.453,34.153,Warning,1,0
A050,2025-01-10 16:00:00,A050-HYD,Hydraulic System,82.268,3.736,71.326,50.145,1754.207,150.351,22.995,80.992,611,77.243,22.134,Warning,1,0
A050,2025-01-10 22:00:00,A050-HYD,Hydraulic System,82.312,2.949,75.993,53.856,1803.799,141.581,23.58,80.223,633,77.678,29.525,Normal,0,1
A050,2025-01-11 01:00:00,A050-HYD,Hydraulic System,83.747,3.607,76.555,50.845,1783.815,136.687,23.192,81.483,658,73.788,20.72,Warning,1,0
A050,2025-01-11 14:00:00,A050-HYD,Hydraulic System,79.832,3.791,69.746,52.817,1851.628,145.284,23.244,79.981,696,80.066,29.042,Warning,1,0
A050,2025-01-11 16:00:00,A050-HYD,Hydraulic System,77.64,3.975,68.788,50.983,1864.966,146.479,22.831,83.912,726,62.46,37.831,Warning,1,0
A050,2025-01-11 18:00:00,A050-HYD,Hydraulic System,78.985,3.247,72.354,54.562,2000.881,154.001,23.443,76.529,639,71.692,20.677,Normal,0,1
A050,2025-01-11 19:00:00,A050-HYD,Hydraulic System,78.111,3.781,70.387,53.576,1892.735,144.46,23.552,80.746,389,80.508,23.426,Warning,1,0
A050,2025-01-12 00:00:00,A050-HYD,Hydraulic System,82.592,3.832,68.508,51.609,1752.687,147.132,22.488,80.667,480,76.027,33.24,Warning,1,1
A050,2025-01-12 02:00:00,A050-HYD,Hydraulic System,93.854,6.11,60.771,50.45,1792.226,138.311,23.183,79.88,519,86.33,21.864,Warning,1,1
A050,2025-01-12 09:00:00,A050-HYD,Hydraulic System,79.185,2.909,74.277,54.152,1987.782,150.553,23.303,82.195,473,83.831,31.352,Warning,1,0
A050,2025-01-12 11:00:00,A050-HYD,Hydraulic System,82.698,4.032,73.638,54.56,2030.878,149.127,23.334,81.192,705,74.826,23.802,Warning,1,1
A050,2025-01-12 19:00:00,A050-HYD,Hydraulic System,81.682,3.364,72.068,54.374,1742.973,138.2,23.191,81.139,749,78.509,24.707,Warning,1,0
A050,2025-01-12 23:00:00,A050-HYD,Hydraulic System,80.285,3.575,76.868,53.509,1753.883,140.983,22.794,81.63,698,65.771,26.517,Warning,1,1
A050,2025-01-13 06:00:00,A050-HYD,Hydraulic System,86.304,3.677,72.019,53.067,1716.687,147.698,22.316,81.957,558,76.965,29.007,Warning,1,1
A050,2025-01-13 09:00:00,A050-HYD,Hydraulic System,85.611,4.074,70.295,51.552,1736.72,147.148,23.897,84.952,649,72.033,29.267,Warning,1,0
A050,2025-01-13 18:00:00,A050-HYD,Hydraulic System,78.792,3.864,70.664,52.695,1807.205,140.946,23.299,78.751,407,71.924,26.083,Warning,1,1
A050,2025-01-13 23:00:00,A050-HYD,Hydraulic System,81.567,3.444,70.07,49.938,1912.707,145.247,22.818,82.514,803,68.243,25.55,Warning,1,0
A050,2025-01-14 04:00:00,A050-HYD,Hydraulic System,83.612,3.855,69.176,48.541,1718.184,142.209,23.251,82.296,731,69.863,25.504,Warning,1,1
A050,2025-01-14 15:00:00,A050-HYD,Hydraulic System,82.518,3.334,68.881,54.667,1713.799,151.026,22.964,80.81,705,72.329,26.944,Warning,1,1
A050,2025-01-14 16:00:00,A050-HYD,Hydraulic System,88.712,3.92,73.597,52.662,1748.874,146.525,22.5,81.871,645,74.841,32.691,Warning,1,0
A050,2025-01-15 00:00:00,A050-HYD,Hydraulic System,80.771,3.633,66.567,51.466,1773.982,147.823,21.776,82.316,472,74.818,31.886,Warning,1,0
A050,2025-01-15 06:00:00,A050-HYD,Hydraulic System,96.31,7.337,56.555,53.592,1754.767,128.398,22.935,84.326,546,68.905,32.631,Warning,1,1
A050,2025-01-15 10:00:00,A050-HYD,Hydraulic System,80.314,4.163,74.492,53.523,1658.855,136.469,22.839,86.093,662,84.516,32.393,Warning,1,1
A050,2025-01-15 11:00:00,A050-HYD,Hydraulic System,86.819,3.927,68.513,54.527,1882.979,147.176,23.309,86.733,609,90.243,36.521,Warning,1,1
A050,2025-01-15 12:00:00,A050-HYD,Hydraulic System,81.233,3.67,71.128,52.99,1920.84,146.068,22.932,82.561,847,79.169,30.219,Warning,1,1
A050,2025-01-15 15:00:00,A050-HYD,Hydraulic System,98.474,6.885,58.618,53.843,1786.811,135.625,23.113,82.763,820,80.99,38.005,Warning,1,0
A050,2025-01-15 17:00:00,A050-HYD,Hydraulic System,85.484,4.315,69.373,52.498,1682.178,141.025,22.614,86.024,700,77.22,34.225,Warning,1,1
A050,2025-01-16 04:00:00,A050-HYD,Hydraulic System,86.43,3.861,69.846,54.349,1807.74,149.482,22.813,82.294,667,72.768,34.352,Warning,1,0
A050,2025-01-16 18:00:00,A050-HYD,Hydraulic System,79.312,4.383,66.092,54.559,1912.564,145.224,22.895,85.157,718,81.01,28.117,Warning,1,1
A050,2025-01-17 00:00:00,A050-HYD,Hydraulic System,89.818,3.873,66.121,50.848,1750.439,143.816,22.277,82.088,855,74.183,32.671,Warning,1,0
A050,2025-01-17 05:00:00,A050-HYD,Hydraulic System,86.672,4.615,70.359,52.551,1741.176,146.28,22.794,84.232,580,77.101,34.486,Warning,1,0
A050,2025-01-17 09:00:00,A050-HYD,Hydraulic System,85.365,4.128,70.294,52.063,1768.318,135.42,22.732,86.302,695,78.754,34.719,Warning,1,0
A050,2025-01-17 14:00:00,A050-HYD,Hydraulic System,98.53,6.316,63.164,51.831,1835.328,139.186,22.651,82.041,538,94.064,29.22,Warning,1,1
A050,2025-01-17 15:00:00,A050-HYD,Hydraulic System,86.597,4.548,72.725,48.917,1987.82,144.298,22.868,91.462,780,80.304,28.015,Warning,1,1
